amount,amount_ratio_to_typical,amount_zscore,is_new_device,is_new_payment_method,is_unusual_hour,hour_sin,hour_cos,recent_failed_count,customer_fail_ratio,velocity_1h,velocity_24h,secs_since_last_log,device_shared_count,is_risky
654.01,0.602,-0.297,0,0,0,0.9659,-0.2588,0,0.0,0,1,9.678,0,0
13.03,0.058,-1.506,0,1,1,0.7071,0.7071,0,0.25,2,2,3.137,0,1
552.03,0.389,-0.513,0,0,0,-0.9659,-0.2588,0,0.1,0,0,11.798,0,0
1918.82,0.844,-0.102,0,0,0,-0.7071,-0.7071,0,0.0,0,0,12.239,0,0
722.62,1.0,0.0,0,0,0,0.5,-0.866,0,0.0,0,0,14.768,2,0
4187.55,1.0,0.0,0,0,0,-1.0,-0.0,0,0.0,0,0,14.768,0,0
1570.79,0.414,-0.562,0,0,0,0.0,-1.0,0,0.0,1,1,7.888,3,0
280.93,0.332,-0.567,0,0,0,-1.0,-0.0,0,0.0,0,0,11.638,0,0
1257.21,0.561,-0.413,0,0,0,0.0,-1.0,0,0.0,0,0,11.74,1,0
377.93,0.369,-0.284,0,0,0,-0.2588,0.9659,0,0.0,0,0,11.651,0,0
31.79,0.072,-0.415,0,0,0,-0.866,0.5,0,0.3,11,11,1.577,0,1
153.53,0.394,-0.527,0,0,0,0.7071,-0.7071,0,0.0,0,1,10.395,0,0
3.39,0.004,-0.559,0,0,0,-0.9659,0.2588,2,0.6,18,19,4.261,1,1
147.17,0.087,-0.507,1,0,0,-0.9659,-0.2588,0,0.0,0,0,11.612,0,0
8722.75,4.143,0.0,0,0,0,1.0,0.0,1,0.5,1,1,6.318,2,1
1188.49,0.527,-1.285,0,0,0,0.0,-1.0,0,0.0,0,1,11.068,2,0
686.79,0.369,-0.562,0,0,0,-0.7071,0.7071,0,0.0,0,0,11.917,0,0
777.44,0.629,-0.313,0,0,0,-0.7071,-0.7071,2,0.3,0,0,11.751,0,0
764.35,0.673,0.0,0,0,0,-0.2588,0.9659,1,0.5,1,1,7.318,1,0
6952.81,1.052,0.04,0,0,0,-0.866,-0.5,0,0.0,0,2,10.011,1,0
705.01,0.15,-0.635,0,0,0,-0.7071,0.7071,0,0.0,0,3,10.891,3,0
6843.73,2.386,1.756,0,0,1,0.5,0.866,1,0.2,2,2,7.175,3,1
1299.88,0.71,-0.26,0,0,0,-0.7071,0.7071,0,0.0,0,0,11.406,1,0
811.98,0.429,-0.553,0,0,0,0.2588,-0.9659,0,0.2,0,3,9.689,2,0
51.19,0.015,-0.544,0,0,0,-0.9659,-0.2588,1,0.3,6,6,2.156,1,1
25.6,0.1,-0.521,0,0,0,-0.866,0.5,1,0.3,13,13,0.978,1,1
3451.69,3.037,2.201,0,0,0,-0.7071,-0.7071,0,0.0,0,0,11.964,1,0
798.78,0.528,-0.503,0,0,0,-1.0,-0.0,0,0.0,0,0,12.184,0,0
412.97,0.775,-0.374,0,0,0,0.7071,-0.7071,1,0.167,0,0,12.574,1,0
1017.69,3.082,6.595,0,0,1,0.9659,0.2588,0,0.0,0,0,11.683,0,1
151.56,0.314,-0.623,0,0,0,-0.2588,-0.9659,0,0.1,0,2,9.877,1,0
526.6,1.645,1.427,0,0,0,-0.866,0.5,0,0.0,0,1,10.447,0,0
3864.05,1.517,0.517,0,0,0,-0.2588,0.9659,0,0.1,0,3,10.341,0,0
3074.45,1.335,0.334,0,0,0,-0.2588,0.9659,0,0.1,0,0,11.445,0,0
112217.23,10.947,5.767,0,0,0,0.0,-1.0,0,0.0,1,12,7.791,0,1
851.28,1.044,0.035,0,0,0,-0.7071,0.7071,0,0.1,0,0,12.092,1,0
2127.34,6.129,4.703,0,0,0,-1.0,-0.0,0,0.0,0,3,10.442,0,0
464.22,0.478,0.0,1,0,0,0.7071,-0.7071,0,0.0,0,0,13.649,0,0
1719.24,0.844,-0.152,0,0,0,-0.866,0.5,0,0.0,0,2,10.104,1,0
1963.53,0.912,-0.045,0,0,0,-0.9659,-0.2588,0,0.0,0,0,11.803,0,0
1281.75,0.82,-0.166,0,0,0,-0.2588,-0.9659,0,0.1,0,1,10.894,0,0
6796.79,2.346,1.527,0,0,0,-1.0,-0.0,0,0.0,1,1,7.787,4,1
44.29,0.029,-0.764,0,0,0,1.0,0.0,0,0.4,9,9,3.107,0,1
455.7,0.931,-0.108,0,0,0,-0.2588,0.9659,0,0.0,0,1,8.851,1,0
984.9,0.793,-0.288,0,0,0,0.0,-1.0,0,0.0,0,1,11.346,1,0
24.01,0.018,-1.188,0,0,0,-0.9659,-0.2588,3,0.3,4,4,2.441,0,1
890.99,0.709,-0.602,0,1,0,-0.9659,0.2588,0,0.0,0,0,13.223,1,0
4425.58,2.937,1.593,0,0,0,-1.0,-0.0,0,0.1,0,2,10.847,1,0
47.1,0.202,-0.782,0,0,0,-0.7071,0.7071,0,0.4,17,19,3.954,1,1
1221.31,0.544,-0.422,0,0,0,-0.7071,-0.7071,2,0.3,0,2,10.842,0,0
17.5,0.02,-0.433,0,0,1,0.0,1.0,0,0.4,15,15,3.731,1,1
635.45,0.449,-1.752,0,0,0,-0.5,0.866,0,0.2,0,0,12.175,0,0
2769.35,0.739,-0.433,0,0,0,0.2588,-0.9659,0,0.0,0,0,14.866,1,0
2035.64,0.173,-0.443,0,0,0,0.2588,-0.9659,0,0.1,0,1,11.126,0,0
515.82,0.338,-0.598,0,0,0,0.7071,-0.7071,0,0.2,1,1,8.169,2,0
2718.94,0.314,-0.342,0,0,0,-0.9659,0.2588,0,0.2,0,0,12.157,0,0
7162.75,2.907,1.279,1,0,0,-0.866,-0.5,0,0.0,0,0,11.492,0,0
840.9,0.411,-0.715,0,0,0,-0.7071,0.7071,0,0.2,0,0,11.875,0,0
539.25,0.199,-0.834,0,0,0,-0.2588,-0.9659,0,0.0,0,2,10.656,1,0
3100.65,0.696,-0.28,0,0,0,-0.9659,0.2588,1,0.2,0,1,10.14,0,0
1556.19,0.393,-0.564,0,0,0,-0.2588,0.9659,0,0.0,0,4,8.677,0,0
761.59,0.458,-0.628,0,0,0,0.7071,-0.7071,0,0.1,0,3,9.006,2,0
1655.05,4.065,4.076,0,0,1,0.0,1.0,0,0.0,1,3,7.944,0,1
292.49,0.242,-0.748,0,0,0,0.2588,-0.9659,0,0.0,0,1,11.09,0,0
1888.14,1.067,0.057,0,0,0,0.2588,-0.9659,0,0.0,0,1,9.28,0,0
797.16,0.271,-0.728,0,0,0,-0.9659,-0.2588,0,0.0,0,0,12.741,1,0
391.73,0.375,-0.604,0,0,0,-0.2588,-0.9659,1,0.1,0,1,8.406,0,0
2127.07,0.899,-0.076,0,0,0,-0.7071,0.7071,0,0.1,0,3,9.855,0,0
2328.07,0.447,-0.543,0,0,0,-0.2588,0.9659,0,0.0,0,0,11.931,1,0
16811.03,7.335,3.924,0,0,0,-1.0,-0.0,0,0.0,0,1,9.136,1,0
2082.55,0.466,-0.525,0,0,0,-0.866,0.5,0,0.0,0,0,12.174,1,0
236.84,0.279,-0.54,0,0,0,0.5,-0.866,0,0.0,0,0,12.634,0,1
1756.15,0.585,-0.387,0,0,0,-0.5,-0.866,0,0.2,0,2,10.784,1,1
236.93,0.323,-1.168,0,0,0,-1.0,-0.0,0,0.0,0,0,12.878,0,0
342.51,0.315,-0.704,0,0,0,0.0,-1.0,0,0.1,0,0,12.934,0,0
3808.62,0.643,-0.278,1,0,0,-0.2588,0.9659,0,0.3,1,3,5.198,1,0
2643.26,0.98,-0.049,0,0,0,-0.866,0.5,0,0.1,0,2,10.832,0,0
794.24,0.303,-0.549,0,0,0,0.0,-1.0,0,0.0,0,0,12.19,0,0
1269.76,0.394,-0.559,0,0,0,-0.866,0.5,0,0.1,0,0,11.95,1,0
2935.82,0.571,-0.325,0,0,0,-0.7071,-0.7071,0,0.1,0,0,11.646,0,0
310.64,1.0,0.0,0,0,0,-0.2588,0.9659,0,0.0,0,0,14.768,0,0
907.84,1.003,0.002,0,0,0,0.5,-0.866,0,0.0,0,2,9.948,1,0
912.54,0.22,-0.706,0,0,0,0.0,-1.0,0,0.0,0,0,14.422,0,0
25.23,0.03,-0.763,0,0,0,-0.9659,-0.2588,0,0.3,22,22,3.621,0,1
18827.72,4.853,3.575,0,0,0,-0.866,0.5,0,0.0,0,1,11.298,0,0
412.95,1.319,0.0,0,0,0,-0.866,-0.5,0,0.0,0,0,12.184,0,0
260.09,0.16,-0.819,0,1,0,0.7071,-0.7071,0,0.1,0,0,12.051,2,0
915.4,0.647,-0.271,0,0,0,-0.2588,0.9659,0,0.1,0,1,9.747,0,0
7458.87,18.666,14.282,0,0,0,-0.9659,0.2588,0,0.0,0,0,12.71,1,0
4320.75,1.001,0.001,0,0,0,-0.2588,-0.9659,0,0.2,1,3,7.45,0,0
11452.2,6.546,10.215,0,0,0,0.7071,-0.7071,0,0.0,0,0,11.47,0,1
420.0,0.222,-0.868,0,0,0,0.9659,-0.2588,0,0.25,0,1,9.621,0,0
2834.32,0.63,-0.353,0,0,1,0.9659,0.2588,0,0.2,0,1,10.551,0,0
2559.5,1.923,3.062,0,0,0,0.5,-0.866,0,0.0,0,0,12.174,0,0
52.85,0.027,-1.254,0,0,0,-0.2588,-0.9659,0,0.2,8,9,2.952,0,1
1467.35,0.671,-0.674,0,0,0,0.2588,-0.9659,0,0.0,0,1,10.573,2,0
1611.63,0.513,-0.382,0,0,0,-0.7071,-0.7071,0,0.0,0,2,11.13,0,0
3528.51,3.165,1.77,0,0,0,-1.0,-0.0,0,0.1,0,1,10.818,0,0
1200.98,0.372,-0.725,0,0,0,-0.5,0.866,0,0.0,0,0,11.773,0,0
6347.92,1.002,0.001,0,0,0,-0.866,0.5,0,0.0,0,0,12.4,0,0
6014.63,1.052,0.069,0,0,0,-1.0,-0.0,0,0.0,0,0,12.176,0,0
396.11,0.869,-0.271,0,0,0,0.7071,-0.7071,0,0.0,0,1,11.344,0,0
940.38,0.283,-0.562,0,0,0,-0.2588,0.9659,0,0.143,0,0,12.158,0,0
32673.52,2.087,1.115,1,0,0,-0.9659,-0.2588,0,0.0,0,1,11.341,0,0
726.32,0.551,-0.339,0,0,0,-0.2588,0.9659,0,0.0,0,1,10.925,1,0
578.1,0.621,-0.374,0,0,0,0.7071,-0.7071,0,0.0,0,1,10.895,0,0
188.71,1.0,0.0,0,0,0,-1.0,-0.0,0,0.0,0,0,14.768,0,0
244.51,0.333,-2.078,0,0,0,0.0,-1.0,0,0.0,0,0,11.62,0,0
1629.92,0.694,-0.26,0,0,0,-0.866,0.5,0,0.0,0,0,11.642,0,0
589.22,0.263,-0.759,0,0,0,0.0,-1.0,1,0.3,0,2,10.462,0,0
842.55,0.549,-0.343,0,0,0,0.9659,-0.2588,0,0.1,1,4,8.159,0,0
6118.43,1.341,1.082,0,0,0,-0.9659,0.2588,0,0.0,0,0,12.625,0,0
1142.12,0.849,-0.127,0,0,0,0.7071,-0.7071,0,0.0,0,1,11.228,0,0
4347.91,1.159,0.51,0,0,0,-0.9659,-0.2588,0,0.0,0,2,9.942,0,0
3579.68,5.801,0.0,0,0,0,-0.866,-0.5,0,0.0,0,0,11.431,1,0
463.25,0.083,-1.489,0,0,0,-0.9659,-0.2588,0,0.0,0,0,11.583,0,0
33.99,0.01,-0.832,0,0,0,0.866,-0.5,0,0.0,10,11,4.299,0,1
1493.27,0.44,-0.494,0,0,0,-1.0,-0.0,0,0.1,0,0,11.381,2,0
1244.16,1.0,0.0,0,0,0,0.9659,-0.2588,0,0.0,0,0,14.768,1,0
1186.39,1.058,0.158,0,0,0,-0.2588,0.9659,0,0.0,0,2,9.178,1,0
7661.27,2.552,1.346,0,0,0,-0.9659,-0.2588,1,0.1,0,2,10.287,1,0
283.9,0.875,-0.138,0,0,0,-0.866,0.5,0,0.1,0,4,10.57,0,0
231.13,0.744,-0.911,0,0,0,-0.9659,-0.2588,0,0.167,0,1,11.316,1,1
1648.28,1.204,0.416,0,0,0,-0.5,-0.866,0,0.3,0,3,9.916,1,0
57.51,0.118,-0.413,0,1,0,-0.866,0.5,0,0.3,10,10,3.115,0,1
676.61,1.0,0.0,0,0,0,-0.866,-0.5,0,0.0,0,0,14.768,0,0
1319.56,0.257,-0.863,0,0,0,-0.866,0.5,0,0.0,0,1,10.087,0,0
918.23,0.598,-1.247,0,0,0,0.9659,-0.2588,0,0.1,0,1,11.167,0,0
219.16,0.272,-0.599,0,0,0,-0.9659,0.2588,0,0.0,0,1,10.806,0,0
528.09,0.692,-0.734,0,0,0,-0.7071,-0.7071,0,0.0,0,1,10.273,0,0
39.06,0.033,-0.808,0,1,1,0.5,0.866,0,0.1,2,4,1.399,1,1
609.74,0.397,-0.534,0,0,0,-0.866,0.5,0,0.0,0,0,11.486,1,0
26660.58,7.357,6.42,0,0,0,-0.7071,-0.7071,0,0.0,0,0,12.407,0,0
599.54,0.37,-1.526,1,0,0,0.7071,-0.7071,0,0.0,0,1,11.15,1,0
8276.85,7.104,4.396,0,0,0,-0.2588,0.9659,0,0.2,0,1,10.314,1,0
14089.7,1.85,1.031,0,0,0,-0.866,-0.5,0,0.0,0,2,8.529,4,1
9554.7,2.229,2.575,0,0,0,0.0,-1.0,0,0.2,0,0,12.318,0,0
1473.3,0.487,-0.485,0,0,0,-0.866,0.5,0,0.0,0,1,10.144,0,1
352.61,0.271,-0.746,0,1,0,0.7071,-0.7071,0,0.0,0,1,10.92,0,0
7.54,0.031,-0.539,0,0,0,-0.866,0.5,4,0.6,18,18,2.987,1,0
754.27,0.395,-0.637,0,0,0,0.7071,-0.7071,0,0.143,0,4,9.816,0,0
1539.83,1.04,0.079,0,0,0,0.866,-0.5,0,0.1,0,1,9.421,1,0
783.75,0.488,-0.449,0,0,0,-0.9659,-0.2588,0,0.1,0,1,10.672,1,0
1753.74,0.371,-0.592,0,0,0,0.7071,-0.7071,0,0.1,0,0,11.765,1,0
2000.62,0.306,-0.588,0,0,0,-0.866,0.5,0,0.1,0,4,9.265,0,0
4856.77,0.768,-0.146,0,0,0,-0.2588,-0.9659,0,0.0,0,0,12.993,1,0
1495.21,0.641,-0.36,0,0,0,-0.866,-0.5,1,0.2,0,0,11.68,0,0
1592.9,0.947,-0.097,0,0,0,-1.0,-0.0,0,0.0,0,1,9.881,0,0
2929.06,0.44,-0.574,0,0,0,0.5,-0.866,0,0.0,0,2,11.076,1,1
2615.95,0.161,0.0,0,0,0,-0.866,0.5,0,0.0,0,0,11.495,0,0
1150.51,0.503,-0.473,0,0,0,-0.9659,-0.2588,0,0.0,0,1,10.962,0,0
1297.39,0.793,-0.188,0,0,0,-0.5,0.866,0,0.0,0,1,11.329,1,0
782.77,0.5,-0.574,0,0,0,-0.7071,-0.7071,0,0.2,0,2,8.581,1,0
219.04,0.146,-0.389,0,0,0,0.9659,-0.2588,2,0.4,0,5,9.728,1,0
19065.79,9.324,15.0,0,0,0,-0.7071,0.7071,0,0.0,0,0,12.413,0,0
919.43,0.545,-1.074,0,0,0,0.866,-0.5,0,0.1,0,0,11.778,1,0
2180.85,0.489,-1.026,0,0,0,0.0,-1.0,0,0.0,0,0,11.927,0,0
1401.7,1.692,0.661,0,0,0,1.0,0.0,0,0.0,0,2,11.032,0,0
2380.26,0.827,-0.223,0,0,0,0.0,-1.0,1,0.1,1,1,8.148,0,0
2228.91,1.452,0.392,0,0,0,-0.7071,-0.7071,0,0.1,0,1,10.323,1,0
287.66,0.57,-1.493,0,0,0,-0.7071,0.7071,0,0.0,0,0,13.838,0,0
49.07,0.248,-0.514,0,0,0,-0.7071,-0.7071,1,0.3,20,20,2.585,1,1
1371.93,0.369,-0.587,0,0,0,-0.9659,0.2588,1,0.125,0,0,12.18,1,0
154.39,0.142,-0.678,0,0,0,0.0,-1.0,0,0.0,0,2,10.585,1,0
4479.36,0.533,-0.39,0,0,0,0.7071,-0.7071,0,0.0,0,2,10.404,1,0
852.56,0.4,-0.535,0,0,0,1.0,0.0,0,0.0,0,1,11.211,0,0
22762.1,12.038,7.708,0,0,0,-0.2588,0.9659,0,0.2,0,25,9.024,2,1
533.46,0.555,-0.38,0,0,0,-0.2588,0.9659,0,0.0,0,2,8.978,0,0
989.62,0.229,-0.627,0,0,0,-0.866,-0.5,0,0.0,0,0,12.522,3,0
491.95,0.576,-0.345,0,0,0,-0.866,0.5,0,0.0,0,0,12.862,0,0
1089.32,0.988,-0.012,0,0,0,-0.7071,0.7071,0,0.0,0,1,9.725,1,0
642.3,0.335,-0.66,0,0,0,0.5,-0.866,0,0.2,0,2,10.863,2,0
29.04,0.032,-0.571,0,0,1,0.5,0.866,0,0.4,23,23,2.781,0,1
1050.79,0.834,-0.448,0,0,0,0.866,-0.5,0,0.1,0,2,9.363,1,0
834.09,0.602,-1.917,1,0,0,-0.2588,-0.9659,0,0.0,0,1,11.218,0,0
526.14,0.127,-0.952,0,0,0,-0.5,0.866,0,0.0,0,1,11.312,0,0
17.99,0.045,-0.742,0,0,0,-0.866,0.5,0,0.2,6,6,0.956,1,1
1094.61,0.569,-1.237,0,0,0,0.0,-1.0,0,0.25,0,0,11.46,1,0
1765.4,1.109,0.186,0,0,0,-0.5,0.866,0,0.111,0,1,11.085,2,0
722.45,0.402,-0.556,0,0,0,0.866,-0.5,0,0.0,0,2,10.716,1,0
470.81,0.5,-0.471,0,0,0,-0.866,0.5,0,0.0,0,1,10.872,1,0
618.02,0.297,-1.005,0,0,0,0.5,-0.866,0,0.0,0,0,12.034,0,0
14691.41,1.409,0.733,0,0,0,0.5,-0.866,0,0.0,2,2,7.252,4,1
4131.36,5.413,15.0,0,0,0,-0.5,-0.866,0,0.0,0,0,12.47,1,0
269.75,0.525,-0.444,0,0,0,-0.866,-0.5,0,0.1,0,1,10.995,1,0
1914.87,0.754,-0.161,0,0,0,0.866,-0.5,0,0.2,1,2,5.198,0,0
7316.39,3.85,0.0,0,0,0,1.0,0.0,0,0.0,0,0,12.059,1,0
507.36,0.374,-0.569,0,0,0,1.0,0.0,0,0.0,0,0,12.398,0,0
37.4,0.032,-0.991,0,1,0,-0.9659,-0.2588,1,0.5,9,9,3.169,0,1
336.86,0.163,-0.721,0,0,0,0.866,-0.5,0,0.0,0,1,10.804,0,0
3786.69,0.961,-0.029,0,0,0,-0.7071,-0.7071,1,0.1,0,0,12.011,0,0
577.88,1.039,0.033,0,0,0,0.866,-0.5,0,0.0,0,2,9.813,0,0
1466.34,1.896,1.77,0,0,0,-0.5,0.866,0,0.0,0,0,13.359,1,0
677.47,0.151,-0.656,0,0,0,-0.2588,0.9659,0,0.1,0,0,11.998,3,0
1062.98,1.455,0.495,0,0,0,0.2588,-0.9659,0,0.1,0,0,11.398,0,0
463.47,0.674,-0.154,0,0,0,-0.2588,-0.9659,0,0.0,0,0,11.819,1,0
1285.5,0.967,-0.035,0,0,0,-0.5,-0.866,0,0.0,0,1,9.061,1,0
642.89,0.324,-0.581,0,0,0,-0.9659,0.2588,0,0.0,0,0,11.585,1,0
2760.06,0.347,-0.522,0,0,0,-0.9659,0.2588,0,0.1,0,2,10.634,0,0
249.94,0.207,-0.359,0,0,0,-0.866,-0.5,0,0.0,1,1,6.919,2,0
456.38,0.35,-0.543,0,0,0,-1.0,-0.0,0,0.2,0,2,10.559,0,0
1482.66,0.126,-0.981,0,0,0,-0.9659,-0.2588,0,0.0,0,2,11.15,1,0
2550.7,0.969,-0.03,0,0,0,-0.9659,0.2588,0,0.0,0,1,11.364,0,0
1058.21,0.735,-0.592,0,0,0,-0.9659,-0.2588,0,0.0,0,2,9.039,0,0
39.34,0.073,-0.414,0,0,0,-0.7071,-0.7071,0,0.2,30,31,4.474,0,1
32405.17,9.05,4.562,1,0,0,0.2588,-0.9659,0,0.2,0,20,9.043,0,1
11092.5,4.015,2.216,0,0,0,-0.5,-0.866,0,0.2,0,9,8.428,1,1
1609.82,0.537,-1.486,0,0,0,-0.7071,-0.7071,1,0.143,0,0,12.375,0,0
675.94,0.835,-0.388,0,0,0,0.2588,-0.9659,0,0.1,0,0,12.428,0,0
762.52,1.0,0.0,0,0,0,-1.0,-0.0,0,0.0,0,0,14.768,0,0
1215.1,1.611,2.469,0,0,0,0.2588,-0.9659,0,0.167,0,0,11.687,0,0
50.18,0.014,-0.753,0,0,1,0.9659,0.2588,0,0.5,13,14,2.923,0,1
32.85,0.029,-1.295,0,0,0,-0.5,0.866,0,0.1,5,5,2.513,0,1
1295.73,1.06,0.086,0,0,0,0.0,-1.0,0,0.0,0,1,10.895,2,1
465.93,0.747,-0.243,0,0,0,-0.866,0.5,0,0.0,0,1,9.577,1,0
740.14,0.417,-0.533,0,0,0,0.7071,-0.7071,0,0.0,0,0,12.081,1,0
1106.2,0.762,-0.181,0,0,0,-0.866,0.5,0,0.1,0,0,11.861,0,0
1304.69,0.919,-0.074,0,0,0,-0.7071,0.7071,0,0.0,1,3,7.433,0,0
40.55,0.012,-0.856,0,0,0,-0.866,0.5,1,0.3,5,6,1.918,1,1
4191.09,2.015,0.639,0,0,0,-0.9659,0.2588,0,0.0,1,4,7.485,0,0
3270.33,0.594,-0.305,0,0,0,-0.5,-0.866,0,0.0,0,0,12.135,3,0
399.65,0.813,-0.17,0,0,0,0.866,-0.5,0,0.0,0,0,11.926,1,0
5685.65,4.384,0.0,1,0,0,-1.0,-0.0,0,0.0,0,0,11.616,0,0
1667.16,8.321,15.0,0,0,0,-0.2588,-0.9659,0,0.0,0,1,9.798,0,0
978.31,0.178,-0.718,0,0,0,-1.0,-0.0,1,0.1,0,1,9.896,0,0
563.25,0.472,-0.562,0,0,0,-0.5,-0.866,0,0.0,0,0,12.174,1,0
6626.35,1.48,0.351,0,0,0,-0.9659,0.2588,0,0.1,0,1,10.148,3,0
54.35,0.033,-1.062,0,0,0,-0.5,-0.866,0,0.0,7,7,0.84,2,1
258.57,0.504,-0.528,0,0,0,0.2588,-0.9659,0,0.0,0,2,10.453,1,0
884.38,0.735,-0.306,1,0,0,-0.9659,0.2588,1,0.333,0,3,8.465,0,0
981.06,0.624,-0.43,0,0,0,0.866,-0.5,2,0.2,0,1,10.121,2,0
1858.28,0.635,-0.477,0,0,0,-0.9659,0.2588,0,0.0,0,1,11.228,0,0
611.24,2.062,0.0,1,0,0,-1.0,-0.0,0,0.0,0,1,10.656,0,0
744.35,0.231,-0.638,0,0,0,0.2588,-0.9659,0,0.1,0,0,11.942,0,0
46.4,0.054,-0.77,0,0,1,0.0,1.0,1,0.2,6,6,2.959,0,1
2716.53,1.224,0.156,1,0,0,-0.7071,0.7071,0,0.1,0,1,11.167,0,0
664.27,0.389,-0.572,0,0,0,0.0,-1.0,0,0.0,0,1,10.525,1,0
912.37,0.567,-0.324,0,0,0,-0.866,0.5,0,0.0,0,0,12.476,0,0
1888.49,1.214,0.634,0,0,0,1.0,0.0,0,0.1,0,0,11.528,0,0
11887.31,4.05,3.079,0,0,0,-1.0,-0.0,0,0.0,0,0,11.396,1,0
2839.71,2.651,0.735,0,0,0,-0.5,0.866,0,0.0,0,2,10.053,2,0
59040.7,12.344,7.737,1,0,0,0.9659,-0.2588,0,0.0,0,7,9.53,0,1
2599.35,0.373,-0.499,0,0,0,-1.0,-0.0,0,0.1,0,0,12.813,0,0
1871.76,0.701,-0.427,0,0,0,-0.2588,-0.9659,0,0.0,0,1,8.696,2,0
9537.09,5.634,9.529,0,0,0,0.866,-0.5,0,0.0,0,2,9.951,0,0
1886.25,0.477,-0.426,0,0,0,-0.7071,0.7071,0,0.0,0,0,11.718,1,0
2420.78,0.626,-0.305,0,0,0,-0.5,0.866,1,0.2,0,1,11.334,1,0
295.19,0.485,-0.497,0,0,0,0.2588,-0.9659,0,0.0,1,1,8.065,0,0
1470.8,0.536,-0.815,0,0,0,-0.5,0.866,0,0.0,0,0,11.818,0,0
2025.92,1.387,0.342,0,0,0,0.0,-1.0,0,0.2,0,0,12.617,2,0
672.96,0.675,-0.274,0,1,0,-0.2588,-0.9659,0,0.0,0,2,9.74,0,0
461.94,0.037,-1.632,0,0,0,-0.7071,-0.7071,0,0.0,0,0,11.63,1,0
714.96,0.557,-0.665,0,0,0,-1.0,-0.0,1,0.2,0,4,8.608,0,0
522.97,1.0,0.0,0,0,0,-0.7071,0.7071,0,0.0,0,0,14.768,0,0
2852.81,0.946,-0.042,0,0,0,-0.2588,-0.9659,0,0.0,0,0,11.557,0,0
2716.84,0.347,-0.727,0,0,0,-0.2588,-0.9659,0,0.0,0,1,11.285,0,0
289.63,0.268,-1.553,0,0,0,0.9659,-0.2588,0,0.1,0,0,12.408,0,0
11830.44,2.009,1.037,0,1,0,-0.7071,0.7071,0,0.1,0,0,12.44,0,0
3286.62,0.674,-0.232,0,0,0,-0.7071,-0.7071,0,0.0,0,1,10.704,0,0
870.86,0.404,-0.465,0,0,0,-0.5,0.866,0,0.0,0,0,11.674,0,0
1117.11,0.499,-4.51,1,0,0,-0.5,-0.866,0,0.0,0,0,13.639,0,0
1032.75,0.428,-0.483,0,0,0,-0.2588,0.9659,0,0.0,0,2,11.056,0,0
1049.39,1.173,0.135,0,0,0,0.0,-1.0,0,0.0,0,1,10.888,2,0
527.47,0.38,-1.85,0,1,0,-0.866,0.5,0,0.25,0,2,8.685,0,0
1308.53,0.697,-0.351,0,0,0,-1.0,-0.0,0,0.0,0,0,12.012,0,0
1166.76,0.603,-2.199,0,0,0,0.0,-1.0,0,0.0,0,1,11.078,0,0
543.92,0.787,-0.197,0,0,0,-0.9659,-0.2588,0,0.0,0,1,10.752,2,0
2013.89,0.855,-0.095,0,0,0,-0.2588,-0.9659,0,0.1,0,2,9.099,0,0
1468.02,0.852,-0.245,0,0,0,-0.7071,-0.7071,0,0.125,0,1,10.417,0,0
993.41,0.27,-0.592,0,0,0,-0.9659,0.2588,1,0.1,0,1,10.996,1,0
2200.2,0.224,-0.71,0,0,0,-0.7071,-0.7071,0,0.0,0,0,11.454,1,0
56.28,0.061,-0.647,0,0,1,0.5,0.866,3,0.5,14,16,2.695,1,1
2612.54,0.85,-0.346,0,0,0,1.0,0.0,0,0.1,0,3,10.655,0,0
772.88,0.923,-0.07,0,0,0,0.7071,-0.7071,0,0.1,0,0,11.876,0,0
7868.89,5.913,0.0,0,0,0,-0.9659,0.2588,0,0.0,0,0,11.913,0,0
417.96,0.693,-0.25,0,0,0,0.2588,-0.9659,0,0.1,0,0,11.774,0,0
575.99,0.428,-0.476,0,0,0,-0.7071,-0.7071,1,0.1,0,0,12.582,1,0
1229.19,0.242,-0.653,0,0,0,-0.2588,0.9659,0,0.2,0,0,11.462,0,0
4771.14,1.325,0.0,0,0,0,-0.866,0.5,0,0.0,0,1,10.96,0,0
55.07,0.054,-0.861,0,0,0,-0.9659,-0.2588,0,0.4,14,14,1.148,0,1
1035.53,0.141,-0.632,0,0,0,-0.866,-0.5,1,0.1,0,0,11.393,0,0
876.42,0.489,-0.425,0,0,0,-0.2588,0.9659,0,0.1,0,0,12.524,0,0
501.65,0.922,-0.037,0,0,0,-0.2588,0.9659,0,0.1,0,0,12.586,0,0
6735.94,1.448,0.868,0,0,0,-0.866,-0.5,0,0.0,3,3,6.671,2,1
1752.65,0.398,-0.421,0,0,0,0.0,-1.0,0,0.0,0,2,10.403,1,0
17487.69,5.841,3.848,0,0,0,-0.7071,-0.7071,0,0.1,0,1,11.064,0,0
6508.53,5.967,15.0,1,0,0,-1.0,-0.0,0,0.0,0,0,13.789,4,1
32.13,0.233,-0.441,0,0,0,-0.9659,0.2588,1,0.3,14,14,1.101,0,1
1054.08,0.436,-0.595,0,0,0,-0.9659,0.2588,0,0.1,0,0,12.379,0,0
607.9,0.465,-0.35,0,0,0,-0.2588,0.9659,0,0.222,0,0,12.588,0,0
4971.82,1.0,0.0,0,0,0,-1.0,-0.0,0,0.0,0,0,14.768,1,0
14548.43,1.335,0.605,0,0,0,-0.866,-0.5,0,0.0,1,3,8.158,4,1
4570.96,0.518,-0.549,0,0,0,0.2588,-0.9659,0,0.0,1,2,7.136,1,0
993.79,0.649,-0.137,0,0,0,-0.7071,0.7071,0,0.4,0,0,11.591,1,0
428.63,0.523,-0.953,0,0,0,-0.2588,-0.9659,0,0.1,0,2,9.023,1,0
6867.12,1.719,1.19,0,0,0,-1.0,-0.0,0,0.0,2,2,7.268,4,1
2333.12,1.09,0.083,0,0,0,0.5,-0.866,0,0.0,0,1,9.523,0,0
1551.77,1.5,0.4,0,0,0,-0.866,-0.5,0,0.0,0,3,9.266,0,0
736.52,1.136,12.077,0,0,0,0.2588,-0.9659,0,0.0,0,1,10.244,0,0
3982.17,1.135,0.106,0,0,0,-0.2588,-0.9659,0,0.0,0,1,10.205,0,0
54683.9,26.666,13.709,1,0,0,-0.866,-0.5,0,0.1,0,14,10.828,2,1
1245.68,0.542,-0.568,0,0,0,-0.5,0.866,0,0.2,0,4,10.955,0,0
458.82,0.287,-0.631,0,0,0,-1.0,-0.0,0,0.1,0,2,9.129,1,0
17275.01,2.701,1.373,0,0,0,-0.866,0.5,0,0.1,0,3,10.749,0,0
927.17,1.206,0.593,0,0,0,-0.2588,-0.9659,0,0.0,0,0,12.918,0,1
24.41,0.008,-0.533,0,0,0,0.2588,-0.9659,0,0.4,18,18,4.122,1,1
890.74,0.931,-0.057,0,0,0,-0.5,-0.866,0,0.1,0,0,11.543,0,0
3626.3,0.603,-0.329,0,0,0,-0.2588,0.9659,0,0.1,1,2,8.17,1,0
5641.49,2.875,2.311,0,0,0,-0.7071,0.7071,0,0.2,1,3,5.198,0,0
3300.77,1.08,0.25,0,0,0,0.2588,-0.9659,0,0.0,0,0,12.171,0,0
3186.74,0.825,-0.161,0,0,0,-0.7071,-0.7071,0,0.0,0,2,8.649,0,0
343.62,0.019,-0.342,0,0,0,-0.5,0.866,0,0.0,0,1,10.549,2,0
190.81,0.632,-1.01,0,0,0,-0.7071,0.7071,0,0.0,0,0,13.288,0,0
4285.4,1.174,0.158,0,0,0,0.866,-0.5,0,0.2,0,1,11.322,0,0
4107.14,1.113,0.128,0,0,0,-0.866,-0.5,0,0.1,0,4,10.103,0,0
448.82,0.136,-0.752,0,0,0,-0.866,-0.5,0,0.0,0,2,11.064,1,0
575.45,0.2,-0.924,0,0,0,-0.2588,0.9659,0,0.1,0,1,10.192,0,0
7935.65,1.444,0.279,0,0,0,-0.7071,-0.7071,0,0.0,0,1,11.162,0,0
1050.19,0.477,-0.449,0,0,0,0.5,-0.866,0,0.0,0,0,12.302,0,0
44910.4,19.367,15.0,0,0,0,0.2588,-0.9659,1,0.2,1,2,7.098,1,1
2084.55,0.882,-0.111,0,0,0,0.5,-0.866,0,0.0,0,0,11.834,0,0
3119.14,0.87,-0.143,0,0,0,-0.7071,-0.7071,0,0.1,0,0,11.91,0,0
4187.19,1.866,1.434,0,0,0,-0.2588,-0.9659,0,0.0,0,0,11.675,0,0
14155.83,1.962,1.117,0,0,0,-0.9659,-0.2588,0,0.333,2,2,7.478,2,0
10634.62,5.886,3.657,0,0,0,0.7071,-0.7071,0,0.0,0,3,9.098,2,0
27.32,0.215,-0.723,0,0,1,0.7071,0.7071,1,0.5,9,9,1.382,0,1
280.15,0.373,-0.442,0,0,0,-0.866,0.5,0,0.2,0,3,9.437,1,0
2104.34,0.424,-0.519,0,0,0,-0.9659,-0.2588,0,0.1,0,0,11.612,0,0
628.39,0.765,0.0,1,1,0,-0.2588,-0.9659,0,0.0,0,0,13.288,1,0
2405.59,0.564,-0.371,0,0,0,-0.2588,0.9659,0,0.0,0,0,13.929,0,0
37796.85,11.217,15.0,0,0,0,0.2588,-0.9659,0,0.0,0,0,11.523,1,0
663.96,0.314,-0.863,1,0,0,-0.9659,0.2588,0,0.0,0,0,11.562,0,0
428.36,1.029,0.087,0,0,0,0.7071,-0.7071,0,0.0,0,0,12.446,0,0
351.33,0.464,-0.393,0,0,0,-0.866,-0.5,0,0.0,0,2,10.023,0,0
927.21,0.603,-0.456,0,0,0,1.0,0.0,0,0.2,0,2,9.659,2,0
2898.57,0.4,-0.476,0,0,0,-0.9659,-0.2588,0,0.0,0,3,9.478,1,0
58.29,0.1,-0.562,0,0,1,0.0,1.0,3,0.5,17,17,0.793,0,1
739.29,0.904,-0.079,0,0,0,-0.866,0.5,0,0.1,0,0,12.552,1,0
2308.73,0.907,-0.184,0,0,0,-0.866,-0.5,0,0.1,0,3,9.898,0,0
10.55,0.023,-0.947,0,0,0,-0.866,0.5,0,0.0,22,22,2.857,0,1
1890.83,0.9,-0.199,0,0,0,-0.866,-0.5,0,0.0,0,1,10.971,2,0
4721.66,0.591,-0.349,0,0,0,-0.7071,-0.7071,0,0.125,0,0,11.961,0,0
17683.58,12.862,15.0,0,0,0,-0.2588,-0.9659,0,0.111,0,2,11.059,0,0
10808.65,5.009,4.187,0,0,0,-0.9659,-0.2588,0,0.1,0,1,11.311,0,0
626.07,3.676,1.243,0,0,0,-1.0,-0.0,0,0.4,0,31,11.04,2,0
2181.11,0.837,-0.227,0,0,0,-0.5,-0.866,0,0.0,0,0,12.791,0,0
5236.71,0.996,-0.003,0,0,0,-0.7071,0.7071,0,0.1,0,1,10.607,3,0
834.69,0.45,-0.444,0,0,0,0.866,-0.5,0,0.0,0,1,10.97,1,0
1613.77,0.614,-0.43,0,0,0,-0.7071,0.7071,1,0.2,0,1,11.142,0,0
8441.54,1.296,0.23,0,0,0,-0.7071,0.7071,0,0.1,0,0,11.973,0,0
241.77,0.359,-0.777,0,0,0,0.2588,-0.9659,0,0.0,0,1,8.845,3,0
12596.64,3.304,3.404,0,0,0,-0.5,0.866,0,0.0,0,1,9.677,0,0
393.71,0.307,-0.528,0,0,0,-0.7071,0.7071,0,0.1,0,1,11.199,1,0
781.78,1.155,0.095,0,0,0,-0.9659,0.2588,0,0.0,0,2,9.426,1,0
7.31,0.005,-1.014,0,0,1,0.7071,0.7071,0,0.2,17,18,2.163,2,1
14620.64,31.898,0.0,1,1,0,-0.866,-0.5,0,0.0,0,0,13.008,4,1
215295.98,13.006,6.343,0,0,0,0.7071,-0.7071,0,0.1,1,24,8.081,1,1
1358.4,1.038,0.056,0,0,0,-0.9659,0.2588,0,0.0,0,2,9.556,1,0
10079.17,5.102,5.008,0,0,0,-0.2588,0.9659,0,0.0,0,4,8.293,0,0
719.56,0.552,-0.364,0,0,0,-0.866,0.5,0,0.0,0,1,10.459,1,0
1937.0,0.038,-0.422,0,0,0,-0.866,-0.5,0,0.0,0,0,13.644,1,0
5380.85,10.101,15.0,0,0,0,-0.2588,-0.9659,0,0.0,0,1,9.149,1,0
618.28,0.95,-0.04,0,0,0,-0.2588,-0.9659,0,0.0,0,1,11.359,0,0
129.65,0.615,-0.411,0,0,0,0.7071,-0.7071,0,0.0,0,0,11.471,0,0
4705.32,0.886,-0.127,0,0,0,-0.2588,0.9659,0,0.0,0,0,11.606,1,0
9193.05,2.205,1.408,0,0,0,-0.5,-0.866,0,0.0,1,1,6.351,2,1
32491.66,7.865,5.956,1,0,0,0.7071,-0.7071,0,0.1,0,5,8.948,0,1
701.82,0.546,-0.432,0,0,0,-0.2588,0.9659,0,0.1,0,1,11.28,1,0
1825.51,0.849,-0.137,0,0,0,-0.866,-0.5,0,0.0,0,2,10.009,0,0
608.12,1.01,0.008,0,0,0,-0.866,0.5,1,0.2,0,0,11.656,0,0
11038.16,4.898,4.241,0,0,0,-0.9659,0.2588,0,0.1,0,4,9.944,1,0
1205.99,0.153,-0.972,0,0,0,-0.5,-0.866,0,0.0,0,0,11.386,0,0
400.17,0.322,-0.735,0,0,0,-0.866,0.5,0,0.0,0,1,11.292,0,0
40.67,0.013,-0.754,0,0,0,0.9659,-0.2588,0,0.4,9,9,2.969,1,1
1968.72,0.661,-0.305,0,0,0,-1.0,-0.0,0,0.1,0,0,12.606,1,0
525.98,0.665,-0.333,0,0,0,-0.2588,-0.9659,0,0.0,0,3,10.701,1,0
27354.56,8.791,15.0,0,0,0,-0.7071,-0.7071,0,0.0,0,0,11.636,1,0
4187.16,0.346,-0.357,0,0,0,0.9659,-0.2588,0,0.0,1,13,8.082,0,0
1787.78,0.321,-1.339,0,0,0,-0.5,0.866,0,0.375,0,2,10.309,0,0
29.48,0.055,-0.509,0,0,0,-0.9659,0.2588,1,0.6,13,13,3.882,0,1
989.04,0.201,-0.597,1,0,0,-0.9659,0.2588,0,0.2,0,1,10.287,1,0
236.34,0.443,-0.475,0,0,0,-0.2588,0.9659,0,0.0,0,2,9.04,1,0
564.15,0.375,-0.596,0,0,0,0.866,-0.5,0,0.0,0,1,10.65,1,0
51.98,0.054,-0.79,0,0,1,0.9659,0.2588,1,0.7,10,11,2.483,0,1
1516.96,0.416,-0.736,0,0,0,-0.9659,0.2588,0,0.0,0,1,10.465,0,0
2647.75,6.202,8.905,0,0,0,0.5,-0.866,0,0.0,0,2,9.646,0,0
861.35,1.036,0.056,0,0,0,-0.2588,0.9659,0,0.0,0,1,11.289,0,0
2221.46,0.868,-0.258,0,0,0,-0.5,0.866,0,0.0,0,3,9.48,1,0
296.97,0.524,-0.42,0,0,0,-1.0,-0.0,0,0.0,1,1,8.112,0,0
3792.0,3.095,1.676,0,0,0,-0.7071,-0.7071,0,0.1,0,0,11.759,0,0
1738.56,0.432,-0.839,1,0,0,-0.9659,0.2588,0,0.0,0,3,10.286,1,0
6135.94,0.801,-0.148,0,0,0,-0.7071,0.7071,0,0.0,0,1,11.034,0,0
393.77,0.634,-0.28,0,0,0,-0.866,-0.5,0,0.5,0,19,11.077,0,0
4091.03,0.802,-0.156,0,0,0,-0.7071,-0.7071,0,0.0,0,2,10.771,0,0
525.29,0.71,-0.19,0,0,0,-0.5,0.866,0,0.1,0,0,12.455,1,0
1133.83,0.678,-0.28,0,0,0,-0.5,0.866,0,0.0,0,1,11.239,0,0
2808.74,0.783,-0.195,0,0,0,-0.7071,0.7071,0,0.1,0,2,10.181,2,0
7978.9,1.357,0.263,0,0,0,-0.866,0.5,0,0.1,0,1,10.867,0,0
1899.22,1.064,0.057,0,0,0,0.5,-0.866,0,0.0,0,0,12.046,1,0
1426.42,1.148,0.116,0,0,0,-0.866,0.5,0,0.0,0,2,9.629,0,0
47383.43,13.437,6.365,1,0,0,-0.5,-0.866,0,0.4,1,32,8.128,1,1
2546.61,5.245,3.418,0,0,0,-0.7071,0.7071,0,0.0,0,1,9.859,1,0
2767.24,1.039,0.032,0,0,0,-0.5,-0.866,0,0.0,0,1,9.784,0,0
797.7,1.322,0.291,0,0,0,-0.5,-0.866,0,0.0,0,1,11.331,1,0
2268.5,0.827,-0.132,0,0,0,-0.866,0.5,0,0.0,0,0,12.376,0,0
3448.01,4.745,1.983,0,0,0,-1.0,-0.0,0,0.2,0,0,11.655,1,0
1980.01,0.734,-0.261,0,0,0,-0.866,0.5,0,0.1,0,5,9.453,1,0
535.61,0.46,-0.58,0,0,0,-0.5,-0.866,0,0.0,0,1,11.116,1,0
865.75,0.631,-0.3,0,0,0,-0.7071,0.7071,0,0.0,0,5,10.725,0,0
1232.34,0.421,-0.509,0,0,0,-0.9659,-0.2588,0,0.2,0,2,9.311,0,0
1231.06,0.296,-0.601,0,0,0,0.0,-1.0,0,0.0,0,0,14.129,0,0
378.95,0.581,-1.26,0,0,0,1.0,0.0,0,0.0,0,1,10.429,3,0
7879.91,2.351,1.241,0,0,0,-0.9659,0.2588,0,0.0,0,0,12.025,1,0
5627.69,0.799,-0.159,0,0,0,-0.5,0.866,0,0.0,0,1,10.466,0,0
1076.57,3.231,1.096,0,0,0,0.0,-1.0,0,0.3,0,0,11.482,0,0
4713.7,7.393,6.681,0,0,0,-0.866,-0.5,0,0.1,0,4,8.951,0,1
2456.02,0.931,-0.075,0,0,0,-0.5,0.866,0,0.1,0,1,9.585,0,0
483.07,0.261,-0.601,0,0,0,-0.9659,0.2588,0,0.0,0,0,11.631,1,0
23.73,0.01,-1.762,1,1,0,-0.2588,-0.9659,0,0.0,1,2,0.0,0,1
3187.45,1.119,0.175,0,0,0,0.5,-0.866,0,0.1,0,2,10.473,0,0
1091.9,0.272,-0.602,0,0,0,-0.866,-0.5,0,0.1,0,0,11.932,0,0
1405.5,1.731,2.709,0,0,0,-0.866,-0.5,0,0.0,0,1,11.173,0,0
280.92,0.748,-0.622,0,0,0,-0.5,-0.866,0,0.1,0,1,11.085,1,0
4781.54,0.84,-0.16,0,0,0,0.0,-1.0,0,0.1,0,1,11.042,1,0
566.08,1.106,0.046,0,0,0,-0.5,0.866,0,0.0,0,2,9.339,1,0
1042.4,1.014,0.018,0,0,0,-0.9659,-0.2588,0,0.0,0,0,11.753,1,0
2546.81,0.413,-0.603,0,0,0,-1.0,-0.0,0,0.0,0,3,8.327,0,0
578.67,0.248,-0.781,0,0,0,-0.5,-0.866,0,0.1,0,3,9.495,0,0
2526.87,0.765,-0.318,0,0,0,-1.0,-0.0,0,0.1,0,0,11.736,0,0
2825.85,1.398,0.424,0,0,0,-0.9659,-0.2588,0,0.1,0,2,10.085,0,0
19.94,0.026,-0.682,0,0,1,0.9659,0.2588,0,0.1,23,24,3.265,0,1
900.86,0.768,-0.176,0,0,0,0.7071,-0.7071,0,0.0,0,0,11.478,1,0
942.22,0.659,-0.177,0,0,0,-0.2588,0.9659,0,0.0,0,2,9.072,0,0
954.41,1.203,0.213,0,0,0,0.2588,-0.9659,0,0.0,0,2,9.598,0,0
18906.11,9.955,15.0,0,0,0,-0.866,0.5,0,0.143,0,1,10.439,0,0
2335.21,0.125,-0.307,0,0,0,-0.2588,0.9659,0,0.0,0,0,11.599,2,0
38404.42,9.255,8.702,0,0,0,0.5,-0.866,0,0.1,0,0,12.384,1,0
1533.43,1.336,0.533,0,0,0,-0.866,0.5,0,0.0,0,1,11.344,0,0
1210.27,0.46,-0.529,0,0,0,-1.0,-0.0,0,0.2,0,0,11.773,1,0
82891.41,14.477,7.789,0,0,0,-0.2588,0.9659,0,0.2,0,6,8.487,0,1
4975.2,1.055,0.045,0,0,0,-0.2588,-0.9659,0,0.0,0,0,11.41,0,0
1273.27,0.683,-0.72,0,0,0,0.866,-0.5,0,0.0,0,2,9.726,1,0
833.71,0.593,0.0,0,0,0,-0.5,0.866,0,0.0,1,1,7.748,1,0
1600.51,0.731,-0.304,0,0,0,0.7071,-0.7071,0,0.0,0,1,10.446,0,0
55.92,0.014,-0.842,0,0,1,0.9659,0.2588,0,0.0,2,3,3.12,0,1
37247.62,7.811,0.0,0,0,0,-1.0,-0.0,0,0.0,0,0,11.771,0,0
2085.8,1.0,0.0,0,0,0,-0.7071,0.7071,0,0.0,0,0,14.768,0,0
1530.38,0.691,-0.288,0,0,0,0.866,-0.5,0,0.2,0,2,10.816,1,0
445.54,0.632,-0.739,0,0,0,-0.2588,-0.9659,0,0.0,0,1,10.697,1,0
11838.93,3.805,2.644,1,0,0,0.7071,-0.7071,0,0.3,0,7,9.147,0,1
1002.18,0.43,0.0,0,0,0,-0.9659,-0.2588,1,1.0,0,0,11.62,0,0
818.45,1.523,1.324,0,0,0,0.2588,-0.9659,0,0.0,0,0,12.975,1,0
772.66,0.335,-0.575,0,0,1,0.9659,0.2588,0,0.3,0,0,12.657,1,0
6155.19,3.607,4.15,1,0,0,0.5,-0.866,0,0.0,0,0,12.672,0,0
2216.04,0.852,-0.219,0,0,0,-0.2588,-0.9659,1,0.25,0,1,9.541,0,0
21.71,0.01,-0.714,0,0,0,0.866,-0.5,0,0.3,23,25,3.453,1,1
2.68,0.001,-1.181,0,0,0,-0.2588,-0.9659,2,0.4,12,13,3.204,0,1
528.99,1.326,0.307,0,0,0,0.2588,-0.9659,0,0.1,0,2,10.014,0,0
3329.53,0.665,-0.28,0,0,0,-0.5,-0.866,0,0.3,0,0,11.4,0,0
509.96,0.342,-0.537,0,0,0,-0.5,0.866,0,0.1,0,1,11.329,0,0
811.85,0.167,-0.803,0,0,0,-1.0,-0.0,0,0.1,0,3,9.977,0,0
7079.93,1.051,0.042,0,0,0,-0.9659,-0.2588,0,0.0,0,2,11.015,0,0
7545.82,5.017,3.354,0,0,0,-1.0,-0.0,0,0.0,0,0,12.34,0,0
115.0,0.176,-0.649,0,0,0,0.5,-0.866,0,0.1,0,2,10.244,0,0
1807.68,0.451,-0.635,0,0,0,-0.9659,-0.2588,0,0.0,0,2,10.54,0,0
4503.21,1.054,0.044,0,0,0,-0.866,0.5,0,0.0,0,0,11.596,0,0
926.14,0.689,-0.906,0,0,0,-0.5,-0.866,0,0.0,0,1,11.349,0,0
238.17,0.663,-0.325,0,0,0,-0.866,0.5,0,0.0,0,0,11.933,1,0
3923.61,0.552,-0.434,0,0,0,0.2588,-0.9659,0,0.0,0,1,11.233,1,0
826.68,1.124,0.082,1,0,0,-0.7071,0.7071,0,0.1,0,1,9.615,0,0
818.56,1.147,0.223,0,0,0,0.0,-1.0,0,0.0,0,1,9.581,0,0
1442.8,0.717,-0.265,0,0,0,0.2588,-0.9659,0,0.111,0,1,11.051,0,0
353.4,0.306,-0.494,0,0,0,0.9659,-0.2588,0,0.0,0,2,10.472,1,0
2641.71,0.573,-0.424,0,0,0,-0.9659,0.2588,0,0.0,0,0,11.694,1,0
1083.37,0.987,0.0,1,1,0,0.7071,-0.7071,0,0.0,0,0,12.847,0,0
2195.6,4.311,3.764,0,0,0,0.2588,-0.9659,0,0.1,0,0,12.154,0,0
16637.67,3.808,2.047,0,0,1,0.5,0.866,0,0.2,0,6,8.635,0,1
566.27,0.164,-0.786,0,0,0,-0.866,0.5,0,0.0,0,0,11.768,0,0
6173.75,5.774,15.0,0,0,0,0.7071,-0.7071,0,0.0,0,1,10.949,2,0
1283.48,0.231,-0.75,0,0,0,0.866,-0.5,0,0.1,0,2,10.083,1,0
323.33,0.167,-0.727,0,0,0,-0.9659,0.2588,0,0.1,0,0,11.662,1,0
910.25,3.264,6.337,0,0,0,-0.866,0.5,0,0.0,0,1,9.078,0,0
487.1,0.811,-1.743,0,0,0,-0.9659,0.2588,0,0.0,0,2,9.314,1,0
894.52,0.476,-0.507,0,0,0,-0.7071,-0.7071,0,0.1,0,0,13.309,0,0
6160.86,1.488,0.419,0,0,0,-1.0,-0.0,0,0.0,0,2,10.812,0,0
876.0,1.0,0.0,0,0,0,-0.7071,-0.7071,0,0.0,0,0,14.768,1,0
5391.57,0.389,-1.497,0,0,0,0.0,-1.0,0,0.0,0,0,11.885,1,0
53.33,0.046,-1.022,0,0,0,-0.2588,-0.9659,0,0.167,1,1,0.0,0,1
2140.75,1.11,0.098,0,0,0,0.5,-0.866,0,0.0,0,0,11.958,1,0
2497.26,1.438,0.903,0,0,1,0.9659,0.2588,0,0.0,0,1,10.296,1,0
1483.81,0.745,-0.222,0,0,0,-0.5,-0.866,0,0.0,0,2,10.337,1,0
2012.27,1.039,0.236,0,0,0,0.2588,-0.9659,0,0.333,0,1,10.319,0,0
162.27,0.337,-0.781,0,0,1,0.9659,0.2588,1,0.1,0,1,10.711,1,0
1345.78,0.489,-0.544,0,0,0,-0.9659,-0.2588,0,0.0,0,0,11.55,0,0
1285.49,0.753,-0.506,0,0,0,0.9659,-0.2588,0,0.0,0,3,10.85,0,0
657.83,1.177,0.18,0,0,0,-0.7071,0.7071,1,0.1,0,2,10.228,0,1
261.51,0.392,-1.02,0,0,0,-0.7071,0.7071,0,0.2,0,0,11.942,0,0
888.21,0.315,-0.659,0,0,0,-0.9659,-0.2588,0,0.0,0,0,12.373,1,0
21.59,0.021,-0.621,0,0,0,-0.9659,0.2588,0,0.1,7,8,1.555,1,1
1662.13,1.12,0.093,0,0,0,-1.0,-0.0,0,0.0,0,1,11.34,0,0
1553.61,0.548,-0.379,0,0,0,-0.5,-0.866,0,0.0,0,1,11.147,1,0
16663.89,5.656,3.716,0,0,0,-0.866,0.5,0,0.0,0,0,11.752,0,1
4140.31,1.648,1.137,0,0,1,0.0,1.0,0,0.2,3,3,4.628,2,1
294.82,0.133,-0.778,0,0,0,0.9659,-0.2588,0,0.1,0,1,11.047,0,0
639.44,1.157,0.259,0,0,0,-0.2588,-0.9659,0,0.0,0,2,9.529,0,0
20307.07,4.333,0.0,0,0,0,-0.7071,-0.7071,0,0.0,0,0,11.934,0,0
33.42,0.342,-0.334,0,0,0,-0.9659,0.2588,2,0.4,26,26,3.575,0,1
7283.97,6.3,6.019,0,0,0,0.7071,-0.7071,0,0.0,0,0,12.394,0,0
1454.18,0.452,-0.635,0,0,0,-0.866,0.5,0,0.0,0,1,9.998,0,0
251.13,0.323,-0.677,0,0,0,-0.7071,-0.7071,0,0.0,0,3,8.761,1,0
6347.85,3.006,15.0,1,1,0,-0.5,0.866,0,0.0,0,0,12.72,3,1
417.74,0.635,-0.447,0,0,0,0.7071,-0.7071,1,0.1,0,2,10.007,3,0
298.91,1.206,1.617,0,0,0,-0.9659,-0.2588,0,0.0,0,0,11.892,1,0
587.9,0.119,-0.789,0,0,0,-0.5,-0.866,0,0.1,0,0,11.439,1,0
5644.09,4.65,3.647,0,0,0,0.0,-1.0,0,0.0,0,0,12.142,0,0
773.86,1.0,-0.001,0,0,0,0.9659,-0.2588,0,0.25,0,2,11.295,0,0
830.62,0.63,-0.495,0,0,0,-0.866,0.5,0,0.2,0,0,11.827,1,0
8228.69,11.102,15.0,0,0,0,-0.2588,0.9659,1,0.2,0,0,12.604,1,0
457.39,1.231,0.554,0,0,0,-0.9659,-0.2588,0,0.1,0,0,11.428,1,0
2068.45,0.486,0.0,1,0,0,-0.7071,-0.7071,0,0.0,0,0,11.486,1,0
826.96,0.859,-0.101,0,0,0,-0.7071,0.7071,1,0.1,0,0,12.176,2,0
6041.8,2.759,3.462,0,0,0,0.866,-0.5,0,0.0,0,0,11.616,0,0
995.58,0.329,-0.523,1,0,0,-0.866,0.5,0,0.0,0,2,11.118,0,0
2723.12,0.716,-0.286,0,0,0,-0.9659,0.2588,0,0.0,0,2,10.092,0,0
51.29,0.029,-0.662,0,0,0,-0.2588,-0.9659,2,0.4,7,7,2.169,1,1
39.96,0.054,-0.513,0,0,0,-0.7071,-0.7071,0,0.5,19,20,2.749,0,1
590.99,0.822,-0.373,0,0,0,-0.866,0.5,0,0.0,0,2,9.6,0,0
1073.3,0.493,-1.38,0,0,0,-0.9659,0.2588,0,0.0,0,2,10.869,1,0
214.51,0.751,-1.46,0,0,0,-0.2588,-0.9659,0,0.0,0,0,11.706,1,0
1169.03,1.016,0.023,0,0,0,0.5,-0.866,0,0.1,0,0,11.86,1,0
718.48,1.0,0.0,0,0,0,-0.9659,0.2588,0,0.0,0,0,14.768,0,0
668.1,0.415,-0.492,0,0,0,-0.7071,0.7071,0,0.0,0,1,10.014,0,0
3080.26,1.46,0.388,0,0,0,-0.7071,0.7071,0,0.0,0,1,10.36,2,0
2744.14,0.641,-0.301,0,0,0,-0.9659,0.2588,0,0.1,0,3,9.507,0,0
2612.43,0.639,-0.318,0,0,0,-0.5,0.866,0,0.1,0,0,11.785,0,0
456.98,0.265,-0.907,0,0,0,0.2588,-0.9659,0,0.0,0,1,10.796,0,0
233.15,0.317,-2.126,0,0,0,1.0,0.0,1,0.125,0,0,13.447,0,0
703.71,0.156,-0.761,0,0,0,-1.0,-0.0,1,0.2,0,2,9.583,0,0
1612.82,1.72,1.806,0,0,0,-0.866,-0.5,0,0.0,0,1,8.385,0,0
934.74,0.393,-1.088,0,0,0,-0.7071,-0.7071,0,0.0,0,1,11.079,0,0
2588.11,0.497,-0.433,0,0,0,-0.7071,0.7071,0,0.2,1,2,8.062,0,0
3380.32,4.305,4.142,0,0,0,-0.7071,0.7071,0,0.2,0,0,12.469,0,0
1381.0,0.301,-0.31,0,0,0,-0.866,-0.5,1,0.2,0,0,11.786,1,0
946.27,0.289,-0.698,0,1,0,0.866,-0.5,0,0.1,0,2,10.845,0,0
1176.46,0.493,-0.479,0,0,0,-0.7071,0.7071,0,0.0,0,1,9.027,0,0
4559.27,8.318,15.0,0,0,0,-0.7071,0.7071,0,0.1,0,0,11.892,1,0
2308.39,1.339,1.559,0,0,0,-0.866,-0.5,0,0.0,0,3,10.29,0,0
37.6,0.04,-0.577,0,0,0,-0.9659,0.2588,0,0.3,11,12,3.539,1,1
717.8,0.111,-0.993,1,0,0,-0.5,-0.866,0,0.167,0,1,10.687,0,0
2470.54,0.679,-0.254,0,0,0,-0.5,-0.866,0,0.0,0,1,10.647,0,0
615.23,0.666,-0.31,0,0,0,-0.7071,-0.7071,0,0.1,0,2,9.744,0,0
868.05,0.143,-0.743,0,0,0,-0.5,0.866,0,0.0,0,1,11.153,1,1
1305.92,0.451,-0.511,0,1,0,-1.0,-0.0,0,0.1,0,1,11.328,1,0
2545.01,0.653,-0.261,0,0,0,0.0,-1.0,0,0.1,0,1,11.043,0,0
3436.37,0.63,-0.312,0,0,0,-0.7071,-0.7071,0,0.0,0,0,13.375,1,0
2882.25,0.946,-0.116,0,1,0,-0.5,-0.866,1,0.2,0,2,10.705,0,0
1049.17,0.343,-0.485,0,0,0,-0.2588,-0.9659,0,0.1,0,1,11.181,0,0
13725.74,7.819,15.0,0,0,0,-0.9659,-0.2588,0,0.0,0,3,10.011,0,0
3828.12,1.674,0.516,0,0,0,-0.866,0.5,0,0.1,0,1,11.243,0,0
31.15,0.031,-0.604,0,0,1,0.5,0.866,1,0.3,19,19,2.468,0,1
2514.34,0.489,-0.429,0,0,0,-0.866,0.5,1,0.3,0,2,9.754,0,0
617.07,1.0,0.0,0,0,0,-0.7071,-0.7071,0,0.0,0,0,14.768,1,1
4558.76,9.368,15.0,0,0,0,0.0,-1.0,0,0.0,0,3,10.124,0,0
49.19,0.035,-0.746,0,0,1,0.7071,0.7071,1,0.5,10,10,1.792,0,1
1235.63,0.62,-0.979,0,0,0,-0.9659,-0.2588,0,0.2,0,2,10.184,0,0
351.51,0.14,-0.82,0,0,0,0.866,-0.5,0,0.1,0,0,11.849,1,0
626.19,1.0,0.0,0,0,0,-0.2588,-0.9659,0,0.0,0,0,14.768,1,0
1934.98,0.806,-0.399,0,0,0,0.0,-1.0,0,0.1,0,0,11.797,0,0
15325.12,6.688,9.752,0,0,0,-0.866,-0.5,0,0.1,0,0,11.703,0,0
3840.3,1.296,0.469,0,0,0,0.0,-1.0,0,0.0,0,0,12.145,0,0
1735.92,1.0,0.0,0,0,0,1.0,0.0,0,0.0,0,0,14.768,0,0
974.69,0.727,-0.252,0,0,0,-0.7071,-0.7071,0,0.0,0,0,12.402,0,0
1118.48,0.992,-0.006,0,0,0,0.5,-0.866,0,0.0,0,0,11.891,1,0
7.76,0.008,-0.872,0,0,1,0.9659,0.2588,1,0.2,2,3,2.622,0,1
9886.79,2.279,0.908,0,1,0,-0.2588,0.9659,0,0.0,0,0,11.923,3,0
703.78,0.56,-0.365,0,0,0,-0.7071,-0.7071,0,0.3,0,3,8.517,0,0
723.25,0.543,-1.256,1,0,0,1.0,0.0,0,0.1,0,0,12.497,0,0
8576.03,3.578,4.007,0,0,0,0.7071,-0.7071,0,0.1,0,0,11.471,0,0
6862.75,1.974,0.872,1,0,1,0.0,1.0,0,0.0,1,2,7.446,1,0
524.07,0.239,-0.779,0,0,0,1.0,0.0,0,0.2,0,1,9.502,0,0
687.53,0.37,-0.816,0,0,0,0.0,-1.0,0,0.0,0,0,13.206,0,0
16998.13,2.342,1.037,0,0,0,0.5,-0.866,0,0.0,0,1,11.291,1,0
22523.57,6.764,5.603,0,0,0,-0.7071,-0.7071,0,0.0,0,2,10.836,0,0
9057.9,1.0,0.0,0,0,0,-0.866,0.5,0,0.0,0,0,14.768,0,0
1161.88,0.298,-0.627,0,0,0,0.5,-0.866,0,0.0,0,0,12.627,0,0
478.8,0.443,-0.431,0,0,0,0.7071,-0.7071,0,0.4,0,0,11.735,0,0
1498.13,1.258,0.775,0,0,0,-0.9659,-0.2588,0,0.0,0,2,10.422,1,0
1268.84,2.927,5.33,0,0,0,0.866,-0.5,0,0.0,0,1,10.124,0,0
1239.46,1.49,0.478,1,0,0,0.866,-0.5,0,0.1,0,0,11.462,0,0
2193.93,1.559,0.0,0,0,0,-0.866,0.5,0,0.0,0,0,12.522,0,0
673.66,0.191,-0.993,0,0,0,-0.2588,-0.9659,0,0.0,0,2,8.765,0,0
1916.13,0.926,-0.071,0,0,0,-0.7071,0.7071,0,0.0,0,0,11.905,0,0
1338.69,0.478,-0.457,0,0,0,-0.9659,0.2588,0,0.1,0,0,12.048,0,0
2288.02,1.219,3.815,0,0,0,-0.7071,-0.7071,1,0.5,1,1,8.132,0,0
731.73,0.346,-0.629,0,0,0,0.9659,-0.2588,0,0.0,0,1,10.19,0,0
45.82,0.062,-0.684,0,1,1,0.0,1.0,0,0.2,8,8,2.288,0,1
3406.74,0.691,-0.236,0,0,0,0.2588,-0.9659,0,0.0,0,2,8.804,1,0
30.59,0.014,-0.728,0,0,0,0.866,-0.5,0,0.3,20,22,4.12,1,1
644.71,2.043,2.222,0,0,0,-0.2588,0.9659,0,0.0,0,1,9.52,0,0
12.51,0.009,-0.723,0,0,0,0.0,-1.0,1,0.3,6,8,2.819,1,1
3740.22,1.348,0.219,0,0,0,-0.5,-0.866,0,0.2,0,1,10.906,0,0
920.78,0.701,-0.274,0,0,0,-0.7071,-0.7071,0,0.0,0,4,9.921,0,0
335.19,0.512,-0.401,1,0,0,0.866,-0.5,0,0.0,0,0,12.001,1,0
6490.62,7.129,15.0,1,0,0,-0.866,-0.5,0,0.0,0,0,14.289,2,1
3727.31,0.919,-0.066,0,0,0,0.9659,-0.2588,0,0.0,0,1,10.197,1,0
2254.25,0.915,-0.078,0,0,0,0.0,-1.0,0,0.2,0,1,11.005,0,0
3463.81,0.665,-0.379,0,0,0,-1.0,-0.0,0,0.0,0,0,11.585,1,0
958.13,0.238,-0.72,0,0,0,-0.2588,-0.9659,0,0.0,0,0,12.857,0,0
929.24,0.199,0.0,0,0,0,0.5,-0.866,0,0.0,0,0,12.887,0,0
1190.67,1.57,1.584,0,0,0,0.5,-0.866,1,0.167,0,1,10.521,0,0
273.5,0.996,-0.01,0,0,0,-0.9659,-0.2588,0,0.0,0,0,12.628,0,0
1808.77,0.412,-0.898,0,0,0,0.5,-0.866,0,0.0,0,1,9.243,1,0
1478.85,0.378,-0.93,0,0,0,0.0,-1.0,0,0.0,0,2,10.038,1,0
4202.0,5.665,11.645,1,0,1,0.7071,0.7071,0,0.0,0,0,12.311,4,1
240.36,0.39,-0.59,0,0,0,-0.5,0.866,0,0.0,0,1,11.236,1,0
489.31,0.7,-0.253,0,0,0,0.5,-0.866,0,0.0,0,1,9.83,0,1
3718.24,1.501,1.077,0,0,0,-0.866,0.5,0,0.1,0,0,12.538,0,0
1187.36,0.315,-0.677,0,0,0,-0.7071,0.7071,0,0.1,0,1,10.81,1,0
1080.36,0.926,-0.126,0,0,0,-0.9659,0.2588,0,0.0,0,0,12.166,2,0
47.39,0.229,-0.689,0,0,0,-0.7071,0.7071,0,0.1,20,22,3.448,1,1
1820.42,0.966,-0.055,0,0,0,0.2588,-0.9659,0,0.125,0,2,11.321,0,0
1131.26,0.187,-0.641,0,0,0,-0.866,-0.5,1,0.3,0,2,8.287,1,0
51.35,0.039,-0.869,0,1,0,-0.7071,0.7071,0,0.1,3,4,2.212,0,1
3590.24,0.442,-0.496,0,0,0,0.7071,-0.7071,0,0.1,0,0,12.655,1,0
804.55,1.104,0.223,0,0,0,0.0,-1.0,0,0.0,0,2,10.61,0,0
299.71,0.617,-0.692,0,0,0,0.5,-0.866,0,0.0,1,1,7.76,0,0
2132.85,0.49,-0.222,0,0,0,-0.866,0.5,0,0.1,0,0,11.589,1,0
380.65,0.404,-1.09,0,0,0,-1.0,-0.0,0,0.1,0,1,8.97,1,0
488.82,0.394,-0.967,0,0,0,0.866,-0.5,0,0.0,0,0,12.027,1,0
846.76,0.57,-0.435,0,0,0,0.2588,-0.9659,0,0.0,0,2,9.933,2,0
31.07,0.006,-1.237,0,0,0,0.9659,-0.2588,3,0.333,4,4,2.019,1,1
1735.54,1.971,0.0,1,1,0,0.2588,-0.9659,0,0.0,0,0,14.214,0,0
1744.58,6.396,11.633,0,0,0,-1.0,-0.0,0,0.0,0,3,8.205,0,0
1010.12,0.618,-0.363,0,0,0,0.0,-1.0,0,0.0,0,0,12.246,0,0
412.36,0.708,-0.265,0,0,1,0.9659,0.2588,0,0.0,0,3,9.229,1,0
920.15,0.444,-1.353,0,0,0,-1.0,-0.0,0,0.0,0,2,8.97,0,0
674.15,0.382,-2.255,0,0,0,0.866,-0.5,0,0.286,0,0,11.943,1,0
8005.75,9.464,15.0,0,0,0,-1.0,-0.0,0,0.0,0,0,13.389,0,0
857.8,0.702,-0.416,0,0,1,0.7071,0.7071,0,0.0,0,0,11.657,2,0
3151.0,0.514,-0.508,0,0,0,0.7071,-0.7071,0,0.0,0,0,11.817,0,0
6154.52,0.369,-0.566,0,0,0,-0.5,0.866,0,0.0,0,3,9.069,0,0
1508.27,0.281,-0.547,0,0,0,-0.2588,0.9659,0,0.0,0,0,11.712,0,0
798.7,0.944,-0.373,0,0,0,-0.866,0.5,0,0.0,0,1,10.38,0,0
484.16,0.601,-0.612,0,0,0,-0.9659,-0.2588,0,0.333,0,1,10.359,0,0
2233.82,0.602,-0.689,0,0,0,0.0,-1.0,0,0.0,0,1,11.16,1,0
6503.92,1.526,0.818,0,0,0,-0.866,-0.5,0,0.167,4,4,4.974,2,1
1964.39,1.89,0.0,0,0,0,-0.2588,0.9659,1,1.0,0,0,11.409,1,0
3135.16,0.992,-0.01,0,0,0,-0.2588,-0.9659,0,0.1,0,0,11.459,0,1
1401.83,0.622,-0.422,0,0,0,0.0,-1.0,0,0.0,0,1,11.304,1,0
34.29,0.035,-0.826,0,0,1,0.9659,0.2588,1,0.6,8,9,2.947,0,1
2319.85,0.374,-0.464,0,0,0,-0.2588,0.9659,0,0.0,0,0,12.55,0,0
4063.03,0.291,-0.661,0,0,0,-0.2588,-0.9659,0,0.0,0,0,12.252,0,0
2728.91,0.95,-0.13,0,0,0,-0.9659,0.2588,0,0.0,0,1,11.077,0,0
2617.13,1.0,0.0,0,0,0,-0.5,0.866,0,0.0,0,0,14.768,0,0
242.82,0.643,-1.227,0,0,0,-0.2588,0.9659,0,0.0,0,0,12.012,0,0
595.18,0.517,-0.683,0,0,0,-0.2588,-0.9659,0,0.1,0,1,11.075,1,0
9943.19,7.334,11.846,0,0,0,-0.7071,0.7071,0,0.1,0,2,8.323,0,0
165.44,0.201,-0.854,0,0,0,0.7071,-0.7071,0,0.0,0,4,9.953,0,0
116880.06,12.216,7.29,0,0,0,-0.866,-0.5,0,0.0,0,7,9.337,1,1
1364.93,0.189,-0.537,0,0,0,-0.5,-0.866,0,0.0,0,0,12.582,1,0
674.48,1.015,0.03,0,0,0,1.0,0.0,0,0.0,0,3,10.367,0,0
1678.24,0.35,-0.845,0,0,0,-0.7071,0.7071,0,0.0,0,0,12.494,0,0
488.09,0.575,-0.298,0,0,0,-0.7071,0.7071,0,0.1,0,1,9.65,2,0
747.01,0.198,-0.715,0,0,0,-0.2588,-0.9659,0,0.0,0,0,12.387,0,0
2063.61,0.929,-0.117,0,0,0,-0.5,-0.866,0,0.0,0,1,11.035,0,0
2887.49,0.754,-0.199,0,0,0,-0.866,-0.5,0,0.0,0,2,10.667,0,0
1708.96,0.803,-0.162,0,0,0,-0.866,0.5,0,0.1,0,0,11.53,0,0
745.07,1.231,0.792,0,0,0,-0.2588,-0.9659,0,0.0,0,1,11.193,3,0
2753.96,1.0,0.0,0,0,0,-0.2588,0.9659,0,0.0,0,0,14.768,1,0
4033.8,1.111,0.0,0,0,0,-0.5,-0.866,0,0.0,0,0,11.989,0,1
1262.31,0.464,-0.596,0,0,0,-0.9659,0.2588,0,0.0,0,4,8.261,0,0
78875.63,9.988,4.046,0,0,1,0.2588,0.9659,0,0.1,2,5,7.013,1,1
1411.88,0.942,0.0,1,1,0,-0.866,-0.5,0,0.0,0,0,11.581,1,0
38.0,0.179,-0.425,0,0,0,-0.866,0.5,0,0.8,24,24,4.125,1,1
760.4,0.184,-0.724,0,0,0,0.9659,-0.2588,0,0.0,0,0,11.979,0,0
1997.35,0.477,-3.742,0,0,0,-0.7071,-0.7071,0,0.0,0,1,10.377,0,0
5857.7,0.562,-0.35,1,0,0,-0.7071,0.7071,0,0.1,0,0,12.153,2,0
3179.95,0.779,-0.184,0,0,0,-0.7071,-0.7071,0,0.0,0,0,12.65,0,1
3483.85,1.084,0.076,0,0,0,-0.5,0.866,0,0.0,0,0,11.849,0,0
3266.99,0.673,-0.14,0,0,0,-0.2588,0.9659,1,0.3,0,2,8.755,1,0
615.74,0.551,0.0,0,0,0,-0.7071,-0.7071,0,0.0,0,0,11.826,0,0
406.12,0.512,-0.512,0,0,1,0.866,0.5,1,0.1,0,2,10.789,0,0
1984.94,1.0,0.0,0,0,0,-0.9659,-0.2588,0,0.0,0,0,14.768,2,0
1807.11,0.707,-0.202,0,0,0,-0.2588,0.9659,0,0.0,0,2,10.437,1,0
1229.07,1.07,0.097,0,0,0,-0.2588,-0.9659,0,0.1,0,0,11.454,1,0
3550.32,1.006,0.007,0,0,0,-0.9659,0.2588,1,0.167,0,2,8.27,1,0
434.09,1.161,0.163,0,0,0,-0.7071,-0.7071,0,0.1,0,2,9.546,1,0
803.77,0.614,-0.311,0,0,0,-0.7071,0.7071,0,0.0,0,3,10.517,0,0
7.71,0.003,-0.744,0,0,0,0.866,-0.5,1,0.3,19,21,0.638,1,1
651.34,0.57,-0.715,0,0,1,0.9659,0.2588,0,0.1,0,0,12.186,0,0
1138.06,0.336,-0.649,0,0,0,-0.9659,0.2588,1,0.2,0,0,11.483,0,0
3441.49,0.557,-0.34,0,0,0,-0.866,0.5,0,0.0,0,1,11.245,0,0
2569.49,1.047,0.041,0,0,0,0.0,-1.0,0,0.2,0,0,12.542,0,0
3309.29,0.635,-0.347,0,0,0,-0.5,0.866,0,0.0,0,2,8.208,1,0
284.35,0.309,-0.685,0,0,0,0.2588,-0.9659,0,0.1,0,1,8.778,0,0
1599.63,0.251,-0.64,0,0,0,-0.2588,0.9659,0,0.1,0,1,11.229,1,0
6728.6,1.435,0.362,0,0,0,0.2588,-0.9659,0,0.1,0,0,11.464,0,0
1484.05,0.34,-0.549,0,0,0,-0.5,-0.866,0,0.0,0,1,9.624,0,0
2374.39,0.637,-0.168,0,0,0,-0.2588,0.9659,0,0.1,0,3,9.917,1,0
3141.2,1.34,0.0,0,0,0,-1.0,-0.0,0,0.0,0,0,11.486,1,0
2511.89,1.708,0.69,0,0,0,-0.2588,0.9659,0,0.0,0,0,11.639,1,0
200.81,0.353,-1.684,0,0,0,0.2588,-0.9659,0,0.0,0,0,11.867,3,0
1834.4,0.726,-0.262,0,0,0,-0.2588,-0.9659,1,0.286,0,2,9.762,0,0
1105.58,0.907,-0.258,0,0,0,0.2588,-0.9659,0,0.0,0,0,12.008,1,0
1715.88,0.729,-0.258,0,0,0,-0.9659,0.2588,0,0.0,0,1,9.827,0,0
11.15,0.008,-0.879,0,0,0,-0.2588,-0.9659,1,0.3,26,27,1.833,0,1
9674.25,7.942,7.611,1,1,1,0.866,0.5,0,0.0,0,2,10.487,1,1
2736.26,0.511,-0.383,1,0,0,0.0,-1.0,0,0.0,0,0,11.455,0,0
372.67,0.717,-0.262,0,0,0,-0.866,0.5,0,0.1,0,1,11.054,1,0
5175.98,1.091,0.068,0,0,0,-0.2588,-0.9659,0,0.2,0,1,11.111,0,0
1020.26,1.093,0.066,0,0,0,0.5,-0.866,0,0.0,0,0,12.916,0,0
9831.38,2.769,1.622,0,0,1,0.5,0.866,0,0.0,0,2,8.919,1,0
666.85,0.929,-0.2,0,0,0,0.7071,-0.7071,0,0.0,0,0,12.207,0,0
16681.69,4.655,1.598,0,0,0,-0.9659,0.2588,0,0.1,0,2,8.86,1,0
232.54,0.396,-0.555,0,0,0,0.866,-0.5,0,0.0,0,1,11.134,1,0
1312.43,0.618,-0.242,1,0,0,-0.9659,0.2588,0,0.0,0,0,11.548,1,0
736.77,0.232,-0.637,0,0,0,-1.0,-0.0,0,0.1,0,0,11.722,0,0
1060.41,0.769,-0.226,0,0,0,0.5,-0.866,1,0.3,0,0,11.713,1,0
608.04,0.865,-0.37,0,0,0,-0.7071,-0.7071,0,0.0,0,1,11.338,0,0
609.67,1.0,0.0,0,0,0,-0.5,-0.866,0,0.0,0,0,14.768,1,0
100.46,0.248,-0.513,0,0,0,0.2588,-0.9659,0,0.2,0,1,10.708,0,0
3538.89,2.68,6.668,0,0,0,0.2588,-0.9659,0,0.286,0,1,9.845,1,0
445.23,0.547,-0.637,0,0,0,-0.9659,0.2588,0,0.0,0,1,9.559,0,0
825.65,0.154,-0.943,0,0,0,-1.0,-0.0,0,0.0,0,2,10.648,0,0
26.25,0.016,-0.489,0,0,0,0.9659,-0.2588,0,0.2,20,20,3.615,1,1
6083.71,1.217,3.374,0,0,0,-0.2588,0.9659,0,0.333,0,1,8.203,0,0
166.0,0.428,-0.692,0,0,0,-0.866,0.5,0,0.0,0,3,9.81,0,0
1063.13,0.498,-0.475,0,0,0,0.7071,-0.7071,0,0.0,0,2,11.11,0,0
3977.46,2.119,1.896,0,0,0,0.5,-0.866,0,0.111,0,0,12.491,0,0
1891.65,1.184,0.136,0,0,0,-0.9659,-0.2588,0,0.1,0,0,12.283,1,0
3785.19,1.009,0.029,0,0,0,-0.9659,0.2588,2,0.286,0,0,12.257,0,0
860.49,0.205,-0.68,0,0,0,-0.9659,-0.2588,0,0.1,0,0,11.53,1,0
965.89,0.789,-0.32,0,0,0,0.7071,-0.7071,0,0.0,0,2,10.328,0,0
28617.9,5.955,4.148,1,0,0,-0.866,0.5,0,0.1,0,0,12.262,2,0
589.44,0.343,-0.798,0,0,0,0.9659,-0.2588,0,0.0,0,1,10.344,0,0
358.93,0.365,-0.494,0,0,0,-0.2588,-0.9659,0,0.0,0,2,10.862,2,0
3291.81,0.283,-0.824,0,0,0,-0.5,-0.866,0,0.0,0,2,8.744,0,0
1863.61,2.527,4.477,0,0,0,-0.5,-0.866,0,0.25,0,1,9.421,1,0
40.6,0.025,-1.08,0,0,1,0.7071,0.7071,0,0.2,14,15,0.587,2,1
1099.17,0.636,-0.931,0,0,0,-0.5,-0.866,0,0.125,0,0,13.431,1,0
2410.66,1.458,1.093,0,0,0,0.866,-0.5,1,0.3,0,0,11.418,1,0
2350.94,1.565,1.813,0,0,0,0.866,-0.5,0,0.1,0,1,10.958,0,0
2260.06,0.692,-0.425,0,0,0,-0.5,0.866,0,0.0,0,0,13.446,0,0
5143.74,0.858,-0.105,0,0,0,-0.866,0.5,0,0.1,0,0,12.611,0,0
1283.27,0.787,-0.176,0,0,0,-0.9659,0.2588,0,0.0,0,1,11.296,0,0
1733.86,2.043,1.203,0,0,0,-0.9659,-0.2588,0,0.1,0,3,9.812,0,0
1653.13,0.785,-0.534,0,0,0,-0.2588,0.9659,0,0.0,0,2,10.091,0,0
766.08,1.156,0.39,0,0,0,0.866,-0.5,0,0.0,1,1,7.03,0,0
2228.13,0.99,-0.013,0,0,0,-0.866,0.5,0,0.0,0,0,12.922,0,0
2186.85,0.858,-0.254,0,0,0,0.5,-0.866,0,0.0,0,1,10.929,0,0
384.7,0.106,-1.253,0,0,0,0.866,-0.5,0,0.0,0,1,10.712,1,0
2302.21,0.625,-0.332,0,0,0,-0.7071,0.7071,0,0.1,0,0,11.394,0,0
548.22,0.739,-0.272,0,0,0,0.5,-0.866,0,0.1,1,1,7.668,0,0
14.95,0.002,-0.78,0,1,0,-0.2588,0.9659,0,0.0,2,2,2.896,0,1
328.04,0.377,-1.328,0,0,0,0.866,-0.5,0,0.1,0,1,10.345,1,0
19697.89,3.24,1.785,0,0,0,-0.2588,0.9659,0,0.0,0,1,10.693,0,0
1493.36,0.931,-0.063,0,0,0,0.0,-1.0,0,0.0,1,1,7.957,1,1
288.13,0.636,-1.042,0,0,0,-0.7071,-0.7071,0,0.0,0,3,9.207,0,0
367.24,0.673,-0.162,0,0,0,-0.866,0.5,0,0.0,0,0,11.673,0,0
1668.69,0.569,-0.364,0,0,0,-0.5,-0.866,0,0.1,0,0,11.635,0,0
46.74,0.088,-0.492,0,0,0,-0.9659,0.2588,0,0.6,12,12,1.784,0,1
7151.26,2.664,1.505,0,0,0,-0.7071,-0.7071,0,0.2,0,0,11.746,1,0
167.19,0.131,-0.732,0,0,1,0.9659,0.2588,0,0.1,0,1,10.779,0,0
1187.85,0.572,-0.42,0,0,0,-0.7071,-0.7071,0,0.0,0,0,11.421,0,0
20.1,0.015,-0.907,0,0,1,0.7071,0.7071,0,0.4,23,24,3.716,2,1
756.31,1.439,0.458,0,0,0,1.0,0.0,0,0.1,0,2,10.672,0,0
992.96,0.774,-0.292,0,1,0,-0.866,0.5,0,0.1,1,4,5.198,1,0
2087.86,0.629,-0.693,0,0,0,-1.0,-0.0,1,0.1,1,1,8.138,0,0
2724.64,1.385,0.366,0,0,0,-0.2588,-0.9659,0,0.0,0,0,12.077,1,0
1282.55,0.714,-0.243,0,0,0,-0.866,0.5,0,0.1,0,1,8.638,1,0
3025.6,0.568,-0.4,0,0,0,0.9659,-0.2588,0,0.1,0,0,11.608,0,0
3382.04,0.291,-0.608,0,0,0,-1.0,-0.0,0,0.0,0,0,12.67,0,0
2167.68,0.874,-0.082,0,0,0,-0.866,-0.5,0,0.1,0,2,8.894,0,0
4191.4,1.143,0.901,0,0,0,0.7071,-0.7071,0,0.0,0,0,13.68,1,0
2631.28,0.94,-0.063,1,0,0,0.7071,-0.7071,0,0.0,0,0,11.45,0,0
2087.72,0.53,-0.396,0,0,0,-0.2588,0.9659,0,0.2,0,0,11.482,0,0
3033.41,0.623,-0.325,0,0,0,-0.7071,0.7071,0,0.0,0,1,11.365,0,0
164.97,0.132,-1.004,0,0,0,-1.0,-0.0,0,0.0,0,0,13.242,0,0
36732.65,6.949,4.871,0,0,0,-1.0,-0.0,0,0.0,0,0,11.807,0,0
1189.98,0.673,-0.386,0,0,0,-0.2588,-0.9659,0,0.0,0,0,11.934,0,0
1988.63,0.224,-0.39,0,1,0,-1.0,-0.0,0,0.3,0,7,10.531,0,0
562.43,0.632,-3.472,0,0,0,-0.7071,0.7071,0,0.0,0,0,12.065,1,0
2011.19,1.0,0.0,0,0,0,0.5,-0.866,0,0.0,0,0,14.768,1,0
4306.67,6.847,4.463,0,0,0,-1.0,-0.0,0,0.0,0,1,10.632,0,0
4168.26,4.356,2.767,0,0,0,-0.9659,-0.2588,1,0.2,0,1,9.523,0,0
9269.15,1.442,0.782,0,0,0,0.0,-1.0,0,0.143,3,5,6.14,2,1
27.79,0.037,-0.475,0,0,0,0.0,-1.0,0,0.0,25,27,4.261,1,1
669.36,0.342,-0.601,1,0,0,-0.9659,0.2588,0,0.0,0,1,10.961,0,0
1406.91,2.168,1.015,0,0,0,-1.0,-0.0,0,0.0,0,0,12.334,2,0
560.66,1.003,0.003,0,0,0,-0.5,0.866,0,0.0,0,1,10.877,0,0
2183.24,0.769,-0.254,0,0,0,-0.2588,0.9659,0,0.0,0,2,8.743,0,0
790.15,0.531,-0.357,0,0,0,-0.866,0.5,0,0.1,0,1,11.327,0,0
2383.1,1.28,0.269,0,0,0,0.5,-0.866,0,0.2,0,0,12.288,1,0
878.13,0.555,-0.49,1,0,0,-0.866,0.5,0,0.0,0,1,10.73,0,0
33789.27,8.717,6.157,0,0,1,0.7071,0.7071,0,0.0,0,7,9.013,0,1
3785.2,1.449,0.666,0,0,0,0.5,-0.866,0,0.25,0,0,12.229,0,0
727.81,0.292,-0.499,0,0,0,0.9659,-0.2588,0,0.0,0,0,11.435,1,0
2145.58,0.38,-0.546,0,0,0,-1.0,-0.0,0,0.0,0,0,12.871,0,0
294.07,0.818,0.0,0,0,0,0.2588,-0.9659,0,0.0,0,0,12.514,1,0
148.88,0.195,-0.722,0,0,0,-0.9659,0.2588,0,0.0,1,5,8.052,0,0
358.31,0.195,-0.807,1,0,0,-0.7071,-0.7071,0,0.0,0,0,11.818,0,0
14248.69,10.55,15.0,1,1,0,-0.866,-0.5,0,0.0,0,0,12.17,4,1
388.39,0.366,-0.563,0,0,0,-0.9659,0.2588,0,0.0,0,0,11.994,2,0
8604.47,2.488,1.368,0,0,0,-0.7071,-0.7071,0,0.0,0,0,12.019,0,0
718.48,0.668,-0.293,0,0,0,-0.2588,0.9659,0,0.0,0,0,11.948,2,0
1360.35,0.657,-0.326,0,0,0,-0.7071,-0.7071,0,0.0,1,2,7.593,1,0
1851.86,1.342,0.334,0,0,0,0.866,-0.5,0,0.2,0,2,9.589,1,0
9089.27,8.402,15.0,1,1,0,0.0,-1.0,0,0.0,0,0,11.46,2,1
259.34,0.517,-0.874,0,0,0,1.0,0.0,0,0.0,0,1,10.735,0,0
774.23,1.047,0.033,0,0,0,-0.5,-0.866,0,0.1,0,1,9.64,1,1
2124.12,0.812,-0.152,0,0,0,-0.5,-0.866,0,0.0,0,1,10.949,0,0
1691.41,1.307,0.252,0,0,0,-1.0,-0.0,0,0.2,0,1,10.234,0,0
315.28,0.869,-0.123,0,0,0,-0.5,-0.866,0,0.0,0,0,12.094,1,0
2036.51,0.484,-0.439,0,0,0,-0.9659,-0.2588,0,0.0,0,2,9.719,0,0
251.61,0.505,-0.467,0,0,0,-0.9659,0.2588,0,0.1,1,3,8.119,1,0
1702.58,0.201,-0.587,0,0,0,-0.2588,0.9659,0,0.1,0,1,8.44,0,0
3922.55,1.681,1.11,0,0,1,0.0,1.0,1,0.167,3,3,6.819,2,1
441.99,0.35,-0.527,0,0,0,-0.7071,-0.7071,0,0.1,0,1,10.796,0,0
578.92,0.766,-0.208,0,0,0,-0.7071,0.7071,0,0.0,0,1,11.203,0,0
383.69,1.116,0.256,0,0,0,-0.866,0.5,1,0.2,0,0,13.621,2,0
544.4,0.704,-0.182,0,0,0,0.7071,-0.7071,0,0.3,0,0,11.695,1,0
1292.42,0.204,-0.621,0,0,0,-0.866,-0.5,0,0.0,0,0,11.373,0,0
573.42,0.697,-0.246,0,0,0,-0.2588,0.9659,0,0.0,0,0,12.292,0,0
3929.57,6.438,15.0,0,0,0,0.7071,-0.7071,1,0.333,1,1,7.187,2,1
16.94,0.017,-0.613,0,0,1,0.5,0.866,2,0.4,20,20,3.883,0,1
584.73,0.635,-0.307,1,0,0,0.5,-0.866,0,0.0,0,1,10.824,0,0
621.06,0.699,-0.314,0,0,0,0.9659,-0.2588,0,0.1,0,1,10.671,0,0
2053.01,0.484,-0.456,1,0,0,-1.0,-0.0,0,0.2,0,1,10.841,1,0
2382.91,1.201,0.247,0,0,0,-0.866,0.5,3,0.4,0,1,11.305,0,0
28.97,0.03,-0.81,0,0,1,0.9659,0.2588,2,0.8,11,12,2.419,0,1
1258.96,0.473,-0.46,0,0,0,-0.9659,-0.2588,2,0.2,0,2,10.341,0,0
267.22,0.507,-0.75,0,0,0,0.2588,-0.9659,0,0.1,0,0,11.659,0,0
1550.88,0.298,-0.668,0,0,0,0.2588,-0.9659,0,0.0,0,0,12.579,0,0
1981.89,1.024,0.02,0,0,0,-0.866,0.5,0,0.1,0,1,10.536,1,0
4812.29,2.017,1.385,0,0,0,-0.7071,0.7071,0,0.0,0,0,12.545,0,0
933.1,0.703,-0.482,0,0,0,-0.7071,-0.7071,0,0.0,0,1,9.992,0,0
1646.13,1.0,0.0,0,0,0,0.7071,-0.7071,0,0.0,0,0,14.768,0,0
761.44,1.022,0.031,0,0,0,0.0,-1.0,0,0.0,0,2,8.5,0,0
447.01,0.623,-0.634,0,0,1,0.9659,0.2588,0,0.0,0,2,9.274,1,0
456.21,0.764,-0.541,0,1,0,0.9659,-0.2588,0,0.167,0,0,11.403,0,0
7913.07,4.756,3.251,0,0,0,-0.7071,0.7071,0,0.0,0,1,10.859,1,0
614.72,0.262,-0.674,0,0,0,0.0,-1.0,0,0.167,1,4,7.615,0,0
3431.1,3.711,2.254,0,0,0,0.7071,-0.7071,0,0.1,0,4,9.726,0,0
3233.56,0.427,-0.493,0,0,0,-0.866,-0.5,0,0.111,0,1,10.062,0,0
199183.31,24.721,8.069,1,0,0,0.866,-0.5,0,0.0,1,30,7.274,0,1
1888.95,0.295,-0.584,0,0,0,-0.7071,0.7071,0,0.1,0,3,10.596,0,0
11609.29,3.791,0.0,0,0,0,-0.866,-0.5,0,0.0,0,1,10.128,0,0
265.73,0.234,-0.747,0,0,0,-0.2588,0.9659,0,0.0,0,0,12.215,0,0
853.18,1.21,0.148,0,0,0,-0.866,0.5,0,0.0,0,0,11.93,0,0
892.11,0.622,-0.346,0,0,0,-0.7071,-0.7071,0,0.1,0,2,10.226,0,0
1842.52,0.519,-0.481,0,0,0,-0.866,0.5,0,0.2,0,2,9.382,0,0
25229.33,3.262,2.062,0,0,0,-0.5,0.866,0,0.0,0,2,9.908,0,0
741.73,0.319,-0.613,0,0,0,-0.9659,0.2588,0,0.0,0,3,8.662,1,0
854.17,0.432,-0.412,0,0,0,-0.5,-0.866,0,0.2,0,0,11.523,2,0
3961.96,0.392,-0.456,0,0,0,-0.7071,0.7071,0,0.125,0,0,11.648,0,0
560.05,0.409,-1.204,0,0,0,-0.5,-0.866,0,0.3,0,1,10.289,1,0
847.31,0.422,-0.453,0,0,0,0.9659,-0.2588,0,0.0,0,2,10.984,1,0
251.81,1.0,0.0,0,0,0,-0.2588,0.9659,0,0.0,0,0,14.768,1,0
3355.46,0.515,-0.336,0,0,0,-1.0,-0.0,0,0.2,0,4,10.198,1,0
694.65,1.146,0.13,0,0,0,0.5,-0.866,0,0.0,0,0,12.101,0,0
10565.51,3.355,1.583,0,0,0,0.9659,-0.2588,0,0.0,0,1,9.948,0,0
2112.41,0.52,-0.443,0,0,0,0.2588,-0.9659,0,0.0,0,0,12.42,0,0
2533.05,0.806,-0.177,0,0,0,-0.7071,0.7071,0,0.1,0,2,10.032,1,0
454.54,0.206,-0.695,0,0,0,-0.866,0.5,0,0.0,0,1,11.274,1,0
1031.67,1.176,0.566,0,0,0,-0.5,-0.866,0,0.0,0,1,11.197,1,0
899.75,0.955,-0.042,0,0,0,-0.866,0.5,0,0.0,0,1,11.126,1,0
300.49,0.138,-0.616,0,0,0,0.5,-0.866,0,0.0,0,2,9.407,0,0
584.26,0.448,-0.416,0,0,0,-0.2588,0.9659,0,0.1,0,1,10.721,1,0
2637.33,1.0,0.0,0,0,0,-0.5,-0.866,0,0.0,0,0,14.768,0,0
1628.73,1.004,0.003,0,0,0,1.0,0.0,0,0.1,1,1,7.904,0,0
27.59,0.062,-0.888,0,0,0,-0.866,0.5,0,0.0,23,23,2.404,0,1
570.87,0.57,-0.343,0,0,0,1.0,0.0,0,0.0,0,0,11.423,0,0
55.35,0.131,-0.791,0,0,0,-0.866,0.5,1,0.1,26,26,3.436,0,1
399.43,0.46,-4.842,0,0,0,0.0,-1.0,0,0.0,0,1,11.221,1,0
1296.03,0.446,-0.477,0,0,0,0.866,-0.5,0,0.0,0,1,10.942,0,0
3527.05,0.608,-0.245,0,0,0,0.7071,-0.7071,0,0.0,0,1,10.924,0,0
13399.21,10.594,15.0,1,1,1,0.866,0.5,0,0.0,0,0,12.54,2,1
686.98,1.169,4.015,0,0,0,0.0,-1.0,0,0.0,0,0,14.303,1,0
7790.28,15.178,6.289,0,0,0,-0.9659,-0.2588,0,0.0,0,3,9.833,1,0
199.24,1.0,0.0,0,0,0,0.2588,-0.9659,0,0.0,0,0,14.768,2,0
733.91,0.212,-0.696,0,0,0,-0.2588,0.9659,0,0.2,0,2,10.626,0,0
4901.47,1.087,0.069,0,0,0,-0.9659,-0.2588,0,0.0,0,1,11.293,0,0
2604.9,0.631,-0.322,0,0,0,-0.9659,-0.2588,0,0.0,0,0,13.071,2,0
1797.06,0.906,-0.145,0,0,0,-0.2588,0.9659,0,0.1,0,1,10.303,0,0
2152.19,0.525,-0.587,0,0,0,0.9659,-0.2588,0,0.0,0,2,10.886,0,0
40.0,0.02,-0.63,0,0,1,0.866,0.5,0,0.4,13,13,3.319,1,1
1937.19,0.805,-0.133,0,0,0,-1.0,-0.0,0,0.0,0,2,10.805,1,0
3920.09,3.584,10.029,0,0,1,0.0,1.0,1,0.333,1,1,5.944,2,1
3708.01,3.649,2.334,0,0,0,-0.2588,0.9659,0,0.1,0,0,11.685,0,0
9252.0,3.034,1.93,0,0,0,0.9659,-0.2588,0,0.0,1,1,7.365,4,1
236.22,0.473,-0.446,1,0,0,-0.9659,-0.2588,0,0.0,0,1,10.979,1,0
799.67,0.457,-0.476,0,0,0,-0.9659,-0.2588,0,0.0,0,0,12.155,1,0
2239.46,0.694,-0.567,0,0,0,-0.7071,0.7071,0,0.1,0,2,10.246,0,0
11289.32,2.65,1.089,0,1,0,-0.866,0.5,0,0.1,0,0,12.154,1,0
2747.06,1.309,0.807,0,0,0,-0.2588,0.9659,0,0.0,0,2,10.968,1,0
567.02,0.428,-0.466,0,0,0,-0.5,-0.866,0,0.1,0,0,12.217,0,0
434.16,0.23,-0.586,0,0,0,-0.2588,0.9659,0,0.2,0,0,12.59,0,0
687.09,0.215,-5.0,0,0,0,-1.0,-0.0,0,0.333,0,1,10.27,0,0
29269.45,11.724,5.732,0,0,0,-0.2588,-0.9659,0,0.5,1,31,7.812,0,1
1347.58,0.561,-0.396,0,0,0,0.0,-1.0,0,0.1,0,1,10.573,0,0
601.66,0.561,-0.301,0,0,0,-0.866,0.5,0,0.1,0,0,11.87,0,0
2655.94,3.113,3.113,0,0,0,0.5,-0.866,0,0.0,0,3,11.053,0,0
3525.9,1.217,0.518,0,0,0,-0.866,-0.5,0,0.2,0,1,10.734,1,0
4129.87,0.764,-0.215,0,0,0,0.7071,-0.7071,0,0.1,0,0,12.293,0,0
1184.1,0.531,-0.419,1,0,0,0.2588,-0.9659,0,0.0,0,2,10.544,0,0
253.81,0.341,-0.521,0,0,0,-1.0,-0.0,0,0.0,0,0,11.898,0,0
200084.44,20.512,8.942,0,0,0,-0.5,-0.866,0,0.0,0,21,8.794,2,1
1400.75,1.688,1.145,0,0,0,0.866,-0.5,1,0.143,0,1,10.891,0,0
4.75,0.001,-0.843,0,0,0,-0.9659,0.2588,4,0.4,5,5,2.092,0,1
7299.53,1.714,0.667,0,0,0,0.5,-0.866,0,0.0,0,4,10.284,1,0
1152.1,1.04,0.036,0,0,0,0.0,-1.0,0,0.0,0,0,11.871,0,0
2385.66,0.746,-0.215,0,0,0,-0.2588,0.9659,0,0.0,0,3,10.356,0,0
28331.33,8.475,6.75,0,0,0,-0.5,0.866,0,0.0,0,0,11.904,1,0
824.29,0.582,-0.478,0,0,0,-0.7071,-0.7071,0,0.0,0,0,12.921,0,0
663.86,0.338,-1.242,0,0,0,-0.866,0.5,0,0.0,0,1,10.596,0,0
404.36,0.594,-0.214,0,0,0,0.2588,-0.9659,0,0.0,0,0,12.089,1,0
1600.04,3.29,1.626,0,0,0,-0.2588,-0.9659,0,0.2,0,0,12.837,1,0
1695.73,0.717,-0.269,1,0,0,-0.9659,0.2588,0,0.0,0,0,11.39,0,0
5423.11,0.997,-0.004,0,0,0,-0.9659,-0.2588,0,0.2,0,0,12.735,0,1
530.79,0.544,-1.621,0,0,0,-0.5,0.866,0,0.0,0,0,13.1,1,0
9205.05,1.672,1.006,0,0,0,-0.9659,-0.2588,0,0.2,3,3,7.212,3,1
415.22,0.085,-1.195,0,0,0,-1.0,-0.0,0,0.0,0,1,10.885,0,0
1759.39,0.384,-0.493,0,0,0,-0.5,0.866,0,0.0,0,1,10.345,1,0
389.88,0.811,-0.198,0,0,1,0.866,0.5,0,0.1,0,0,11.944,1,0
1340.2,0.185,-1.075,1,0,0,-0.2588,0.9659,0,0.0,0,0,11.637,0,0
1846.73,0.945,-0.053,0,0,0,0.2588,-0.9659,0,0.0,0,0,11.776,0,0
557.23,2.213,0.0,0,0,0,-0.5,0.866,0,0.0,0,1,10.238,1,0
2828.48,0.501,-1.035,0,0,0,-0.7071,-0.7071,0,0.0,0,0,13.053,0,0
2162.0,0.61,-0.365,0,0,0,-0.7071,0.7071,0,0.1,0,1,10.217,0,0
19456.47,6.195,15.0,0,0,0,0.2588,-0.9659,0,0.0,0,2,9.742,0,0
4095.53,1.502,1.343,0,0,0,-0.9659,-0.2588,0,0.0,0,0,11.869,0,0
3304.89,0.63,-0.327,0,0,0,0.5,-0.866,0,0.1,0,0,12.287,1,0
24019.3,3.238,1.93,0,0,0,0.866,-0.5,0,0.1,0,0,12.765,1,0
604.16,0.418,-0.558,0,0,0,-0.2588,0.9659,0,0.0,0,3,9.257,1,0
317.89,0.38,-1.027,0,0,0,-0.7071,0.7071,0,0.0,0,1,10.016,0,0
438.29,1.047,0.044,0,0,0,-0.9659,-0.2588,0,0.2,0,0,12.39,0,0
863.64,0.625,-0.241,0,0,0,-0.9659,0.2588,0,0.25,1,2,7.562,0,0
1250.3,1.77,2.25,0,0,0,0.0,-1.0,0,0.143,0,1,11.318,0,0
1747.99,0.333,-0.52,0,0,0,-0.7071,-0.7071,0,0.0,0,2,9.662,3,0
9394.78,3.055,1.901,0,0,1,0.5,0.866,0,0.0,1,1,5.338,2,1
731.87,1.186,0.117,0,0,0,0.9659,-0.2588,0,0.3,0,2,9.546,0,0
290.51,0.365,-0.334,0,0,0,-0.2588,-0.9659,1,0.1,0,2,9.296,1,0
4955.33,3.016,1.791,0,0,0,0.866,-0.5,0,0.1,0,0,11.788,0,0
1104.55,1.262,0.365,0,0,0,-0.7071,0.7071,0,0.2,0,1,10.897,0,0
309.8,0.185,-0.948,0,0,0,-0.9659,0.2588,0,0.0,1,2,8.189,0,0
1096.51,0.428,-0.555,0,0,0,-0.866,0.5,0,0.2,0,0,11.42,0,1
1084.39,0.626,-0.356,0,0,0,-0.866,0.5,0,0.0,0,1,11.353,0,0
1588.75,1.0,0.0,0,0,0,0.866,-0.5,0,0.0,0,0,14.768,0,0
1044.0,1.405,2.859,0,0,0,-0.9659,0.2588,0,0.0,0,0,13.738,0,0
1844.39,0.497,-0.465,0,0,0,-0.5,-0.866,0,0.0,0,0,12.102,0,0
784.66,1.0,0.0,0,0,0,-0.2588,0.9659,0,0.0,0,0,14.768,1,0
2116.5,0.63,-0.341,0,0,0,-0.866,-0.5,0,0.0,0,1,11.155,0,0
1698.02,1.023,0.019,0,0,0,-0.5,-0.866,0,0.1,0,0,11.726,1,0
659.33,0.501,-0.403,0,0,0,-0.866,0.5,0,0.125,0,2,9.306,0,0
9149.37,5.276,0.0,1,0,0,0.5,-0.866,0,0.0,0,1,10.402,2,0
491.72,0.167,-0.627,1,0,0,0.7071,-0.7071,0,0.0,0,1,9.691,1,0
2214.05,2.164,2.245,0,0,0,0.5,-0.866,0,0.1,0,0,12.047,0,0
2566.38,1.73,0.619,0,0,0,-0.5,-0.866,0,0.2,0,0,11.408,0,0
1450.59,0.395,-0.267,0,0,0,-1.0,-0.0,0,0.1,0,0,12.699,1,0
918.08,0.181,-0.743,0,0,0,-0.9659,-0.2588,1,0.1,0,1,10.037,0,0
384.57,0.367,-0.545,0,0,0,0.2588,-0.9659,0,0.1,0,0,11.608,0,0
355.27,0.229,-0.85,0,0,0,0.9659,-0.2588,0,0.2,0,1,10.839,0,0
973.73,0.53,-0.407,0,0,0,-0.9659,0.2588,0,0.0,0,4,8.655,0,0
183.26,0.183,-0.723,0,0,0,0.866,-0.5,0,0.0,0,2,9.656,2,0
2694.51,2.154,3.232,0,0,0,-0.5,0.866,0,0.1,0,0,12.142,0,0
986.42,0.586,-0.35,0,0,0,-0.9659,0.2588,0,0.1,0,0,11.451,0,0
77726.51,24.742,8.545,0,0,1,0.5,0.866,0,0.0,1,10,8.143,0,1
465.64,0.098,-0.795,0,0,0,0.2588,-0.9659,0,0.0,0,0,12.054,1,0
3858.7,1.174,0.126,0,0,0,0.5,-0.866,0,0.1,0,0,12.106,0,0
1894.39,0.408,-0.428,1,0,0,-1.0,-0.0,0,0.0,0,0,12.786,1,0
4861.84,0.69,-0.235,0,0,0,-0.866,0.5,0,0.2,0,2,8.787,0,0
6662.81,1.298,0.197,0,0,0,-0.7071,0.7071,1,0.1,0,1,10.665,1,0
8577.25,6.557,15.0,1,0,0,0.0,-1.0,0,0.0,0,0,12.111,2,1
771.67,0.709,-0.691,1,0,0,-0.9659,-0.2588,0,0.0,0,2,9.522,1,0
10621.77,2.995,1.901,0,0,0,-0.2588,0.9659,0,0.0,0,1,10.46,1,0
1116.19,0.429,-1.669,0,0,0,-0.5,-0.866,0,0.0,0,2,8.791,0,0
933.14,0.736,0.0,0,0,0,0.9659,-0.2588,0,0.0,0,0,11.708,0,0
599.75,0.744,-0.727,0,0,0,-0.866,-0.5,0,0.333,0,0,13.865,1,0
5586.95,1.0,0.0,0,0,0,-0.866,0.5,0,0.0,0,0,14.768,2,0
5324.97,0.68,-0.233,0,0,0,0.0,-1.0,1,0.2,0,0,12.12,1,0
1249.35,0.375,-0.674,0,0,0,0.0,-1.0,0,0.2,0,3,9.062,0,0
812.28,0.445,-2.364,1,1,0,-0.866,0.5,0,0.0,0,0,12.698,0,0
334.94,0.349,-0.289,0,0,0,-0.9659,0.2588,0,0.0,1,1,6.94,0,0
1397.82,0.937,-0.213,0,0,0,0.0,-1.0,0,0.0,0,0,13.226,2,0
356.57,0.296,-0.737,0,0,0,-0.5,-0.866,0,0.1,0,1,10.48,1,0
128.9,0.143,-0.395,0,0,0,-0.2588,0.9659,0,0.2,0,0,11.512,0,0
1012.57,0.312,-0.528,1,0,0,-1.0,-0.0,0,0.0,0,1,11.366,0,0
162.9,0.222,-0.626,0,0,0,-0.9659,-0.2588,0,0.0,0,1,9.656,0,0
27.76,0.064,-0.869,0,0,0,-0.866,0.5,0,0.0,24,24,1.686,0,1
371.75,0.019,-0.351,0,0,0,-0.2588,0.9659,0,0.0,0,2,11.197,2,0
320.85,0.44,-0.25,0,0,0,0.0,-1.0,0,0.1,0,0,11.719,1,0
996.79,1.0,0.0,0,0,0,0.866,-0.5,0,0.0,0,0,14.768,0,0
1601.53,0.5,-0.972,0,0,0,-0.2588,0.9659,1,0.1,0,1,10.71,1,0
227.26,0.186,-0.77,0,0,0,-0.9659,-0.2588,0,0.0,0,0,12.825,0,0
2697.94,0.691,-0.286,0,0,0,-0.5,0.866,0,0.0,0,2,11.165,0,0
1957.98,6.31,5.584,0,0,0,0.0,-1.0,0,0.0,0,0,12.182,1,0
1527.25,0.715,-0.317,0,0,0,-0.9659,0.2588,0,0.1,0,1,11.329,0,0
14537.1,5.416,3.583,0,0,0,-1.0,-0.0,0,0.3,0,0,11.571,0,0
1118.69,1.0,0.0,0,0,0,-0.866,0.5,0,0.0,0,0,14.768,0,0
1341.4,0.256,-0.52,1,0,0,-0.9659,-0.2588,0,0.1,0,1,11.23,0,0
2008.14,0.426,-0.445,0,0,0,-1.0,-0.0,0,0.1,0,0,11.944,0,0
3692.19,1.629,0.62,0,0,0,-0.9659,-0.2588,0,0.1,0,1,10.893,0,0
1592.67,1.0,0.0,0,0,0,-0.2588,-0.9659,0,0.0,0,0,14.768,0,0
2316.42,3.055,10.469,0,0,0,-0.9659,-0.2588,0,0.0,0,0,11.725,1,0
210.62,0.227,-0.553,0,1,0,-0.2588,0.9659,0,0.1,0,0,11.506,2,0
1420.77,0.292,-0.636,0,0,0,-1.0,-0.0,0,0.3,1,1,7.55,0,0
486.5,0.595,-0.329,0,0,0,-0.2588,0.9659,0,0.0,0,0,12.396,0,0
17.63,0.015,-0.845,1,0,0,-1.0,-0.0,1,0.111,1,1,0.0,0,1
11943.3,3.673,2.355,0,0,0,-1.0,-0.0,0,0.0,0,0,12.187,1,0
4433.6,1.119,0.0,0,0,0,-0.7071,0.7071,1,0.5,0,2,10.869,0,0
443.85,0.188,-0.719,0,0,0,1.0,0.0,0,0.1,0,3,9.491,1,0
1882.5,2.452,4.594,1,0,0,-0.2588,-0.9659,0,0.0,0,0,13.396,1,0
629.41,0.489,-0.437,0,0,0,-0.5,-0.866,0,0.1,0,0,11.819,0,0
2583.52,0.164,-1.057,0,0,0,0.0,-1.0,0,0.0,0,2,9.096,1,1
722.27,0.423,-0.439,0,0,0,-0.5,-0.866,0,0.0,0,2,9.059,1,0
3548.01,0.892,-0.093,0,0,0,-0.2588,-0.9659,0,0.0,0,1,10.397,0,0
1080.97,0.443,-0.554,0,0,0,-0.866,0.5,0,0.1,0,0,11.659,0,0
600.12,1.311,0.0,0,0,0,1.0,0.0,0,0.0,0,0,11.476,0,0
1039.64,0.762,-0.928,0,0,0,-0.7071,-0.7071,0,0.0,0,1,10.459,1,0
17.69,0.069,-0.749,0,0,0,-0.7071,-0.7071,1,0.2,9,9,2.857,1,1
1689.94,0.746,-0.262,0,0,0,0.0,-1.0,0,0.1,0,0,12.023,0,0
14698.87,1.926,1.095,0,0,0,0.5,-0.866,0,0.0,2,2,5.246,4,1
3178.82,0.687,-0.292,0,0,0,0.866,-0.5,0,0.1,0,1,9.975,1,0
200.95,0.346,-0.598,0,0,0,0.7071,-0.7071,0,0.0,0,1,9.92,1,0
5130.45,1.073,0.063,0,0,0,-0.9659,-0.2588,0,0.0,0,1,8.78,0,0
27.39,0.011,-0.676,0,0,0,-0.866,-0.5,0,0.2,16,17,2.67,0,1
528.25,0.321,-0.716,0,0,0,-0.5,0.866,0,0.0,0,1,9.667,1,0
1885.55,1.551,0.797,0,0,0,0.2588,-0.9659,0,0.0,0,2,8.795,0,0
5.9,0.002,-0.645,0,0,1,0.9659,0.2588,0,0.3,9,11,3.98,0,1
11696.0,6.232,3.799,0,0,1,0.7071,0.7071,0,0.1,2,3,7.368,0,1
1985.59,0.282,-0.593,0,0,0,0.7071,-0.7071,0,0.2,0,1,11.049,0,0
3163.42,0.531,-0.413,0,0,0,0.9659,-0.2588,0,0.2,0,0,12.174,1,0
286.53,0.263,-1.196,0,0,0,1.0,0.0,0,0.25,0,1,11.287,1,0
1765.56,0.413,-0.495,0,0,0,-1.0,-0.0,0,0.0,0,4,9.762,0,0
11359.13,4.003,3.055,1,0,0,1.0,0.0,0,0.1,0,3,9.12,0,1
8985.5,2.992,1.771,0,0,0,0.0,-1.0,0,0.2,2,2,6.632,3,1
6263.51,1.389,0.764,0,0,0,-0.5,0.866,0,0.333,1,2,7.729,3,1
424.28,1.081,0.234,0,0,0,0.0,-1.0,0,0.0,0,1,10.819,0,0
696.35,0.394,-0.607,0,0,0,0.2588,-0.9659,0,0.1,0,4,10.089,1,0
2121.76,0.515,-0.362,0,0,0,0.9659,-0.2588,0,0.0,0,1,9.985,0,0
1906.22,1.11,0.09,0,0,0,-0.9659,-0.2588,0,0.0,0,1,11.001,1,0
3024.83,1.144,0.097,0,0,0,0.5,-0.866,0,0.0,0,1,10.268,1,0
1603.61,0.565,-0.421,0,0,0,-0.7071,0.7071,0,0.0,0,0,11.519,1,0
771.8,1.357,0.341,0,0,0,-0.7071,0.7071,0,0.2,0,0,12.673,0,0
617.54,0.345,-0.55,0,0,0,-0.866,-0.5,0,0.1,0,0,11.661,0,0
797.73,0.989,-0.075,0,0,0,-0.7071,-0.7071,0,0.0,0,2,11.158,0,0
372.35,0.596,-0.33,0,0,0,0.9659,-0.2588,0,0.1,0,2,10.048,0,0
629.44,0.85,-0.101,0,0,0,-0.866,-0.5,0,0.1,0,0,12.125,1,0
9306.76,7.234,0.0,0,0,0,-0.7071,-0.7071,1,1.0,0,0,13.269,1,0
591.55,1.107,0.098,0,0,0,0.0,-1.0,0,0.0,0,0,12.091,0,0
2745.51,0.85,-0.117,0,0,0,-1.0,-0.0,0,0.0,0,0,11.406,0,0
522.44,0.419,-0.535,0,0,0,-0.7071,0.7071,0,0.0,0,1,10.773,0,0
1397.32,1.034,0.031,0,0,0,0.866,-0.5,0,0.4,0,0,12.017,1,0
965.68,0.391,-2.171,1,0,0,-0.2588,-0.9659,0,0.0,0,0,12.184,1,0
3855.91,1.373,0.671,0,0,0,0.7071,-0.7071,1,0.25,1,6,6.564,2,1
1729.56,0.568,-0.354,0,0,0,-0.866,0.5,0,0.1,0,1,11.214,0,0
5059.55,2.522,3.25,0,1,0,-0.5,-0.866,0,0.0,0,0,12.728,2,0
1692.25,0.281,-0.586,0,0,0,-0.9659,-0.2588,0,0.0,0,1,9.401,1,0
826.95,0.474,-0.295,0,0,0,-0.2588,0.9659,0,0.0,0,0,11.388,0,0
2158.03,1.536,1.175,1,1,0,0.866,-0.5,0,0.0,0,0,12.798,2,0
258.83,0.321,-0.526,0,0,0,0.2588,-0.9659,0,0.0,0,1,11.044,2,0
1781.72,0.605,-0.641,0,0,0,-0.2588,0.9659,0,0.0,0,1,11.233,2,0
819.07,1.732,1.521,0,0,0,-0.2588,-0.9659,0,0.1,0,0,12.437,0,0
1784.1,0.654,-1.016,0,0,0,-0.9659,0.2588,0,0.0,0,0,12.005,1,0
321.26,0.963,-0.105,0,0,0,-0.5,-0.866,0,0.0,0,1,10.54,1,0
515.11,0.619,-2.353,0,0,0,-1.0,-0.0,0,0.0,0,5,10.907,1,0
595.1,0.823,-0.285,0,0,0,0.866,-0.5,0,0.0,0,2,9.903,0,0
1060.34,0.365,-1.045,0,0,0,-0.7071,-0.7071,0,0.167,0,2,10.683,0,0
4507.15,1.53,1.093,0,0,0,-1.0,-0.0,0,0.1,0,1,10.64,0,0
1666.69,0.412,-0.555,0,0,0,-0.2588,0.9659,0,0.0,0,2,10.29,0,0
1513.67,0.459,-0.404,0,0,0,0.866,-0.5,0,0.3,0,0,11.502,0,0
1735.31,0.837,-0.149,1,0,0,0.2588,-0.9659,0,0.2,0,1,9.748,0,0
45.94,0.016,-0.511,0,0,0,0.2588,-0.9659,0,0.4,19,19,2.542,1,1
1011.2,0.219,-0.976,0,0,1,0.9659,0.2588,1,0.25,0,2,9.611,1,0
42.1,0.028,-0.991,0,0,1,0.7071,0.7071,1,0.2,18,19,1.493,2,1
825.78,1.164,0.131,1,0,0,-0.866,0.5,0,0.0,0,2,8.495,1,0
3108.51,0.948,-0.134,0,0,0,0.0,-1.0,0,0.111,0,0,12.545,0,0
1909.69,1.0,0.0,0,0,0,-0.2588,-0.9659,0,0.0,0,0,14.768,2,0
3748.47,4.053,2.521,0,0,0,0.0,-1.0,0,0.1,0,0,11.383,0,0
3162.32,2.211,1.092,0,0,0,0.5,-0.866,0,0.0,0,0,12.19,0,0
654.17,0.632,-0.333,0,0,0,-0.9659,-0.2588,0,0.0,1,3,8.052,0,0
315.68,1.005,0.0,0,0,0,-0.7071,-0.7071,0,0.0,0,1,11.292,0,0
17699.93,3.381,1.969,0,0,0,-0.5,-0.866,0,0.0,0,0,11.745,1,0
303.68,0.504,-0.516,0,0,0,0.9659,-0.2588,0,0.2,0,4,8.895,0,0
8647.32,3.977,2.58,0,0,0,0.9659,-0.2588,0,0.1,0,2,10.851,0,0
3955.46,1.394,0.778,0,0,1,0.0,1.0,0,0.167,4,4,6.927,2,1
890.44,0.168,-0.606,0,0,0,-1.0,-0.0,0,0.2,0,0,11.997,1,0
878.38,0.326,-0.668,0,0,0,1.0,0.0,0,0.1,0,0,13.378,1,0
28.54,0.043,-0.851,0,0,0,-0.2588,0.9659,0,0.2,13,16,2.975,1,1
1115.09,0.834,-0.122,0,0,0,-0.5,0.866,0,0.1,0,1,10.687,1,0
587.38,1.271,0.213,0,0,0,-0.9659,0.2588,0,0.0,0,2,10.31,1,0
19.85,0.088,-0.491,0,0,0,-0.866,0.5,0,0.7,21,21,4.114,1,1
11.5,0.007,-3.062,1,0,1,0.9659,0.2588,0,0.0,1,1,0.0,1,1
12074.56,2.906,1.749,0,0,0,-0.2588,0.9659,0,0.1,0,0,11.886,0,0
1580.53,0.364,-0.522,0,0,0,-0.2588,0.9659,0,0.0,0,0,11.603,0,1
785.95,0.553,-1.072,0,0,0,-0.7071,0.7071,0,0.0,0,1,10.487,0,0
705.2,0.177,-0.634,0,0,0,-0.2588,0.9659,0,0.1,0,1,10.271,0,0
6035.59,3.607,2.364,0,0,0,0.2588,-0.9659,0,0.0,0,1,9.84,1,0
804.97,0.704,-0.313,0,0,0,-0.5,-0.866,0,0.0,0,4,10.513,1,0
852.4,0.464,-0.53,0,0,0,0.5,-0.866,0,0.2,1,2,5.322,1,0
572.73,0.796,0.0,0,0,0,0.5,-0.866,1,1.0,0,0,12.305,1,0
435.78,0.678,-0.261,0,0,0,0.5,-0.866,0,0.1,0,1,10.582,0,0
3155.49,0.562,-0.251,0,0,0,0.5,-0.866,0,0.3,1,7,7.268,0,0
6888.01,0.581,-0.318,0,0,0,-0.9659,0.2588,0,0.0,0,0,12.825,0,0
5458.02,1.708,0.735,0,0,0,-0.7071,0.7071,0,0.0,0,0,11.462,0,0
54924.44,6.961,5.225,0,0,0,-1.0,-0.0,0,0.0,0,5,9.135,0,1
1235.77,0.741,-0.203,0,0,0,0.0,-1.0,0,0.0,0,1,11.242,0,0
2268.78,0.041,-0.407,0,0,0,0.2588,-0.9659,0,0.0,0,3,10.273,1,0
1013.1,1.237,3.531,0,0,0,-0.2588,-0.9659,0,0.0,0,1,9.828,1,0
750.39,0.845,-0.121,0,0,0,-0.2588,-0.9659,0,0.0,0,0,11.645,0,0
592.18,0.579,-0.349,0,0,1,0.9659,0.2588,0,0.0,0,0,11.571,1,0
1184.09,0.8,-0.09,0,0,0,0.9659,-0.2588,0,0.4,0,0,11.848,1,0
1418.6,0.518,-0.407,0,0,0,0.0,-1.0,0,0.0,0,0,11.696,0,0
1455.81,0.943,-0.184,0,0,0,0.5,-0.866,0,0.0,0,3,8.852,0,0
719.33,1.0,0.0,0,0,0,0.9659,-0.2588,0,0.0,0,0,14.768,1,0
582.46,0.168,-0.725,0,0,0,-0.9659,0.2588,0,0.0,0,1,10.977,1,0
730.12,0.97,-0.029,1,0,0,0.0,-1.0,0,0.0,0,0,12.048,1,0
15.76,0.019,-0.551,0,0,0,-0.9659,0.2588,1,0.5,17,18,1.331,1,1
26565.31,3.996,3.268,0,0,0,-0.2588,-0.9659,0,0.0,0,1,9.107,0,0
632.25,0.539,-0.312,0,0,0,-0.2588,0.9659,1,0.3,0,2,10.967,1,0
3313.6,1.027,0.024,0,0,0,-0.9659,0.2588,0,0.0,0,1,10.851,2,0
10936.16,5.316,4.21,0,0,0,-0.2588,-0.9659,0,0.0,0,3,9.052,1,0
3191.9,0.761,-0.36,0,0,0,-0.5,-0.866,0,0.0,0,1,10.342,0,0
276.68,0.238,-0.628,0,0,0,-0.2588,0.9659,0,0.0,0,0,11.572,1,0
23183.0,9.802,13.142,0,0,0,-0.9659,-0.2588,0,0.0,0,0,12.14,3,0
3918.87,0.694,-0.27,0,0,0,-0.866,0.5,0,0.0,0,0,12.864,0,0
909.5,0.641,-0.281,0,0,0,-0.2588,-0.9659,0,0.0,0,2,9.983,1,0
2205.07,0.96,-0.063,0,0,0,-0.9659,-0.2588,0,0.0,0,0,12.6,0,0
11670.03,6.84,6.065,0,0,0,-0.866,-0.5,0,0.0,0,4,9.299,0,1
1707.7,0.298,-0.556,0,0,0,-0.7071,0.7071,0,0.1,0,2,11.215,1,0
3992.92,1.914,1.685,0,0,0,-0.5,0.866,0,0.0,1,1,6.872,2,1
2652.01,1.291,0.265,0,0,0,-0.9659,-0.2588,0,0.1,0,3,8.71,0,0
42.58,0.022,-0.71,0,1,0,-0.2588,-0.9659,0,0.2,3,3,2.227,1,0
1208.48,0.421,-0.604,0,0,0,-0.2588,0.9659,0,0.0,0,1,11.271,0,0
1254.21,0.622,-0.319,0,0,0,-0.866,0.5,0,0.1,0,0,11.398,0,0
2352.47,0.704,-0.249,0,0,0,-0.866,0.5,0,0.1,0,1,8.923,0,0
738.69,0.501,-0.379,1,0,0,-0.9659,-0.2588,0,0.1,0,2,10.565,0,0
488.57,0.733,-0.241,0,0,0,-0.9659,-0.2588,0,0.0,0,2,10.156,1,0
51.72,0.189,-0.775,0,0,0,0.866,-0.5,1,0.4,22,24,4.934,0,1
949.09,0.307,-0.589,0,0,0,0.2588,-0.9659,0,0.1,0,0,11.535,0,0
2255.58,1.394,0.0,0,0,0,0.2588,-0.9659,1,0.5,0,0,11.771,0,0
1759.66,0.562,-0.363,0,0,0,0.5,-0.866,0,0.1,0,3,10.605,0,0
1305.96,0.873,-0.389,0,0,0,0.9659,-0.2588,0,0.1,0,2,10.294,0,0
2051.67,0.599,-0.374,0,0,0,0.0,-1.0,2,0.2,0,0,11.763,0,0
25.92,0.028,-1.203,0,0,0,-0.2588,0.9659,0,0.0,4,7,0.206,1,1
144.19,0.192,-0.524,0,0,0,-0.7071,0.7071,0,0.1,0,1,10.668,0,0
3968.4,2.432,15.0,1,1,0,-0.9659,0.2588,0,0.0,0,0,13.181,2,1
1526.5,1.0,0.0,0,0,0,-0.7071,0.7071,0,0.0,0,0,14.768,1,0
4071.77,0.868,-0.147,0,0,0,-1.0,-0.0,0,0.0,0,1,10.672,0,0
684.15,0.404,-4.496,0,0,0,-0.7071,-0.7071,0,0.0,0,2,10.966,0,0
1074.78,0.31,-0.447,0,0,0,-0.2588,-0.9659,0,0.0,0,0,12.915,0,0
1784.2,1.02,0.032,0,0,0,-0.9659,-0.2588,0,0.0,0,1,9.659,0,0
1897.89,0.43,-0.434,0,0,0,-0.5,-0.866,0,0.0,0,2,10.856,0,0
1907.48,0.295,-0.607,0,0,0,-0.9659,0.2588,1,0.1,0,1,10.335,1,0
3034.76,0.568,-0.393,0,0,0,0.5,-0.866,0,0.0,0,3,10.954,1,0
2052.82,0.448,-0.458,0,0,0,-0.2588,-0.9659,0,0.1,0,2,10.156,1,0
18989.61,7.363,6.779,0,0,0,-0.5,-0.866,0,0.2,0,1,11.211,2,0
14646.27,6.632,15.0,0,0,0,-0.7071,0.7071,0,0.0,0,2,11.101,0,0
33.42,0.054,-0.79,0,0,0,-0.2588,0.9659,0,0.4,17,20,2.717,1,1
3426.66,0.711,-0.224,0,0,0,-0.5,0.866,0,0.0,0,1,11.004,0,0
5312.42,2.338,0.81,0,0,0,-0.2588,-0.9659,0,0.2,1,7,7.846,1,1
1366.67,1.02,0.017,0,0,0,-0.9659,-0.2588,0,0.0,0,0,12.069,0,0
1631.31,0.535,-0.363,0,0,0,-0.866,0.5,0,0.0,1,1,6.81,0,0
2192.35,1.092,0.294,0,0,0,-0.5,-0.866,0,0.1,0,2,10.408,0,0
456.26,0.128,-0.919,0,0,0,0.0,-1.0,0,0.1,0,1,9.667,0,0
1782.22,0.314,-0.511,0,0,0,-1.0,-0.0,0,0.0,0,2,10.858,0,0
4283.69,1.386,0.279,0,0,0,0.7071,-0.7071,0,0.0,0,3,10.581,1,0
7775.56,5.015,7.598,0,0,0,-0.5,0.866,0,0.111,0,2,10.964,0,0
1849.21,0.699,-0.503,0,0,0,-0.2588,0.9659,0,0.0,0,0,12.252,2,0
606.33,0.196,-0.691,0,0,0,-0.866,0.5,0,0.0,0,0,11.733,0,0
4552.62,5.454,10.484,0,0,0,-0.9659,-0.2588,0,0.0,0,2,10.597,0,0
16229.5,1.0,0.0,0,0,0,-0.9659,0.2588,0,0.0,0,0,14.768,0,0
2825.72,0.829,-0.149,0,0,0,-0.866,0.5,0,0.2,0,3,9.379,0,0
461.63,0.173,-1.464,0,0,0,-0.7071,0.7071,0,0.1,0,0,12.572,0,0
11428.49,5.049,3.084,0,0,0,-0.2588,0.9659,0,0.0,0,1,10.739,1,0
5183.95,3.204,1.424,1,0,0,-0.9659,-0.2588,7,0.9,0,15,9.565,0,0
1577.71,0.885,-0.105,0,0,0,-0.866,0.5,0,0.0,0,1,11.201,1,0
765.28,0.528,-0.656,0,0,0,-0.2588,0.9659,0,0.1,0,0,12.234,1,0
398.58,0.668,-0.264,0,0,0,-0.5,0.866,0,0.1,0,3,10.183,0,0
38192.72,6.808,3.022,0,0,1,0.2588,0.9659,0,0.1,0,4,8.32,1,1
27.38,0.02,-0.768,0,0,1,0.5,0.866,0,0.5,10,10,2.257,0,1
704.9,0.856,-0.787,0,0,0,-0.5,0.866,0,0.0,0,1,8.385,1,0
15290.49,4.742,4.849,0,0,0,0.7071,-0.7071,0,0.0,0,1,10.607,0,0
9096.21,4.737,0.0,0,0,0,-0.2588,0.9659,1,0.5,1,1,6.946,2,1
440.48,0.12,-0.848,0,0,0,0.0,-1.0,0,0.0,0,1,10.896,3,0
4050.59,1.119,0.609,0,0,0,-1.0,-0.0,0,0.167,3,5,7.177,2,1
874.39,1.009,0.005,0,0,0,-0.2588,0.9659,0,0.0,0,2,9.843,1,0
1264.02,0.773,-0.185,0,0,0,-0.9659,-0.2588,0,0.0,1,1,7.556,1,0
447.28,0.322,-0.314,0,0,0,-0.2588,0.9659,0,0.4,0,2,10.367,0,0
2437.47,8.266,15.0,0,0,0,-0.7071,-0.7071,0,0.25,0,0,11.597,2,0
11174.3,2.239,0.592,0,0,1,0.0,1.0,1,0.2,0,8,9.004,0,0
637.91,1.0,0.0,0,0,0,-0.9659,-0.2588,0,0.0,0,0,14.768,0,0
1185.66,1.0,0.0,0,0,0,0.5,-0.866,0,0.0,0,0,14.768,0,0
566.27,0.625,0.0,0,0,0,0.0,-1.0,0,0.0,0,0,12.962,0,0
175.92,0.241,-1.375,0,0,0,-0.866,-0.5,0,0.1,0,1,9.125,0,0
623.19,0.174,-0.658,0,0,0,-1.0,-0.0,0,0.0,0,0,12.259,0,0
814.72,1.161,0.15,0,0,0,-1.0,-0.0,0,0.1,0,0,11.753,1,0
831.38,0.403,-1.072,0,0,0,-1.0,-0.0,0,0.0,0,0,11.559,0,0
9.72,0.013,-0.591,0,0,0,-0.866,0.5,2,0.333,7,7,1.834,0,1
2647.33,0.412,-0.442,0,0,0,-0.2588,0.9659,0,0.0,0,0,11.951,0,0
1065.82,2.302,2.437,0,0,0,-0.5,-0.866,0,0.0,0,1,11.012,1,0
2090.79,4.227,2.11,0,0,0,-1.0,-0.0,0,0.7,0,31,8.377,2,0
685.75,1.027,0.062,1,0,0,1.0,0.0,0,0.0,0,3,9.978,1,0
1149.74,1.551,1.627,0,0,0,-0.9659,0.2588,0,0.1,0,0,12.071,1,0
879.56,0.525,-0.434,0,0,0,-0.2588,0.9659,0,0.0,0,1,11.186,1,0
461.7,0.543,-0.435,0,0,0,0.2588,-0.9659,0,0.0,1,2,7.619,0,0
267.41,0.28,-1.523,0,0,0,-0.866,-0.5,1,0.25,0,0,14.009,2,0
3238.35,2.777,4.573,0,0,0,-1.0,-0.0,0,0.0,0,0,11.833,0,0
1569.55,0.928,-0.21,0,0,0,0.866,-0.5,0,0.167,0,0,12.228,2,0
1434.52,0.519,-0.437,0,0,0,0.0,-1.0,0,0.2,0,0,11.525,1,0
313.73,0.551,-0.212,0,0,0,-0.9659,0.2588,0,0.3,0,3,10.328,0,0
616.63,0.577,-0.379,0,0,0,-0.7071,0.7071,0,0.1,0,1,11.025,0,0
483.76,0.084,-1.026,0,0,0,0.5,-0.866,0,0.0,0,0,11.603,0,0
1416.47,0.458,-1.021,0,0,0,0.0,-1.0,0,0.1,0,1,11.21,0,0
1767.79,0.459,-0.582,0,0,0,-0.5,-0.866,2,0.2,0,0,12.156,0,0
10874.05,3.622,2.274,0,0,0,-0.9659,-0.2588,0,0.0,0,1,10.903,1,0
1611.96,0.734,-0.248,0,0,0,-0.2588,0.9659,0,0.1,0,0,12.842,0,0
3718.54,0.988,-0.019,0,0,0,-0.5,-0.866,0,0.0,0,1,11.043,1,0
804.4,0.907,-0.085,0,0,0,0.866,-0.5,0,0.2,0,3,9.416,0,0
15552.08,4.654,4.403,0,0,0,0.7071,-0.7071,0,0.1,0,0,12.255,0,0
3405.46,1.166,0.167,0,0,0,-0.5,0.866,0,0.0,0,1,8.428,0,0
960.9,0.757,-0.293,0,0,0,0.5,-0.866,0,0.0,0,0,11.481,2,0
2873.72,1.286,0.221,0,0,0,0.0,-1.0,0,0.0,0,0,12.037,1,0
2264.89,0.762,-0.177,0,0,0,1.0,0.0,0,0.0,0,0,11.425,0,0
609.3,0.832,-0.245,0,1,0,0.0,-1.0,0,0.0,0,0,11.977,0,0
1975.73,0.455,-0.448,0,0,0,-0.7071,-0.7071,0,0.0,0,1,11.216,0,0
8646.43,6.899,9.841,1,1,0,-0.5,-0.866,0,0.0,0,0,13.845,2,1
5588.94,5.538,10.904,0,0,0,-0.5,-0.866,0,0.0,0,0,12.449,0,0
1605.16,0.718,-0.304,0,0,0,0.9659,-0.2588,0,0.0,0,1,11.108,0,0
689.33,0.321,-0.584,0,0,0,0.5,-0.866,0,0.2,0,2,9.427,1,0
9385.99,6.12,10.597,0,0,0,0.866,-0.5,0,0.0,0,1,11.112,0,0
1383.92,1.042,0.504,0,0,0,-0.7071,-0.7071,0,0.0,1,2,7.797,0,0
5513.73,1.03,0.029,0,0,0,-0.5,0.866,0,0.0,0,1,10.911,1,0
5529.7,1.294,0.225,0,0,0,0.2588,-0.9659,0,0.1,0,0,11.618,0,0
63850.49,10.854,4.48,0,0,0,-0.866,0.5,0,0.1,1,16,8.154,2,1
3205.57,6.77,9.666,0,0,0,-0.9659,0.2588,0,0.0,0,0,12.213,1,0
1413.51,0.36,-0.283,0,0,0,-0.5,0.866,1,0.1,0,4,10.603,1,0
9374.67,6.193,9.979,1,1,0,-0.5,-0.866,0,0.0,0,0,13.448,2,1
1085.54,0.417,-0.726,0,0,0,-0.866,0.5,0,0.0,0,0,12.524,1,0
894.33,0.797,-0.165,0,0,0,-0.5,-0.866,0,0.0,0,2,10.459,0,0
5811.79,5.441,3.364,0,0,1,0.9659,0.2588,0,0.0,0,0,11.465,1,0
3927.38,3.304,1.77,0,0,0,0.2588,-0.9659,0,0.1,0,0,11.657,0,0
1284.91,0.525,0.0,0,0,0,0.866,-0.5,1,0.5,0,0,11.693,0,0
561.21,0.293,-4.772,0,0,0,-0.9659,0.2588,0,0.0,0,0,11.629,1,0
896.96,0.529,-0.824,1,0,0,-0.5,-0.866,0,0.1,0,1,10.837,0,0
1592.35,0.908,-0.105,0,0,0,-0.5,-0.866,0,0.0,0,1,11.065,1,0
48.17,0.043,-0.682,0,0,0,-0.7071,-0.7071,0,0.0,2,3,3.206,0,1
3070.69,2.159,2.09,0,0,0,-0.9659,0.2588,0,0.0,0,4,9.852,0,0
8551.77,1.096,0.085,0,0,0,-0.2588,0.9659,0,0.0,0,0,12.309,0,0
1130.02,1.125,0.269,0,0,0,-1.0,-0.0,0,0.0,0,0,12.576,0,0
2039.86,1.22,0.199,0,0,0,-0.5,-0.866,0,0.0,0,0,12.779,1,0
270.58,0.47,-0.491,0,0,0,-0.2588,0.9659,0,0.0,0,0,11.414,0,0
510.02,0.296,-1.208,0,0,0,0.0,-1.0,0,0.0,0,0,13.095,0,0
19260.38,1.217,0.0,1,0,0,0.7071,-0.7071,0,0.0,0,0,11.58,0,0
1551.58,1.0,0.0,0,0,0,-0.7071,0.7071,0,0.0,0,0,14.768,1,0
14898.36,3.662,2.4,0,0,0,-1.0,-0.0,0,0.0,0,6,9.188,1,0
8605.7,1.326,0.554,0,0,0,0.0,-1.0,1,0.25,4,6,6.821,2,1
568.25,0.733,-0.22,1,0,0,-0.866,0.5,0,0.0,0,0,13.151,0,0
2721.89,2.53,4.58,0,0,0,0.0,-1.0,1,0.1,0,1,8.753,0,0
792.8,0.801,-0.161,0,0,0,0.9659,-0.2588,0,0.0,0,1,10.439,1,0
833.58,1.122,0.086,0,0,0,-0.866,0.5,0,0.1,0,0,12.305,1,0
8978.86,1.921,1.013,0,0,0,-0.2588,-0.9659,0,0.0,1,1,6.298,4,1
7289.98,1.754,0.947,0,1,0,0.7071,-0.7071,0,0.1,0,4,10.967,0,0
925.72,0.331,-0.574,0,0,0,-0.866,0.5,0,0.1,0,0,12.288,0,0
402.19,1.159,0.586,0,0,0,-0.7071,0.7071,0,0.2,0,0,12.193,0,0
1484.29,0.587,-0.752,0,0,0,0.2588,-0.9659,0,0.0,0,2,8.869,0,0
2072.56,0.862,-0.119,0,0,0,-0.5,0.866,0,0.0,0,3,9.138,1,0
12.66,0.019,-0.657,0,1,1,0.0,1.0,0,0.2,10,10,3.719,0,1
633.1,0.165,-0.725,1,0,0,0.5,-0.866,0,0.0,0,2,11.087,0,0
600.01,0.055,-0.945,0,0,0,0.5,-0.866,0,0.0,0,1,11.102,1,0
1710.14,0.614,0.0,1,0,0,-0.7071,-0.7071,0,0.0,0,0,11.779,1,0
523.38,1.072,0.037,0,0,0,1.0,0.0,0,0.5,0,1,10.296,1,0
229.82,0.585,-2.097,1,0,0,0.7071,-0.7071,0,0.2,0,1,10.999,0,0
53.83,0.071,-0.825,0,1,0,-0.2588,-0.9659,0,0.0,2,2,1.471,1,1
13165.93,5.107,9.367,0,0,0,-0.2588,0.9659,0,0.0,0,0,12.475,0,0
2066.62,0.626,-0.291,0,0,0,-0.9659,-0.2588,0,0.0,0,1,11.218,0,0
1100.78,0.54,-0.451,0,0,0,-1.0,-0.0,0,0.0,0,1,8.822,0,0
1419.15,0.942,-0.066,0,0,0,0.2588,-0.9659,1,0.3,0,1,11.143,2,0
511.47,0.335,-0.58,0,0,0,-0.5,0.866,1,0.111,0,0,12.519,1,0
246.61,0.128,-1.365,1,0,0,-0.2588,-0.9659,0,0.0,0,2,8.644,1,0
778.24,1.067,0.031,1,0,0,-1.0,-0.0,0,0.0,0,2,9.366,1,0
8550.33,1.48,0.741,0,0,0,0.0,-1.0,0,0.167,3,4,7.317,3,1
425.72,0.743,-0.219,0,0,0,-0.2588,-0.9659,0,0.0,0,1,11.192,1,0
594.24,0.693,-0.33,0,0,0,0.5,-0.866,0,0.1,0,1,9.956,0,0
4661.8,6.214,14.966,1,0,0,-0.7071,0.7071,0,0.0,0,0,12.689,1,0
2548.07,1.13,0.114,0,0,0,-0.2588,0.9659,0,0.0,0,0,12.543,0,0
1368.72,0.659,-0.332,0,0,0,-0.9659,-0.2588,0,0.0,0,2,8.493,1,0
1316.58,0.331,-0.595,0,0,0,-0.9659,0.2588,0,0.0,0,0,11.414,0,0
551.11,0.273,-1.47,0,0,0,0.7071,-0.7071,0,0.2,0,1,10.517,0,0
1928.85,1.832,1.906,0,0,0,-0.2588,-0.9659,0,0.1,0,0,13.585,0,0
58.5,0.122,-0.668,0,1,1,0.9659,0.2588,0,0.1,5,7,3.282,0,1
843.31,0.921,-0.115,0,0,0,-1.0,-0.0,0,0.0,0,2,9.646,0,0
355.51,0.108,-1.064,0,0,0,-0.9659,0.2588,0,0.0,0,0,12.195,0,0
6182.76,2.042,2.086,0,0,0,-0.866,-0.5,0,0.0,0,0,11.934,1,0
76938.2,13.724,8.079,0,0,1,0.7071,0.7071,0,0.0,1,2,7.351,2,1
909.86,0.568,-0.451,0,0,0,-0.5,0.866,0,0.1,0,1,10.063,0,0
987.2,0.564,-1.105,0,0,0,0.5,-0.866,0,0.222,0,1,8.744,1,0
6743.47,4.801,0.0,1,1,0,-1.0,-0.0,0,0.0,0,0,13.029,2,1
12805.29,5.998,3.167,0,0,0,0.0,-1.0,0,0.1,0,1,11.11,0,0
432.69,0.392,-0.483,0,0,0,0.0,-1.0,0,0.0,0,1,10.53,2,0
2297.24,0.474,-0.46,0,0,0,-0.7071,-0.7071,0,0.0,0,0,12.116,0,0
666.71,0.369,-0.58,0,0,0,-0.7071,0.7071,0,0.2,0,3,10.761,0,0
748.63,0.568,-0.97,0,0,0,-0.866,-0.5,0,0.0,0,0,12.085,0,0
323.1,0.561,-0.377,0,0,0,0.7071,-0.7071,0,0.0,0,0,12.034,0,0
43.93,0.036,-0.653,0,0,0,0.0,-1.0,1,0.5,11,13,2.303,1,1
1285.75,0.569,-0.406,0,0,1,0.866,0.5,0,0.0,0,1,10.227,0,0
2277.35,0.588,-0.317,0,0,0,-0.866,0.5,0,0.0,0,1,9.518,3,0
1056.16,0.87,-0.104,0,0,0,-1.0,-0.0,0,0.0,0,0,11.797,1,0
541.67,0.516,-0.405,0,0,0,-0.5,-0.866,0,0.0,0,3,10.656,0,0
233.49,0.147,-0.755,0,0,0,1.0,0.0,0,0.125,0,1,11.34,0,0
292.92,0.382,-0.597,1,0,0,-0.5,0.866,0,0.1,0,2,11.17,0,0
718.97,1.069,0.06,0,0,0,-0.7071,0.7071,0,0.0,0,3,9.49,0,0
873.29,0.599,-0.707,0,0,0,-0.2588,-0.9659,0,0.0,0,0,12.834,0,0
2372.01,0.575,-0.353,0,0,0,-0.866,-0.5,0,0.0,0,0,11.567,0,0
2551.96,0.497,-0.333,0,0,0,-0.9659,-0.2588,0,0.0,0,0,11.411,1,0
944.66,0.696,-0.844,0,0,0,0.5,-0.866,0,0.1,0,2,10.15,1,0
32.1,0.035,-0.843,0,0,1,0.0,1.0,1,0.1,4,4,2.488,0,1
1.16,0.002,-0.804,0,0,0,0.2588,-0.9659,0,0.3,10,14,1.488,1,1
912.26,1.0,0.0,0,0,0,0.7071,-0.7071,0,0.0,0,0,14.768,0,0
386.46,1.362,1.038,0,0,0,-0.7071,0.7071,0,0.0,0,0,12.623,0,0
2626.05,0.748,-0.457,0,0,0,-0.9659,0.2588,0,0.0,0,1,10.924,0,0
439681.37,24.143,9.387,1,0,0,-0.2588,0.9659,0,0.0,0,8,9.252,0,1
8419.01,8.157,15.0,0,0,0,-1.0,-0.0,0,0.0,0,0,11.511,0,0
697.83,0.86,-0.33,0,0,0,-1.0,-0.0,0,0.0,0,0,11.637,0,0
1524.69,0.75,-0.6,0,0,0,-1.0,-0.0,0,0.0,0,4,10.751,0,0
492.35,0.579,-0.638,0,0,0,0.9659,-0.2588,0,0.0,0,1,11.195,0,0
18.86,0.005,-1.457,0,1,1,0.0,1.0,0,0.0,1,1,0.0,1,1
215.47,1.0,0.0,0,0,0,0.5,-0.866,0,0.0,0,0,14.768,0,0
3980.75,0.764,-0.188,0,0,0,0.866,-0.5,0,0.0,1,1,7.847,0,0
486.45,0.193,-0.719,0,0,0,-0.9659,0.2588,0,0.0,0,0,11.843,0,0
40.49,0.168,-0.462,0,0,0,-0.866,0.5,2,0.4,16,16,2.638,1,1
1678.19,0.912,-0.084,0,0,0,0.5,-0.866,0,0.1,0,1,10.994,2,0
2982.27,1.248,0.267,0,0,0,-0.2588,0.9659,0,0.2,0,3,8.607,0,0
961.92,0.569,-0.363,0,0,0,-1.0,-0.0,0,0.0,1,2,7.604,0,1
18.42,0.018,-0.632,0,0,1,0.5,0.866,0,0.4,17,17,3.524,0,1
540.84,0.912,-0.08,0,0,0,0.7071,-0.7071,0,0.0,0,1,10.278,1,0
4182.66,1.728,1.579,0,0,0,-0.9659,0.2588,0,0.25,2,2,6.75,2,1
763.45,0.226,-0.736,0,0,0,-0.2588,0.9659,0,0.0,0,0,12.083,1,0
10148.46,3.79,15.0,0,0,0,-1.0,-0.0,0,0.0,0,1,9.642,0,0
1363.22,1.023,0.022,0,0,0,-0.866,-0.5,0,0.1,0,3,10.03,1,0
369.71,1.378,0.771,0,0,0,-0.5,0.866,0,0.0,0,0,11.386,0,0
2675.65,1.16,0.221,0,0,0,0.866,-0.5,0,0.0,0,1,11.312,1,1
1860.75,0.926,-0.101,0,0,0,0.9659,-0.2588,0,0.2,0,1,11.111,2,0
2390.55,0.694,-0.256,0,0,0,-0.2588,-0.9659,0,0.0,0,0,11.563,0,0
1125.41,1.0,0.0,0,0,0,0.5,-0.866,0,0.0,0,0,14.768,0,0
460.74,0.56,-0.362,0,0,0,-0.5,0.866,0,0.0,0,2,10.708,0,0
1595.45,0.749,-0.224,0,0,0,0.9659,-0.2588,1,0.1,0,2,9.301,0,0
1133.08,0.744,-0.249,0,0,0,-0.866,-0.5,0,0.2,0,1,9.727,1,0
817.37,0.513,-0.423,0,0,0,-0.5,-0.866,0,0.0,0,0,11.978,1,0
4088.51,1.245,0.644,0,0,0,-1.0,-0.0,0,0.2,0,4,8.353,2,1
13740.52,1.661,0.897,0,0,0,-0.5,0.866,0,0.0,1,1,6.907,3,1
458.45,0.775,-0.182,0,0,0,0.5,-0.866,0,0.0,0,2,10.263,0,0
58.44,0.044,-1.565,0,1,0,-0.5,0.866,0,0.1,2,3,3.15,0,1
49.63,0.451,-0.293,0,0,0,-0.9659,0.2588,0,0.1,19,19,2.442,0,1
1399.84,0.281,0.0,1,0,0,-0.9659,-0.2588,0,0.0,0,1,11.271,1,0
661.33,0.279,-0.56,0,0,0,-0.9659,-0.2588,0,0.0,0,1,11.194,1,0
676.55,0.562,-0.355,0,0,0,-0.9659,-0.2588,0,0.0,0,0,12.005,1,0
270.12,0.415,-0.507,0,0,0,-0.866,-0.5,0,0.0,0,0,11.406,0,0
662.89,1.122,0.332,0,0,0,0.9659,-0.2588,0,0.0,0,1,10.688,3,0
15988.3,4.668,2.473,0,0,0,0.2588,-0.9659,0,0.0,0,2,9.286,0,0
41793.62,6.052,4.172,0,0,0,-0.7071,0.7071,0,0.0,0,1,11.062,0,0
511.67,0.716,-0.924,0,0,0,-0.5,-0.866,0,0.0,0,0,11.674,0,0
1697.13,1.531,1.302,0,0,0,0.9659,-0.2588,0,0.0,0,0,14.085,0,0
364.69,1.0,0.0,0,0,0,-1.0,-0.0,0,0.0,0,0,14.768,1,0
4864.69,10.444,15.0,0,0,0,-0.866,0.5,0,0.0,0,0,12.711,2,0
17.58,0.018,-0.606,0,0,0,-0.9659,0.2588,0,0.1,8,9,3.086,1,1
1451.73,0.541,-0.555,0,0,0,0.866,-0.5,0,0.2,0,2,8.642,0,0
565.58,0.654,-0.239,0,0,0,-0.866,-0.5,0,0.3,0,2,8.471,0,0
9975.18,6.496,15.0,0,0,0,0.0,-1.0,0,0.1,0,1,11.228,1,0
1445.09,0.597,-0.67,0,0,0,-0.2588,-0.9659,0,0.1,0,2,9.729,0,0
1480.66,0.828,-0.145,0,0,0,0.7071,-0.7071,0,0.1,0,0,11.683,1,0
5141.23,0.816,-0.139,0,0,0,-0.9659,-0.2588,0,0.0,0,2,10.331,1,0
7.73,0.005,-0.648,0,1,1,0.0,1.0,0,0.0,5,5,0.847,1,1
1174.66,0.36,-0.481,0,0,0,-0.9659,-0.2588,0,0.1,0,2,10.62,0,0
861.65,1.164,0.11,0,0,0,-0.5,0.866,1,0.2,0,1,11.133,1,0
31.71,0.011,-0.656,0,0,0,-0.9659,0.2588,0,0.4,24,24,3.66,0,1
2234.19,0.876,-0.108,0,0,0,-0.5,0.866,0,0.1,0,2,10.417,0,0
1063.73,0.561,-0.829,0,0,0,-0.5,0.866,0,0.1,0,1,10.991,0,0
359.59,1.277,0.736,0,0,0,0.7071,-0.7071,0,0.0,0,0,12.844,0,0
4575.81,0.638,-0.224,0,0,0,0.7071,-0.7071,0,0.0,0,2,9.627,0,0
28.03,0.02,-1.44,0,0,0,0.5,-0.866,0,0.0,4,4,0.218,0,1
513.04,0.986,-0.013,0,0,0,-0.2588,0.9659,1,0.1,0,0,11.885,1,0
2548.26,1.27,0.441,0,0,0,-0.7071,0.7071,0,0.0,0,1,10.713,1,0
1175.88,0.634,-0.386,0,0,1,0.9659,0.2588,0,0.0,0,2,10.639,1,0
1600.6,0.686,-0.348,1,0,0,-0.866,0.5,0,0.1,0,0,11.9,1,0
3924.85,2.526,0.0,0,0,0,-0.5,-0.866,0,0.0,0,0,11.805,0,0
2096.7,0.696,-0.24,0,0,0,-0.2588,-0.9659,0,0.0,0,1,10.599,0,0
4330.74,1.952,0.694,0,0,0,-0.9659,0.2588,0,0.0,0,3,9.651,1,0
5254.47,1.062,0.054,0,0,0,-0.7071,-0.7071,0,0.0,0,0,12.555,0,0
457.92,1.089,0.108,0,0,0,-1.0,-0.0,0,0.2,0,1,11.173,0,0
5823.01,0.886,-0.09,1,0,0,-0.7071,-0.7071,0,0.0,0,0,11.396,0,0
2604.25,1.0,0.0,0,0,0,-0.5,0.866,0,0.0,0,0,14.768,0,0
3786.03,0.728,-0.203,0,0,0,-0.866,0.5,0,0.0,0,0,11.725,0,0
39229.4,9.03,6.471,0,0,0,0.9659,-0.2588,0,0.4,0,17,8.343,2,1
1062.98,0.832,-0.482,0,0,0,-0.866,0.5,0,0.1,0,2,8.27,1,0
6429.87,1.303,0.652,0,0,0,-0.866,-0.5,1,0.25,4,6,7.753,2,1
4008.49,0.755,-0.236,0,0,0,-0.9659,0.2588,0,0.0,1,3,5.198,0,0
144.28,0.352,0.0,0,0,0,0.7071,-0.7071,0,0.0,0,1,11.366,0,0
525.63,1.092,0.087,0,0,0,-0.7071,0.7071,0,0.1,0,1,9.095,0,0
954.85,0.422,-0.598,0,0,0,0.866,-0.5,1,0.2,0,1,11.03,0,0
2118.45,0.391,-0.479,0,0,0,-0.866,-0.5,0,0.0,0,3,9.808,3,0
1851.57,0.318,-0.592,1,0,0,-0.2588,0.9659,0,0.0,0,2,9.581,0,0
1496.62,0.301,-0.302,0,0,0,-0.2588,0.9659,0,0.2,0,0,11.802,1,0
4527.42,0.738,-0.222,0,0,0,-0.9659,-0.2588,0,0.2,0,0,12.011,0,0
982.18,0.689,-0.283,0,0,0,0.866,-0.5,0,0.2,0,1,8.645,0,0
301.59,0.273,-1.629,0,0,0,0.7071,-0.7071,0,0.1,0,0,11.903,2,0
1554.5,0.231,-0.546,0,0,0,-0.9659,-0.2588,0,0.1,0,1,10.837,0,0
642.92,1.798,2.715,0,0,0,-0.2588,0.9659,0,0.1,0,1,10.264,0,0
1638.22,1.18,0.538,0,0,0,-0.5,0.866,0,0.2,0,1,10.298,0,0
3241.58,1.1,0.299,0,0,0,-1.0,-0.0,0,0.2,0,2,10.042,0,0
462.31,0.825,-0.161,0,0,0,-0.866,-0.5,1,0.1,0,0,12.96,0,0
2934.06,0.693,-0.253,1,0,0,-1.0,-0.0,0,0.0,0,1,10.836,0,0
1384.41,0.277,-0.747,0,0,0,-0.5,-0.866,0,0.167,0,2,10.875,0,0
1909.2,0.409,-0.472,1,0,0,-0.7071,-0.7071,0,0.0,0,1,9.192,2,0
3982.21,1.257,1.042,0,0,0,-0.5,-0.866,0,0.0,0,1,9.061,0,0
808.81,0.498,-0.855,0,0,0,0.5,-0.866,0,0.1,0,0,12.077,0,0
671.25,0.139,-1.126,0,0,0,-0.5,0.866,0,0.2,0,1,8.896,0,0
581.33,1.057,0.108,0,0,0,-0.866,-0.5,0,0.0,0,0,12.96,1,0
1679.22,1.254,0.449,0,0,0,-0.9659,0.2588,0,0.0,0,2,8.797,0,0
798.6,0.211,-0.694,0,0,0,-0.5,-0.866,0,0.0,0,1,8.372,0,0
1059.24,0.44,-0.786,0,0,0,0.9659,-0.2588,1,0.1,0,0,11.945,2,0
490.33,0.558,-0.471,0,0,0,0.0,-1.0,0,0.1,0,1,10.91,0,1
1267.63,0.578,-0.282,0,1,0,0.0,-1.0,0,0.1,0,2,9.712,0,0
21440.18,14.084,15.0,1,0,0,-0.9659,0.2588,0,0.0,0,0,11.799,1,0
830.65,0.604,-0.367,0,0,0,0.2588,-0.9659,0,0.0,0,5,9.829,0,0
538.01,0.283,-0.712,0,0,0,0.5,-0.866,0,0.2,0,0,11.861,2,0
17850.16,6.05,4.058,1,0,0,-1.0,-0.0,0,0.0,0,1,10.337,3,0
535.22,0.223,-0.873,0,0,0,-0.7071,0.7071,0,0.0,0,1,11.024,1,0
2654.67,0.624,-2.346,0,0,0,-1.0,-0.0,0,0.0,0,1,11.14,0,0
1462.96,0.474,-0.433,0,0,0,0.5,-0.866,0,0.1,0,1,10.456,0,0
1199.99,0.353,-5.0,0,0,0,0.0,-1.0,0,0.0,0,0,12.296,0,0
2118.41,3.099,0.846,0,0,0,0.2588,-0.9659,0,0.3,0,1,11.165,1,0
7219.01,3.895,1.817,0,0,0,-0.9659,-0.2588,0,0.0,0,2,11.072,0,0
240.56,0.224,-0.593,0,0,0,0.5,-0.866,0,0.1,0,1,10.777,0,0
1119.93,1.082,0.087,0,0,0,-0.2588,-0.9659,0,0.2,0,1,11.066,1,0
1154.82,0.34,-0.521,0,0,0,-0.5,-0.866,0,0.0,0,1,10.351,0,0
4787.0,1.097,0.077,0,0,0,-0.5,0.866,0,0.0,0,2,11.312,0,0
345.33,0.832,-0.607,0,0,0,-0.5,-0.866,0,0.25,0,0,12.085,0,0
998.07,0.924,-0.055,0,0,0,-0.7071,-0.7071,0,0.0,0,1,10.729,1,0
1510.43,0.722,-0.265,0,0,0,-0.7071,0.7071,0,0.0,1,1,7.871,0,0
1074.83,0.494,-0.462,0,0,0,0.9659,-0.2588,0,0.0,0,2,11.043,1,0
1514.79,0.32,-0.616,0,0,0,0.5,-0.866,0,0.0,0,0,11.663,0,0
8461.1,4.986,3.64,0,0,0,-0.7071,0.7071,0,0.1,0,2,10.327,0,0
2797.44,1.023,0.019,0,0,0,-0.5,-0.866,0,0.0,0,1,10.598,0,0
730.23,1.166,0.0,1,1,0,-0.2588,-0.9659,0,0.0,0,0,13.836,0,0
1831.02,0.545,-0.407,0,0,0,0.2588,-0.9659,0,0.0,0,4,9.744,0,0
247.01,0.86,-0.272,0,0,0,-0.2588,0.9659,0,0.1,0,0,11.915,0,0
33.81,0.012,-0.743,0,0,0,-0.2588,-0.9659,0,0.5,6,7,2.363,0,1
473.25,0.166,-0.595,0,0,0,-1.0,-0.0,0,0.1,0,0,12.168,1,0
6.76,0.005,-1.578,0,0,1,0.9659,0.2588,2,0.3,7,7,0.484,1,1
1057.24,0.603,-1.005,0,0,1,0.9659,0.2588,0,0.1,0,0,11.702,1,0
552.72,0.501,-0.423,0,0,0,-0.866,0.5,0,0.0,0,1,10.323,2,0
309.64,0.52,-0.37,0,0,0,-0.866,0.5,0,0.2,0,0,11.861,0,0
11522.5,2.144,1.03,0,0,0,-0.5,-0.866,0,0.2,0,0,11.557,1,0
1035.38,0.552,-0.391,0,0,0,-0.5,0.866,0,0.1,0,2,9.573,0,0
3281.02,0.677,-0.264,0,0,0,0.0,-1.0,0,0.1,0,0,12.714,0,0
226.65,0.677,-0.153,0,0,0,0.2588,-0.9659,0,0.5,0,0,13.867,0,0
716.27,0.428,-0.432,0,0,0,-0.5,0.866,0,0.0,0,0,11.737,0,0
2696.23,1.071,0.074,0,0,0,-0.866,0.5,0,0.0,0,2,11.183,0,0
222.64,0.316,-0.616,0,0,0,0.2588,-0.9659,0,0.1,0,1,11.354,0,0
286.67,0.814,-0.409,0,0,0,-0.5,0.866,0,0.0,0,0,11.699,0,0
46.06,0.091,-0.52,0,1,0,-0.2588,-0.9659,1,0.4,12,12,1.277,0,1
3067.58,1.35,0.388,0,0,0,-0.866,0.5,0,0.0,0,1,11.23,2,0
1377.78,1.501,0.887,0,0,0,-0.2588,0.9659,0,0.1,0,0,12.303,1,0
1850.43,0.584,-0.368,0,0,0,-1.0,-0.0,0,0.0,0,2,9.8,0,0
2345.38,0.37,-0.591,0,0,0,-0.2588,0.9659,0,0.167,0,1,9.574,1,0
4928.09,1.967,1.748,0,0,0,-0.2588,0.9659,0,0.0,0,1,10.639,0,0
2755.95,1.316,0.411,0,0,0,-1.0,-0.0,0,0.0,0,0,12.337,1,0
52.15,0.042,-0.828,1,0,1,0.5,0.866,0,0.1,1,3,0.0,1,1
3763.3,1.224,0.415,0,0,0,-0.866,-0.5,0,0.1,0,0,12.071,0,0
4508.87,0.767,-0.182,0,0,0,-0.9659,0.2588,0,0.3,0,0,12.058,1,0
1819.95,0.954,-0.089,0,0,0,0.7071,-0.7071,0,0.125,0,2,9.131,2,0
1647.22,0.478,-0.514,0,0,0,-0.866,0.5,0,0.0,0,2,10.736,1,0
1483.04,0.725,-0.891,0,0,0,0.866,-0.5,0,0.1,0,1,10.606,0,0
1663.55,1.038,0.029,0,0,0,-0.7071,-0.7071,0,0.1,0,2,11.308,1,0
1298.3,0.433,-0.394,0,0,0,-0.5,-0.866,0,0.0,0,0,12.276,0,0
696.45,0.395,-0.64,0,0,0,-0.2588,0.9659,0,0.0,0,1,10.639,0,0
3343.43,1.362,0.361,1,0,0,-0.866,-0.5,0,0.1,0,3,9.369,0,0
2344.9,1.516,0.472,0,0,0,0.7071,-0.7071,0,0.0,0,1,11.335,1,0
169.32,0.375,-1.541,0,0,0,0.5,-0.866,0,0.0,0,1,10.498,1,0
287.51,0.784,-0.781,0,0,0,-0.9659,-0.2588,0,0.25,0,2,8.696,0,0
437.57,0.464,-0.41,0,0,0,-0.9659,0.2588,0,0.0,0,2,9.6,0,0
416.92,1.206,0.186,0,0,0,-0.2588,0.9659,0,0.0,0,2,10.072,0,0
534.66,0.48,-0.23,0,0,0,-0.866,0.5,0,0.0,0,2,10.342,0,0
1498.95,0.804,-0.306,0,0,0,-0.2588,-0.9659,1,0.167,0,1,10.278,0,0
593.65,0.909,-0.088,0,0,0,-0.2588,0.9659,0,0.2,0,1,10.651,1,0
509.45,0.725,-0.269,0,0,0,0.2588,-0.9659,0,0.125,0,0,12.66,0,0
2232.64,0.717,-0.358,0,0,0,-0.2588,0.9659,0,0.0,0,0,13.733,0,0
1985.41,0.473,-0.404,0,0,0,-0.7071,0.7071,0,0.0,0,3,8.897,0,0
799.24,0.445,-0.794,0,0,0,-0.2588,-0.9659,0,0.0,0,0,12.863,0,0
49.91,0.024,-1.01,0,0,0,1.0,0.0,3,0.3,5,5,2.399,0,1
2553.38,1.455,0.775,0,0,0,-0.9659,-0.2588,0,0.0,0,0,11.925,0,0
724.78,0.26,0.0,1,0,0,-0.866,-0.5,0,0.0,0,1,11.236,0,0
337.5,1.041,0.044,0,0,0,-0.9659,0.2588,0,0.1,0,3,10.387,0,0
1186.29,0.447,-0.39,0,0,0,-0.5,-0.866,0,0.1,0,2,10.545,0,0
6774.16,4.346,2.781,0,0,0,-0.7071,-0.7071,0,0.0,0,0,11.385,0,0
384.2,1.055,0.051,0,0,0,0.0,-1.0,0,0.0,0,1,11.258,1,0
353.51,0.555,-0.409,0,0,0,0.9659,-0.2588,0,0.0,0,2,9.997,0,0
1779.26,0.873,-0.294,0,0,0,0.0,-1.0,0,0.1,0,0,12.083,2,0
1689.24,0.799,-0.193,0,0,0,-0.9659,0.2588,0,0.0,1,2,7.178,0,0
42454.81,14.923,12.247,0,0,0,-0.866,-0.5,1,0.1,2,4,6.255,0,1
550.89,0.07,-0.858,0,0,0,0.7071,-0.7071,0,0.1,0,0,11.487,1,0
2114.36,2.739,1.537,0,0,0,-0.9659,0.2588,1,0.167,0,1,10.37,0,0
430.29,0.39,-1.045,0,0,0,0.7071,-0.7071,0,0.1,0,2,10.005,0,0
290.17,0.319,-0.481,0,0,0,1.0,0.0,0,0.1,0,3,8.976,0,0
2995.07,2.365,3.165,0,0,0,-0.9659,0.2588,0,0.1,0,1,10.663,0,0
1274.95,0.2,-0.844,0,0,0,-0.866,0.5,0,0.0,0,2,11.065,0,0
185.51,0.109,-1.769,0,0,0,-0.2588,0.9659,0,0.25,0,1,8.924,1,0
25240.81,5.066,3.705,1,0,0,-0.7071,-0.7071,0,0.0,0,0,12.053,0,0
1216.0,0.954,0.0,1,0,0,0.5,-0.866,0,0.0,0,0,12.806,1,0
4121.43,1.119,0.698,0,0,0,-1.0,-0.0,0,0.0,3,4,5.65,2,1
1274.8,0.396,-0.611,0,0,0,0.5,-0.866,0,0.1,0,2,10.531,0,0
879.74,0.318,-0.855,0,0,0,-0.9659,0.2588,0,0.0,0,0,12.316,1,0
1365.13,1.558,2.521,0,0,0,-0.866,0.5,0,0.0,0,1,9.447,1,0
7.14,0.011,-1.498,0,0,0,-0.866,0.5,0,0.2,8,8,2.367,0,1
1466.22,0.228,-0.421,0,0,0,0.0,-1.0,0,0.1,0,2,10.726,0,0
1445.39,0.622,-0.365,0,0,0,-1.0,-0.0,0,0.1,0,2,10.6,0,0
3225.54,3.293,1.475,0,0,0,-0.2588,-0.9659,0,0.1,0,0,13.603,0,0
48.71,0.018,-0.688,0,0,0,-0.2588,-0.9659,0,0.6,9,10,2.886,0,1
748.03,0.606,-0.836,0,0,0,-1.0,-0.0,0,0.0,1,2,6.43,0,0
253.39,0.285,-0.327,0,0,0,-0.5,0.866,0,0.2,0,1,10.62,0,0
2966.29,0.786,-0.175,0,0,0,-0.2588,0.9659,0,0.25,0,0,11.645,0,0
555.54,0.382,-0.734,0,0,0,-0.9659,0.2588,0,0.0,0,0,11.621,0,0
2354.85,0.95,-0.19,0,0,0,-0.7071,0.7071,0,0.0,0,3,10.632,1,0
485.7,0.357,-0.471,0,0,0,0.0,-1.0,0,0.0,1,1,7.098,0,0
412.77,0.86,-0.292,1,0,0,-0.2588,-0.9659,0,0.0,0,1,10.854,2,0
6499.06,5.887,8.225,1,0,0,0.0,-1.0,0,0.0,0,0,11.646,0,0
749.68,0.806,-0.146,0,0,0,-0.7071,-0.7071,0,0.0,0,0,12.059,0,0
127.96,0.25,-0.567,0,0,0,-0.866,-0.5,0,0.1,0,3,8.813,0,0
3665.13,1.192,0.244,0,0,0,0.0,-1.0,0,0.1,0,0,12.399,0,0
1282.53,0.55,-0.478,0,0,0,-0.866,0.5,0,0.0,0,0,12.555,0,0
2418.26,0.37,-0.513,0,0,0,-0.2588,0.9659,0,0.0,0,1,11.33,0,0
763.24,0.743,-0.214,0,0,0,0.7071,-0.7071,0,0.0,0,1,10.94,0,0
458.2,0.521,-0.507,0,0,0,0.0,-1.0,0,0.1,0,3,8.839,0,0
1804.74,1.536,1.969,0,0,0,0.7071,-0.7071,0,0.0,0,0,13.17,0,0
920.38,1.754,0.596,0,1,0,-0.9659,-0.2588,0,0.1,0,1,9.237,1,0
1371.49,0.931,-0.271,0,0,0,0.2588,-0.9659,0,0.0,1,3,6.412,1,0
665.91,0.664,0.0,0,0,0,-0.5,0.866,0,0.5,0,0,11.848,0,0
373.85,0.94,-0.229,0,0,0,-0.7071,-0.7071,0,0.2,0,0,12.849,0,0
1773.95,0.387,-0.574,0,0,0,0.5,-0.866,0,0.1,1,2,7.846,1,0
543.29,0.992,-0.004,0,0,0,-0.5,0.866,0,0.3,0,1,10.622,1,0
3803.87,0.632,-0.3,0,0,0,-0.5,0.866,1,0.1,0,2,10.956,1,0
639.09,0.4,-0.804,0,0,0,0.866,-0.5,0,0.0,0,1,9.195,0,0
792.85,0.387,-0.539,0,0,1,0.9659,0.2588,0,0.1,0,0,11.494,0,0
366.71,0.481,-0.323,0,0,0,0.2588,-0.9659,0,0.3,0,0,12.447,1,0
291.24,1.0,0.0,0,0,0,0.7071,-0.7071,0,0.0,0,0,14.768,0,0
2166.54,0.513,-0.509,0,0,0,-0.9659,0.2588,0,0.1,0,1,9.388,0,0
1038.88,0.539,-0.391,0,0,0,0.0,-1.0,0,0.0,0,2,10.852,1,0
1619.94,0.393,-0.732,0,0,0,-0.2588,0.9659,1,0.1,0,1,10.208,0,0
819.06,0.555,-0.672,0,0,0,0.0,-1.0,0,0.0,0,0,12.398,0,0
9714.67,2.979,5.335,0,0,0,0.2588,-0.9659,0,0.1,0,1,10.612,0,0
5854.48,0.647,-0.302,0,0,0,-0.5,0.866,0,0.0,1,2,7.897,0,0
4527.5,0.744,-0.221,0,0,0,-0.9659,0.2588,0,0.0,0,1,10.587,1,0
16.55,0.039,-1.498,1,1,0,0.866,-0.5,0,0.0,1,3,0.0,0,1
41.85,0.08,-0.617,0,0,0,-0.2588,-0.9659,0,0.3,15,15,1.753,1,1
1837.91,0.83,-0.189,0,0,0,-0.5,0.866,0,0.0,0,2,10.146,0,0
32466.82,7.442,15.0,0,0,0,-0.866,0.5,0,0.0,0,1,10.994,0,0
1351.03,0.431,-0.499,0,0,0,-0.9659,0.2588,0,0.1,0,1,8.946,1,0
1636.1,0.743,-0.229,0,0,0,0.5,-0.866,0,0.0,0,0,12.302,0,0
564.62,0.554,-0.851,0,0,0,1.0,0.0,0,0.2,0,0,13.229,1,0
213.94,0.785,-0.429,1,0,0,-0.2588,0.9659,0,0.0,0,1,10.774,0,0
5344.09,1.479,0.375,0,0,0,0.5,-0.866,0,0.0,0,1,10.68,1,0
3524.53,5.189,2.612,0,0,0,-0.2588,0.9659,0,0.0,0,2,10.598,1,0
1043.86,0.195,-0.789,0,1,0,0.0,-1.0,0,0.1,0,2,10.202,0,0
1015.11,0.312,-0.548,0,0,0,-0.866,-0.5,0,0.0,0,0,13.128,2,0
2824.18,1.325,0.856,0,0,0,0.9659,-0.2588,0,0.0,0,0,12.444,1,0
4236.82,0.756,-0.197,0,0,0,0.0,-1.0,0,0.111,0,3,9.872,1,0
217.66,0.668,-0.362,0,0,0,-0.2588,0.9659,0,0.0,0,0,12.431,0,0
7172.37,0.903,-0.073,0,0,0,-0.2588,0.9659,0,0.0,0,1,9.739,0,0
11075.34,2.55,1.105,0,0,0,-0.866,0.5,0,0.0,0,1,11.019,1,0
666.4,0.875,-0.149,1,0,0,0.0,-1.0,0,0.167,0,1,10.797,0,0
5276.18,6.118,3.784,0,0,0,-0.5,-0.866,1,0.2,0,1,11.331,0,0
7.07,0.013,-1.144,0,0,0,-0.866,0.5,0,0.1,15,15,3.329,0,1
4015.17,1.482,0.865,0,0,0,0.7071,-0.7071,0,0.143,3,4,7.004,3,1
1363.6,1.042,0.067,0,0,0,-0.7071,0.7071,0,0.0,0,0,11.515,1,0
1324.49,1.0,0.0,0,0,0,0.866,-0.5,0,0.0,0,0,14.768,1,0
934.2,1.039,0.041,0,0,0,0.7071,-0.7071,0,0.1,0,3,10.03,0,0
97.34,0.104,-0.417,0,0,0,-0.2588,0.9659,0,0.0,0,1,10.798,0,0
21236.54,12.919,15.0,0,0,0,-0.7071,-0.7071,0,0.0,0,0,13.005,0,0
17.13,0.014,-0.815,0,0,1,0.7071,0.7071,0,0.3,27,28,3.602,2,1
1102.62,0.504,-0.672,0,0,0,-0.2588,-0.9659,2,0.3,0,0,12.356,2,0
353.75,1.008,0.006,0,0,0,-0.9659,-0.2588,0,0.2,0,0,11.496,1,0
1095.53,0.51,-0.609,0,0,0,-0.2588,0.9659,0,0.3,0,1,9.42,0,0
2671.49,0.691,-0.252,0,0,0,-0.5,0.866,0,0.1,0,0,12.715,1,0
1634.61,0.677,-0.808,0,0,0,-0.9659,0.2588,0,0.0,0,2,11.253,0,0
2867.26,0.543,-0.401,0,0,0,0.2588,-0.9659,0,0.0,0,1,10.134,1,0
272.98,0.766,-0.226,0,0,0,0.0,-1.0,0,0.0,0,1,9.673,1,0
187.34,0.12,-0.477,1,0,0,-0.2588,0.9659,0,0.0,0,0,11.914,0,0
1154.92,0.737,-0.53,0,0,0,-0.5,-0.866,0,0.1,0,0,11.869,1,0
3737.04,1.229,0.635,0,0,0,0.0,-1.0,0,0.125,0,0,12.712,0,0
566.36,0.83,-0.285,1,0,0,-0.9659,0.2588,0,0.1,0,1,11.222,0,0
453.02,0.52,-0.614,0,1,0,-0.866,0.5,0,0.0,0,2,11.235,0,0
30.82,0.087,-0.648,0,0,0,0.0,-1.0,0,0.1,12,13,4.094,0,1
1259.18,0.48,-0.463,0,0,0,-0.5,-0.866,0,0.2,0,1,10.537,1,0
512.64,0.645,-0.187,0,0,0,-1.0,-0.0,0,0.0,0,1,9.983,1,0
1482.04,0.314,-0.571,0,0,0,-0.7071,-0.7071,0,0.1,0,3,9.692,1,0
2141.66,0.919,-0.08,0,0,0,-1.0,-0.0,0,0.1,0,1,9.6,0,0
4413.13,3.036,5.999,0,0,0,-0.7071,-0.7071,0,0.0,1,3,6.131,0,0
587.86,0.207,-0.712,0,0,0,-0.7071,0.7071,0,0.2,0,3,8.264,0,0
6670.18,1.781,0.968,0,0,0,0.0,-1.0,0,0.0,1,1,5.811,4,1
697.11,0.156,-0.846,0,0,0,-0.866,-0.5,0,0.0,0,1,10.676,1,0
5655.09,2.124,2.368,0,1,0,-0.5,0.866,0,0.0,0,0,12.302,0,0
1303.06,0.732,-0.673,0,0,0,-0.866,-0.5,0,0.0,0,0,11.715,0,0
1730.68,0.644,-0.803,0,0,0,0.866,-0.5,0,0.0,0,0,12.279,0,0
608.7,1.267,0.682,0,0,0,-0.7071,-0.7071,0,0.0,1,1,7.103,0,0
1456.04,0.902,-0.311,0,0,0,-0.5,-0.866,0,0.0,0,0,11.682,0,0
1515.8,0.509,-0.425,0,0,0,-0.9659,0.2588,0,0.1,0,0,11.678,1,0
1410.88,0.83,-0.139,0,0,0,-0.7071,0.7071,0,0.1,0,2,9.557,0,0
2621.88,5.379,1.767,0,0,0,0.0,-1.0,1,0.4,3,28,6.179,0,0
879.28,0.414,-0.455,0,0,0,-0.7071,0.7071,0,0.0,0,1,9.846,0,0
3460.53,0.577,-0.319,0,0,0,0.866,-0.5,1,0.1,1,2,6.999,1,0
1118.87,2.061,0.506,0,0,0,-0.7071,0.7071,0,0.1,0,1,11.18,0,0
1681.95,1.268,4.019,0,0,0,-0.5,-0.866,0,0.2,0,1,10.735,0,0
2088.73,0.767,-0.205,0,0,0,-0.5,-0.866,0,0.0,0,1,10.772,0,0
4229.53,1.282,0.287,0,0,0,-0.2588,0.9659,0,0.0,0,1,10.941,0,0
23470.43,2.964,1.524,0,0,0,-0.7071,-0.7071,0,0.1,0,0,11.454,0,0
1067.27,0.194,-0.613,0,0,0,-0.9659,0.2588,0,0.1,0,1,10.49,1,0
3110.78,0.505,-0.341,0,0,0,-0.9659,-0.2588,1,0.2,0,1,8.843,0,0
814.41,0.451,-0.649,0,0,0,-0.866,0.5,0,0.0,0,0,11.612,0,0
230.36,0.655,-0.312,0,0,0,-1.0,-0.0,0,0.1,0,2,11.128,0,0
478.13,0.292,-0.63,0,0,0,-0.9659,0.2588,0,0.167,0,0,12.577,0,0
323.38,1.179,0.165,0,0,0,-0.7071,-0.7071,0,0.3,0,11,9.976,1,0
1346.96,1.524,1.836,0,0,0,0.2588,-0.9659,0,0.0,0,0,11.913,0,0
795.88,0.292,-0.6,0,0,0,-0.2588,-0.9659,0,0.0,0,0,11.403,1,0
41.92,0.023,-0.583,0,0,1,0.866,0.5,0,0.3,18,18,2.093,1,1
439.97,0.988,-0.011,0,0,0,-0.7071,-0.7071,0,0.2,0,0,11.85,0,0
816.51,0.452,-0.502,0,0,0,-0.7071,0.7071,0,0.1,0,1,11.278,1,0
1870.8,0.429,-0.49,0,0,0,-0.2588,0.9659,0,0.0,0,0,12.275,1,0
6744.65,2.271,1.913,0,0,1,0.5,0.866,0,0.2,2,2,7.016,3,1
733.29,2.137,3.278,0,0,0,-0.7071,-0.7071,0,0.1,0,2,9.494,1,0
1627.39,0.556,-0.342,0,0,0,-0.2588,0.9659,0,0.1,0,0,12.466,0,0
761.93,0.371,-0.873,0,0,0,-0.9659,-0.2588,0,0.2,0,0,12.127,2,0
1054.05,0.799,-0.303,0,0,0,-0.7071,0.7071,0,0.0,0,3,10.66,1,0
16137.28,7.07,10.319,0,0,0,-0.866,0.5,0,0.0,0,0,11.918,0,0
949.97,0.411,-0.553,0,0,0,-0.7071,0.7071,0,0.0,0,0,11.42,0,0
483.47,0.558,-0.475,0,0,0,0.5,-0.866,0,0.1,0,1,11.218,0,0
8.61,0.016,-0.53,0,0,0,-0.9659,0.2588,2,0.7,14,14,1.423,0,1
5373.48,0.125,0.0,0,0,0,-0.2588,0.9659,0,0.0,0,1,10.208,0,0
134.77,0.257,-0.614,0,0,0,-0.7071,0.7071,0,0.0,0,0,12.182,0,0
940.04,1.506,0.343,0,0,0,0.2588,-0.9659,0,0.1,0,1,10.301,0,0
5038.91,1.217,0.189,0,0,0,-0.5,0.866,0,0.1,0,1,8.553,0,0
38.29,0.2,-1.151,0,0,0,-0.9659,0.2588,0,0.0,6,7,0.495,0,1
5226.8,0.938,-0.042,1,0,0,-1.0,-0.0,1,0.167,0,1,10.923,0,0
5654.47,0.962,-0.029,0,0,0,-0.5,0.866,0,0.1,0,2,10.312,0,0
1185.68,0.619,-0.384,0,0,0,0.7071,-0.7071,0,0.0,0,0,12.055,0,0
1292.43,0.559,-0.393,0,1,1,0.9659,0.2588,0,0.0,0,1,9.307,0,0
5350.71,1.619,2.019,0,0,0,-0.7071,-0.7071,0,0.1,0,0,12.158,0,0
5463.2,0.967,-0.028,0,0,0,0.2588,-0.9659,0,0.0,0,1,11.151,0,0
2584.07,4.546,3.379,0,0,0,-0.866,-0.5,0,0.1,0,0,12.674,1,0
540.98,0.726,-0.39,0,0,0,0.2588,-0.9659,0,0.0,0,0,11.92,0,0
491.88,0.618,-0.331,0,0,0,-0.7071,0.7071,0,0.1,0,2,8.834,0,0
322.28,1.0,0.0,0,0,0,0.2588,-0.9659,0,0.0,0,0,14.768,1,0
443.63,0.653,-0.17,0,0,0,0.7071,-0.7071,0,0.1,0,1,10.316,1,0
785.03,1.085,0.05,0,0,0,0.5,-0.866,0,0.0,0,0,11.538,3,1
16.65,0.016,-0.864,1,1,1,0.9659,0.2588,0,0.1,1,2,0.0,0,1
49672.97,8.234,3.886,0,0,1,0.7071,0.7071,0,0.2,2,4,5.413,1,1
513.27,0.748,-0.227,0,0,1,0.866,0.5,0,0.0,1,2,8.159,0,0
3635.53,1.507,1.159,0,0,0,0.7071,-0.7071,0,0.25,0,0,11.398,1,0
1693.08,2.559,4.136,0,0,0,0.0,-1.0,0,0.0,0,0,11.491,0,0
226.86,0.24,0.0,0,0,0,0.5,-0.866,0,0.5,0,1,11.331,0,0
899.52,1.41,0.0,0,0,0,0.7071,-0.7071,0,0.0,0,1,10.062,3,0
1648.97,0.835,-0.405,0,0,0,-0.5,0.866,0,0.0,0,1,9.784,0,0
1692.57,0.096,0.0,0,0,0,-1.0,-0.0,0,0.0,0,0,12.617,1,0
1900.22,1.0,0.0,0,0,0,0.2588,-0.9659,0,0.0,0,0,14.768,1,0
273.14,0.498,-0.221,0,0,0,-0.7071,0.7071,1,0.5,0,5,10.82,0,0
8.21,0.004,-1.883,0,0,0,-0.866,0.5,0,0.0,2,3,2.057,0,1
4511.34,1.963,0.825,0,0,0,0.2588,-0.9659,0,0.1,0,2,10.011,1,0
3680.17,3.585,0.0,0,0,0,0.866,-0.5,0,0.0,0,0,11.61,0,0
41.26,0.077,-0.695,0,0,0,-0.2588,0.9659,0,0.3,22,25,3.817,1,1
512.09,0.441,-0.492,0,0,0,-0.9659,-0.2588,0,0.0,0,1,11.184,1,0
305.88,0.803,-0.487,0,0,0,-0.5,-0.866,0,0.0,0,1,10.538,1,0
4319.66,0.734,-0.214,0,0,0,-0.9659,0.2588,0,0.0,0,0,11.749,0,0
698.73,0.464,-0.454,0,0,0,0.0,-1.0,0,0.0,0,1,11.108,0,0
974.72,0.432,-0.575,0,0,0,0.9659,-0.2588,0,0.0,0,0,12.147,0,0
4.68,0.003,-0.645,0,0,0,-0.2588,-0.9659,6,0.8,14,14,2.591,1,1
5824.0,3.933,2.122,0,0,0,-1.0,-0.0,0,0.0,0,0,11.939,1,0
473.05,0.234,-0.71,0,0,0,-0.7071,-0.7071,0,0.0,0,1,9.755,1,0
831.81,0.562,-0.447,0,0,0,-0.2588,-0.9659,0,0.0,0,2,9.872,0,0
958.17,0.245,-0.552,0,0,0,0.9659,-0.2588,0,0.2,0,0,12.255,0,0
1474.26,0.309,-0.569,0,0,0,-0.7071,0.7071,0,0.0,0,2,10.85,0,0
373.7,1.199,0.22,0,0,0,-0.5,0.866,0,0.1,0,1,9.88,0,0
716.38,0.596,-0.583,0,0,0,0.2588,-0.9659,0,0.1,0,3,8.757,2,0
1020.22,0.901,-0.167,0,0,1,0.5,0.866,0,0.2,0,0,11.616,0,0
3083.72,0.667,-0.306,0,0,0,-0.5,-0.866,0,0.1,0,1,11.115,1,0
796.92,0.425,-5.0,0,0,0,-1.0,-0.0,0,0.4,0,0,12.183,0,0
300.93,0.531,-0.423,0,0,0,0.7071,-0.7071,0,0.0,0,0,12.381,1,0
22.99,0.059,-0.461,0,0,0,-0.2588,-0.9659,2,0.4,18,18,0.306,0,1
795.12,1.161,0.73,0,0,0,-0.2588,-0.9659,0,0.0,0,1,10.92,1,0
33.36,0.083,-1.325,0,0,0,0.866,-0.5,0,0.0,2,4,2.788,0,1
8016.23,6.765,14.739,0,0,0,-0.866,-0.5,0,0.0,0,2,10.262,1,0
109.36,0.595,-0.365,0,0,0,0.2588,-0.9659,0,0.1,0,2,10.375,0,0
2948.64,1.123,0.103,0,0,0,0.0,-1.0,0,0.0,0,0,11.808,1,0
51425.34,24.861,9.887,0,0,1,0.2588,0.9659,0,0.0,0,9,9.281,0,1
168.58,0.275,-0.793,1,0,0,0.0,-1.0,0,0.0,0,3,9.452,0,0
1148.18,1.172,0.148,0,0,0,-1.0,-0.0,0,0.0,0,1,10.686,1,0
355.2,0.203,-4.794,1,0,0,-0.866,-0.5,0,0.0,0,0,13.442,2,0
3665.38,1.169,0.0,0,0,0,0.7071,-0.7071,0,0.0,0,0,12.169,0,0
1157.44,0.958,-0.064,0,0,0,0.2588,-0.9659,0,0.0,0,1,9.168,0,0
3987.59,2.533,3.002,1,1,0,0.7071,-0.7071,0,0.0,0,0,13.214,2,1
58.12,0.083,-0.765,0,0,0,0.2588,-0.9659,0,0.1,6,10,3.042,1,1
1209.49,1.006,0.006,0,0,0,-0.2588,0.9659,0,0.0,0,1,10.689,1,0
1138.74,0.184,-0.629,0,0,0,-0.866,-0.5,0,0.0,0,1,11.19,1,0
6651.02,2.871,1.384,0,0,0,0.0,-1.0,0,0.2,0,0,12.222,0,0
5384.99,0.803,-0.164,1,0,0,-0.7071,0.7071,0,0.0,0,1,9.185,0,0
2034.7,3.31,15.0,0,0,0,0.7071,-0.7071,0,0.333,0,0,11.826,1,0
4353.29,2.121,1.944,0,0,0,-0.9659,-0.2588,0,0.0,0,0,12.709,1,0
3375.85,0.609,-0.284,0,0,0,0.0,-1.0,0,0.0,0,0,12.142,1,0
781.08,1.129,0.122,0,0,0,-0.866,0.5,2,0.3,0,1,11.182,1,0
1093.54,0.322,-0.541,0,0,0,0.0,-1.0,0,0.1,0,3,9.895,0,0
778.91,0.469,0.0,0,0,0,1.0,0.0,0,0.0,0,0,12.548,1,0
1763.95,0.5,-2.417,0,0,0,0.866,-0.5,1,0.2,0,0,11.414,0,0
2501.15,1.375,0.955,0,0,0,1.0,0.0,0,0.0,0,1,11.032,1,0
593.12,0.535,-0.384,0,0,0,-0.5,-0.866,0,0.0,0,1,11.007,0,0
523.69,0.993,-0.019,0,0,0,-0.9659,0.2588,0,0.0,0,0,11.588,1,0
1597.21,0.357,-0.502,0,0,0,-0.9659,-0.2588,0,0.3,1,3,7.252,0,0
214.95,0.447,-1.698,0,0,0,-0.9659,0.2588,0,0.0,0,1,11.25,0,0
603.47,0.506,-1.233,0,0,0,0.866,-0.5,0,0.0,0,0,12.015,0,0
452.76,0.291,-0.517,0,0,0,-0.9659,0.2588,0,0.0,0,1,8.19,1,0
1504.31,2.504,1.339,0,0,0,0.9659,-0.2588,0,0.1,0,1,11.302,0,0
1013.66,0.948,-0.038,0,0,0,0.0,-1.0,0,0.0,0,1,9.053,1,0
56.44,0.24,-0.58,0,0,0,-0.7071,-0.7071,0,0.3,12,12,3.385,1,1
1138.77,0.776,-0.228,0,0,0,-0.866,0.5,2,0.2,0,2,9.638,1,0
6764.22,1.812,1.073,0,0,0,-0.866,-0.5,0,0.0,2,2,5.23,2,1
828.64,0.887,-0.11,0,0,0,0.2588,-0.9659,0,0.0,0,1,11.304,0,1
892.71,0.692,-0.305,0,0,0,-1.0,-0.0,0,0.0,0,1,8.354,1,0
3242.78,1.497,0.948,0,0,0,0.2588,-0.9659,0,0.0,0,0,12.492,0,0
4049.58,5.064,15.0,0,0,0,1.0,0.0,0,0.0,0,1,11.179,1,0
3735.31,1.098,0.085,0,0,0,-0.2588,0.9659,0,0.1,0,0,11.593,0,0
1759.01,0.788,-0.208,0,0,0,0.7071,-0.7071,0,0.0,0,2,11.32,1,0
5616.53,1.048,0.041,0,1,0,0.0,-1.0,0,0.0,0,1,10.182,1,0
3574.62,1.0,0.0,0,0,0,0.9659,-0.2588,0,0.0,0,0,14.768,0,0
3731.09,2.165,1.864,0,0,0,-0.9659,-0.2588,0,0.0,0,1,10.87,0,0
856.69,0.344,-0.755,0,0,0,-0.866,-0.5,0,0.0,0,0,11.93,1,0
2599.77,1.66,2.214,0,0,0,0.0,-1.0,0,0.0,0,0,12.683,1,0
8892.05,5.892,5.054,0,0,0,0.2588,-0.9659,0,0.0,0,4,9.874,1,0
287.26,0.42,-0.618,0,0,0,0.7071,-0.7071,0,0.0,0,3,10.577,0,0
4518.97,1.468,0.802,0,0,0,0.0,-1.0,0,0.0,0,4,10.812,0,0
1600.31,0.498,-0.44,0,0,0,-1.0,-0.0,0,0.0,0,0,12.092,2,0
388.76,0.531,-0.404,0,0,0,-0.2588,0.9659,0,0.0,0,0,11.75,1,0
771.66,0.641,-0.381,0,0,0,-0.7071,0.7071,0,0.0,0,4,10.711,1,0
125165.67,16.809,8.532,1,0,0,-0.2588,-0.9659,0,0.1,0,20,9.102,0,1
2519.28,0.633,-0.345,0,0,0,-0.9659,0.2588,0,0.0,0,3,8.974,0,0
1036.22,2.068,0.0,0,0,0,-0.7071,-0.7071,0,0.0,0,1,9.569,0,0
766.62,0.152,-0.715,0,1,0,-0.7071,-0.7071,0,0.0,0,3,9.095,1,0
857.8,0.255,-0.838,0,0,0,-0.866,0.5,0,0.0,0,2,11.043,0,0
474.7,0.9,-0.075,0,0,0,-0.866,0.5,0,0.1,0,0,11.781,0,0
5940.71,2.261,1.201,0,0,0,-0.866,-0.5,0,0.0,0,4,9.203,0,0
2338.23,0.861,-0.134,0,0,0,-0.7071,0.7071,0,0.1,0,4,9.666,1,0
4952.26,0.939,-0.048,0,0,0,-0.866,-0.5,1,0.125,0,0,11.388,0,0
2373.21,0.522,-0.377,0,0,0,-0.7071,-0.7071,0,0.1,0,2,10.86,0,0
708.57,1.092,0.09,0,0,0,-0.5,-0.866,0,0.0,0,0,12.148,1,1
914.18,1.117,0.122,0,0,0,0.866,-0.5,0,0.2,0,0,13.567,0,0
706.26,0.624,-0.306,0,0,0,-0.5,0.866,0,0.0,0,0,11.743,1,1
1516.64,5.263,14.627,0,0,0,-0.7071,-0.7071,0,0.0,0,2,10.417,1,0
1804.03,0.814,-0.312,0,0,0,0.0,-1.0,0,0.0,0,0,12.248,0,0
917.04,0.78,-0.182,0,0,0,-0.2588,-0.9659,0,0.1,0,0,11.429,0,0
1755.56,0.073,-1.193,0,0,0,-0.2588,0.9659,0,0.0,0,2,8.673,0,0
1052.54,0.327,-1.39,0,0,0,-0.866,0.5,0,0.1,0,2,9.91,0,0
1138.32,0.202,-0.638,0,0,0,0.5,-0.866,0,0.143,0,2,10.441,0,0
4287.49,1.159,0.153,0,0,0,0.0,-1.0,0,0.0,0,3,9.464,0,0
1118.46,1.241,0.584,0,0,0,0.5,-0.866,0,0.0,0,3,8.433,1,0
2173.89,0.527,-0.342,0,0,0,0.866,-0.5,0,0.1,0,1,10.891,0,0
11259.7,3.575,1.94,0,0,1,0.9659,0.2588,0,0.0,0,1,11.29,1,0
2014.42,1.475,0.946,0,0,0,-0.9659,-0.2588,1,0.375,0,1,9.672,0,0
24.55,0.02,-0.895,0,0,0,-0.866,0.5,0,0.1,13,14,3.179,0,1
5336.25,0.715,-0.256,0,0,0,-0.866,0.5,0,0.0,0,1,9.184,0,0
1177.57,0.294,-0.588,0,0,0,-0.9659,0.2588,0,0.0,0,3,8.541,0,0
240.31,0.275,-0.625,0,0,0,-0.7071,0.7071,0,0.0,0,1,11.126,0,0
4046.44,1.566,1.055,0,0,0,0.7071,-0.7071,1,0.167,3,3,5.221,2,1
453.11,1.183,0.95,0,0,0,0.2588,-0.9659,0,0.0,0,0,12.865,0,0
3880.47,1.559,1.376,0,0,0,0.7071,-0.7071,0,0.0,1,1,5.762,3,1
935.54,0.97,-0.073,0,0,0,-0.2588,-0.9659,0,0.0,0,0,11.474,1,0
888.45,0.43,-1.452,0,0,0,-0.7071,-0.7071,0,0.0,0,0,11.912,2,0
2588.4,1.169,0.122,0,0,0,-0.7071,0.7071,0,0.0,0,2,10.376,1,0
79553.04,13.616,8.139,0,0,0,-0.5,-0.866,0,0.0,0,7,9.182,1,1
279758.09,19.4,8.23,0,0,0,-0.866,0.5,0,0.0,0,8,8.596,1,1
781.32,0.599,-0.425,0,0,0,0.7071,-0.7071,0,0.0,0,3,10.391,0,0
2.48,0.002,-0.604,0,0,0,1.0,0.0,0,0.5,19,19,3.757,0,1
2552.98,1.221,0.246,0,0,0,-1.0,-0.0,0,0.0,0,1,9.109,0,0
1310.26,0.409,-0.449,0,0,0,0.2588,-0.9659,0,0.0,0,2,9.005,0,0
2062.77,0.347,-0.463,0,0,0,-0.5,0.866,0,0.111,0,0,12.954,0,0
1566.67,0.704,-0.298,0,0,0,-0.9659,0.2588,0,0.0,0,2,9.204,2,0
2103.59,1.036,0.084,0,0,0,-0.5,0.866,0,0.0,0,3,9.228,0,0
250.87,1.0,0.0,0,0,0,0.7071,-0.7071,0,0.0,0,0,14.768,1,0
3011.01,1.083,0.08,0,0,0,-0.2588,0.9659,0,0.0,0,1,9.715,1,0
1224.78,0.36,-0.628,1,0,0,-0.2588,0.9659,0,0.0,0,0,11.478,0,0
430.72,0.489,-0.481,0,0,0,0.7071,-0.7071,0,0.0,0,0,12.416,0,0
2847.22,1.0,0.0,0,0,0,0.866,-0.5,0,0.0,0,0,14.768,1,0
760.59,0.625,-0.397,0,0,0,-0.866,0.5,0,0.0,0,3,9.301,1,0
1104.3,1.204,0.161,0,0,0,0.5,-0.866,0,0.0,0,1,11.317,0,0
5852.9,3.479,4.367,0,0,0,-0.866,-0.5,1,0.333,0,0,12.132,0,0
1920.85,0.813,-0.18,0,0,0,0.0,-1.0,0,0.1,0,1,8.976,0,0
935.9,0.361,-0.756,0,0,0,-0.5,-0.866,0,0.2,0,0,12.375,0,0
701.23,0.224,-0.598,0,1,0,-0.866,-0.5,0,0.0,0,2,8.943,0,0
1730.06,0.524,-0.669,0,0,0,-0.5,-0.866,2,0.2,0,0,11.576,0,0
403.43,0.699,-0.285,0,0,0,0.7071,-0.7071,0,0.0,0,0,11.458,0,1
2639.22,1.161,0.164,0,0,0,0.0,-1.0,0,0.1,0,0,12.072,0,0
1065.46,0.166,-0.658,0,0,0,-0.5,-0.866,0,0.0,0,1,11.332,1,0
1488.64,1.0,0.0,0,0,0,-0.866,-0.5,0,0.0,0,0,14.768,0,0
252.59,0.295,-1.322,0,0,0,-0.9659,-0.2588,0,0.0,0,3,8.529,0,0
735.81,0.466,-0.492,0,0,0,0.5,-0.866,1,0.1,0,2,11.141,0,0
3452.81,1.016,0.014,0,0,0,-0.5,0.866,0,0.0,0,2,10.118,0,0
4495.61,3.873,3.524,0,0,0,-0.866,-0.5,0,0.143,0,1,11.293,1,0
314.29,0.357,-0.37,0,0,0,0.866,-0.5,0,0.4,0,0,11.976,0,0
783.57,0.674,-0.542,0,0,0,0.7071,-0.7071,0,0.1,0,2,10.379,0,0
280.46,0.561,0.0,0,0,0,-0.866,-0.5,0,0.0,0,1,10.488,0,0
65715.01,9.709,5.454,1,0,0,0.5,-0.866,0,0.0,1,7,7.968,1,1
7313.77,6.73,15.0,0,0,0,0.866,-0.5,0,0.0,0,0,11.773,1,0
1009.94,0.769,-0.399,0,0,0,-0.866,-0.5,0,0.0,0,1,10.1,0,0
2050.94,0.395,-0.479,0,0,0,0.5,-0.866,0,0.2,0,0,11.89,1,0
805.02,2.764,0.0,0,0,0,0.0,-1.0,1,0.5,0,0,11.576,0,0
525.76,0.46,-0.367,0,1,0,-0.2588,0.9659,0,0.3,0,1,11.069,1,0
26516.69,8.578,14.254,0,0,0,-0.866,0.5,0,0.1,0,2,10.07,1,0
25.26,0.006,-0.471,0,0,0,-0.2588,0.9659,1,0.7,27,27,4.13,0,1
929.71,0.323,-0.754,0,0,0,-0.7071,-0.7071,0,0.0,0,1,10.925,0,0
1278.71,0.894,-0.082,0,0,0,-0.5,0.866,0,0.0,0,4,9.867,0,0
269.2,0.556,-1.563,0,0,0,0.0,-1.0,0,0.0,0,2,9.055,1,0
1573.79,1.02,0.037,0,0,0,-0.2588,-0.9659,0,0.0,0,1,10.391,0,0
2179.35,0.454,-0.47,0,0,0,-0.9659,0.2588,0,0.0,0,0,11.625,0,0
9793.76,7.206,13.199,1,0,0,-0.5,-0.866,0,0.3,0,1,10.925,0,0
305.08,0.711,-0.316,1,0,0,-0.866,-0.5,0,0.1,0,0,12.465,1,0
201.55,0.34,-0.572,0,0,0,-0.9659,0.2588,0,0.0,0,2,10.297,0,0
4031.65,1.24,0.683,0,0,0,-0.7071,-0.7071,0,0.0,2,2,7.059,3,1
1519.34,0.473,-0.392,0,0,0,-0.866,0.5,0,0.2,1,2,7.709,0,0
1653.43,0.258,-0.639,0,0,0,0.866,-0.5,0,0.167,0,2,10.847,0,0
823.66,0.871,-0.107,0,0,0,0.2588,-0.9659,0,0.0,0,0,11.547,0,0
1171.64,0.268,-0.56,0,0,0,0.0,-1.0,0,0.1,1,2,7.314,0,0
6604.71,1.588,0.49,0,0,0,-0.5,0.866,0,0.0,0,1,10.548,0,0
23.72,0.062,-1.737,0,1,0,-0.7071,0.7071,0,0.1,4,6,2.035,1,1
1207.18,0.156,-0.811,0,0,0,-0.9659,0.2588,0,0.0,0,0,14.459,0,0
472.16,0.643,-0.919,0,0,0,0.7071,-0.7071,0,0.1,0,0,11.86,0,0
3964.25,0.778,-0.197,0,0,0,0.2588,-0.9659,0,0.1,0,0,11.494,1,0
6867.84,4.089,2.925,0,0,0,-0.866,0.5,0,0.1,0,2,8.854,0,0
199681.47,17.072,8.071,1,0,0,-0.9659,0.2588,0,0.0,0,7,9.472,1,1
2773.03,0.842,-0.225,0,0,0,0.0,-1.0,0,0.2,0,1,10.309,0,0
955.02,0.96,-0.03,0,0,0,-0.2588,0.9659,0,0.0,0,0,12.745,0,0
2733.7,0.611,-1.319,0,0,0,-0.866,0.5,0,0.0,0,1,10.565,1,0
9330.9,2.222,1.331,0,0,0,0.0,-1.0,0,0.167,0,3,8.254,3,1
231.69,0.85,-0.348,0,0,0,0.2588,-0.9659,0,0.0,0,0,11.704,0,0
3996.63,0.667,-0.255,0,0,0,-0.866,0.5,0,0.0,0,0,11.694,0,0
2368.8,5.722,15.0,0,0,0,-0.866,0.5,0,0.0,0,0,12.736,0,1
3844.52,1.196,0.449,0,0,0,0.7071,-0.7071,0,0.2,2,4,7.517,3,1
14127.96,2.744,1.449,0,0,1,0.866,0.5,0,0.0,1,1,7.424,2,1
2586.65,0.616,-0.293,0,0,0,0.7071,-0.7071,0,0.1,0,1,10.235,0,0
16.23,0.009,-0.613,0,0,1,0.866,0.5,1,0.4,16,16,1.91,1,1
10120.89,1.149,0.156,0,0,0,-0.9659,-0.2588,0,0.1,0,1,9.787,2,0
2855.05,1.976,5.424,0,0,0,-0.866,-0.5,1,0.125,0,1,10.87,0,0
42.79,0.009,-0.481,0,0,0,-0.2588,0.9659,2,0.6,25,25,1.092,0,1
312.21,0.423,-0.613,0,0,0,0.2588,-0.9659,0,0.0,0,0,11.476,2,0
818.95,0.713,-0.229,0,0,0,-0.866,0.5,0,0.0,0,0,12.045,2,0
4471.15,1.552,1.033,0,0,0,-0.5,-0.866,0,0.4,0,2,9.295,2,0
2918.67,0.77,-0.165,0,0,0,0.2588,-0.9659,0,0.2,0,1,11.224,0,0
1434.24,0.628,-0.239,0,0,0,-0.2588,0.9659,0,0.0,0,0,11.927,0,0
3721.65,1.633,1.262,0,0,0,0.0,-1.0,0,0.1,0,0,11.926,0,0
41.37,0.045,-0.594,0,0,0,-0.7071,-0.7071,0,0.6,11,12,0.283,0,1
2131.37,0.713,-0.228,0,0,0,-0.2588,-0.9659,0,0.0,0,0,12.485,0,0
2139.32,0.701,-0.266,0,0,0,-0.5,0.866,0,0.0,0,1,10.697,2,0
1558.84,1.272,0.404,1,0,0,0.866,-0.5,0,0.0,0,3,10.334,0,0
3509.1,0.845,-0.132,0,0,0,-0.9659,0.2588,0,0.0,0,1,10.037,0,0
336.96,0.431,-0.499,0,0,0,-0.866,0.5,0,0.0,0,3,9.552,1,0
398.63,0.482,-0.5,0,0,0,1.0,0.0,0,0.0,0,1,11.108,0,0
1936.5,1.045,0.043,0,0,0,0.866,-0.5,0,0.1,0,0,11.985,1,0
2858.54,0.363,-0.672,0,0,0,0.2588,-0.9659,0,0.0,0,1,10.618,1,0
2106.41,0.596,-0.693,0,0,0,-1.0,-0.0,0,0.0,0,2,10.182,0,0
175.68,0.245,-0.636,0,0,0,0.7071,-0.7071,0,0.1,0,1,11.334,0,0
1101.97,0.534,-0.213,0,0,0,0.0,-1.0,0,0.0,0,1,10.313,1,1
10280.86,3.002,1.87,0,0,0,-0.5,-0.866,0,0.0,0,0,11.686,0,0
2463.47,1.088,0.46,0,0,0,0.2588,-0.9659,0,0.25,0,2,10.563,0,0
1039.37,0.406,-0.383,0,0,0,-0.2588,-0.9659,0,0.0,0,2,8.844,0,0
500.7,0.793,-0.695,0,0,0,0.0,-1.0,0,0.0,0,1,9.843,3,0
2968.97,1.847,0.709,0,0,0,0.866,-0.5,0,0.2,0,1,11.209,1,1
1528.27,0.473,-2.544,0,0,0,-0.866,0.5,0,0.167,0,0,11.831,0,0
627.11,0.317,-0.689,0,0,0,-0.5,0.866,0,0.0,0,1,11.33,1,0
23.47,0.006,-0.937,0,0,0,0.866,-0.5,0,0.0,4,5,2.625,0,1
319.55,0.347,-0.52,0,0,1,0.866,0.5,0,0.0,0,2,8.319,0,0
743.27,0.328,-0.707,1,0,0,-0.5,0.866,0,0.25,0,1,8.568,0,0
1431.09,0.503,0.0,0,0,0,0.2588,-0.9659,0,0.0,1,1,7.327,1,0
533.54,0.281,-0.637,0,0,0,-0.7071,0.7071,0,0.0,0,0,12.15,1,0
1624.26,1.064,0.185,0,0,0,-0.7071,-0.7071,0,0.1,0,1,11.159,1,0
179.0,0.413,-0.56,0,0,0,-0.7071,-0.7071,0,0.3,0,2,10.329,0,0
206.22,0.52,-0.356,0,0,0,-0.5,-0.866,1,0.1,0,2,9.408,1,0
221.6,0.182,-0.676,0,0,0,-0.866,0.5,0,0.0,0,0,11.559,1,0
904.36,0.488,-0.446,0,0,0,-0.5,0.866,0,0.1,0,1,11.102,0,0
4595.3,1.207,0.206,0,0,0,-0.2588,-0.9659,0,0.0,0,0,11.544,0,0
5919.7,1.009,0.007,0,0,0,-0.5,0.866,0,0.0,0,2,10.666,1,0
1409.97,0.968,-0.03,0,0,0,-0.2588,0.9659,0,0.1,0,1,10.013,1,0
441.53,0.554,-0.53,0,0,1,0.9659,0.2588,0,0.0,0,2,10.737,0,0
777.31,3.261,0.0,0,0,0,0.2588,-0.9659,0,0.0,0,1,10.088,0,0
13405.35,1.728,0.922,0,0,0,-0.866,-0.5,0,0.0,1,3,7.735,4,1
68762.28,11.013,5.397,0,0,0,0.5,-0.866,0,0.2,0,10,8.365,0,1
1938.93,0.463,-0.416,0,0,0,-0.7071,0.7071,0,0.0,0,2,9.575,3,0
9130.4,2.104,1.228,0,0,1,0.5,0.866,1,0.167,1,3,8.182,2,1
1394.5,1.0,0.0,0,0,0,-0.9659,-0.2588,0,0.0,0,0,14.768,0,0
40.7,0.028,-0.662,0,0,0,0.9659,-0.2588,1,0.1,5,6,0.687,2,1
362.67,0.238,-0.725,0,0,0,0.9659,-0.2588,0,0.2,0,2,11.042,0,0
876.31,0.511,-0.465,0,0,0,-0.5,0.866,0,0.1,0,1,9.609,0,0
491.27,0.583,-0.396,0,0,0,0.9659,-0.2588,0,0.0,0,2,10.588,0,0
1153.55,0.384,-0.797,0,0,0,-0.866,-0.5,0,0.0,0,1,11.206,0,0
520.59,1.064,0.054,0,0,0,-0.866,-0.5,0,0.0,0,1,10.505,0,0
846.97,2.774,0.0,0,0,0,0.5,-0.866,0,0.0,0,0,12.385,0,1
2161.57,0.987,-0.011,0,0,0,0.0,-1.0,1,0.1,0,0,13.257,1,0
192.46,0.316,-0.63,0,0,0,0.9659,-0.2588,0,0.0,0,2,10.338,1,0
4151.33,0.998,-0.001,1,0,0,-0.9659,0.2588,0,0.2,0,2,10.771,0,0
473.75,0.614,-0.89,0,0,0,0.7071,-0.7071,0,0.0,0,1,10.84,0,0
5468.58,1.785,0.927,0,0,0,0.7071,-0.7071,0,0.1,0,3,8.847,0,0
25.08,0.019,-0.717,0,0,0,0.0,-1.0,0,0.2,5,7,2.394,1,1
3122.47,0.907,-0.07,0,0,0,0.5,-0.866,0,0.7,0,0,11.868,0,0
53.84,0.04,-1.161,0,1,0,-0.9659,-0.2588,0,0.1,1,1,0.0,0,1
983.51,0.431,-0.382,0,0,0,-1.0,-0.0,0,0.0,0,1,10.067,0,0
840.33,0.581,-0.32,0,0,0,-0.7071,0.7071,0,0.0,0,0,11.623,0,0
3246.53,1.021,0.026,0,0,0,-0.7071,0.7071,0,0.0,0,0,12.026,0,0
1197.41,0.434,-0.5,0,0,0,-0.9659,0.2588,0,0.0,0,0,11.52,1,0
563.41,0.542,-0.362,0,0,0,0.0,-1.0,0,0.1,0,2,8.909,0,0
1986.21,0.964,-0.038,0,0,0,0.2588,-0.9659,0,0.0,0,1,9.733,1,0
1611.49,0.321,-1.29,0,0,0,-0.2588,-0.9659,0,0.143,0,0,11.793,0,0
12568.48,1.797,0.771,0,0,0,-0.2588,-0.9659,0,0.0,0,0,11.37,1,0
1168.62,0.394,-0.497,1,0,0,0.5,-0.866,0,0.2,0,2,10.733,0,0
534.11,0.274,-0.669,0,0,0,0.5,-0.866,0,0.0,0,0,12.621,1,0
1291.53,0.51,-0.341,0,0,0,-0.5,0.866,0,0.0,0,0,11.836,1,0
1293.11,0.302,-0.528,0,0,0,0.866,-0.5,0,0.1,0,0,11.513,0,0
1623.34,0.751,-0.253,0,0,0,-0.7071,-0.7071,0,0.2,0,3,10.738,0,0
458.35,1.0,0.0,0,0,0,0.866,-0.5,0,0.0,0,0,14.768,0,0
395.88,1.113,0.153,0,0,0,-0.9659,-0.2588,0,0.1,0,1,10.944,0,0
390.01,0.252,-1.399,0,0,0,-0.866,-0.5,0,0.0,0,0,11.771,0,0
1390.08,0.402,-0.724,0,0,0,0.5,-0.866,0,0.1,0,0,11.456,0,0
681.72,1.008,0.004,1,0,0,-0.7071,-0.7071,0,0.1,0,0,12.007,0,0
274.84,0.153,-0.769,0,0,0,-0.7071,0.7071,0,0.1,0,2,10.51,1,0
4774.06,1.909,1.766,0,0,0,-0.866,0.5,0,0.2,0,0,12.584,0,0
6298.79,0.86,-0.109,0,0,0,-0.9659,0.2588,0,0.1,0,1,10.298,0,0
2382.41,0.701,-0.289,0,0,0,-0.5,-0.866,0,0.0,0,2,11.039,0,0
562.83,0.331,-0.534,0,0,0,-0.7071,0.7071,0,0.0,0,2,8.67,1,0
252.87,0.364,-0.616,0,0,0,-0.7071,-0.7071,0,0.2,0,1,9.721,1,0
819.02,0.927,-0.788,0,0,0,-0.9659,0.2588,0,0.0,0,2,9.916,1,0
4163.58,1.0,0.0,0,0,0,0.5,-0.866,0,0.0,0,0,14.768,0,0
594.69,0.392,-0.451,0,0,0,-0.9659,-0.2588,0,0.0,0,0,12.503,1,0
4531.76,1.2,0.147,0,0,0,0.7071,-0.7071,0,0.0,0,0,13.163,1,0
57.08,0.013,-0.913,0,1,0,0.7071,-0.7071,0,0.0,2,2,2.993,0,1
845.93,1.054,0.077,0,0,0,-0.2588,0.9659,0,0.1,0,0,11.453,0,0
4046.85,2.112,2.942,0,0,0,-0.9659,-0.2588,0,0.0,0,1,10.891,0,0
50.5,0.022,-0.631,0,0,0,-0.866,-0.5,0,0.1,19,20,4.046,0,1
1400.84,0.929,-0.07,0,0,0,0.2588,-0.9659,0,0.2,0,1,11.272,1,0
13831.22,1.3,0.545,0,0,0,-0.5,0.866,0,0.0,3,3,3.603,3,1
148.38,0.306,-1.449,0,0,0,0.2588,-0.9659,0,0.1,0,0,11.72,0,0
1046.04,0.168,-0.919,0,0,0,0.2588,-0.9659,0,0.0,0,0,12.978,0,0
149.51,0.16,-0.726,0,0,0,-0.2588,-0.9659,0,0.0,0,1,11.109,0,0
2691.19,0.612,-0.302,0,0,0,0.7071,-0.7071,1,0.1,0,2,10.098,0,0
588.73,0.386,-0.589,0,0,0,1.0,0.0,0,0.0,0,0,12.032,1,0
2002.26,0.87,-0.194,0,0,0,0.866,-0.5,0,0.0,0,1,9.687,1,0
498.56,0.191,-0.511,0,0,0,-0.2588,-0.9659,0,0.3,0,29,9.577,0,0
40.22,0.01,-0.954,0,0,0,0.866,-0.5,0,0.0,3,4,3.094,0,1
18987.03,3.043,1.569,0,0,0,-0.866,-0.5,0,0.0,0,1,11.337,1,0
870.39,0.265,-0.67,0,0,0,-0.9659,-0.2588,0,0.0,0,0,11.857,0,0
1608.59,1.0,0.0,0,0,0,0.866,-0.5,0,0.0,0,0,14.768,1,0
695.04,0.35,0.0,1,1,0,-1.0,-0.0,0,0.0,0,0,12.809,0,0
4279.47,9.657,0.0,0,0,0,1.0,0.0,0,0.5,0,1,8.627,0,0
3968.6,2.392,3.337,1,0,0,-0.5,0.866,0,0.0,0,0,13.18,2,1
1173.42,2.263,0.0,0,0,0,-0.7071,0.7071,0,0.0,0,0,11.449,0,0
8926.21,1.112,0.089,0,0,0,-0.2588,0.9659,0,0.0,0,1,9.944,0,0
3826.6,0.685,-0.375,0,0,0,0.5,-0.866,0,0.0,0,0,12.772,1,0
760.84,0.665,-0.27,0,0,0,-0.5,-0.866,0,0.0,0,1,10.155,0,0
2512.15,0.683,-0.287,0,0,0,0.2588,-0.9659,0,0.0,0,2,8.643,0,0
766.48,0.869,-0.137,0,0,0,0.5,-0.866,0,0.1,0,2,10.239,0,0
51.01,0.299,-0.791,0,0,1,0.7071,0.7071,2,0.429,5,5,2.619,0,1
9659.98,2.637,1.508,0,0,0,0.2588,-0.9659,0,0.2,0,1,9.668,0,0
594.18,0.366,-0.545,0,0,0,-0.866,0.5,0,0.1,0,2,11.304,1,0
402.17,0.998,-0.001,0,0,0,-0.2588,-0.9659,0,0.0,0,0,11.625,1,0
1084.97,0.855,-0.295,0,0,0,-0.9659,-0.2588,0,0.0,0,1,10.251,2,0
6210.99,5.248,2.814,0,0,1,0.2588,0.9659,0,0.0,1,2,6.734,0,1
151.15,0.23,-0.652,0,0,0,0.866,-0.5,0,0.2,0,2,11.207,0,0
2741.31,0.838,-0.178,0,0,0,-0.9659,-0.2588,0,0.1,0,0,12.811,0,0
2244.76,0.452,-0.422,0,0,0,-0.9659,0.2588,0,0.1,0,1,11.049,0,0
1087.63,0.593,-0.298,1,0,0,0.5,-0.866,0,0.1,0,1,9.695,2,0
181.29,0.41,-1.023,0,0,0,0.866,-0.5,0,0.0,0,0,11.702,0,0
800.31,0.931,-0.093,0,0,0,-0.9659,-0.2588,1,0.1,0,0,12.255,0,0
848.32,0.948,-0.295,0,0,0,-0.866,-0.5,0,0.333,0,0,11.392,0,0
2936.53,0.491,-0.371,0,0,0,-0.7071,-0.7071,0,0.1,0,3,10.667,1,0
1972.07,1.608,2.043,0,0,0,-0.9659,0.2588,1,0.2,0,3,10.759,1,0
351.22,0.577,-0.383,0,0,0,-0.9659,-0.2588,0,0.0,0,0,11.531,0,0
218.4,0.68,-0.356,0,0,0,-0.9659,0.2588,0,0.1,0,3,9.186,0,0
2199.31,4.528,0.0,0,0,0,0.866,-0.5,0,0.0,0,0,11.734,1,0
9171.94,5.506,13.179,1,1,0,0.0,-1.0,0,0.0,0,0,12.339,2,1
788.7,0.634,-1.026,0,1,0,-0.9659,-0.2588,0,0.0,0,1,10.259,0,0
912.35,0.678,-0.268,0,0,0,0.2588,-0.9659,0,0.0,0,3,10.144,1,0
18981.32,7.977,9.616,1,0,0,-0.9659,0.2588,0,0.1,0,2,10.764,0,0
8614.52,1.594,0.888,0,0,0,-0.2588,-0.9659,0,0.0,2,2,6.739,4,1
933.02,0.549,-0.395,0,0,0,0.0,-1.0,0,0.0,0,0,12.484,1,0
30057.08,15.292,15.0,1,1,1,0.2588,0.9659,0,0.0,0,2,9.967,0,1
570.1,1.0,0.0,0,0,0,0.9659,-0.2588,0,0.0,0,0,14.768,0,0
600.44,0.493,-0.442,0,0,0,0.7071,-0.7071,0,0.0,0,1,10.755,0,0
522.81,0.466,-0.639,0,0,0,0.2588,-0.9659,0,0.0,0,1,10.288,0,0
4197.88,1.728,1.442,0,0,0,-0.5,0.866,1,0.25,2,2,6.355,2,1
1690.84,0.258,-0.573,1,0,0,0.7071,-0.7071,0,0.0,0,2,10.709,0,0
1819.29,1.083,0.345,0,0,0,-0.7071,-0.7071,0,0.0,0,1,11.027,0,0
45.44,0.019,-0.585,0,0,0,0.7071,-0.7071,0,0.2,11,11,2.357,0,1
2830.37,1.259,0.356,0,0,0,-0.866,0.5,0,0.0,0,1,9.765,0,0
25.64,0.052,-0.612,0,0,0,-0.2588,-0.9659,2,0.6,22,22,3.949,1,1
23791.83,5.409,3.581,0,0,0,0.2588,-0.9659,0,0.0,0,1,11.275,1,0
242.91,0.552,-1.247,0,0,0,0.0,-1.0,0,0.0,0,0,12.41,0,0
5174.01,0.8,-0.173,0,0,0,-0.866,0.5,0,0.0,0,0,11.899,1,1
904.88,0.782,-0.584,0,0,0,-0.866,0.5,0,0.0,0,1,9.885,1,0
300.45,0.197,-0.713,0,0,0,0.0,-1.0,0,0.0,0,0,12.457,0,0
3690.17,1.837,1.074,0,0,0,-0.866,-0.5,0,0.0,0,0,13.741,0,0
1075.15,0.414,-0.571,0,0,0,-1.0,-0.0,0,0.143,0,0,11.494,1,0
516.12,0.861,-0.132,0,0,0,-0.7071,0.7071,0,0.0,0,0,12.16,1,0
361.28,0.478,-0.445,0,0,0,0.0,-1.0,0,0.0,0,1,11.261,0,0
593.34,0.191,-0.755,1,0,0,-0.866,0.5,0,0.0,0,2,10.434,0,0
327.56,0.468,-0.242,0,0,0,0.5,-0.866,0,0.0,0,1,9.123,1,0
883.03,0.321,0.0,1,0,0,-0.9659,-0.2588,0,0.0,0,1,9.435,0,0
989.85,0.406,-0.689,0,0,0,0.7071,-0.7071,0,0.0,0,0,11.946,1,0
1519.43,0.462,-0.517,0,0,0,-1.0,-0.0,1,0.2,0,0,11.871,0,0
275.23,0.406,-1.755,0,0,0,0.0,-1.0,0,0.2,0,1,9.796,0,0
3318.09,0.749,-0.174,0,0,0,-0.7071,-0.7071,0,0.0,0,2,8.787,1,0
231.15,0.434,-0.649,0,0,0,0.0,-1.0,0,0.111,0,0,11.986,1,0
684.06,1.271,0.295,0,0,0,-0.866,-0.5,0,0.1,0,0,11.412,0,0
205.92,0.401,-0.586,0,0,0,-0.9659,0.2588,0,0.1,0,0,12.904,0,0
30158.68,4.186,2.227,0,0,0,-1.0,-0.0,0,0.1,0,1,9.823,0,0
45.25,0.022,-1.454,0,0,1,0.7071,0.7071,0,0.4,9,10,4.11,2,1
38748.96,5.667,3.851,0,0,0,0.7071,-0.7071,0,0.0,0,4,9.484,1,1
497.44,0.474,-1.641,0,0,0,0.7071,-0.7071,0,0.0,0,0,13.431,0,0
3016.42,0.887,-0.135,0,0,0,-0.2588,-0.9659,0,0.1,0,1,10.177,0,0
445.12,0.624,-0.305,0,0,0,-0.9659,0.2588,0,0.1,0,2,9.316,2,0
26.34,0.046,-0.534,0,0,0,-0.9659,0.2588,0,0.6,11,11,2.907,0,1
5132.05,7.819,6.699,0,0,0,0.5,-0.866,0,0.0,0,1,11.261,0,0
813.66,0.639,-0.499,0,0,0,0.2588,-0.9659,0,0.1,0,0,12.505,1,0
1924.89,1.144,0.254,0,0,0,0.0,-1.0,0,0.0,0,1,10.586,0,0
408.75,0.968,-0.038,0,0,0,0.866,-0.5,0,0.2,0,3,9.645,1,0
698.28,1.139,0.132,0,0,0,0.2588,-0.9659,0,0.0,0,1,11.246,0,0
905.62,0.39,-0.544,0,0,0,0.7071,-0.7071,0,0.0,0,1,9.014,0,1
1277.44,0.654,-0.296,0,0,0,-0.2588,0.9659,0,0.0,0,1,11.312,0,0
503.11,0.137,-0.701,0,1,0,-1.0,-0.0,0,0.0,0,0,12.283,1,0
963.41,0.375,-1.068,0,0,0,-0.5,-0.866,0,0.0,0,1,10.037,0,0
1195.35,0.448,-0.476,0,0,0,-0.5,-0.866,0,0.0,0,2,10.765,0,0
905.35,1.329,0.544,0,0,0,0.9659,-0.2588,0,0.0,0,1,10.944,0,0
1.22,0.0,-0.558,0,0,0,0.2588,-0.9659,1,0.4,17,17,3.42,1,1
35416.52,4.806,2.237,0,0,0,0.866,-0.5,0,0.1,0,9,8.652,0,1
1491.1,1.0,0.0,0,0,0,0.2588,-0.9659,0,0.0,0,0,14.768,2,0
9503.68,11.662,15.0,1,1,0,0.0,-1.0,0,0.0,0,0,12.414,3,1
6226.92,0.715,0.0,0,0,0,-0.5,0.866,0,0.0,0,1,8.546,0,0
3700.14,0.842,-0.119,0,0,0,0.2588,-0.9659,0,0.1,0,1,9.787,0,0
52.15,0.031,-1.193,0,0,0,-0.866,0.5,0,0.1,7,8,1.763,0,1
49.33,0.034,-0.895,0,0,0,-0.2588,-0.9659,0,0.2,22,23,2.539,0,1
2106.77,0.407,-0.548,0,0,0,-1.0,-0.0,0,0.1,0,0,11.739,0,0
1171.19,0.656,-0.335,0,0,1,0.7071,0.7071,0,0.0,0,1,10.38,1,0
2398.84,2.631,0.727,0,0,0,-0.9659,0.2588,0,0.0,0,1,9.936,0,0
26.12,0.08,-0.615,0,0,0,-0.866,0.5,0,0.2,8,8,3.744,1,1
2605.71,0.669,-0.412,1,0,0,0.5,-0.866,0,0.0,0,1,9.831,0,0
1828.93,1.392,0.609,0,0,0,-0.7071,0.7071,0,0.0,0,0,12.366,1,0
951.31,1.749,0.734,0,0,0,-0.9659,0.2588,0,0.0,0,0,11.887,0,0
677.32,0.774,-0.258,0,0,0,-0.866,-0.5,0,0.1,0,0,12.648,1,0
16178.24,10.813,15.0,0,0,0,0.0,-1.0,0,0.0,0,3,9.835,1,0
29.64,0.014,-0.647,0,0,1,0.866,0.5,1,0.5,11,11,1.847,1,1
28035.16,10.02,15.0,0,0,0,-0.2588,0.9659,0,0.125,0,0,12.33,0,0
556.97,0.728,-0.263,0,0,0,1.0,0.0,0,0.0,0,1,9.689,0,0
35402.36,16.559,15.0,0,0,0,0.2588,-0.9659,0,0.0,0,0,11.531,0,0
3454.09,1.39,0.32,0,0,0,-0.866,0.5,0,0.2,0,1,10.374,0,0
223.44,0.192,-0.641,0,0,0,0.7071,-0.7071,1,0.3,0,1,11.223,0,0
903.29,1.337,0.172,0,0,0,-0.7071,-0.7071,0,0.1,0,0,12.344,1,0
1038.25,0.253,-0.542,0,0,0,-0.9659,-0.2588,0,0.0,0,0,13.144,1,0
662.95,0.83,-0.135,0,0,0,-0.5,-0.866,0,0.0,0,1,11.349,0,0
631.88,0.644,-0.337,0,0,0,-0.2588,-0.9659,0,0.0,0,0,13.026,1,0
576.94,0.389,-0.605,0,0,0,-0.866,0.5,0,0.0,0,0,12.34,0,0
1697.92,0.4,-0.641,0,0,0,-0.9659,0.2588,0,0.1,0,0,11.586,0,0
2141.0,0.549,-0.364,0,0,0,-0.866,-0.5,0,0.2,0,4,10.024,0,0
194.62,0.358,-0.594,0,0,0,0.5,-0.866,0,0.0,0,0,12.204,0,0
1819.46,0.298,-0.544,0,0,0,-0.9659,-0.2588,0,0.0,0,1,10.788,0,0
1592.97,0.807,-0.44,0,0,0,0.9659,-0.2588,0,0.1,0,0,11.475,2,0
1097.6,0.325,-5.0,0,0,0,-0.7071,0.7071,0,0.0,0,2,9.714,0,0
1551.59,1.765,10.043,0,0,0,0.7071,-0.7071,0,0.0,0,0,12.964,1,0
515.36,0.63,-0.359,0,0,0,0.7071,-0.7071,0,0.0,0,2,10.77,0,0
375.42,1.165,0.181,0,0,0,-0.9659,0.2588,0,0.0,0,1,10.624,0,0
1259.15,0.582,-0.856,0,0,0,0.5,-0.866,0,0.0,0,2,10.695,2,0
866.53,0.665,-0.274,0,0,0,-0.866,0.5,0,0.2,0,1,10.561,0,0
1325.19,0.743,-0.236,1,0,0,-0.2588,-0.9659,0,0.0,0,1,10.616,2,0
384.35,0.981,-0.049,0,0,0,0.5,-0.866,0,0.0,0,0,11.776,0,0
688.41,0.772,-0.212,0,0,0,0.7071,-0.7071,0,0.1,0,0,13.327,0,0
1422.99,4.175,11.182,0,0,0,-0.9659,0.2588,0,0.0,0,0,11.7,1,0
3916.85,1.075,0.08,0,0,0,-0.2588,0.9659,0,0.0,0,1,10.904,0,0
2350.29,0.447,-0.491,0,0,0,0.0,-1.0,0,0.0,0,0,11.782,0,0
829.14,0.556,-0.644,0,0,0,-0.5,0.866,0,0.1,0,1,11.313,1,0
14501.71,1.995,1.111,0,0,0,-0.5,0.866,0,0.0,1,1,6.651,3,1
418.23,0.735,-0.42,0,0,0,-0.2588,0.9659,0,0.0,0,0,12.489,1,0
908.59,0.61,-0.324,0,0,0,0.9659,-0.2588,0,0.0,0,0,12.065,1,0
4317.16,2.738,1.302,0,0,0,-0.9659,0.2588,0,0.0,0,1,10.13,1,0
5406.8,1.58,1.044,1,0,0,-0.5,-0.866,0,0.0,0,0,12.583,0,0
1005.66,0.756,-0.353,0,0,0,-0.2588,0.9659,0,0.0,0,1,10.726,1,0
2740.84,1.94,0.88,0,0,0,-0.2588,0.9659,0,0.0,0,0,12.345,0,0
3920.96,3.137,4.456,1,1,0,-0.866,-0.5,0,0.0,0,0,11.62,3,1
3864.64,1.736,0.357,0,0,0,-0.2588,-0.9659,0,0.4,1,1,7.152,1,0
215.66,0.379,-0.713,0,0,0,-0.9659,-0.2588,0,0.2,0,1,10.528,1,0
1111.16,0.255,-0.735,0,0,0,0.0,-1.0,0,0.0,0,0,11.377,0,0
3295.53,1.4,0.667,0,0,0,-0.9659,0.2588,0,0.1,0,0,12.676,0,0
2369.76,0.935,-0.056,0,0,0,-0.866,0.5,0,0.1,0,1,10.95,0,0
1477.64,1.589,1.2,0,0,0,-0.5,-0.866,0,0.2,0,0,12.417,1,0
1311.94,4.983,0.0,1,0,0,0.866,-0.5,0,0.0,0,1,10.676,0,0
27.18,0.011,-0.691,0,0,0,-0.866,-0.5,1,0.2,15,16,0.408,0,1
907.89,0.391,-1.328,0,0,0,-0.2588,-0.9659,0,0.2,0,0,13.222,0,0
671.85,1.178,0.422,0,0,0,-0.2588,0.9659,0,0.0,0,1,10.957,1,0
2168.71,0.425,-0.49,0,0,0,-1.0,-0.0,0,0.1,0,0,12.013,0,0
1093.7,0.315,-0.624,0,0,0,-0.2588,0.9659,0,0.0,0,1,11.278,1,0
694.73,0.741,-0.208,0,0,0,-0.5,-0.866,0,0.1,0,1,11.238,0,0
2129.38,0.516,-0.402,0,0,0,0.9659,-0.2588,1,0.1,0,0,12.211,0,0
1284.78,0.637,-0.259,0,0,0,-0.5,-0.866,0,0.3,0,0,11.931,2,0
1419.11,0.397,-0.599,0,0,0,-0.9659,0.2588,0,0.1,0,3,10.588,0,0
606.66,0.638,-0.252,0,0,0,0.7071,-0.7071,0,0.0,0,2,9.607,0,0
629.08,0.407,-0.729,0,0,0,-0.2588,0.9659,0,0.1,0,1,10.645,0,0
743.14,0.553,-0.468,0,0,0,0.5,-0.866,0,0.0,0,1,11.365,2,0
159.0,0.153,-0.61,0,0,0,-0.9659,0.2588,0,0.125,0,0,11.905,0,0
399.55,0.385,-0.545,0,0,0,1.0,0.0,0,0.1,0,1,10.814,0,0
1608.12,2.208,0.989,0,0,0,0.0,-1.0,0,0.0,0,1,11.11,0,0
510.8,0.952,-0.051,0,0,0,1.0,0.0,0,0.125,0,1,11.245,1,0
1892.7,0.849,-0.261,0,0,0,-0.7071,0.7071,0,0.0,0,1,8.511,1,0
2570.83,0.869,-0.102,0,0,0,-0.5,0.866,0,0.0,2,4,6.683,0,0
1535.61,0.736,-0.252,0,0,0,1.0,0.0,0,0.0,0,0,11.78,0,0
40.16,0.007,-0.812,0,0,0,0.2588,-0.9659,0,0.1,4,4,2.104,1,1
14791.75,5.554,4.524,0,0,0,-0.9659,0.2588,0,0.1,0,3,10.698,1,0
3311.94,1.4,0.328,0,0,0,-0.5,0.866,0,0.0,0,4,9.191,1,0
1642.01,0.457,-0.889,0,0,0,-0.2588,-0.9659,0,0.0,0,0,11.608,0,0
783.0,0.225,-0.586,0,0,0,-0.2588,-0.9659,0,0.1,0,0,11.584,0,0
9.03,0.002,-0.708,0,0,0,0.2588,-0.9659,0,0.3,8,8,2.7,1,0
1509.52,0.289,-0.54,0,0,0,0.5,-0.866,0,0.0,0,3,9.041,0,0
1806.32,0.508,-0.409,0,0,0,-0.7071,-0.7071,0,0.111,0,0,11.4,0,0
126.22,0.167,-0.581,0,0,0,-0.866,-0.5,0,0.0,0,0,11.989,0,0
1494.48,1.111,0.176,0,0,0,-0.866,-0.5,0,0.0,0,0,11.705,0,0
2145.56,0.274,-0.529,0,0,0,-0.5,-0.866,0,0.1,0,0,12.797,1,0
2294.54,0.494,-0.578,0,0,0,-0.2588,0.9659,0,0.0,0,0,12.212,0,0
13141.0,1.724,0.633,0,0,0,0.5,-0.866,0,0.1,0,1,10.33,1,0
572.12,0.493,-0.48,0,0,0,1.0,0.0,0,0.0,0,2,9.905,1,0
4937.08,0.597,-0.318,0,0,0,-0.866,0.5,0,0.0,0,1,11.204,0,0
1032.16,0.615,-0.357,0,0,0,-0.9659,-0.2588,0,0.0,0,0,11.403,1,0
264.58,0.398,-0.503,0,0,0,-0.9659,-0.2588,1,0.25,0,0,12.901,2,0
2143.43,0.411,-0.595,0,0,0,-0.7071,-0.7071,0,0.0,0,2,10.946,0,0
1347.89,0.571,-0.45,0,0,0,-0.2588,0.9659,0,0.1,0,1,10.806,1,0
729.24,0.869,-0.157,0,0,0,0.7071,-0.7071,0,0.1,0,0,11.506,0,0
1523.88,0.537,-0.462,0,0,0,0.866,-0.5,0,0.111,0,1,10.754,1,0
2049.33,0.514,-0.408,0,0,0,0.0,-1.0,0,0.0,0,1,9.702,0,0
570.25,0.745,-0.652,0,0,0,-0.9659,-0.2588,0,0.0,0,2,11.104,0,0
25165.77,1.127,0.0,0,0,0,-0.2588,0.9659,0,0.0,1,1,5.95,0,0
795.22,0.451,-0.591,0,0,0,-0.5,-0.866,0,0.0,0,0,13.172,0,0
970.76,1.0,0.0,0,0,0,0.9659,-0.2588,0,0.0,0,0,14.768,0,0
644.28,0.6,-0.899,0,0,0,0.7071,-0.7071,0,0.0,0,0,11.487,0,0
1615.09,0.727,-0.232,0,0,0,0.5,-0.866,0,0.3,0,1,11.25,1,0
1377.87,0.88,-0.1,0,0,0,-0.2588,0.9659,0,0.1,0,1,9.404,0,0
3141.79,2.1,0.0,0,0,0,0.866,-0.5,0,0.0,0,1,9.723,0,0
2237.81,9.146,5.901,0,0,0,-0.5,-0.866,0,0.0,0,2,9.903,1,0
56.4,0.05,-0.677,0,1,0,-0.7071,-0.7071,1,0.1,3,4,2.256,0,1
576.25,0.527,-2.998,0,0,0,-0.9659,0.2588,2,1.0,0,0,11.886,0,0
1190.11,0.843,-0.139,0,0,0,-0.7071,-0.7071,0,0.0,0,0,12.543,0,0
499.16,1.417,0.809,0,0,0,-1.0,-0.0,0,0.0,0,1,11.217,0,0
938.06,1.047,0.05,0,0,0,-0.5,0.866,0,0.1,0,2,10.104,0,0
14595.87,7.932,0.0,0,0,0,0.5,-0.866,2,0.667,2,2,3.324,4,1
12.46,0.003,-0.884,0,0,0,0.866,-0.5,0,0.0,7,8,2.951,0,1
1216.32,1.139,0.405,0,0,0,-1.0,-0.0,0,0.0,0,1,9.904,0,0
920.29,1.0,0.0,0,0,0,-0.866,0.5,0,0.0,0,0,14.768,0,0
25.6,0.021,-0.837,0,0,0,-0.7071,0.7071,0,0.1,4,5,2.782,0,1
1107.83,1.268,0.359,0,0,0,-0.2588,0.9659,0,0.2,0,3,10.026,0,0
3679.21,1.133,0.118,0,0,0,-0.866,0.5,0,0.0,0,2,9.284,0,0
2087.1,1.38,0.32,0,0,0,-0.5,0.866,0,0.1,0,1,11.085,0,0
1564.09,0.177,-0.624,0,0,0,-0.9659,0.2588,0,0.3,0,1,10.983,0,0
213.16,0.198,-0.355,0,0,0,-0.866,0.5,0,0.0,0,1,10.049,0,0
1401.94,0.983,-0.021,0,0,0,-0.7071,-0.7071,0,0.1,0,0,12.451,1,0
3362.28,1.23,0.625,0,0,0,-0.2588,0.9659,0,0.0,0,1,10.769,0,0
34.9,0.169,-0.743,0,0,0,-0.7071,0.7071,1,0.1,21,23,2.413,1,1
1000.91,0.587,-0.391,0,0,0,0.0,-1.0,0,0.0,0,0,13.503,0,0
6517.84,1.395,0.623,0,0,0,-1.0,-0.0,0,0.25,3,3,7.143,2,1
1373.33,0.645,-0.169,0,0,0,0.0,-1.0,0,0.0,0,1,9.25,1,0
1444.33,0.67,-0.209,0,0,0,-0.2588,0.9659,0,0.0,0,1,10.637,0,0
1815.14,1.213,0.524,0,0,0,1.0,0.0,0,0.0,0,1,10.018,1,0
48.81,0.026,-3.449,0,1,0,0.5,-0.866,0,0.0,1,1,0.0,0,1
593.21,1.087,0.221,0,0,0,-0.2588,-0.9659,0,0.0,0,0,12.625,3,0
593.74,1.475,0.734,0,0,0,0.2588,-0.9659,0,0.2,0,0,12.282,1,0
8846.67,2.406,1.472,0,0,0,0.0,-1.0,0,0.25,2,2,7.087,3,1
3573.69,3.372,1.991,0,0,0,-0.2588,0.9659,0,0.0,0,1,11.24,1,0
275.56,0.227,-0.352,0,0,0,-0.7071,0.7071,0,0.0,0,0,11.758,0,0
3865.73,3.753,5.542,1,1,0,-0.866,-0.5,0,0.0,0,0,11.402,3,1
310.33,0.698,-0.479,0,0,0,-0.7071,-0.7071,0,0.0,0,1,10.222,0,0
15340.18,16.573,8.563,0,0,1,0.5,0.866,0,0.5,0,35,9.36,2,1
337.48,0.722,-0.617,0,0,0,0.9659,-0.2588,0,0.0,0,0,11.715,1,0
4224.86,0.561,-0.451,0,0,0,0.7071,-0.7071,0,0.0,0,1,11.174,1,0
2077.58,0.573,-0.343,1,0,0,1.0,0.0,0,0.1,0,1,9.707,2,0
8827.55,2.209,0.924,0,0,0,0.2588,-0.9659,0,0.1,0,1,10.839,0,0
856.11,0.61,-0.155,0,0,0,-0.9659,0.2588,0,0.3,0,0,12.001,1,0
44165.89,8.586,5.162,1,0,0,0.2588,-0.9659,0,0.1,0,9,9.1,0,1
4984.93,1.0,0.0,0,0,0,-0.866,0.5,0,0.0,0,0,14.768,0,0
3051.26,0.446,-0.453,0,0,0,-0.2588,-0.9659,0,0.0,0,0,12.986,1,0
1655.6,0.754,0.0,0,0,0,-0.2588,0.9659,0,0.0,0,1,11.184,1,0
6943.17,2.959,1.919,0,0,0,-0.866,0.5,0,0.0,0,1,10.533,0,0
2548.84,0.556,-0.409,0,0,0,-0.5,0.866,0,0.1,0,1,9.519,0,0
3632.74,0.683,-0.252,0,0,0,0.0,-1.0,0,0.0,0,0,12.241,1,0
4276.2,2.465,1.113,0,0,0,0.0,-1.0,0,0.0,0,2,9.537,0,0
2420.45,0.983,-0.026,0,0,0,-1.0,-0.0,1,0.2,0,0,12.694,0,0
667.6,0.249,-0.747,0,0,0,-0.7071,0.7071,0,0.2,0,1,9.518,0,0
2664.72,2.836,3.399,0,0,0,0.7071,-0.7071,1,0.2,0,0,11.708,0,0
1875.97,0.343,-0.415,0,0,0,-0.9659,0.2588,0,0.1,1,6,5.553,2,0
57.67,0.021,-0.666,0,0,1,0.9659,0.2588,1,0.3,7,9,2.705,0,1
3173.87,0.686,-0.378,0,0,0,-0.9659,-0.2588,0,0.0,0,1,11.216,1,0
909.73,0.507,-0.472,0,0,0,0.0,-1.0,0,0.1,0,3,9.118,2,0
917.67,0.228,-0.653,0,0,0,-0.7071,-0.7071,0,0.0,0,1,8.76,0,0
2013.83,0.653,-0.281,0,0,0,0.866,-0.5,0,0.1,0,0,11.793,1,0
2717.87,2.509,2.401,0,0,0,-0.5,-0.866,0,0.2,0,1,8.509,0,0
2740.91,1.322,0.298,0,0,0,-0.866,-0.5,0,0.1,0,1,11.175,0,0
906.85,1.173,0.342,0,0,0,-1.0,-0.0,0,0.0,0,0,12.208,0,0
790.56,0.303,-0.565,0,0,0,0.0,-1.0,0,0.1,0,0,12.622,0,0
6055.27,2.577,1.344,1,0,1,0.5,0.866,0,0.0,0,5,8.499,1,0
2797.99,1.29,0.595,0,0,0,0.5,-0.866,0,0.25,0,0,12.512,1,0
2669.25,0.97,-0.022,0,0,0,-1.0,-0.0,0,0.0,0,0,11.601,0,0
19339.56,6.544,6.77,0,0,0,0.7071,-0.7071,0,0.0,0,1,10.027,0,0
3884.46,0.737,-0.299,0,0,0,-0.5,0.866,0,0.0,0,0,11.866,0,0
815.83,0.27,-0.569,0,0,0,-0.9659,0.2588,0,0.2,0,2,10.676,0,0
4135.58,2.421,1.168,0,0,0,-0.866,-0.5,0,0.1,0,1,9.567,1,0
621.39,0.501,-0.398,0,0,0,-0.2588,0.9659,0,0.0,0,1,9.512,1,0
736.37,0.699,0.0,0,0,0,0.2588,-0.9659,0,0.5,0,0,11.625,0,0
1389.72,0.893,-0.183,1,0,0,-0.866,-0.5,0,0.0,0,1,10.31,2,0
431.24,0.398,-0.49,0,0,0,-0.7071,0.7071,0,0.0,0,1,10.414,1,0
337.91,0.4,-0.542,0,0,0,-0.9659,0.2588,0,0.0,1,2,7.246,1,0
680.0,0.15,-0.738,0,0,0,-0.2588,-0.9659,0,0.0,0,0,12.094,0,0
32.73,0.03,-0.645,0,0,1,0.5,0.866,0,0.5,16,16,3.682,0,0
679.4,0.636,-0.446,0,0,0,-0.9659,0.2588,0,0.25,0,0,11.547,0,0
2197.64,0.255,-0.691,0,0,0,0.5,-0.866,0,0.25,0,0,12.317,0,0
5092.0,2.816,1.579,0,0,0,-0.7071,0.7071,0,0.0,0,1,11.06,0,0
460.24,0.464,-0.502,0,0,0,0.9659,-0.2588,0,0.1,0,0,11.605,0,0
481.33,0.182,-0.815,0,0,0,-0.9659,-0.2588,0,0.0,0,0,14.314,1,0
1854.37,0.974,-0.02,0,0,0,-0.9659,0.2588,0,0.0,0,0,12.164,0,0
420.36,0.247,-2.236,0,0,0,0.5,-0.866,0,0.0,0,1,11.329,2,1
2237.35,1.543,0.529,0,0,0,-0.9659,0.2588,0,0.0,0,0,11.934,1,0
721.17,1.007,0.01,0,0,0,0.5,-0.866,0,0.0,0,2,10.585,1,0
226.8,0.664,-0.958,1,0,0,0.0,-1.0,0,0.0,0,2,10.925,1,1
920.18,0.334,-0.547,0,0,0,-0.866,-0.5,0,0.0,0,1,10.842,0,0
7762.72,3.698,2.422,0,0,0,-0.7071,0.7071,0,0.0,0,0,11.43,1,0
3357.09,0.554,-0.403,0,0,0,-0.5,-0.866,0,0.1,0,0,12.63,0,0
587.91,1.072,0.075,0,0,0,-0.2588,0.9659,0,0.2,0,0,11.712,0,0
508.43,0.725,-0.682,0,0,0,-0.5,-0.866,0,0.0,0,3,9.383,0,0
787.08,0.81,-0.18,0,0,0,0.7071,-0.7071,0,0.0,0,1,10.441,1,0
1394.9,0.923,-0.072,0,0,0,-0.866,-0.5,0,0.1,0,1,10.473,1,0
4599.92,1.02,0.014,0,0,0,-0.2588,-0.9659,0,0.0,0,1,9.999,1,0
758.13,0.983,-0.047,0,0,0,-0.2588,0.9659,0,0.143,0,0,12.917,1,0
1560.22,0.815,-0.291,0,0,0,-0.7071,0.7071,0,0.1,0,3,8.573,0,0
752.75,1.758,0.875,0,0,0,0.2588,-0.9659,1,0.2,0,0,11.479,1,0
26.0,0.024,-0.753,0,0,0,-0.7071,0.7071,1,0.2,8,9,1.823,0,1
1373.05,0.378,-0.603,0,0,0,-0.7071,0.7071,0,0.0,0,0,12.024,0,0
26520.43,13.558,15.0,0,0,1,0.2588,0.9659,0,0.2,0,1,10.195,0,0
1097.01,0.495,-0.416,0,0,0,-0.2588,0.9659,0,0.0,0,0,12.26,0,0
85145.58,9.634,5.258,1,0,0,0.0,-1.0,0,0.1,0,11,8.641,1,1
2293.52,0.844,-0.121,0,0,0,-0.866,0.5,0,0.0,0,1,9.504,0,0
3177.68,1.016,0.151,0,0,0,-0.866,0.5,0,0.0,0,1,11.044,0,0
1364.77,0.519,-0.458,0,0,0,-0.5,0.866,1,0.1,0,3,11.062,0,0
204.29,0.547,-0.961,0,0,0,-1.0,-0.0,0,0.0,0,1,10.09,0,0
1422.49,0.286,0.0,0,0,0,-0.9659,-0.2588,0,0.0,0,0,11.446,1,0
636.67,1.0,0.0,0,0,0,0.7071,-0.7071,0,0.0,0,0,14.768,0,0
2598.87,1.0,0.0,0,0,0,-0.866,0.5,0,0.0,0,0,14.768,0,0
1221.23,0.386,-0.516,0,0,0,0.7071,-0.7071,0,0.1,1,3,7.948,0,0
1381.11,0.349,-0.574,0,0,0,0.5,-0.866,0,0.0,0,2,8.631,1,0
524.62,0.665,-0.828,0,0,0,-0.7071,0.7071,0,0.0,0,2,10.725,0,0
679.28,0.1,-0.781,0,0,0,-0.2588,0.9659,0,0.0,0,2,10.409,0,0
796.97,0.263,-0.656,0,0,0,-0.2588,0.9659,0,0.1,0,2,10.269,1,0
668.91,0.438,-0.498,0,0,0,-0.5,-0.866,0,0.2,0,1,10.895,0,0
255.49,0.051,-1.671,0,0,0,0.2588,-0.9659,0,0.0,0,1,10.272,0,0
3868.36,0.847,-0.131,0,0,0,-0.866,0.5,0,0.0,0,3,9.781,0,0
2427.75,1.0,0.0,0,0,0,-0.9659,0.2588,0,0.0,0,0,14.768,2,0
46.51,0.11,-0.622,0,0,1,0.9659,0.2588,0,0.2,13,15,3.345,0,1
807.85,0.778,-0.194,0,0,0,0.2588,-0.9659,0,0.0,0,0,11.729,1,0
1883.26,0.806,-0.283,0,0,0,0.0,-1.0,0,0.0,0,0,11.833,1,0
2074.65,1.86,0.0,0,0,0,-0.866,-0.5,0,0.0,0,1,11.314,0,0
2441.22,1.22,0.225,0,0,0,-0.7071,0.7071,0,0.1,0,3,9.065,0,0
297.54,0.361,-0.536,0,0,0,-1.0,-0.0,0,0.0,0,1,8.542,0,0
1386.01,1.267,1.462,0,0,0,0.5,-0.866,1,0.333,0,0,12.973,0,0
1375.74,0.575,-0.937,0,0,0,-0.2588,-0.9659,0,0.0,0,0,11.626,0,0
670.04,0.482,-0.988,0,0,0,0.7071,-0.7071,0,0.1,0,2,9.835,1,0
1009.77,0.905,-1.495,0,0,0,-0.866,0.5,0,0.0,0,0,12.099,2,0
2187.62,1.016,0.013,0,0,0,-0.7071,0.7071,0,0.1,1,3,5.852,0,0
1355.34,0.86,-0.364,0,0,0,-0.7071,-0.7071,0,0.0,0,0,13.475,0,0
244.89,0.12,-0.402,0,0,0,0.7071,-0.7071,0,0.0,0,1,11.058,1,0
465.56,1.015,0.032,1,0,0,-0.7071,-0.7071,0,0.0,0,0,13.182,1,0
386.01,0.402,-0.535,0,0,0,-0.9659,0.2588,0,0.0,0,3,9.963,0,0
1487.66,0.183,-0.608,0,0,0,-0.9659,0.2588,0,0.0,0,0,12.219,0,0
1021.49,0.454,-0.467,1,0,0,-0.9659,0.2588,0,0.0,0,2,10.588,0,0
447.05,0.019,-0.49,0,0,0,-0.9659,0.2588,0,0.0,0,0,11.973,1,0
569.15,0.819,-0.153,0,0,0,0.2588,-0.9659,0,0.0,0,2,9.848,0,0
862.55,1.078,0.438,0,0,0,-0.7071,0.7071,0,0.0,0,2,9.768,1,0
764.68,0.791,-0.218,0,0,0,0.0,-1.0,1,0.1,0,1,10.567,1,0
2344.31,0.955,-0.187,0,0,0,-0.866,0.5,0,0.0,0,0,11.783,1,0
36.38,0.008,-0.849,0,0,0,-0.9659,0.2588,1,0.2,4,4,2.648,0,1
1468.88,0.516,-0.709,0,0,0,-0.866,-0.5,1,0.2,0,2,10.473,0,0
225.47,0.33,-0.874,0,0,0,-0.9659,-0.2588,0,0.25,0,0,11.455,1,0
23.77,0.026,-1.014,0,0,0,-0.5,0.866,0,0.4,12,13,2.092,0,1
548.31,0.524,-0.21,0,0,0,-0.9659,0.2588,0,0.0,0,2,9.869,0,0
2927.04,0.57,-0.722,0,0,0,-0.2588,0.9659,0,0.0,0,3,10.127,0,0
2210.51,0.511,-0.411,0,0,0,-0.2588,0.9659,0,0.1,0,2,8.41,0,0
1141.03,0.764,-0.199,0,0,0,-0.866,0.5,0,0.0,0,0,11.72,1,0
6480.28,4.154,2.737,0,1,0,-0.9659,-0.2588,0,0.0,0,0,11.875,1,0
773.72,0.521,-2.876,0,0,0,0.2588,-0.9659,0,0.143,0,2,11.115,0,0
1464.03,1.0,0.0,0,0,0,0.7071,-0.7071,0,0.0,0,0,14.768,1,0
4073.85,1.086,0.075,0,0,0,-0.2588,0.9659,0,0.2,0,1,11.173,0,0
488.2,0.443,-1.192,1,0,0,0.5,-0.866,0,0.125,0,0,12.619,0,0
365.96,0.338,-0.54,0,0,0,-0.7071,-0.7071,2,0.2,0,3,10.47,0,0
48.05,0.176,-0.788,0,0,0,0.866,-0.5,0,0.3,21,23,2.783,0,1
2855.13,0.787,-0.17,0,0,0,-0.5,0.866,0,0.0,0,0,12.791,1,0
647.74,0.473,-0.661,0,0,0,-0.5,-0.866,0,0.1,0,0,12.381,1,0
3947.98,0.987,-0.011,1,0,0,0.866,-0.5,0,0.0,0,0,12.748,0,0
414.53,0.937,-0.148,0,0,0,-0.2588,0.9659,0,0.167,0,0,12.048,2,0
45.11,0.086,-0.673,0,0,0,-0.2588,0.9659,1,0.4,24,27,3.753,1,1
3752.08,1.133,0.111,0,0,0,-0.866,0.5,0,0.0,0,1,10.321,0,0
1428.23,0.143,0.0,0,0,0,-0.9659,0.2588,0,0.0,0,0,13.968,0,0
10.46,0.005,-0.698,0,0,1,0.866,0.5,0,0.3,6,6,0.605,1,1
2930.41,0.496,-0.428,0,0,0,-0.9659,0.2588,0,0.0,0,2,10.381,0,0
1751.03,0.904,-0.081,0,0,0,-1.0,-0.0,0,0.0,0,2,10.212,0,0
1580.94,0.426,-0.458,0,0,0,-0.2588,-0.9659,0,0.1,0,2,10.132,0,0
1678.94,0.681,-0.284,0,0,0,-0.7071,0.7071,0,0.2,0,0,12.28,0,0
4920.26,3.259,2.442,0,0,0,-1.0,-0.0,0,0.0,0,2,10.013,0,0
342.45,0.674,-0.304,0,0,0,-0.9659,-0.2588,0,0.1,0,0,12.187,1,0
797.84,0.602,-0.419,0,0,0,-0.5,-0.866,0,0.1,0,0,11.645,1,0
1899.76,0.858,-0.065,0,0,0,-0.5,-0.866,0,0.5,0,0,11.521,1,0
1825.25,1.029,0.058,0,0,0,-0.7071,0.7071,0,0.0,0,0,12.243,1,0
3301.18,3.198,5.473,0,0,0,-0.7071,0.7071,0,0.0,0,2,10.986,0,0
1373.7,0.634,-0.48,0,0,0,-0.7071,0.7071,0,0.2,0,1,9.743,1,0
1423.64,0.477,-0.406,0,0,0,-0.2588,0.9659,0,0.0,1,3,7.049,0,0
59.2,0.03,-1.338,0,0,1,0.7071,0.7071,0,0.4,10,11,3.288,2,1
585.76,1.0,0.0,0,0,0,0.7071,-0.7071,0,0.0,0,0,14.768,0,0
789.01,0.435,-0.512,0,0,0,-0.5,0.866,0,0.0,0,0,12.094,1,0
13619.73,2.275,1.258,0,0,0,-0.866,-0.5,0,0.0,1,1,6.861,4,1
2822.38,0.666,-0.254,0,0,0,0.9659,-0.2588,0,0.2,0,0,11.367,0,0
1761.44,0.954,-0.045,0,0,0,-1.0,-0.0,1,0.1,0,0,11.745,0,0
164.21,0.185,-0.67,0,0,0,0.0,-1.0,0,0.0,0,1,10.563,1,0
17.17,0.006,-0.711,0,0,0,-0.9659,0.2588,3,0.6,20,20,2.292,0,1
1213.12,0.656,-0.317,1,0,0,-0.7071,-0.7071,0,0.0,0,1,11.172,0,0
1046.13,0.645,-1.094,0,0,0,-0.9659,0.2588,0,0.111,0,0,11.876,0,0
551.12,1.484,0.997,0,0,0,0.2588,-0.9659,0,0.0,1,3,6.975,1,0
7837.5,2.77,1.636,0,0,0,-0.866,-0.5,0,0.1,0,1,10.83,1,0
490.34,0.412,-0.485,0,0,0,1.0,0.0,0,0.0,0,0,12.349,2,0
789.92,0.139,-0.571,0,0,0,-0.2588,-0.9659,0,0.0,0,4,9.219,0,0
480.23,0.745,-0.224,0,0,0,-0.7071,-0.7071,0,0.0,0,0,11.508,0,0
1474.66,0.985,-0.044,0,0,0,-0.7071,-0.7071,0,0.1,0,1,10.252,0,0
2924.33,0.853,-0.117,0,0,0,0.2588,-0.9659,0,0.0,0,3,8.747,0,0
983.41,0.376,-0.61,0,0,0,-0.9659,0.2588,0,0.2,0,2,10.045,0,0
4403.91,0.656,-0.337,0,0,0,0.5,-0.866,0,0.0,0,0,11.521,1,0
188.63,0.343,-0.473,0,0,0,0.5,-0.866,0,0.1,0,0,11.802,1,0
13386.56,4.88,15.0,0,0,0,-0.7071,0.7071,0,0.0,0,0,12.969,1,0
1122.75,0.76,-0.418,0,0,0,-0.9659,-0.2588,0,0.0,0,1,10.193,0,0
3577.78,0.434,-0.527,0,0,0,-0.2588,0.9659,0,0.0,0,3,9.847,0,0
1508.85,1.056,0.042,0,0,0,-0.866,0.5,0,0.1,1,3,5.637,0,0
340.54,0.889,-0.27,0,0,0,-0.5,-0.866,0,0.0,0,0,12.749,1,0
129.89,0.462,-1.105,0,0,0,-0.9659,0.2588,0,0.1,0,2,8.907,0,0
839.74,0.349,-0.525,0,0,0,0.7071,-0.7071,0,0.0,0,1,11.277,1,0
380.29,0.685,-0.238,0,0,0,-0.9659,0.2588,0,0.2,0,1,11.338,0,0
369.12,0.394,-0.268,0,0,0,-0.7071,0.7071,0,0.0,0,1,11.271,0,0
1520.92,2.171,3.941,0,0,0,0.2588,-0.9659,0,0.0,0,0,12.973,0,0
3576.74,1.604,0.41,0,0,0,-0.5,0.866,0,0.2,0,1,10.486,1,0
795.93,0.619,-0.308,0,0,0,0.0,-1.0,0,0.1,0,0,11.634,0,0
1588.35,0.155,0.0,1,0,0,-0.2588,-0.9659,0,0.0,1,1,7.834,2,0
29450.52,9.178,12.963,1,0,0,-0.866,0.5,0,0.222,0,0,11.477,0,0
7439.35,1.317,0.285,0,0,0,-0.7071,0.7071,0,0.1,0,0,11.744,1,0
23866.54,4.756,3.249,0,0,0,-0.9659,-0.2588,0,0.0,0,0,11.881,0,0
716.3,0.063,-0.387,1,0,0,-0.9659,0.2588,1,0.2,0,5,9.652,1,0
1365.58,0.377,-0.582,0,0,0,-0.866,-0.5,0,0.0,1,1,7.624,1,0
1374.83,1.146,0.117,0,0,0,-0.2588,0.9659,0,0.0,0,0,12.211,1,0
2656.89,0.49,-0.44,0,0,0,0.0,-1.0,0,0.0,0,2,11.062,1,0
15646.4,4.97,4.192,0,0,0,0.2588,-0.9659,0,0.1,0,1,10.025,0,0
619.66,0.452,-0.626,0,1,0,-0.7071,-0.7071,0,0.0,0,2,8.958,0,0
19.71,0.008,-0.673,0,0,0,-0.2588,-0.9659,0,0.6,10,11,2.923,0,1
252.28,0.853,-0.302,0,0,0,-0.2588,0.9659,0,0.0,0,1,9.808,0,0
450.45,0.171,-0.812,0,0,0,0.5,-0.866,0,0.0,0,0,11.876,0,0
5.72,0.006,-1.092,0,0,0,-0.5,0.866,0,0.4,11,12,3.17,0,1
1827.49,0.601,-0.702,0,0,0,0.5,-0.866,0,0.0,0,1,10.863,0,0
16435.23,7.915,5.939,0,0,0,0.9659,-0.2588,0,0.0,0,4,9.273,1,1
9581.73,1.435,0.425,0,0,0,-0.2588,0.9659,0,0.0,0,0,11.763,0,0
43.15,0.034,-0.678,0,0,0,0.0,-1.0,2,0.4,9,11,2.964,1,1
713.1,0.226,-0.683,0,0,0,-0.2588,0.9659,0,0.1,0,0,11.475,0,0
1142.56,1.398,0.538,0,0,0,0.5,-0.866,0,0.0,1,4,7.299,0,0
3452.14,7.889,15.0,0,0,0,-0.2588,0.9659,0,0.143,0,1,11.196,2,0
33.47,0.021,-1.017,0,0,0,-0.5,-0.866,0,0.0,9,9,2.12,2,1
363.88,0.777,-0.22,0,0,0,0.2588,-0.9659,0,0.0,0,0,11.709,1,0
5632.29,1.025,0.022,0,0,0,-1.0,-0.0,0,0.0,0,0,11.394,0,0
4156.31,1.199,0.971,0,0,0,-1.0,-0.0,1,0.333,0,0,11.697,1,0
1197.58,1.436,0.791,0,0,0,0.0,-1.0,0,0.0,0,1,10.048,1,0
2058.87,2.4,0.799,0,0,0,-0.7071,-0.7071,0,0.4,0,1,11.323,0,0
1277.85,1.029,0.023,0,0,0,-0.2588,-0.9659,0,0.0,0,1,10.688,0,0
3169.51,2.181,3.273,0,0,0,0.2588,-0.9659,0,0.0,0,0,13.849,0,0
321.53,0.636,-0.281,0,0,0,-1.0,-0.0,0,0.0,1,5,5.219,1,0
3572.48,0.921,-0.035,0,0,0,-1.0,-0.0,0,0.1,0,0,12.315,1,0
2462.91,0.487,-0.459,0,0,0,-0.2588,-0.9659,0,0.1,0,1,10.673,1,0
561.29,0.448,-0.499,1,0,0,0.5,-0.866,0,0.0,1,1,7.475,0,0
1372.71,0.658,-0.352,0,0,0,-0.9659,0.2588,0,0.1,0,1,9.246,1,0
21284.95,8.984,6.013,0,0,1,0.866,0.5,1,0.2,2,4,6.914,0,1
238.71,0.318,-0.604,0,0,0,-0.9659,-0.2588,0,0.167,0,0,11.478,2,0
358.71,0.956,-0.135,0,0,0,-0.866,0.5,0,0.0,0,0,11.788,0,0
1080.66,0.448,-0.441,0,0,0,-0.7071,0.7071,0,0.0,0,1,9.947,1,0
1440.08,0.627,-0.264,0,0,0,0.5,-0.866,0,0.0,0,1,11.127,1,0
2185.12,1.55,1.179,0,0,0,-0.7071,-0.7071,0,0.2,0,2,8.783,1,0
2960.41,0.513,-0.432,0,0,0,0.5,-0.866,0,0.0,0,0,11.594,0,0
366.82,0.915,-0.134,0,0,0,-0.2588,-0.9659,0,0.1,0,2,10.769,1,0
250.85,0.29,-1.374,0,0,0,0.2588,-0.9659,0,0.0,0,1,11.161,1,0
692.93,0.561,-0.351,0,0,0,-0.7071,0.7071,0,0.111,0,3,9.103,0,0
2471.59,0.756,-0.178,0,0,0,-0.9659,0.2588,0,0.2,0,1,10.732,0,0
1088.21,0.473,-0.555,0,0,0,0.866,-0.5,0,0.0,0,3,9.92,0,0
5280.42,1.636,1.777,0,0,0,-0.2588,-0.9659,0,0.0,0,2,9.869,0,0
1768.52,0.629,-0.327,0,0,0,-0.7071,0.7071,0,0.0,0,0,11.812,1,0
204.23,0.394,-0.471,0,0,0,-0.7071,0.7071,0,0.0,0,4,9.591,1,0
4003.94,1.637,0.0,1,0,0,-1.0,-0.0,0,0.0,0,0,12.564,2,1
1416.36,1.59,0.451,0,0,0,0.866,-0.5,0,0.0,0,1,11.34,1,0
867.0,0.697,-0.252,0,0,0,-0.866,0.5,0,0.2,0,3,11.061,0,0
14395.49,10.463,5.858,1,0,0,0.2588,-0.9659,0,0.0,1,30,7.41,0,1
986.52,0.596,-0.351,0,0,0,0.7071,-0.7071,0,0.2,0,0,11.746,1,0
242.32,1.411,0.259,0,0,0,-0.7071,-0.7071,0,0.3,0,0,12.104,1,0
3992.06,1.879,1.536,0,0,0,0.7071,-0.7071,0,0.0,1,1,7.378,3,1
8.98,0.006,-0.977,0,0,1,0.7071,0.7071,1,0.4,21,22,3.558,2,1
415.7,0.811,-0.564,0,0,0,-0.866,-0.5,0,0.0,0,0,11.743,0,0
724.77,0.068,0.0,0,0,0,0.2588,-0.9659,0,0.0,0,0,13.678,0,0
1137.46,0.859,-0.056,0,0,0,-0.5,0.866,0,0.2,0,0,14.17,1,0
7983.63,9.48,15.0,0,0,0,0.9659,-0.2588,0,0.0,0,2,8.331,1,0
25.04,0.039,-1.372,0,0,0,-0.866,0.5,0,0.2,9,9,0.328,0,1
1198.71,0.677,-0.249,0,0,0,0.2588,-0.9659,0,0.3,0,0,12.318,0,0
967.41,0.754,-0.243,0,0,0,-0.2588,-0.9659,0,0.0,0,0,11.959,1,0
1302.26,0.371,-0.428,0,0,0,-1.0,-0.0,0,0.0,1,2,6.698,0,0
1319.1,0.483,-0.458,0,0,0,-0.9659,0.2588,0,0.143,0,1,10.682,1,0
848.61,2.168,1.998,0,0,0,0.7071,-0.7071,0,0.0,0,2,10.238,0,0
28042.45,3.004,1.465,0,0,0,-0.866,0.5,0,0.111,0,0,12.893,0,0
986.82,0.167,-0.559,0,0,0,-0.9659,-0.2588,0,0.0,0,0,11.631,0,0
3373.53,4.43,4.086,0,0,0,0.0,-1.0,1,0.286,0,1,10.78,2,0
524.48,1.276,0.579,0,0,0,0.866,-0.5,0,0.0,0,1,11.123,1,0
55.48,0.07,-0.673,0,0,1,0.9659,0.2588,0,0.3,21,22,3.335,0,1
2332.12,0.877,-0.102,0,0,0,-0.866,-0.5,0,0.0,0,0,11.483,2,0
1.73,0.001,-0.782,0,1,0,-0.2588,-0.9659,2,0.2,2,3,2.565,0,1
2445.96,0.808,-0.312,0,0,0,-0.9659,-0.2588,0,0.0,0,0,11.894,0,0
852.84,0.297,-0.498,0,0,0,0.5,-0.866,0,0.2,0,0,12.406,0,0
1852.38,1.074,0.176,0,0,0,0.0,-1.0,0,0.286,0,1,9.837,0,0
658.87,0.895,-0.15,0,0,0,0.7071,-0.7071,0,0.0,0,1,8.986,0,0
2344.63,1.0,0.0,0,0,0,-0.7071,0.7071,0,0.0,0,0,14.768,1,0
1588.56,1.656,2.108,0,0,0,-1.0,-0.0,0,0.1,0,0,11.686,1,0
238.56,0.232,-0.795,0,0,0,0.866,-0.5,0,0.0,0,0,11.504,0,0
1365.29,1.0,0.0,0,0,0,0.866,-0.5,0,0.0,0,0,14.768,1,0
3900.33,0.748,-0.18,0,0,0,-0.2588,-0.9659,0,0.2,0,2,9.937,1,0
27.09,0.042,-0.746,0,0,0,0.2588,-0.9659,2,0.6,16,20,3.951,1,1
372.3,0.7,-0.236,0,0,0,-0.5,-0.866,0,0.1,0,0,12.546,1,0
533.3,0.891,-0.098,0,0,0,-0.7071,0.7071,0,0.0,0,3,10.294,0,1
3855.08,0.297,-0.796,0,0,0,-0.5,-0.866,0,0.0,0,0,12.27,1,0
66164.15,15.075,6.534,0,0,1,0.5,0.866,0,0.0,2,5,6.814,0,1
36.62,0.058,-1.094,0,1,0,-0.866,0.5,0,0.167,2,2,2.603,1,1
2317.74,0.622,-0.36,0,0,0,-0.9659,-0.2588,0,0.0,0,2,10.037,3,0
363.61,0.356,-0.679,0,0,0,0.7071,-0.7071,0,0.0,0,0,12.162,0,0
377.32,0.814,-0.216,0,0,0,-0.7071,0.7071,0,0.125,0,1,9.65,1,0
3821.05,0.721,-0.21,0,0,0,0.2588,-0.9659,0,0.1,0,2,9.305,1,0
244.88,0.23,-1.221,0,0,0,-0.5,-0.866,0,0.25,0,2,10.415,2,0
919.84,0.5,-3.073,0,0,0,-0.9659,0.2588,1,0.5,0,1,9.947,0,0
1870.89,0.849,-0.202,0,0,0,0.9659,-0.2588,0,0.1,0,0,11.425,2,0
1451.37,0.88,-0.095,0,0,0,0.5,-0.866,0,0.0,0,2,8.534,0,0
4108.53,1.911,1.14,0,0,0,-0.9659,0.2588,0,0.0,1,1,6.912,2,1
1257.8,1.415,0.373,0,0,0,-1.0,-0.0,0,0.1,0,1,11.028,1,0
648.63,0.357,-0.602,0,0,0,-0.866,0.5,0,0.0,0,0,11.509,1,0
419.88,0.833,-0.18,0,0,0,0.5,-0.866,0,0.1,0,0,11.409,0,0
802.06,0.741,-0.213,0,0,0,-0.7071,-0.7071,0,0.0,0,2,9.661,0,0
2369.71,0.849,0.0,0,0,0,-0.5,0.866,1,1.0,0,0,12.229,0,0
990.08,0.468,-0.73,0,0,0,-0.2588,-0.9659,0,0.0,0,1,10.598,1,1
304.33,0.579,-0.298,0,0,0,-0.2588,-0.9659,0,0.1,0,0,12.36,1,0
1397.83,0.491,-0.378,0,0,0,0.0,-1.0,0,0.0,0,0,12.825,2,1
1790.52,0.41,-0.759,0,0,0,0.7071,-0.7071,0,0.0,0,0,11.379,0,0
207.44,0.571,-0.414,0,0,0,0.5,-0.866,0,0.0,0,0,13.043,1,1
6389.5,3.824,8.923,0,0,0,0.866,-0.5,0,0.143,0,1,8.397,2,0
2784.99,1.0,0.0,0,0,0,-1.0,-0.0,0,0.0,0,0,14.768,0,0
255.32,0.452,-0.481,0,0,1,0.9659,0.2588,0,0.2,0,0,11.56,0,0
1765.5,1.093,0.079,0,0,0,-0.7071,0.7071,0,0.2,0,0,11.618,0,0
218.51,0.586,-1.323,0,0,0,-0.5,-0.866,0,0.0,0,0,12.178,1,0
1479.3,0.471,-0.453,0,0,0,-0.9659,-0.2588,0,0.0,0,0,11.502,1,0
311.63,0.557,-0.468,0,0,0,-0.5,0.866,0,0.2,0,2,10.643,0,0
950.75,0.166,-0.643,0,0,0,-0.5,-0.866,0,0.0,0,1,10.353,0,0
152.18,0.274,-0.68,0,0,0,0.5,-0.866,0,0.0,0,0,11.522,0,0
542.95,0.311,-5.0,1,1,0,-0.7071,-0.7071,0,0.0,0,0,11.71,1,0
9077.04,1.412,0.729,0,0,0,0.0,-1.0,1,0.25,3,6,6.67,2,1
739.26,0.952,-0.045,0,0,0,-0.866,0.5,0,0.0,0,1,10.377,1,0
14356.46,1.697,0.941,0,0,0,0.5,-0.866,0,0.0,1,1,6.37,4,1
1031.14,0.608,-1.199,0,0,0,-0.866,-0.5,0,0.0,1,1,7.187,1,0
2577.19,1.108,0.105,0,0,0,-0.9659,0.2588,0,0.1,0,1,11.309,0,0
8557.49,1.319,0.541,0,0,0,0.0,-1.0,0,0.143,5,5,4.455,2,1
1718.56,0.348,-0.593,0,0,0,0.9659,-0.2588,1,0.2,0,2,10.325,0,0
3538.75,0.653,-0.297,0,0,0,-0.5,-0.866,0,0.0,0,1,10.291,1,0
1531.89,0.899,-0.084,0,0,0,-0.866,0.5,0,0.0,0,2,10.154,1,0
682.02,0.582,-0.503,0,0,0,0.866,-0.5,0,0.0,0,2,10.366,0,0
984.48,0.276,-0.586,0,0,0,-0.5,0.866,0,0.0,0,1,10.039,0,0
454.67,0.44,-0.491,0,0,0,-0.7071,0.7071,0,0.0,0,1,11.25,2,0
9556.65,6.478,14.478,0,0,0,-1.0,-0.0,0,0.1,1,1,7.364,0,0
2793.4,0.776,0.0,0,0,0,-0.7071,-0.7071,1,0.5,0,0,11.798,0,0
978.66,0.065,0.0,0,0,0,0.9659,-0.2588,0,0.0,0,1,10.494,0,0
1314.31,0.608,-0.428,0,0,0,-0.9659,-0.2588,0,0.3,0,5,10.289,0,0
2961.24,0.839,-0.141,0,0,0,-0.866,0.5,0,0.1,0,1,11.284,0,0
8725.61,4.364,15.0,1,0,0,1.0,0.0,0,0.0,0,0,13.614,2,1
1956.19,2.905,1.658,0,0,0,-0.9659,-0.2588,0,0.0,0,4,9.854,0,0
2894.21,0.708,-0.221,0,0,0,-0.866,0.5,0,0.2,0,2,10.441,0,0
48.47,0.021,-0.414,0,0,0,-0.9659,-0.2588,1,0.5,15,15,3.648,1,1
4156.1,0.401,-0.259,0,0,0,-0.866,-0.5,1,0.1,0,5,9.726,0,0
1585.07,0.885,-0.133,0,0,0,1.0,0.0,0,0.1,0,0,12.21,1,0
1349.79,1.613,0.988,0,0,0,-0.2588,0.9659,0,0.0,0,2,9.968,0,0
501.47,0.529,-0.469,0,0,0,0.2588,-0.9659,0,0.1,0,0,11.472,0,0
5884.36,1.41,0.29,1,0,0,-0.9659,0.2588,0,0.1,0,2,10.821,0,0
4269.58,2.28,4.057,0,0,0,-0.5,0.866,0,0.0,0,1,10.992,0,0
2136.12,0.646,-0.307,0,0,0,-0.866,0.5,0,0.0,0,0,11.918,0,0
500.09,0.617,-0.37,0,0,0,1.0,0.0,0,0.0,0,3,10.101,1,0
2096.06,2.891,1.613,0,0,0,-1.0,-0.0,0,0.0,0,1,8.298,1,0
1485.45,0.435,-0.443,0,0,0,-0.866,-0.5,0,0.1,0,3,10.558,0,0
8987.06,7.648,9.8,0,0,0,0.2588,-0.9659,0,0.1,0,0,11.796,2,0
680.29,0.541,-0.603,0,0,0,-0.2588,-0.9659,0,0.0,0,2,9.759,1,0
612.81,0.559,-0.335,0,0,0,0.2588,-0.9659,0,0.0,0,2,8.897,1,0
755.62,0.828,-0.729,0,0,0,-0.5,-0.866,0,0.0,0,1,11.108,1,0
4231.39,1.417,0.383,0,0,0,-0.2588,-0.9659,0,0.1,0,2,10.705,1,0
484.68,1.456,1.316,0,0,0,-0.5,-0.866,0,0.0,0,1,10.813,1,0
1974.4,0.938,-0.086,0,0,0,0.866,-0.5,0,0.2,0,0,12.913,2,0
1869.08,0.662,-0.546,0,0,0,-0.866,0.5,0,0.0,0,1,10.226,0,1
3340.17,0.661,-0.263,0,0,0,0.5,-0.866,0,0.0,0,1,10.972,3,0
45.12,0.425,-0.304,0,0,0,-0.9659,0.2588,0,0.2,21,21,3.877,0,1
26.83,0.019,-0.724,0,0,0,1.0,0.0,3,0.6,13,13,4.288,0,1
2027.57,0.554,-0.444,0,0,0,-0.7071,0.7071,0,0.1,0,2,9.123,0,0
380.69,0.312,-0.726,0,0,0,-0.5,0.866,0,0.0,0,1,10.777,1,0
876.31,0.904,-0.087,0,0,0,-0.866,0.5,0,0.0,0,0,12.42,0,0
2546.4,0.652,-0.433,0,0,0,0.5,-0.866,0,0.0,0,1,10.963,0,0
1517.25,0.498,-0.795,0,0,0,-0.2588,0.9659,0,0.0,0,0,11.664,2,0
2452.09,4.377,3.061,0,0,0,-0.9659,-0.2588,0,0.0,0,0,11.375,0,0
1741.89,1.192,0.216,0,0,0,0.0,-1.0,0,0.0,0,1,10.576,2,0
2009.19,1.222,0.0,0,0,0,0.7071,-0.7071,0,0.0,0,0,11.613,0,0
1859.34,0.618,-0.434,0,0,0,-0.5,0.866,0,0.0,0,1,11.306,0,0
1714.6,0.453,-0.479,0,0,0,-0.5,0.866,0,0.0,0,1,10.425,0,0
5792.47,0.916,-0.069,0,0,0,-0.866,-0.5,0,0.1,0,3,10.298,0,0
2972.19,1.116,0.128,0,0,0,-0.2588,0.9659,0,0.0,0,0,11.714,0,0
8747.37,4.919,15.0,1,0,0,0.0,-1.0,0,0.0,0,0,12.131,3,1
27242.6,9.749,6.241,1,0,0,0.5,-0.866,0,0.0,0,5,9.092,1,1
6454.79,3.679,7.041,1,0,0,-0.866,-0.5,0,0.0,0,0,13.556,2,1
250.67,0.286,-0.571,0,0,0,0.9659,-0.2588,0,0.0,0,0,11.985,0,0
1647.3,1.0,0.0,0,0,0,-0.2588,-0.9659,0,0.0,0,0,14.768,0,0
12530.81,8.541,7.135,0,0,1,0.5,0.866,0,0.1,1,2,7.565,0,1
646.45,0.47,-0.435,0,0,0,0.9659,-0.2588,0,0.0,0,0,12.327,3,0
14129.34,1.49,0.733,0,0,0,-0.5,0.866,0,0.0,2,2,5.75,3,1
995.57,1.196,0.311,0,0,0,-0.7071,0.7071,0,0.0,0,1,10.867,0,0
1572.51,1.267,0.736,0,0,0,-0.5,-0.866,0,0.1,0,3,9.213,1,0
414.86,0.613,0.0,1,1,0,0.7071,-0.7071,0,0.0,0,1,10.697,0,0
1148.39,0.971,-0.14,0,0,0,-0.2588,-0.9659,0,0.0,0,1,11.325,0,0
3465.75,0.838,-0.191,0,0,0,0.5,-0.866,0,0.0,0,2,10.836,0,0
3193.37,1.476,0.31,0,0,0,-0.866,0.5,0,0.2,0,1,9.472,1,0
1206.73,0.321,-0.617,0,0,0,-0.9659,-0.2588,0,0.0,1,2,6.806,0,0
167.29,0.327,-0.708,0,0,0,0.5,-0.866,0,0.1,0,3,9.666,1,0
893.81,0.824,-0.127,1,0,1,0.9659,0.2588,0,0.0,0,0,13.263,3,0
1007.38,0.307,-0.504,0,0,0,0.0,-1.0,0,0.2,0,1,10.785,0,0
1846.28,0.423,-0.537,0,0,0,-0.9659,-0.2588,0,0.0,0,3,10.336,1,0
2.84,0.013,-0.532,0,0,0,-0.866,0.5,2,0.8,23,23,0.716,1,1
2371.44,1.304,0.249,1,0,0,-0.5,0.866,0,0.0,0,0,12.408,0,0
213.8,0.102,-1.272,0,0,0,0.5,-0.866,0,0.0,0,0,13.435,1,0
39.92,0.103,-0.588,0,0,1,0.9659,0.2588,0,0.5,23,25,3.266,0,1
332.56,1.379,2.026,0,0,0,-0.5,-0.866,0,0.0,0,0,12.739,0,0
296.44,1.0,0.0,0,0,0,-0.9659,-0.2588,0,0.0,0,0,14.768,0,0
220.28,0.264,-0.656,1,0,0,-0.9659,0.2588,0,0.2,0,0,12.026,0,0
5333.58,0.63,-0.206,0,0,0,-0.9659,0.2588,0,0.0,0,0,11.489,0,0
498.81,0.357,-0.532,0,0,0,0.5,-0.866,0,0.0,1,1,6.792,0,0
2093.69,0.274,-0.956,0,0,0,-0.9659,0.2588,0,0.0,0,0,11.915,0,0
6622.66,1.705,1.132,0,0,1,0.5,0.866,0,0.0,2,2,6.648,3,1
765.3,0.29,-1.123,0,0,0,-0.5,0.866,0,0.25,0,1,11.218,1,0
9278.66,1.469,0.808,0,0,0,0.9659,-0.2588,0,0.0,2,2,6.872,4,1
749.16,0.766,-0.268,0,0,0,-0.9659,-0.2588,0,0.0,0,2,9.838,0,0
652.23,0.744,-0.238,1,0,0,-1.0,-0.0,0,0.1,0,2,9.549,2,0
4317.18,5.717,5.977,0,0,0,0.5,-0.866,0,0.0,0,1,8.392,0,0
320.13,0.672,-0.254,0,0,0,-1.0,-0.0,0,0.0,0,0,11.692,1,0
378.12,0.881,-0.201,0,0,0,1.0,0.0,0,0.0,0,1,10.049,0,0
2319.0,1.391,0.561,0,0,0,-0.7071,0.7071,0,0.0,0,1,11.354,0,0
5237.93,1.132,0.103,0,0,0,-0.2588,0.9659,0,0.0,0,1,11.033,1,0
1333.49,0.475,-0.431,0,0,0,-0.7071,-0.7071,0,0.2,0,0,12.185,0,0
635.44,0.587,-0.369,0,0,0,-0.2588,0.9659,0,0.1,0,0,11.556,0,0
860.86,0.465,-0.467,0,0,0,-0.5,0.866,0,0.1,1,3,6.363,0,0
2770.54,0.807,-0.15,0,0,0,-0.9659,0.2588,0,0.0,0,0,11.641,0,0
335.6,0.338,-2.235,0,0,0,-0.7071,0.7071,0,0.0,0,0,13.846,1,0
3281.57,1.453,0.322,0,0,0,0.5,-0.866,0,0.0,0,0,11.582,1,0
688.3,0.872,-0.158,0,0,0,-0.2588,0.9659,0,0.2,0,1,10.719,0,0
2798.99,0.628,-0.295,0,0,0,-0.2588,0.9659,0,0.0,0,0,12.224,1,1
267.76,0.097,-1.004,0,0,0,-0.866,0.5,0,0.1,0,2,10.951,0,0
4833.31,0.732,-0.26,0,0,0,0.2588,-0.9659,0,0.1,0,0,12.615,1,0
41.03,0.049,-0.714,0,0,1,0.9659,0.2588,0,0.4,18,19,1.777,0,1
10127.31,3.848,2.477,0,0,0,-0.9659,0.2588,0,0.2,0,3,10.132,0,0
1541.61,1.0,0.0,0,0,0,-0.9659,0.2588,0,0.0,0,0,14.768,0,0
819.92,1.052,0.0,0,0,0,0.2588,-0.9659,0,0.0,0,0,12.116,1,0
4192.97,0.73,-0.253,0,0,0,-0.9659,0.2588,0,0.1,0,1,11.259,1,0
467.25,0.825,-0.578,0,0,0,-0.5,0.866,0,0.0,0,4,9.358,1,0
2038.35,0.682,-0.27,0,0,0,-0.9659,-0.2588,0,0.1,0,1,10.315,1,0
25.93,0.069,-0.377,0,0,0,-0.866,0.5,0,0.4,16,16,3.942,0,1
2060.97,0.756,-0.226,0,0,0,-0.5,0.866,0,0.1,0,2,10.931,0,0
1797.21,0.47,-0.446,0,0,0,-0.7071,0.7071,0,0.2,0,1,10.278,0,0
1132.8,0.544,-0.442,0,0,0,0.0,-1.0,0,0.0,0,0,11.64,0,0
1380.9,0.388,-0.544,0,0,0,-0.866,0.5,1,0.2,0,0,12.333,2,0
5982.62,8.344,15.0,0,0,0,0.5,-0.866,0,0.2,0,2,9.915,0,0
3041.69,7.089,10.259,0,0,0,0.5,-0.866,0,0.0,0,0,11.559,0,0
574.96,0.525,-0.346,0,0,0,0.9659,-0.2588,0,0.0,0,0,11.564,1,1
54.92,0.033,-0.902,0,0,1,0.5,0.866,0,0.0,2,2,2.774,0,1
2027.44,0.546,-0.403,0,0,0,-0.9659,-0.2588,0,0.0,0,0,12.478,0,0
1367.41,0.46,-0.447,0,0,0,0.2588,-0.9659,1,0.1,0,1,10.891,0,0
5348.1,1.112,0.082,0,0,0,-0.9659,0.2588,0,0.3,0,1,10.567,1,0
416.97,0.693,-0.27,0,0,0,0.2588,-0.9659,0,0.1,0,1,9.968,0,0
1826.72,0.632,-0.372,0,0,0,-1.0,-0.0,0,0.2,0,0,12.848,1,0
358.38,1.02,0.047,0,0,0,-0.7071,0.7071,0,0.1,0,0,12.467,0,0
844.01,0.394,-0.514,0,0,0,0.5,-0.866,0,0.0,0,0,12.441,1,1
493.31,1.549,1.478,0,0,0,0.0,-1.0,1,0.1,0,1,11.347,1,0
562.28,0.246,-1.496,0,0,0,-0.2588,-0.9659,0,0.0,0,1,9.674,0,0
802.96,0.358,-0.628,0,0,0,-0.2588,-0.9659,0,0.125,0,1,10.965,0,0
1754.77,0.822,-0.166,0,1,0,-0.5,0.866,0,0.0,0,1,11.251,1,0
3892.81,1.338,0.589,0,0,0,-0.9659,-0.2588,2,0.3,0,0,11.591,2,0
11.68,0.021,-0.592,0,0,0,-0.2588,-0.9659,1,0.3,10,10,3.02,0,1
1711.72,0.936,-0.064,0,0,0,-0.866,0.5,0,0.0,0,0,12.197,0,0
767.39,0.413,-0.497,0,0,0,-0.9659,0.2588,0,0.1,0,1,10.894,1,0
1665.39,0.487,-0.376,0,0,0,-0.9659,0.2588,0,0.2,0,0,12.055,0,0
1687.5,0.879,-0.061,0,0,0,0.5,-0.866,0,0.5,1,29,5.782,0,0
4146.72,4.675,3.607,0,0,0,0.0,-1.0,0,0.0,0,1,11.1,0,0
1119.48,1.25,0.188,0,0,0,0.5,-0.866,0,0.0,0,2,10.872,1,0
1277.51,0.6,-0.34,0,0,0,-0.7071,0.7071,0,0.1,0,3,9.673,0,0
14385.9,1.59,0.831,0,0,0,0.5,-0.866,0,0.0,2,3,8.022,4,1
3978.16,1.358,1.192,0,0,0,-0.866,-0.5,0,0.0,2,2,7.754,3,1
1235.28,0.382,-0.479,0,0,1,0.866,0.5,0,0.1,0,1,9.964,0,0
6323.41,1.001,0.001,0,0,0,-0.9659,-0.2588,0,0.1,0,0,12.039,1,0
1359.89,1.608,1.569,0,0,0,-0.5,0.866,1,0.333,0,0,11.619,0,0
1897.65,1.287,0.632,0,0,0,-0.9659,0.2588,0,0.333,1,2,5.252,0,0
847.01,2.993,6.135,0,0,0,-0.2588,-0.9659,0,0.0,0,0,12.613,0,0
216.55,0.49,-1.425,0,0,0,0.7071,-0.7071,0,0.0,0,1,10.384,1,0
1027.01,0.865,-0.119,0,0,0,-0.2588,0.9659,0,0.0,0,1,11.072,1,0
1270.81,0.422,-0.576,0,1,0,-0.2588,0.9659,0,0.0,0,1,11.033,0,0
318.81,0.896,-0.043,0,0,0,0.9659,-0.2588,0,0.4,0,0,11.926,0,0
1480.38,2.91,1.381,1,0,0,0.5,-0.866,0,0.3,0,27,8.937,1,0
483.73,0.322,-0.741,0,0,0,-0.9659,-0.2588,0,0.2,0,1,10.4,0,0
1209.44,0.5,-0.439,0,0,0,0.7071,-0.7071,0,0.0,0,0,11.652,0,0
18.95,0.041,-0.708,0,0,1,0.9659,0.2588,0,0.2,8,10,2.6,0,1
13766.53,1.53,0.762,0,0,0,-0.9659,-0.2588,0,0.0,1,3,8.056,2,1
4589.66,0.992,-0.026,0,0,0,-0.9659,0.2588,0,0.0,0,1,11.33,0,1
315.41,0.199,-0.745,0,0,0,-0.866,-0.5,1,0.1,1,3,6.074,1,0
1187.14,0.432,-0.465,0,0,0,-0.866,0.5,0,0.2,0,1,9.805,0,0
4135.83,0.684,-0.243,0,0,0,-0.7071,0.7071,0,0.0,0,3,9.834,0,0
8885.56,1.707,0.989,0,0,0,1.0,0.0,0,0.143,3,4,7.75,2,1
6534.28,3.401,6.206,0,1,0,0.7071,-0.7071,0,0.1,0,0,12.27,0,0
3506.13,1.743,1.731,0,0,0,0.0,-1.0,0,0.0,0,2,10.649,2,0
1118.16,0.185,-0.584,0,0,0,-0.9659,-0.2588,0,0.1,0,3,9.039,0,0
1053.03,0.516,-0.468,0,0,0,0.5,-0.866,0,0.0,0,0,12.509,0,0
6071.69,2.698,3.442,0,0,0,-1.0,-0.0,0,0.125,0,1,11.082,0,0
1355.64,0.427,-1.417,0,0,0,-0.2588,-0.9659,1,0.1,0,1,11.152,0,0
3669.77,0.563,-0.3,0,0,0,-0.5,-0.866,0,0.0,0,0,11.89,0,0
9324.54,2.55,1.324,0,0,0,-0.2588,0.9659,0,0.222,0,1,8.428,0,0
1681.28,1.006,0.005,0,0,0,-0.5,0.866,0,0.0,0,0,11.826,0,0
20772.71,2.548,1.679,0,0,0,0.2588,-0.9659,0,0.143,0,0,12.654,1,0
2502.18,1.241,0.29,0,0,0,-0.5,-0.866,0,0.1,0,1,10.119,0,0
54.77,0.056,-0.682,0,1,1,0.5,0.866,0,0.1,8,10,1.78,1,1
4134.66,3.716,4.898,1,1,0,-0.7071,-0.7071,0,0.0,0,0,12.868,3,1
2359.17,0.69,-0.217,0,0,0,0.9659,-0.2588,0,0.0,0,0,11.683,0,0
415.52,0.245,-0.6,0,0,0,1.0,0.0,0,0.2,0,2,8.525,0,0
2236.3,0.565,-0.335,0,0,0,-0.866,0.5,0,0.0,0,0,12.468,3,0
3685.27,2.439,1.062,0,0,0,-0.866,-0.5,0,0.0,0,3,10.254,1,0
2853.93,0.5,-0.423,0,0,0,-0.2588,0.9659,0,0.0,0,0,11.908,0,0
56.59,0.454,-0.303,0,0,0,-0.9659,0.2588,0,0.3,16,16,3.807,0,1
1175.9,0.338,-0.807,0,0,0,-0.5,-0.866,0,0.2,0,2,10.916,0,0
2378.07,1.0,0.0,0,0,0,-0.2588,-0.9659,0,0.0,0,0,14.768,0,0
1156.37,2.859,4.923,0,0,0,-0.9659,-0.2588,0,0.0,0,0,11.85,1,0
56.52,0.015,-0.831,0,0,0,-0.9659,0.2588,3,0.3,4,4,2.096,0,1
1776.35,0.324,-0.706,0,0,0,-1.0,-0.0,0,0.0,0,0,12.468,0,0
820.41,0.501,-0.415,0,0,0,-0.9659,0.2588,0,0.1,0,1,10.971,0,0
2179.11,1.07,0.157,0,0,0,0.0,-1.0,0,0.0,0,1,10.316,2,0
240.24,0.306,-0.364,0,0,0,0.7071,-0.7071,0,0.1,0,2,10.998,1,0
1718.28,0.625,-0.289,0,0,0,-0.2588,0.9659,0,0.0,0,0,12.238,0,0
1773.49,0.897,-0.101,0,0,0,0.2588,-0.9659,0,0.2,0,1,11.365,2,0
2234.44,0.811,-0.204,0,0,0,-0.866,0.5,0,0.0,0,0,11.861,0,0
1596.68,0.293,-0.588,0,0,0,-0.2588,-0.9659,0,0.1,0,2,10.972,1,0
16206.71,5.589,3.386,0,0,0,-0.7071,0.7071,0,0.0,0,1,9.853,0,0
1885.96,1.984,0.0,1,0,0,-0.7071,0.7071,0,0.0,0,0,12.559,0,0
2444.84,0.769,-0.176,0,0,0,0.0,-1.0,0,0.1,0,1,9.742,0,0
47.27,0.063,-0.508,0,0,0,-0.7071,-0.7071,1,0.5,20,21,3.826,0,1
888.05,0.744,-0.393,0,0,0,-0.866,0.5,0,0.0,0,2,10.655,0,0
384.98,0.652,-0.977,0,0,0,0.5,-0.866,0,0.0,0,1,9.714,0,0
1762.69,0.267,-0.713,0,0,0,0.5,-0.866,1,0.2,0,1,10.875,1,0
471.43,0.407,-0.499,0,0,0,0.7071,-0.7071,0,0.1,1,1,7.667,0,1
3255.31,1.36,0.287,0,0,0,-0.2588,0.9659,0,0.0,0,2,9.691,1,0
1548.6,0.295,-0.55,0,0,0,0.866,-0.5,0,0.0,0,2,8.897,0,0
1287.59,0.058,0.0,0,0,0,-0.9659,0.2588,0,0.0,0,1,9.726,1,0
282.91,0.16,-0.685,0,0,0,-1.0,-0.0,0,0.1,0,0,11.886,1,0
2499.58,0.387,-0.478,0,0,0,-0.866,-0.5,0,0.0,0,1,10.983,0,0
3522.06,1.0,0.0,0,0,0,-1.0,-0.0,0,0.0,0,0,14.768,2,0
607.47,0.305,-0.998,0,0,0,-0.866,0.5,0,0.0,0,0,11.813,0,1
9775.32,1.928,0.815,0,0,1,0.9659,0.2588,0,0.0,0,1,9.673,0,0
1784.1,0.772,-0.209,0,0,0,-0.5,-0.866,0,0.0,0,0,12.508,1,0
3082.74,1.0,0.0,0,0,0,-0.5,-0.866,0,0.0,0,0,14.768,1,0
467.59,0.594,-0.255,0,0,0,-0.7071,0.7071,0,0.3,0,25,8.567,0,0
694.43,0.521,-0.39,0,0,0,-1.0,-0.0,0,0.0,0,1,11.201,1,0
3228.14,0.612,-0.377,0,0,0,-0.2588,-0.9659,0,0.0,0,2,10.958,1,0
3556.97,0.55,-0.431,0,0,0,-0.7071,-0.7071,0,0.2,0,1,11.212,1,0
2623.79,1.413,1.465,0,0,0,-1.0,-0.0,0,0.167,0,1,9.229,0,0
1066.74,0.424,-0.436,0,0,0,0.5,-0.866,0,0.0,0,1,11.317,0,0
1091.99,0.112,-0.867,1,0,0,-0.866,-0.5,0,0.0,0,0,12.859,0,0
771.58,0.413,-0.348,0,0,0,-0.7071,0.7071,0,0.0,0,1,8.249,0,0
547.09,0.915,-0.452,0,0,0,-0.866,0.5,0,0.0,0,1,11.031,0,0
1791.52,1.355,0.564,0,0,0,-0.7071,0.7071,0,0.0,0,2,10.701,1,0
1029.42,1.04,0.039,0,0,0,-0.9659,-0.2588,0,0.143,0,1,9.767,0,0
1455.84,0.41,-0.983,0,0,0,-0.2588,-0.9659,0,0.0,0,1,11.211,0,0
1062.45,0.481,-0.603,0,0,0,-0.866,0.5,0,0.0,0,1,11.31,0,0
1958.55,1.029,0.027,0,0,0,0.5,-0.866,1,0.1,0,2,10.751,1,0
455.96,0.489,-0.488,0,0,0,-0.7071,-0.7071,0,0.0,0,1,11.248,0,0
1685.05,0.575,-0.352,0,0,0,-0.9659,0.2588,0,0.0,0,0,11.638,0,0
949.24,0.443,-0.353,0,0,0,-0.5,0.866,0,0.0,0,2,9.599,0,0
1914.01,0.493,-0.384,0,0,0,-0.9659,-0.2588,0,0.1,0,2,10.849,0,0
491.01,1.435,1.015,0,0,0,-0.5,0.866,1,0.1,0,2,11.043,0,0
12180.22,3.092,6.293,0,0,0,-0.5,0.866,0,0.0,0,0,11.818,1,0
9241.51,1.473,0.796,0,0,0,-0.2588,0.9659,0,0.0,2,2,7.991,2,1
2871.86,1.518,0.728,0,0,0,-0.7071,0.7071,0,0.0,0,0,11.662,0,0
732.33,1.307,0.282,0,0,0,-0.866,0.5,2,0.2,0,1,11.244,0,0
458.82,0.334,-0.547,0,0,0,-0.866,0.5,1,0.1,0,3,9.577,0,0
2188.75,0.549,-0.459,0,0,0,-0.7071,-0.7071,0,0.1,0,1,11.185,0,0
239.72,0.37,-1.676,0,0,0,-0.7071,0.7071,0,0.0,0,0,12.086,1,0
585.12,1.5,1.447,0,0,1,0.9659,0.2588,0,0.0,0,1,10.461,0,0
9025.01,1.843,1.059,0,0,0,-0.2588,0.9659,0,0.0,1,1,5.492,2,1
828.7,0.601,-0.417,0,0,0,0.7071,-0.7071,0,0.0,0,0,11.369,2,0
535.63,0.279,-0.715,0,0,0,0.9659,-0.2588,1,0.3,0,2,10.373,2,0
37.94,0.015,-2.502,0,1,1,0.7071,0.7071,2,0.2,3,4,3.121,2,1
1545.57,0.817,-0.203,0,0,0,0.9659,-0.2588,0,0.0,0,0,12.775,0,0
5018.82,0.914,-0.106,0,0,0,-0.9659,0.2588,0,0.2,0,1,11.24,0,0
492.47,1.422,1.016,1,0,0,-0.2588,0.9659,0,0.1,0,1,10.922,0,0
1858.11,0.277,-0.551,0,0,0,-0.2588,0.9659,0,0.1,0,0,13.558,0,0
1915.75,1.128,0.3,0,0,0,0.2588,-0.9659,0,0.143,0,0,11.525,1,0
23916.26,10.03,5.3,0,0,0,0.7071,-0.7071,0,0.2,0,19,9.097,1,1
379.59,0.287,-0.67,0,0,0,-0.2588,0.9659,0,0.0,1,3,5.484,1,0
2926.69,1.652,0.473,0,0,0,1.0,0.0,0,0.1,0,2,10.985,2,0
607.23,0.115,-0.679,0,0,0,-0.7071,0.7071,0,0.1,0,0,11.672,3,0
2743.04,0.803,-0.17,0,0,0,-1.0,-0.0,0,0.0,0,1,10.913,1,0
1216.02,2.946,3.125,0,0,0,-0.866,0.5,0,0.125,0,0,11.912,1,0
289.05,0.249,-0.625,0,0,0,0.7071,-0.7071,0,0.0,0,0,11.719,0,0
284.22,0.515,-0.24,0,0,0,-0.7071,-0.7071,0,0.0,0,0,11.746,0,0
2179.13,1.968,4.753,0,0,0,0.2588,-0.9659,0,0.25,0,1,11.198,1,0
663.58,0.727,-0.279,0,0,0,-0.5,-0.866,1,0.1,0,1,10.933,0,0
38.66,0.012,-0.852,0,1,0,-0.866,-0.5,1,0.2,5,6,0.857,0,1
1011.04,0.369,-1.091,0,0,0,0.9659,-0.2588,0,0.0,0,0,12.643,0,0
744.31,0.429,0.0,0,0,0,-0.2588,-0.9659,1,0.5,0,1,11.308,2,0
1232.86,1.439,0.292,0,0,0,0.5,-0.866,0,0.4,0,0,12.091,0,0
634.43,0.344,-0.818,0,0,0,0.9659,-0.2588,0,0.0,0,1,11.178,2,0
1796.27,0.535,-0.355,0,0,0,-0.5,0.866,0,0.0,0,1,9.659,0,0
6407.0,0.987,-0.01,0,0,0,0.0,-1.0,0,0.143,0,1,11.083,1,0
6373.07,1.0,0.0,0,0,0,0.866,-0.5,0,0.0,0,0,14.768,0,0
476.72,0.855,-0.082,0,0,0,0.0,-1.0,0,0.1,0,1,11.101,3,0
1424.93,1.516,0.0,0,0,0,0.7071,-0.7071,0,0.0,0,1,9.106,0,0
494.41,0.573,-1.555,0,0,0,-0.5,0.866,0,0.0,0,3,9.723,0,0
493.21,0.347,-0.933,0,0,0,-0.2588,0.9659,0,0.1,0,1,10.139,1,0
23.01,0.01,-1.618,0,0,0,-0.2588,-0.9659,1,0.1,3,4,2.651,0,1
499.48,0.398,-0.493,0,0,0,-0.5,0.866,0,0.0,0,2,10.093,0,0
637.84,1.0,0.0,0,0,0,0.866,-0.5,0,0.0,0,0,14.768,3,0
659.3,0.351,-0.543,1,0,0,-0.7071,-0.7071,0,0.1,0,0,13.193,0,0
3164.78,0.609,-0.17,0,0,0,-0.866,0.5,0,0.1,0,2,9.583,1,0
490.85,0.296,-0.655,0,0,0,0.2588,-0.9659,0,0.0,0,1,9.372,1,0
899.91,1.0,0.0,0,0,0,0.0,-1.0,0,0.0,0,0,14.768,1,0
179.2,0.341,-0.617,0,0,0,0.9659,-0.2588,0,0.0,0,2,10.55,0,0
16.56,0.03,-0.989,0,0,0,0.0,-1.0,0,0.3,7,8,3.372,0,1
1544.07,0.81,-0.179,0,0,0,0.866,-0.5,0,0.1,0,3,8.387,1,0
1510.94,0.696,-0.308,0,0,0,0.7071,-0.7071,0,0.2,0,2,9.572,0,0
3949.58,0.775,-0.252,0,0,0,-0.9659,0.2588,0,0.143,0,0,13.312,0,0
1423.1,0.338,-0.527,0,0,1,0.866,0.5,0,0.1,0,1,11.145,0,1
3775.63,0.613,-0.295,0,0,0,-0.9659,0.2588,0,0.0,0,0,11.801,0,0
1374.13,0.511,0.0,0,0,0,-0.7071,0.7071,1,1.0,0,0,12.475,0,0
242.86,0.459,-0.48,0,0,0,0.866,-0.5,0,0.1,0,1,10.783,1,0
5806.65,2.569,3.092,1,0,0,-0.9659,-0.2588,0,0.1,0,0,12.191,0,0
1836.21,0.912,-0.093,0,0,0,-1.0,-0.0,0,0.1,0,3,10.626,0,0
1636.47,1.335,0.444,0,0,0,0.866,-0.5,0,0.0,0,4,8.201,2,0
1126.39,1.104,0.242,1,0,0,-0.7071,0.7071,0,0.0,0,1,9.703,3,0
2539.55,0.751,-0.257,0,0,0,-1.0,-0.0,0,0.3,0,0,11.735,0,0
995.84,0.676,-0.299,0,0,0,0.866,-0.5,0,0.1,0,1,9.95,1,0
1018.42,0.209,-0.749,0,0,0,0.2588,-0.9659,0,0.1,0,2,11.043,1,0
453.02,0.496,-0.357,0,0,0,-0.2588,-0.9659,0,0.0,0,2,10.533,0,0
8997.32,5.799,0.0,1,0,0,-0.2588,0.9659,0,0.0,0,0,13.517,2,1
1795.41,1.031,0.023,0,0,0,-0.9659,0.2588,0,0.0,0,2,10.414,1,0
4052.01,0.645,-0.298,0,0,0,-0.866,-0.5,0,0.1,0,1,10.07,1,0
6480.32,1.387,0.611,0,0,0,-1.0,-0.0,1,0.4,3,4,7.026,2,1
13751.63,6.043,6.894,0,0,0,-0.9659,-0.2588,0,0.0,0,0,11.887,1,0
778.73,0.961,-0.239,0,0,0,-1.0,-0.0,0,0.0,1,3,5.198,1,0
2723.37,0.439,-0.387,0,0,0,-0.9659,-0.2588,0,0.1,0,1,10.305,1,0
26.01,0.014,-1.166,0,0,0,-0.2588,-0.9659,0,0.2,10,11,2.347,0,1
2032.04,0.551,-2.094,1,0,0,-0.5,0.866,0,0.0,0,1,11.091,0,0
1741.68,0.956,-0.049,0,0,0,-0.9659,0.2588,0,0.0,0,1,11.266,1,0
5443.04,1.927,0.689,0,0,0,-0.9659,0.2588,0,0.0,0,3,9.175,0,1
2415.12,0.375,-0.693,0,0,0,-1.0,-0.0,0,0.0,0,0,11.48,0,0
417.72,0.432,-0.461,1,0,0,0.2588,-0.9659,0,0.1,0,1,11.081,1,0
327.86,0.484,-0.449,0,0,0,0.5,-0.866,0,0.0,0,0,11.943,1,0
1032.13,1.0,0.0,0,0,0,-0.9659,0.2588,0,0.0,0,0,14.768,0,0
3375.88,5.531,0.0,0,0,0,0.5,-0.866,0,0.0,0,0,13.63,0,0
1722.68,1.192,1.381,0,0,0,0.5,-0.866,0,0.0,0,0,11.852,0,0
14023.04,1.755,0.912,0,0,0,-0.5,0.866,0,0.2,3,3,6.81,3,1
824.32,1.305,0.7,0,0,0,0.5,-0.866,0,0.1,0,2,10.451,0,0
54.4,0.136,-0.582,0,0,1,0.9659,0.2588,0,0.4,19,21,1.725,0,1
1730.2,0.378,-0.434,0,0,0,-0.2588,-0.9659,0,0.0,0,1,11.169,1,0
1113.77,0.361,-0.58,0,0,0,-0.9659,0.2588,0,0.1,0,1,10.958,1,0
1050.61,0.149,-0.737,0,0,0,-0.7071,0.7071,0,0.0,0,2,10.049,0,0
1817.57,1.022,0.022,0,0,0,-0.5,-0.866,0,0.0,0,0,12.385,1,0
1684.28,4.1,5.621,0,0,0,0.7071,-0.7071,0,0.0,1,1,7.096,0,0
1049.37,0.269,-0.646,0,0,0,-0.5,0.866,0,0.0,0,2,10.025,0,0
1811.16,0.58,-0.317,0,0,0,-0.9659,0.2588,0,0.1,0,2,10.138,0,0
14535.91,1.44,0.792,0,0,0,-0.5,0.866,0,0.0,2,2,6.92,3,1
412.63,0.2,-0.825,0,0,0,-1.0,-0.0,0,0.1,0,2,10.491,1,0
2112.52,1.549,1.241,0,0,0,0.5,-0.866,0,0.0,0,0,12.788,0,0
14.94,0.002,-0.613,0,0,0,-0.2588,0.9659,1,0.2,9,9,3.405,0,1
1625.36,1.273,0.455,1,0,0,0.2588,-0.9659,0,0.0,0,0,12.145,1,0
8149.21,2.751,1.223,0,0,0,-0.7071,-0.7071,0,0.0,0,2,10.109,0,0
5204.31,3.433,2.472,0,0,0,-0.2588,0.9659,0,0.0,0,2,9.831,1,0
3399.18,1.021,0.023,0,0,0,-0.866,-0.5,0,0.3,1,2,7.865,0,0
1002.0,0.648,-0.372,0,0,0,-0.866,-0.5,0,0.0,0,2,10.656,0,0
839.75,1.203,0.533,0,0,0,-0.9659,-0.2588,0,0.0,0,1,11.125,0,0
379.87,0.702,-0.252,0,0,0,0.866,-0.5,0,0.1,0,0,11.576,1,0
1624.53,0.474,-1.497,0,0,0,-0.2588,-0.9659,0,0.0,0,2,9.75,0,0
1583.53,0.308,-0.492,0,0,0,-0.9659,-0.2588,0,0.0,0,1,9.97,0,0
7778.47,1.0,0.0,0,0,0,-0.5,-0.866,0,0.0,0,0,14.768,0,0
1994.66,0.858,-0.145,0,0,0,0.5,-0.866,1,0.1,0,4,9.452,0,0
1151.39,0.584,-0.37,0,0,1,0.9659,0.2588,0,0.0,0,1,10.043,1,0
698.01,0.373,-0.574,0,0,0,-0.9659,-0.2588,0,0.0,0,3,10.769,1,0
1203.04,0.749,-0.208,0,0,0,-0.9659,0.2588,0,0.1,0,1,10.498,0,0
1899.12,0.337,-0.617,0,0,0,0.7071,-0.7071,0,0.1,0,1,10.158,0,0
1465.98,0.811,-0.155,0,0,0,-0.866,0.5,0,0.1,0,0,12.541,0,1
1459.39,0.709,-0.352,0,0,0,-1.0,-0.0,1,0.2,0,0,12.232,0,0
1679.11,0.776,-0.317,0,1,0,0.5,-0.866,0,0.0,0,0,12.286,0,0
1340.11,0.528,-0.42,0,0,0,-0.9659,-0.2588,0,0.2,0,0,11.373,1,0
55.63,0.01,-0.821,0,0,1,0.5,0.866,0,0.4,7,7,2.001,0,1
738.7,0.238,-0.65,0,0,0,-1.0,-0.0,0,0.0,0,1,9.345,1,0
3522.28,0.581,-0.333,0,0,0,-0.9659,0.2588,0,0.0,0,4,9.453,1,0
121488.58,13.725,6.145,0,0,0,0.2588,-0.9659,0,0.0,0,8,9.266,0,1
1356.56,0.478,-0.379,0,0,0,-0.5,-0.866,0,0.0,0,0,11.531,0,0
646.94,1.03,0.022,0,0,0,-0.7071,-0.7071,0,0.0,0,1,11.154,0,0
730.63,0.459,-0.451,0,0,0,-0.2588,0.9659,0,0.1,0,1,9.14,1,0
631.75,0.895,-0.241,0,0,0,0.866,-0.5,0,0.0,0,0,12.776,0,0
1876.77,0.935,-0.055,1,0,0,-0.866,-0.5,0,0.0,0,0,11.401,1,0
1101.59,1.531,0.235,0,0,0,-0.866,-0.5,0,0.0,0,1,11.274,1,0
34.2,0.017,-1.343,0,1,0,-0.5,-0.866,0,0.1,1,1,0.0,2,1
1022.61,0.349,-0.579,0,0,0,-1.0,-0.0,0,0.0,0,0,11.701,2,0
967.29,0.328,-0.391,1,0,0,-0.7071,0.7071,0,0.0,0,0,11.564,1,0
1232.36,0.738,-0.229,0,0,0,0.2588,-0.9659,0,0.0,0,1,10.982,1,0
55.56,0.021,-0.649,0,0,1,0.9659,0.2588,0,0.3,8,10,1.589,0,1
2199.18,0.955,-0.041,0,0,0,-0.5,0.866,0,0.0,0,2,8.609,0,0
1983.42,0.239,-0.622,0,0,0,-0.866,-0.5,0,0.1,0,1,9.645,0,0
2243.22,0.229,-0.619,0,0,0,-0.866,0.5,0,0.3,0,0,11.93,0,0
1992.8,0.59,-0.402,0,0,0,-0.9659,-0.2588,0,0.2,0,0,11.624,1,0
1797.69,0.247,-0.639,0,0,0,-1.0,-0.0,0,0.0,0,1,11.275,0,0
869.54,0.448,-0.594,0,0,1,0.9659,0.2588,0,0.0,0,1,10.273,1,0
3724.51,2.298,3.179,1,0,0,0.866,-0.5,0,0.2,0,0,13.33,1,0
345.62,0.38,-0.57,0,0,0,-0.9659,-0.2588,0,0.0,0,0,11.542,0,0
432.79,1.018,0.041,0,0,0,0.5,-0.866,0,0.0,0,0,11.864,1,0
15619.97,9.382,7.222,1,0,1,0.866,0.5,0,0.0,0,1,10.471,1,1
4170.59,1.386,0.0,1,0,0,0.2588,-0.9659,0,0.0,0,0,11.923,2,0
350.73,0.27,-0.839,0,0,1,0.9659,0.2588,0,0.167,0,0,12.402,0,0
6589.76,4.255,7.676,1,0,0,-1.0,-0.0,0,0.0,0,0,13.053,4,1
2733.17,1.508,0.0,0,0,0,-0.9659,0.2588,0,0.0,0,0,11.983,0,0
1490.3,1.0,0.0,0,0,0,0.7071,-0.7071,0,0.0,0,0,14.768,2,0
6076.68,3.648,2.471,0,0,0,0.5,-0.866,0,0.0,0,0,11.95,2,0
1233.26,0.435,-0.604,0,0,0,-0.866,-0.5,0,0.1,0,0,12.257,1,0
32.9,0.137,-0.48,0,0,0,-0.866,0.5,6,0.8,20,20,2.264,1,1
2963.48,0.53,-0.75,0,0,0,-0.866,0.5,0,0.0,0,0,11.593,1,0
637.16,0.598,-0.899,0,0,0,-0.2588,0.9659,0,0.0,0,1,10.944,0,0
1208.71,0.989,-0.03,0,0,0,-0.9659,0.2588,0,0.571,0,0,13.344,0,0
3978.65,0.581,-0.264,0,0,0,-0.2588,-0.9659,0,0.0,0,0,11.803,0,0
27.04,0.036,-0.834,0,0,0,-0.5,0.866,0,0.2,11,11,3.073,0,1
1291.24,14.587,6.648,0,0,0,-0.866,0.5,0,0.4,0,0,12.32,1,0
7.08,0.001,-0.903,0,1,1,0.5,0.866,0,0.2,3,3,1.219,0,1
948.57,1.116,0.19,0,0,0,-0.866,-0.5,0,0.0,0,3,8.334,0,0
14288.03,6.948,4.243,0,0,0,0.2588,-0.9659,0,0.0,0,2,11.177,1,1
1027.54,0.316,-1.047,0,0,0,0.5,-0.866,0,0.0,0,0,11.875,1,0
490.39,0.31,-0.405,0,0,0,0.7071,-0.7071,0,0.0,0,0,11.696,0,0
1501.18,0.707,-0.185,0,0,0,-0.7071,0.7071,0,0.1,0,1,9.14,1,0
57.45,0.04,-1.955,0,1,0,-0.5,0.866,1,0.3,3,3,1.316,0,1
1761.03,0.942,-0.056,0,0,0,0.2588,-0.9659,0,0.0,0,2,9.137,0,0
842.96,0.686,-0.385,0,0,0,0.5,-0.866,0,0.0,0,1,11.001,0,0
2251.21,0.428,-0.439,0,0,0,-0.7071,0.7071,1,0.2,0,1,9.547,3,0
291.48,1.104,0.494,0,0,0,0.7071,-0.7071,0,0.0,0,1,10.953,0,0
1050.29,1.225,2.899,0,0,0,-0.9659,0.2588,0,0.0,0,0,11.994,1,0
1505.83,0.75,-0.298,0,0,0,-0.866,-0.5,0,0.1,0,0,11.484,0,0
312.17,0.47,-0.525,0,0,0,-0.866,-0.5,0,0.0,0,0,11.969,0,0
1691.0,0.632,-0.324,0,0,0,0.0,-1.0,1,0.2,0,4,10.406,1,0
7967.57,3.862,5.429,0,0,0,-1.0,-0.0,0,0.0,0,0,11.959,0,0
2242.31,0.809,-0.257,0,0,0,1.0,0.0,0,0.1,0,0,11.498,2,0
13666.27,5.094,3.265,1,0,0,-1.0,-0.0,0,0.2,1,4,8.097,0,0
856.06,1.18,0.498,0,0,0,0.2588,-0.9659,0,0.2,0,1,11.301,0,0
941.0,0.576,-0.355,0,0,0,0.2588,-0.9659,0,0.0,0,2,9.754,1,0
1209.44,0.578,-0.26,0,0,0,-0.5,0.866,0,0.2,0,1,10.341,0,0
2308.8,0.781,-0.18,0,0,0,-0.866,-0.5,0,0.0,0,1,10.342,0,0
599.72,0.534,-0.341,0,0,0,0.0,-1.0,0,0.0,0,1,10.651,0,0
493.02,0.922,-0.066,0,0,0,-0.2588,0.9659,0,0.0,0,3,9.43,1,0
1671.8,0.612,-1.08,0,0,0,-0.2588,-0.9659,0,0.1,0,1,9.285,1,0
2104.01,1.022,0.051,0,0,0,-0.7071,0.7071,0,0.0,0,0,12.405,0,0
325.18,0.415,-0.442,0,0,0,-1.0,-0.0,0,0.0,0,0,12.029,0,0
1154.04,2.487,0.555,0,0,0,-0.9659,0.2588,0,0.1,0,2,10.039,1,0
1559.53,0.976,-0.032,0,0,0,-0.2588,-0.9659,0,0.1,0,0,12.491,1,0
2688.59,1.078,0.065,0,0,0,0.0,-1.0,0,0.0,1,2,8.087,0,0
957.83,0.635,-0.276,0,0,0,-0.7071,-0.7071,1,0.1,0,1,10.685,0,0
30.63,0.021,-0.786,0,0,1,0.7071,0.7071,0,0.2,5,5,3.267,0,1
3961.43,5.978,13.199,0,0,0,0.2588,-0.9659,0,0.111,0,0,12.63,0,0
2547.32,1.706,0.702,1,0,0,-0.7071,-0.7071,0,0.0,0,1,9.659,1,0
205.87,0.296,-1.528,0,0,0,1.0,0.0,0,0.0,0,0,11.791,0,0
564.33,1.329,0.494,0,0,0,-0.7071,0.7071,0,0.0,0,0,12.859,1,0
1187.61,0.365,-0.506,0,0,0,-0.2588,-0.9659,0,0.0,0,4,8.944,0,0
495.1,2.633,1.521,0,0,0,0.0,-1.0,0,0.0,0,0,11.535,0,0
3630.81,1.0,0.0,0,0,0,0.5,-0.866,0,0.0,0,0,14.768,0,0
555.33,0.457,-3.2,0,0,0,-0.5,-0.866,0,0.0,0,0,12.564,0,0
2147.53,0.652,-0.24,0,0,0,-0.2588,-0.9659,0,0.1,0,1,11.185,0,0
3560.54,9.275,14.456,1,0,0,0.5,-0.866,0,0.0,0,0,12.179,0,0
1896.18,0.504,-0.382,0,0,0,-0.866,-0.5,0,0.0,0,1,10.374,1,0
701.39,0.991,-0.036,0,0,0,-0.9659,0.2588,1,0.333,0,1,9.746,1,0
871.38,0.843,-0.127,0,0,0,0.2588,-0.9659,0,0.2,0,2,9.649,0,0
8741.56,4.152,0.0,1,0,0,1.0,0.0,0,0.0,0,0,14.348,2,1
199.04,0.288,-0.323,0,0,0,0.0,-1.0,0,0.0,0,2,10.689,1,0
535.02,0.216,-0.869,0,0,0,-0.7071,0.7071,0,0.2,0,2,9.945,0,0
3376.84,0.705,-0.259,0,0,0,-0.866,-0.5,0,0.1,1,1,6.25,1,0
342.46,1.0,0.0,0,0,0,0.5,-0.866,0,0.0,0,0,14.768,0,0
1360.87,0.502,-0.539,0,0,0,-1.0,-0.0,0,0.0,0,1,9.949,0,0
58.62,0.028,-1.389,0,0,0,-0.2588,-0.9659,1,0.2,6,7,1.254,0,1
2349.91,0.782,0.0,0,0,0,-0.5,0.866,0,0.0,0,0,12.231,0,0
2788.22,1.218,0.0,0,0,0,-0.9659,0.2588,0,0.0,0,1,10.394,0,0
4360.67,1.0,0.0,0,0,0,-0.9659,0.2588,0,0.0,0,0,14.768,1,0
1968.17,0.647,-0.526,0,0,0,-0.7071,0.7071,0,0.0,0,0,12.805,0,0
2705.84,1.018,0.015,0,0,0,-0.5,-0.866,0,0.0,0,0,11.965,2,0
846.07,0.071,-0.501,1,0,0,-0.7071,0.7071,0,0.0,0,3,11.132,0,0
9003.39,2.059,1.237,0,0,0,0.0,-1.0,1,0.167,2,3,7.554,3,1
415.33,0.329,-1.595,0,0,0,-0.866,0.5,0,0.0,0,0,11.373,1,0
990.69,0.584,-0.478,0,0,0,-0.2588,0.9659,0,0.0,0,1,10.175,0,0
605.62,0.309,-0.628,0,0,0,0.7071,-0.7071,0,0.0,0,0,11.996,1,0
4120.37,1.023,0.016,0,0,0,-0.2588,-0.9659,0,0.0,2,4,7.536,1,0
23608.2,4.289,2.565,0,0,0,-0.866,0.5,0,0.0,0,1,10.753,1,0
1365.32,0.351,-0.795,0,0,0,-1.0,-0.0,0,0.0,1,2,8.112,0,0
1011.44,0.679,-0.274,0,0,0,0.5,-0.866,0,0.1,0,1,10.329,0,0
2108.48,1.165,0.162,0,0,0,-0.5,-0.866,0,0.2,0,0,12.334,1,0
611.07,0.894,-0.089,0,0,0,-1.0,-0.0,0,0.0,0,0,12.177,0,0
547.14,1.062,0.056,0,0,1,0.9659,0.2588,0,0.1,0,1,10.7,1,0
2645.73,2.339,1.182,0,0,0,-0.9659,0.2588,0,0.0,0,0,12.407,1,0
5549.1,1.586,0.477,0,0,0,-0.7071,-0.7071,0,0.1,0,1,10.897,0,0
828.22,0.665,-0.356,0,0,0,1.0,0.0,0,0.0,0,0,13.576,1,0
47.24,0.045,-0.728,0,0,1,0.5,0.866,0,0.1,5,7,1.405,1,1
167.38,0.285,-0.685,0,0,0,0.7071,-0.7071,0,0.0,0,0,11.714,0,1
2466.81,0.916,-0.1,0,0,0,0.7071,-0.7071,0,0.3,0,1,10.751,0,0
162.48,0.461,-0.842,0,0,0,1.0,0.0,0,0.0,0,0,12.05,0,0
1975.2,0.38,-0.502,0,0,0,0.5,-0.866,0,0.0,0,0,12.139,1,0
249.5,0.579,-0.513,0,0,0,-0.9659,-0.2588,0,0.2,0,1,11.033,0,0
836.05,0.373,-0.668,0,0,0,-1.0,-0.0,0,0.1,0,1,10.515,0,0
5230.23,2.636,5.825,0,0,0,-0.866,0.5,0,0.143,0,0,11.591,0,0
13.98,0.017,-0.725,0,0,1,0.9659,0.2588,1,0.4,20,21,2.438,0,1
9258.46,2.048,0.945,0,0,0,-0.866,-0.5,0,0.1,0,1,10.125,0,0
404.69,0.495,-0.392,0,0,0,-0.2588,-0.9659,0,0.0,0,2,10.121,2,0
432.64,0.793,-0.161,0,0,0,-0.9659,0.2588,0,0.0,0,2,8.502,1,1
1362.44,0.63,-0.359,0,0,0,-0.866,-0.5,0,0.1,0,0,12.559,1,0
1637.05,0.266,-0.584,0,0,0,-0.9659,0.2588,0,0.0,0,1,11.099,3,0
4439.16,1.073,0.033,1,0,0,-0.9659,0.2588,0,0.4,0,0,11.674,0,0
722.89,1.018,0.044,0,0,0,-0.866,0.5,0,0.1,0,0,11.962,0,0
16.18,0.019,-1.142,0,0,0,-0.2588,0.9659,0,0.0,5,8,3.009,1,1
3465.33,8.35,6.571,0,0,0,0.866,-0.5,0,0.2,0,28,9.51,0,0
2293.89,1.0,0.0,0,0,0,-1.0,-0.0,0,0.0,0,0,14.768,0,0
2044.81,0.845,0.0,1,1,0,-0.2588,-0.9659,0,0.0,0,0,13.247,0,0
569.87,0.508,-0.221,0,0,0,-1.0,-0.0,0,0.0,0,0,11.894,2,0
2285.7,0.502,-0.373,0,0,0,-0.2588,-0.9659,0,0.0,0,2,10.268,0,0
600.84,0.311,-0.727,1,0,0,1.0,0.0,0,0.1,0,0,11.435,1,0
2971.48,0.562,-0.375,0,0,0,-0.2588,0.9659,0,0.1,0,0,12.158,0,0
16135.39,5.914,5.346,0,0,0,0.7071,-0.7071,0,0.1,0,0,11.477,2,0
29.19,0.199,-0.819,0,1,1,0.7071,0.7071,1,0.444,7,7,1.164,0,1
13574.31,9.293,5.242,0,0,0,0.0,-1.0,0,0.0,0,7,8.366,0,1
339.32,0.633,-0.342,0,1,0,0.2588,-0.9659,0,0.0,0,1,10.431,0,0
1375.34,0.566,-0.339,0,0,0,-0.5,-0.866,0,0.1,0,1,9.798,0,0
55.74,0.097,-0.648,0,0,0,-0.2588,-0.9659,0,0.2,11,11,3.541,1,1
1203.09,0.705,-0.248,0,0,0,-1.0,-0.0,0,0.2,0,0,13.449,0,0
570.16,0.619,-0.27,0,0,0,0.2588,-0.9659,0,0.0,0,1,10.102,0,0
2071.43,1.0,0.0,0,0,0,0.866,-0.5,0,0.0,0,0,14.768,1,0
721.95,1.064,0.054,0,0,0,-0.2588,-0.9659,0,0.0,0,0,12.149,0,0
1999.76,0.702,-0.282,0,0,0,-0.866,-0.5,0,0.0,0,2,9.94,0,0
20666.06,7.136,6.4,0,0,0,-1.0,-0.0,0,0.0,0,2,9.65,0,0
2764.83,0.37,-0.505,0,0,0,-1.0,-0.0,0,0.0,0,1,10.71,0,0
4.88,0.005,-0.652,0,0,0,-0.9659,0.2588,0,0.1,6,7,0.431,1,1
172.71,0.293,-0.641,0,0,0,-0.5,-0.866,0,0.0,0,1,9.44,0,0
573.33,0.386,-1.036,0,0,0,-0.9659,-0.2588,0,0.0,0,0,11.995,0,0
20.94,0.029,-0.682,0,0,0,-0.9659,-0.2588,0,0.3,29,29,3.195,0,1
10028.52,7.478,15.0,0,0,0,-0.2588,-0.9659,0,0.1,0,1,10.761,0,0
7.01,0.006,-0.549,0,0,1,0.0,1.0,1,0.2,9,9,2.554,1,1
690.85,0.937,-0.106,0,0,0,-0.9659,-0.2588,0,0.0,0,1,11.136,0,0
274.9,0.703,-0.346,0,0,0,-0.5,0.866,0,0.0,0,2,9.226,1,0
974.08,0.324,-1.365,0,0,0,-0.9659,-0.2588,0,0.0,0,1,10.81,1,0
1403.7,0.595,-0.701,0,0,0,0.2588,-0.9659,0,0.1,0,1,9.584,0,0
12.71,0.01,-0.715,0,0,1,0.7071,0.7071,3,0.7,17,17,3.032,0,1
15.61,0.007,-1.614,0,0,1,0.7071,0.7071,0,0.2,6,7,1.848,2,1
11594.35,4.304,4.617,0,0,0,-0.2588,-0.9659,0,0.1,0,2,10.673,0,0
718.34,0.413,-2.522,0,0,0,-0.2588,0.9659,0,0.4,0,2,10.49,0,0
1133.67,0.743,-0.224,0,0,0,-1.0,-0.0,0,0.0,0,2,9.891,1,0
4954.29,1.321,0.248,0,0,0,-0.5,0.866,0,0.3,0,2,9.587,0,0
7689.95,5.374,5.228,0,0,0,0.2588,-0.9659,0,0.0,1,2,8.041,2,0
812.97,1.04,0.0,0,0,0,-0.7071,0.7071,0,0.0,0,0,13.964,2,0
689.57,0.445,-0.716,0,0,0,-0.2588,-0.9659,0,0.0,0,3,9.694,1,0
611.44,1.368,0.756,0,0,0,0.5,-0.866,0,0.0,0,2,10.433,1,0
1108.21,0.61,-0.313,0,0,0,0.866,-0.5,0,0.0,0,0,12.189,0,0
275.08,0.087,-0.781,0,0,0,-1.0,-0.0,1,0.1,0,1,9.529,0,0
968.82,0.592,-0.458,0,0,0,0.5,-0.866,0,0.125,0,1,10.21,1,0
379.87,0.236,-0.603,0,0,0,-0.7071,0.7071,0,0.0,0,1,11.199,0,0
258.33,0.352,-0.437,0,0,0,-0.866,0.5,0,0.0,0,1,10.03,2,0
1010.58,0.229,-0.76,1,0,0,-0.5,0.866,0,0.0,0,2,9.787,0,0
353.75,0.663,-0.289,0,0,0,-0.9659,-0.2588,0,0.0,0,3,10.914,1,0
12894.22,5.091,5.752,0,0,0,0.0,-1.0,0,0.0,0,3,8.279,3,1
841.73,0.274,-0.608,1,0,0,0.0,-1.0,0,0.0,0,1,10.693,1,0
158.16,0.319,-1.372,0,0,0,0.7071,-0.7071,0,0.0,0,2,10.704,0,0
1501.41,1.196,0.179,0,0,0,-0.5,0.866,1,0.2,0,15,9.382,0,0
465.87,0.513,-0.365,0,0,0,-0.2588,-0.9659,0,0.0,0,0,12.104,0,0
1833.67,1.0,0.0,0,0,0,-0.9659,-0.2588,0,0.0,0,0,14.768,2,0
3688.1,2.181,0.991,0,0,0,-0.7071,0.7071,0,0.0,0,0,11.464,1,0
1361.19,0.587,-0.454,0,0,1,0.9659,0.2588,0,0.0,0,0,12.102,0,0
1134.9,1.307,0.25,0,0,0,-0.866,-0.5,0,0.125,0,0,12.376,2,0
2047.55,1.07,0.352,1,0,0,-0.9659,0.2588,0,0.0,0,0,12.792,0,0
57.78,0.445,-0.31,0,0,0,-0.9659,0.2588,0,0.3,15,15,1.898,0,1
5648.52,1.373,1.02,0,0,0,-1.0,-0.0,0,0.0,0,2,10.239,0,0
628.32,0.287,-0.643,0,0,0,0.2588,-0.9659,0,0.0,0,0,14.058,0,0
821.38,0.482,-0.812,0,0,0,0.2588,-0.9659,0,0.0,0,0,11.519,1,0
900.89,1.069,0.404,0,0,0,-0.9659,-0.2588,0,0.0,0,1,9.872,1,0
2936.78,1.0,0.0,0,0,0,-0.2588,0.9659,0,0.0,0,0,14.768,0,0
775.07,0.572,-0.787,0,0,0,-0.7071,-0.7071,0,0.0,1,1,6.692,0,0
982.65,0.476,-0.375,0,0,0,0.2588,-0.9659,0,0.3,0,3,8.839,2,0
403.0,1.01,0.009,0,0,0,0.5,-0.866,0,0.1,0,1,10.14,0,0
396.98,0.211,-0.805,0,0,0,0.2588,-0.9659,0,0.0,0,1,10.337,0,0
383.35,0.886,-0.089,0,0,0,-0.7071,0.7071,0,0.1,0,0,12.415,1,0
3240.41,4.98,3.961,0,0,0,0.5,-0.866,0,0.0,0,1,11.268,1,0
227.68,0.685,-0.933,0,0,0,0.0,-1.0,0,0.0,0,1,11.294,1,0
1286.09,0.678,-0.182,0,0,0,-1.0,-0.0,0,0.4,1,2,7.875,1,0
701.26,0.697,-0.606,0,0,0,-0.5,-0.866,1,0.25,0,1,10.37,1,0
3875.59,1.463,0.869,0,0,0,-0.2588,-0.9659,0,0.1,0,1,10.351,0,0
915.13,0.578,-0.364,0,0,0,0.2588,-0.9659,0,0.0,0,2,10.671,1,0
723.63,0.807,-0.513,0,0,0,0.0,-1.0,0,0.0,0,0,12.819,1,0
1238.89,0.492,-0.489,0,0,0,-0.7071,0.7071,0,0.2,0,1,11.114,0,0
4211.97,3.279,4.19,0,0,0,0.7071,-0.7071,1,0.25,1,1,7.034,3,1
2089.64,1.158,0.455,0,0,0,-0.7071,0.7071,0,0.0,0,0,12.014,0,0
1385.92,0.692,-0.291,0,0,0,0.7071,-0.7071,0,0.1,0,0,12.052,1,0
3476.39,0.933,-0.06,0,0,0,0.2588,-0.9659,0,0.0,0,3,10.167,0,0
243.22,0.79,-0.234,0,0,0,-0.9659,0.2588,0,0.0,0,2,9.343,0,0
1423.32,0.581,-0.394,0,0,0,-0.866,-0.5,0,0.2,0,0,12.769,0,0
79591.69,10.845,6.317,1,0,1,0.2588,0.9659,0,0.1,0,12,9.305,0,1
9153.64,1.296,0.61,0,0,0,0.0,-1.0,0,0.125,2,6,7.326,2,1
2876.96,0.953,-0.037,0,0,0,-0.5,0.866,0,0.0,0,1,10.873,0,0
1039.79,0.358,-0.531,0,0,0,-0.2588,-0.9659,0,0.1,0,0,11.61,0,0
2997.74,1.0,0.0,0,0,0,0.866,-0.5,0,0.0,0,0,14.768,0,0
288.16,0.881,-0.128,0,0,0,-0.2588,0.9659,0,0.0,0,0,11.604,0,0
23.38,0.065,-0.669,0,0,0,-0.866,0.5,0,0.2,7,7,1.864,1,1
9061.31,1.468,0.781,0,0,0,-0.5,-0.866,0,0.0,3,3,6.881,2,1
334.01,0.771,-0.352,0,0,0,0.2588,-0.9659,1,0.2,0,5,8.904,1,0
1427.01,0.4,-0.487,0,0,0,0.5,-0.866,0,0.1,0,1,11.317,0,0
2721.03,0.545,-0.34,1,0,0,-0.9659,0.2588,0,0.2,0,1,11.182,0,0
1486.28,1.212,0.0,0,0,0,-0.2588,-0.9659,0,0.667,0,1,8.778,1,0
3935.07,3.162,15.0,0,0,0,-0.2588,-0.9659,0,0.0,0,0,13.052,0,0
2042.1,1.571,0.534,0,0,0,-0.7071,0.7071,0,0.0,0,2,9.579,1,1
521.04,0.187,-0.759,0,0,0,-0.866,0.5,0,0.0,0,1,9.255,0,0
6202.02,4.923,11.282,0,0,0,-0.866,0.5,0,0.1,0,0,11.626,1,1
1037.81,0.168,-2.016,0,0,0,-0.5,0.866,0,0.5,0,1,11.098,0,0
1686.2,0.493,-0.427,0,0,0,0.0,-1.0,0,0.0,0,1,10.487,0,0
1072.22,0.537,-0.428,0,0,0,0.7071,-0.7071,0,0.1,0,1,11.179,0,0
593.05,0.859,-0.147,0,0,0,-0.7071,-0.7071,0,0.1,0,3,9.799,0,0
235.57,0.495,-1.564,1,0,0,0.0,-1.0,0,0.0,0,0,12.456,2,0
986.8,0.959,-0.034,0,0,0,0.9659,-0.2588,0,0.1,0,2,8.799,0,0
1255.39,0.292,-0.507,0,0,0,-1.0,-0.0,0,0.1,0,2,9.816,0,0
1854.34,1.706,1.531,1,0,0,0.0,-1.0,0,0.0,0,1,11.282,1,0
1023.96,0.356,-0.634,0,0,0,-0.866,0.5,0,0.0,0,0,12.374,1,0
832.26,0.44,-0.603,0,0,0,-0.2588,0.9659,0,0.0,0,1,11.087,1,0
50.91,0.01,-0.79,0,0,1,0.5,0.866,1,0.6,12,12,3.46,0,1
3710.42,0.563,-0.355,0,0,0,0.5,-0.866,0,0.25,0,1,11.316,1,0
4217.03,1.16,0.138,0,0,0,0.0,-1.0,0,0.0,0,1,10.644,0,0
536.16,0.426,-0.92,1,0,0,-0.2588,0.9659,0,0.0,0,2,9.825,0,0
2614.39,0.709,-0.222,0,0,0,0.0,-1.0,0,0.0,0,1,10.442,0,0
717.72,0.131,-0.797,0,0,0,-0.866,-0.5,0,0.0,0,1,10.538,1,0
524.03,1.312,0.214,0,0,0,-0.2588,-0.9659,0,0.0,0,1,10.395,0,0
1562.63,0.444,-0.512,0,0,0,-0.866,0.5,0,0.0,0,0,11.664,1,0
558.35,0.387,-0.511,0,0,0,-0.7071,0.7071,0,0.143,0,1,10.474,0,0
1245.57,0.683,-0.264,0,0,0,0.0,-1.0,0,0.1,0,0,11.67,1,0
613.65,0.42,-0.557,0,0,0,0.0,-1.0,0,0.1,0,1,10.084,0,0
4146.89,2.12,0.0,1,1,0,-0.5,0.866,0,0.0,0,0,14.177,2,1
7089.96,2.865,1.245,1,0,0,-0.2588,-0.9659,0,0.2,1,8,7.472,0,1
3094.26,0.938,-0.088,0,0,0,0.2588,-0.9659,0,0.0,0,2,9.919,0,0
717.26,1.092,0.11,0,0,0,0.5,-0.866,0,0.0,0,0,12.168,3,0
2434.99,0.908,-0.08,0,0,0,-0.7071,-0.7071,0,0.1,0,2,8.96,1,0
621.31,0.318,-1.571,0,0,0,0.0,-1.0,0,0.1,0,0,11.465,2,0
6482.84,1.728,0.62,0,0,0,-0.5,-0.866,0,0.0,0,0,11.665,0,0
2039.67,1.477,1.0,0,0,0,-0.866,-0.5,0,0.3,0,0,11.513,1,0
21.39,0.022,-1.301,0,0,0,-0.2588,0.9659,0,0.0,3,6,3.488,1,1
232.51,0.467,-0.556,0,0,0,0.5,-0.866,0,0.1,0,2,9.018,1,0
647.52,0.551,-0.352,0,0,0,0.0,-1.0,0,0.0,0,0,11.624,0,0
3225.46,0.372,-0.523,0,0,0,0.5,-0.866,0,0.0,0,0,11.616,1,0
635.14,0.56,-0.478,0,0,0,0.5,-0.866,0,0.1,0,1,11.261,1,0
47.71,0.038,-0.695,0,0,1,0.7071,0.7071,0,0.6,14,14,0.54,0,1
929.05,1.333,0.932,0,0,0,-0.5,-0.866,0,0.0,0,0,11.771,0,0
1054.55,0.761,-0.763,0,0,0,-0.5,-0.866,0,0.0,0,0,11.486,0,0
805.23,0.278,-0.587,0,0,0,0.0,-1.0,0,0.2,0,0,11.436,0,0
1054.01,0.546,-0.707,0,0,0,-0.9659,-0.2588,1,0.1,0,1,9.877,0,0
1430.39,0.218,-0.696,0,0,0,0.2588,-0.9659,0,0.2,0,1,10.954,0,0
13036.43,11.372,11.545,0,0,0,-0.2588,-0.9659,0,0.0,0,1,10.653,1,0
1322.95,0.862,-0.127,0,0,0,-0.5,0.866,0,0.1,0,5,10.502,1,0
702.24,0.097,-0.807,0,0,0,-0.866,-0.5,0,0.1,0,1,10.801,1,0
659.36,0.399,-0.52,0,0,0,-0.866,0.5,0,0.1,1,2,7.548,1,0
27.75,0.026,-4.264,0,0,0,0.0,-1.0,3,0.429,3,4,2.944,0,1
631.7,2.169,0.0,0,0,0,0.0,-1.0,0,0.0,0,0,11.678,0,0
40.0,0.063,-0.808,0,0,0,-0.2588,0.9659,0,0.2,14,17,3.368,1,1
298.24,0.606,-0.729,0,0,0,0.5,-0.866,0,0.0,0,1,9.824,0,0
1429.11,0.702,-0.341,0,0,0,-0.9659,-0.2588,0,0.1,0,2,11.075,0,0
262.0,0.219,-0.958,0,0,1,0.9659,0.2588,0,0.0,0,2,10.888,0,0
1106.13,0.27,-0.614,0,0,0,-0.2588,0.9659,0,0.0,0,1,10.387,0,0
6999.76,14.361,5.39,0,0,1,0.9659,0.2588,0,0.3,2,28,7.833,0,1
2585.73,0.956,-0.039,0,0,0,0.5,-0.866,0,0.0,0,0,12.583,0,0
6540.53,4.224,7.601,0,0,0,-1.0,-0.0,2,0.4,1,2,7.056,4,1
2267.31,0.878,-0.116,0,0,0,-1.0,-0.0,1,0.2,0,2,10.985,0,0
311.67,0.279,-0.575,0,0,0,0.866,-0.5,0,0.0,0,2,9.714,1,0
18297.09,3.672,2.435,0,0,0,-0.7071,-0.7071,1,0.1,0,1,10.982,0,0
2599.8,6.917,12.48,0,0,0,-0.9659,-0.2588,0,0.0,0,0,11.999,0,0
4933.16,0.701,-0.22,0,0,0,-1.0,-0.0,0,0.0,0,0,11.899,0,0
1857.02,0.684,-0.267,0,0,0,0.2588,-0.9659,0,0.1,0,1,11.047,0,0
267.73,0.37,-0.67,0,0,0,-0.866,0.5,0,0.1,0,0,12.551,0,0
3598.65,0.8,-0.191,0,0,0,-1.0,-0.0,0,0.1,0,0,11.889,0,0
2819.95,1.623,0.508,0,0,0,-0.9659,-0.2588,0,0.0,0,0,12.439,0,0
534.89,0.405,-0.37,0,0,0,-0.7071,0.7071,0,0.0,0,2,10.047,1,0
1235.81,0.466,-0.502,0,0,0,-1.0,-0.0,1,0.1,0,1,10.133,0,0
511.66,0.261,-0.896,0,0,0,-0.2588,0.9659,1,0.222,0,3,8.714,0,0
2596.61,0.344,-0.719,0,0,0,0.0,-1.0,0,0.0,0,1,11.261,1,0
344.81,0.44,-0.466,0,0,0,-0.866,-0.5,0,0.0,0,1,11.147,0,0
23.39,0.025,-0.451,0,0,1,0.0,1.0,1,0.3,13,13,3.325,1,1
787.58,0.354,-2.867,0,0,0,-0.5,0.866,0,0.0,0,3,8.237,0,0
1027.9,1.223,0.169,0,0,0,0.5,-0.866,0,0.0,0,0,11.595,0,0
479.55,0.791,-0.751,0,0,0,-0.7071,0.7071,0,0.0,1,1,7.813,1,0
6610.9,2.989,0.0,1,0,0,-0.5,0.866,0,0.0,0,0,12.857,3,1
241.63,0.259,-0.53,0,0,1,0.866,0.5,0,0.2,0,2,9.84,0,0
456.76,1.095,0.094,0,0,0,0.7071,-0.7071,0,0.2,0,2,10.186,0,0
37.2,0.075,-0.597,0,0,0,-0.2588,-0.9659,0,0.4,20,20,0.089,1,1
1276.52,0.633,-0.266,0,0,0,0.5,-0.866,0,0.0,0,0,12.345,2,0
24.38,0.013,-0.622,0,0,1,0.866,0.5,0,0.4,14,14,3.554,1,1
5387.93,5.739,3.951,0,0,0,0.866,-0.5,0,0.0,0,2,9.115,0,0
135.94,0.198,-0.831,0,0,0,-1.0,-0.0,0,0.1,0,0,12.253,0,0
5115.21,0.954,-0.042,0,0,0,-0.7071,-0.7071,0,0.1,0,0,12.458,0,0
2964.3,0.882,-0.106,0,0,0,-0.9659,0.2588,0,0.0,0,2,10.606,0,0
6279.4,1.509,0.395,0,0,0,0.5,-0.866,0,0.1,0,0,11.523,0,0
2015.32,1.626,1.568,0,0,0,0.9659,-0.2588,0,0.333,0,1,11.144,2,0
1325.15,1.915,0.867,0,0,0,-0.2588,0.9659,0,0.1,0,1,9.678,1,0
2069.03,0.882,-0.116,0,0,0,-0.9659,0.2588,0,0.0,0,1,11.168,0,0
1728.15,1.0,0.0,0,0,0,0.866,-0.5,0,0.0,0,0,14.768,0,0
1064.86,0.506,-0.613,0,0,0,-0.9659,0.2588,0,0.143,0,1,8.803,0,0
1354.22,0.627,-0.419,0,0,0,-0.2588,-0.9659,0,0.0,0,1,9.045,1,0
605.19,0.286,0.0,1,1,0,0.2588,-0.9659,0,0.0,0,1,9.152,1,0
1416.79,1.0,0.0,0,0,0,-0.9659,0.2588,0,0.0,0,0,14.768,0,0
901.07,0.674,-0.275,0,0,0,0.0,-1.0,0,0.1,0,1,11.071,0,0
218.8,0.589,-0.481,0,0,0,0.7071,-0.7071,0,0.2,0,2,10.069,0,0
763.28,1.0,0.0,0,0,0,-0.2588,-0.9659,0,0.0,0,0,14.768,0,0
8951.55,4.731,15.0,0,0,1,0.5,0.866,1,0.25,1,1,7.199,2,1
1056.02,0.555,-0.322,0,0,0,0.5,-0.866,0,0.2,0,1,11.266,2,0
374.35,0.687,-0.685,0,0,0,0.7071,-0.7071,0,0.286,0,0,12.097,1,0
1490.05,0.919,-0.234,0,0,0,0.866,-0.5,0,0.0,0,2,11.237,1,0
4457.33,1.433,0.0,0,0,0,-0.5,-0.866,0,0.0,0,0,12.29,0,0
437.27,0.901,-0.112,1,0,0,0.5,-0.866,0,0.1,0,1,11.241,2,0
736.39,0.426,-0.528,0,0,0,-0.866,0.5,0,0.1,0,3,10.809,0,0
550.1,1.03,0.015,0,0,0,0.5,-0.866,1,0.4,0,17,8.684,3,0
2936.28,1.448,0.499,0,0,0,-0.866,0.5,0,0.0,0,1,11.336,0,0
746.05,0.364,-0.356,0,0,0,-0.5,-0.866,0,0.0,0,0,11.855,1,0
406.21,0.484,-0.524,1,0,0,-1.0,-0.0,0,0.0,0,2,10.36,0,0
3363.94,1.246,0.26,0,0,0,-0.9659,0.2588,0,0.0,0,1,9.129,0,0
2831.25,1.244,0.182,0,0,0,0.2588,-0.9659,0,0.0,0,2,9.761,1,0
2759.55,1.006,0.006,0,0,0,0.2588,-0.9659,0,0.1,0,2,8.462,0,0
7067.62,5.72,3.99,0,0,0,-0.5,-0.866,1,0.2,0,1,9.841,0,0
1218.89,2.545,2.679,0,0,0,-0.5,-0.866,0,0.111,0,1,11.364,0,0
1707.22,1.122,0.0,0,0,0,-0.9659,0.2588,1,0.5,0,1,10.14,2,0
23595.19,7.898,8.907,0,0,0,0.0,-1.0,0,0.1,0,0,12.302,0,0
543.11,0.691,-0.818,0,0,0,-0.7071,0.7071,0,0.0,0,2,9.209,1,0
24.89,0.029,-0.58,0,0,0,-0.7071,-0.7071,0,0.6,13,14,0.624,0,1
6810.43,6.176,5.04,0,0,0,-0.866,0.5,0,0.0,0,2,9.663,1,0
2248.66,1.222,0.214,0,0,0,0.5,-0.866,0,0.1,0,1,11.3,1,0
4271.66,1.321,0.223,0,0,0,-0.5,-0.866,0,0.1,0,1,9.803,0,0
2893.48,0.607,-0.35,0,0,0,-0.5,-0.866,0,0.1,0,0,11.501,0,0
1401.97,0.887,-0.349,0,0,0,0.0,-1.0,0,0.1,0,0,11.797,0,0
1.96,0.004,-0.857,0,1,0,-0.866,0.5,0,0.125,4,4,2.463,1,1
2612.47,5.69,11.631,0,0,0,-0.7071,-0.7071,0,0.0,0,0,11.859,1,0
8687.95,4.478,15.0,1,0,0,0.9659,-0.2588,0,0.0,0,0,11.743,4,1
35.32,0.015,-0.774,0,0,0,0.866,-0.5,0,0.3,13,15,3.281,1,1
1805.42,2.265,2.665,0,0,0,0.2588,-0.9659,0,0.2,0,1,10.311,1,0
342.13,0.333,-0.559,0,0,0,0.5,-0.866,0,0.1,1,3,5.198,0,0
694.32,0.551,-0.389,0,0,0,0.5,-0.866,0,0.1,0,2,9.983,0,0
3644.72,0.58,-0.36,0,0,0,-0.2588,0.9659,0,0.0,0,0,12.784,0,0
693.8,1.343,0.752,0,0,0,0.0,-1.0,0,0.25,0,0,11.99,1,0
783.46,0.418,-0.535,1,0,0,-0.5,-0.866,0,0.0,0,4,9.178,1,0
898.35,0.493,-0.497,0,0,1,0.9659,0.2588,0,0.1,0,2,8.745,1,0
55.27,0.061,-0.551,0,0,0,-0.9659,0.2588,1,0.4,13,14,3.02,1,1
577.28,0.384,-0.592,0,0,0,-0.7071,0.7071,0,0.1,0,0,11.675,1,0
2946.64,0.673,-0.262,0,0,0,-0.5,0.866,0,0.0,0,1,10.43,0,0
3278.08,1.0,0.0,0,0,0,-0.2588,-0.9659,0,0.0,0,0,14.768,0,0
821.16,0.51,-0.434,0,0,0,-0.866,0.5,0,0.1,0,1,11.192,1,0
1994.23,0.529,-0.451,0,0,0,-0.2588,0.9659,0,0.0,0,0,11.442,1,0
3607.75,1.365,0.848,0,0,0,-1.0,-0.0,0,0.1,0,0,11.864,0,0
4177.18,1.0,0.0,0,0,0,-0.866,-0.5,0,0.0,0,0,14.768,1,0
4082.64,1.216,0.893,0,0,0,-1.0,-0.0,0,0.25,3,3,7.118,2,1
2190.15,0.433,-0.433,1,0,0,0.9659,-0.2588,0,0.0,0,0,12.085,1,0
3073.09,1.623,1.138,0,0,0,0.9659,-0.2588,0,0.2,0,2,10.458,0,0
31.72,0.085,-1.189,0,0,0,0.866,-0.5,2,0.4,8,10,2.739,0,1
2972.86,0.62,-0.279,0,0,0,-0.5,0.866,0,0.2,0,2,9.561,3,1
2040.14,2.027,2.05,0,0,0,-0.2588,-0.9659,0,0.0,0,0,12.103,1,0
740.47,1.201,0.154,0,0,0,-0.7071,0.7071,0,0.6,0,2,9.896,0,0
233.94,0.21,-0.742,0,0,0,-0.2588,-0.9659,0,0.0,0,2,11.089,1,0
22.96,0.022,-1.186,0,0,1,0.9659,0.2588,1,0.5,12,12,1.155,1,1
378.7,0.337,-0.523,0,0,0,0.866,-0.5,0,0.0,0,0,11.605,1,0
1820.04,1.416,0.0,0,0,0,-0.9659,0.2588,0,0.0,0,1,8.401,1,0
2770.91,5.522,4.303,0,0,0,-0.7071,-0.7071,0,0.1,0,0,11.386,0,0
1016.16,0.522,-0.273,0,0,0,-0.866,-0.5,0,0.0,0,0,13.069,0,0
422.37,0.69,-0.285,0,0,0,-0.2588,-0.9659,0,0.0,1,2,7.659,1,0
5274.15,1.087,0.076,0,0,0,-0.5,0.866,0,0.3,0,0,12.046,0,0
184.86,1.097,0.078,0,0,0,0.5,-0.866,0,0.2,0,0,12.17,0,0
55.98,0.059,-0.436,0,0,1,0.0,1.0,0,0.2,12,12,3.817,1,1
1244.02,0.437,-0.489,0,0,0,-0.866,-0.5,0,0.0,0,0,12.268,0,0
546.91,0.499,-0.609,0,0,0,0.5,-0.866,0,0.0,0,4,10.557,0,0
919.53,0.258,-0.667,0,0,0,-0.7071,-0.7071,0,0.3,0,2,10.815,0,0
2266.93,1.365,0.33,0,0,0,-0.2588,-0.9659,0,0.0,0,2,10.504,0,0
521.14,0.919,-0.076,0,0,0,-0.7071,-0.7071,0,0.0,0,1,11.029,0,0
28.87,0.155,-0.557,0,0,0,-0.7071,-0.7071,1,0.3,23,23,2.114,1,1
1401.26,4.324,6.895,0,0,0,-0.7071,0.7071,0,0.333,0,0,12.226,1,0
2380.0,1.273,1.239,0,0,0,-0.2588,-0.9659,0,0.0,0,0,11.633,0,0
3820.92,0.708,-0.239,0,0,0,-0.7071,-0.7071,0,0.0,0,0,11.584,1,0
2232.33,0.847,-0.099,0,0,0,0.5,-0.866,0,0.0,0,1,9.453,0,0
167.47,0.383,-0.749,1,0,0,0.866,-0.5,0,0.2,0,2,10.982,0,0
6906.2,2.341,1.217,0,0,0,-0.866,0.5,0,0.2,0,0,12.056,0,0
2684.33,0.606,-0.298,0,0,0,0.7071,-0.7071,0,0.0,0,0,11.673,0,0
385.9,0.384,-0.508,0,0,0,-0.2588,-0.9659,0,0.2,0,0,12.161,0,0
2142.08,1.0,0.0,0,0,0,-1.0,-0.0,0,0.0,0,0,14.768,0,0
713.92,0.451,-0.502,0,0,0,0.5,-0.866,0,0.2,0,0,12.649,2,0
585.19,0.221,-0.682,0,0,0,-0.9659,0.2588,0,0.0,0,0,11.606,0,0
1316.25,0.563,-0.398,0,0,0,-0.2588,0.9659,0,0.0,0,0,11.967,0,0
816.4,1.0,0.0,0,0,0,-0.866,-0.5,0,0.0,0,0,14.768,1,0
723.66,0.759,-0.241,0,0,0,1.0,0.0,0,0.0,1,2,7.688,0,0
6051.58,0.705,-0.215,0,0,0,-0.2588,-0.9659,0,0.1,0,1,11.311,0,0
2776.9,0.361,-0.524,0,0,0,-0.9659,-0.2588,0,0.0,0,1,9.828,1,0
2110.89,0.804,-0.124,0,0,0,0.2588,-0.9659,0,0.0,0,0,12.583,1,0
2072.12,1.553,2.259,0,0,0,-0.866,-0.5,0,0.0,0,1,8.452,0,0
3645.21,2.496,0.0,0,0,0,-0.9659,0.2588,0,0.0,0,0,13.027,1,0
213.58,0.415,-0.636,0,0,0,0.5,-0.866,0,0.1,1,2,7.675,0,0
632.91,0.418,-0.551,0,0,0,-0.5,-0.866,0,0.1,0,1,8.954,0,0
1704.68,0.281,-0.732,0,0,0,-0.7071,0.7071,0,0.0,0,0,12.779,0,0
4545.73,1.034,0.046,0,0,0,-0.7071,-0.7071,0,0.0,0,0,13.535,0,0
3606.55,0.451,-0.489,0,0,0,-0.2588,0.9659,0,0.1,0,0,12.134,0,0
20085.4,4.85,3.359,0,0,0,-1.0,-0.0,1,0.2,0,2,9.963,0,0
1487.95,0.309,-0.582,0,0,0,0.0,-1.0,0,0.0,0,1,11.258,1,0
46.98,0.025,-0.518,0,0,0,0.9659,-0.2588,0,0.2,18,18,0.908,1,1
5229.61,1.038,0.034,0,0,0,-0.2588,-0.9659,0,0.1,0,1,10.111,0,0
978.15,0.903,-0.173,0,0,0,0.9659,-0.2588,1,0.2,0,0,11.492,0,0
1659.75,0.54,-0.668,0,0,0,0.7071,-0.7071,0,0.25,0,0,12.778,0,0
258.78,0.886,-0.074,0,0,0,0.0,-1.0,0,0.0,0,0,12.092,1,0
760.35,1.0,0.0,0,0,0,-1.0,-0.0,0,0.0,0,0,14.768,0,0
1075.55,0.313,-0.807,0,0,0,0.2588,-0.9659,0,0.0,0,0,13.174,0,0
3625.09,1.046,0.037,0,0,0,-0.9659,0.2588,0,0.0,0,0,11.492,0,0
2051.03,0.58,-0.376,0,0,0,-0.2588,0.9659,0,0.1,0,1,10.806,0,0
1168.08,2.214,4.06,0,0,0,0.2588,-0.9659,0,0.0,0,2,9.557,1,0
120380.07,11.167,5.766,0,0,1,0.866,0.5,0,0.0,0,13,9.4,1,1
994.0,0.831,-0.127,0,0,0,0.866,-0.5,0,0.0,0,0,12.297,1,0
297.26,0.144,-0.958,0,0,0,-0.9659,-0.2588,0,0.1,0,0,12.552,0,0
177.37,0.596,-1.412,0,0,0,-1.0,-0.0,0,0.143,0,1,10.734,1,0
32.16,0.02,-0.634,0,0,0,-0.2588,-0.9659,4,0.7,12,12,4.115,1,1
1946.75,0.639,0.0,0,0,0,0.9659,-0.2588,1,1.0,0,0,13.811,0,0
261.8,0.892,-0.589,0,0,0,-0.7071,-0.7071,0,0.0,0,1,11.339,1,0
4175.96,1.888,0.0,1,0,0,-1.0,-0.0,0,0.0,0,0,14.237,2,1
1222.83,0.466,-0.468,0,0,0,1.0,0.0,0,0.125,0,0,12.517,1,0
5063.18,7.578,5.998,0,0,0,0.866,-0.5,0,0.0,0,5,9.565,0,1
470.92,0.57,-0.325,1,0,0,-0.5,-0.866,0,0.0,0,1,11.192,0,0
1054.34,0.363,-0.664,0,0,0,-0.7071,0.7071,0,0.0,0,0,11.937,0,0
3471.3,3.957,2.301,0,0,0,0.5,-0.866,0,0.0,0,0,11.658,0,0
218.36,0.674,-0.225,0,0,0,-0.2588,-0.9659,1,0.1,0,1,10.87,1,0
2764.97,0.919,-0.068,0,0,0,-0.5,0.866,1,0.1,0,0,12.964,1,0
1086.79,0.435,-0.956,0,0,0,-0.9659,-0.2588,0,0.0,0,1,10.311,0,0
313.85,0.122,-0.673,0,0,0,-0.866,-0.5,0,0.111,0,0,11.675,0,0
1492.72,0.761,-0.203,0,0,0,-0.866,0.5,0,0.1,0,1,8.903,0,0
3407.84,1.686,1.505,0,0,0,-0.9659,-0.2588,0,0.0,0,1,10.886,0,0
818.5,0.961,-0.042,0,0,0,-0.2588,-0.9659,0,0.1,0,0,11.662,0,0
2682.95,0.277,-0.701,0,0,0,-0.9659,0.2588,0,0.1,0,0,12.87,0,0
384.48,1.625,2.047,0,0,0,0.2588,-0.9659,0,0.0,0,1,10.293,0,0
1349.25,0.182,-0.622,0,0,0,-0.866,-0.5,0,0.0,0,0,11.75,0,0
201.94,0.317,-0.62,0,0,0,0.2588,-0.9659,0,0.1,0,0,11.607,1,0
1823.54,0.791,-0.197,0,0,0,-0.2588,-0.9659,0,0.0,0,2,9.586,0,0
1394.46,0.772,-0.201,0,0,0,0.0,-1.0,0,0.0,0,2,11.018,1,0
2288.92,1.0,0.0,0,0,0,-0.2588,0.9659,0,0.0,0,0,14.768,0,0
322.48,0.428,-0.561,0,0,0,-0.5,-0.866,0,0.0,0,0,11.433,1,0
280.93,0.349,-0.372,0,0,0,-1.0,-0.0,0,0.1,0,1,11.125,1,0
1355.81,0.826,-0.178,0,0,0,0.5,-0.866,0,0.0,0,1,9.514,1,0
52.44,0.055,-0.789,0,0,1,0.9659,0.2588,3,0.8,12,13,1.896,0,1
6838.11,1.277,0.608,0,0,0,-1.0,-0.0,0,0.286,1,6,7.854,2,1
6205.63,1.004,0.004,0,0,0,1.0,0.0,0,0.2,0,0,11.681,0,0
901.55,1.284,0.135,0,0,0,-0.7071,0.7071,0,0.1,0,1,9.944,1,0
13376.13,9.702,15.0,1,0,0,-0.5,0.866,0,0.0,0,0,14.047,3,1
1994.96,1.029,0.03,0,0,0,0.2588,-0.9659,0,0.2,0,2,10.048,1,0
3074.23,0.769,-0.265,0,0,0,-0.5,0.866,0,0.0,0,3,10.134,0,0
2408.55,0.548,-0.352,0,0,0,0.5,-0.866,0,0.0,0,1,10.319,0,0
1112.75,0.287,-0.557,0,0,0,0.0,-1.0,1,0.3,0,0,11.697,2,0
69625.61,12.379,6.627,0,0,1,0.2588,0.9659,0,0.0,0,8,8.988,0,1
1320.2,1.029,0.022,0,0,0,-0.5,0.866,0,0.1,0,0,11.745,1,0
2124.36,0.567,-0.538,0,0,0,-0.7071,0.7071,0,0.0,0,2,10.272,0,0
2250.21,1.852,0.0,1,1,0,-0.5,-0.866,0,0.0,0,1,9.805,1,0
4207.48,1.413,1.117,0,0,0,-0.7071,-0.7071,0,0.2,2,3,7.064,3,1
2063.03,1.682,2.292,0,0,0,-0.866,0.5,0,0.1,0,3,10.097,1,0
479.69,0.775,-0.175,0,0,0,-1.0,-0.0,0,0.5,0,0,11.393,0,0
13397.57,2.985,1.896,0,0,0,0.866,-0.5,0,0.0,0,1,10.698,0,0
59.07,0.087,-0.531,0,0,0,-1.0,-0.0,0,0.5,12,12,3.84,0,1
3588.48,4.44,2.605,0,0,0,0.7071,-0.7071,0,0.0,0,0,11.577,0,0
1435.14,0.374,-0.583,0,0,0,-0.2588,0.9659,0,0.0,1,1,6.462,0,0
665.66,1.0,0.0,0,0,0,-0.9659,0.2588,0,0.0,0,0,14.768,2,0
788.8,0.508,-0.424,0,0,0,-0.9659,-0.2588,1,0.1,0,0,11.75,1,0
24299.71,4.042,1.885,0,0,0,-0.7071,-0.7071,0,0.1,0,2,10.053,1,0
4880.45,1.365,0.308,0,0,0,-0.7071,-0.7071,0,0.0,0,1,10.313,0,0
853.23,0.275,-0.674,0,0,0,-0.866,-0.5,0,0.2,0,1,10.847,0,0
8.81,0.002,-1.243,1,1,0,0.9659,-0.2588,0,0.0,1,1,0.0,1,1
13379.76,3.152,1.658,0,0,0,-0.9659,-0.2588,0,0.0,1,1,7.465,2,1
2133.22,0.551,-0.401,0,0,0,-0.2588,-0.9659,0,0.0,1,1,7.836,0,0
2897.98,0.828,-0.139,0,0,0,0.2588,-0.9659,0,0.0,0,0,11.671,1,0
3513.17,1.126,0.126,0,0,0,-0.5,-0.866,0,0.0,0,0,11.588,0,0
1631.47,0.676,-0.36,0,0,0,-0.7071,0.7071,0,0.2,0,3,10.546,0,0
2980.83,1.227,0.203,0,0,0,-0.866,0.5,0,0.111,0,0,11.532,1,0
23915.28,4.819,2.926,0,0,0,-0.866,-0.5,0,0.1,0,1,10.753,1,0
1266.57,0.247,-0.66,0,0,0,-0.9659,0.2588,0,0.0,0,2,10.973,1,0
1886.2,0.97,-0.739,0,0,0,-1.0,-0.0,3,0.571,0,0,11.625,0,0
1642.92,1.0,0.0,0,0,0,0.5,-0.866,0,0.0,0,0,14.768,1,0
478.65,0.335,-0.311,0,0,0,-0.866,-0.5,0,0.5,0,3,10.896,0,0
300.57,0.583,-0.363,0,0,0,-0.2588,0.9659,0,0.0,0,0,11.562,0,0
1585.19,0.799,-0.382,0,0,0,0.2588,-0.9659,0,0.2,0,1,11.277,0,0
932.58,0.524,-0.428,0,0,0,0.0,-1.0,1,0.1,0,0,11.534,0,0
326.66,0.597,-0.488,0,0,0,-0.2588,0.9659,0,0.0,0,0,12.375,1,0
1790.24,1.273,3.536,0,0,0,-0.9659,0.2588,0,0.0,0,1,11.197,1,0
334.26,0.261,-0.6,0,0,0,-0.2588,0.9659,0,0.0,0,0,11.9,1,0
414.58,0.802,-0.176,0,0,0,0.866,-0.5,0,0.1,0,2,10.913,1,0
14880.4,15.345,15.0,0,0,0,-0.2588,0.9659,0,0.0,0,0,11.498,1,0
677.32,0.68,-0.235,0,0,0,0.9659,-0.2588,0,0.2,0,3,8.838,0,0
1670.47,0.844,-0.171,0,0,0,-0.2588,-0.9659,0,0.0,0,0,11.664,0,0
2372.76,0.613,-0.172,0,0,0,-0.866,0.5,0,0.1,0,1,10.715,1,0
1445.77,0.366,-0.57,0,0,0,-0.2588,0.9659,0,0.0,0,1,10.256,0,0
5758.37,0.915,-0.067,0,0,0,-1.0,-0.0,0,0.2,0,3,9.18,1,0
597.38,0.561,-0.338,0,0,1,0.866,0.5,0,0.0,0,0,13.132,1,0
1863.8,1.29,1.611,0,0,0,-0.866,0.5,0,0.0,0,1,11.354,0,0
791.01,0.768,0.0,1,1,0,0.7071,-0.7071,0,0.0,0,1,10.318,0,0
7460.28,0.86,-0.099,1,0,0,0.5,-0.866,0,0.2,0,0,13.309,0,0
618.58,0.636,-0.771,0,0,0,-0.7071,0.7071,0,0.1,0,2,10.996,1,0
1576.92,0.564,-0.36,0,0,0,-1.0,-0.0,0,0.1,0,1,10.926,1,0
122.89,0.3,-1.089,0,0,0,0.5,-0.866,0,0.3,0,0,11.713,1,0
38.98,0.021,-0.908,0,0,0,1.0,0.0,0,0.3,6,6,0.921,0,1
825.51,0.566,-0.35,0,0,0,-1.0,-0.0,0,0.1,0,0,12.053,0,0
1587.62,0.404,-0.494,0,0,0,0.5,-0.866,0,0.0,0,0,11.855,0,0
2241.85,0.538,-0.33,0,0,0,1.0,0.0,0,0.1,0,3,10.736,0,0
599.55,1.084,0.0,0,0,0,0.2588,-0.9659,0,0.0,0,0,13.822,1,0
15.15,0.013,-0.654,0,0,0,1.0,0.0,0,0.6,17,17,1.845,0,1
7119.45,0.934,-0.176,0,0,0,-0.866,0.5,0,0.0,0,0,11.837,2,0
1907.38,0.482,-0.528,0,0,0,-0.7071,-0.7071,0,0.0,0,1,10.139,0,1
4542.31,1.338,0.589,0,0,0,0.866,-0.5,0,0.0,0,1,9.64,1,0
1486.03,0.434,-0.452,0,0,0,0.5,-0.866,0,0.0,0,0,12.56,1,0
604.67,1.808,1.986,0,1,0,-0.9659,-0.2588,0,0.1,0,0,12.595,0,0
43.89,0.041,-4.199,0,1,0,0.0,-1.0,2,0.333,2,3,1.551,0,1
320.35,0.525,-0.472,0,0,0,-0.866,0.5,0,0.0,0,2,10.062,1,0
1332.63,0.552,-0.444,0,0,0,-0.7071,-0.7071,0,0.25,0,0,13.148,0,0
3485.37,0.837,-0.139,0,0,0,-0.9659,0.2588,0,0.0,0,0,11.786,0,0
418.81,0.225,-2.492,0,0,0,0.9659,-0.2588,0,0.333,0,1,8.294,0,0
1507.16,0.75,-0.267,0,0,0,-0.9659,0.2588,0,0.1,1,4,8.058,0,0
6922.95,3.785,0.0,0,0,0,0.5,-0.866,0,0.5,0,1,11.014,0,0
211.83,0.542,-0.442,1,0,0,0.2588,-0.9659,0,0.1,0,0,11.893,0,0
365.73,0.258,-0.598,0,0,0,-0.5,0.866,0,0.0,1,4,8.127,1,0
52.33,0.056,-0.824,0,0,1,0.0,1.0,0,0.0,3,3,3.206,0,1
7605.93,2.949,1.682,0,0,0,-0.9659,0.2588,0,0.0,0,2,9.913,0,0
246.19,0.348,-1.144,0,0,0,-0.9659,0.2588,0,0.1,0,0,12.591,0,0
1662.97,1.883,1.613,0,0,0,0.0,-1.0,0,0.0,0,0,12.458,0,0
2481.19,0.974,-0.056,0,0,0,0.2588,-0.9659,0,0.0,0,0,12.433,0,0
1283.59,0.531,-0.404,0,0,0,-1.0,-0.0,0,0.0,0,1,10.171,1,0
4061.07,4.258,9.358,0,0,0,-0.9659,0.2588,0,0.1,0,1,10.027,1,0
1227.31,1.921,2.258,0,0,0,0.0,-1.0,0,0.2,0,0,12.449,0,0
1537.02,0.711,-0.729,0,0,0,0.9659,-0.2588,0,0.167,0,0,12.472,0,0
6685.82,4.189,8.516,1,0,1,0.5,0.866,0,0.0,0,0,13.531,3,1
535.16,0.244,-0.348,0,0,0,0.866,-0.5,0,0.4,0,2,8.94,1,0
978.74,1.043,0.02,0,0,0,-0.5,0.866,0,0.0,0,0,12.309,0,0
5.02,0.009,-1.24,0,0,0,-0.866,0.5,0,0.1,13,13,1.864,0,1
1154.1,0.784,-0.207,0,0,0,-1.0,-0.0,0,0.1,0,1,11.205,1,0
700.56,0.39,-0.547,0,0,0,-0.9659,-0.2588,0,0.1,0,0,11.882,1,0
512.73,0.607,-0.652,0,0,0,-0.2588,0.9659,0,0.0,0,0,12.139,0,0
2409.32,0.74,-0.195,0,0,0,0.5,-0.866,0,0.0,0,1,8.62,0,0
805.59,1.153,0.359,0,0,0,-0.7071,-0.7071,0,0.25,0,0,11.806,0,0
729.43,0.98,-0.051,0,0,0,-0.5,-0.866,0,0.0,0,0,13.175,2,0
954.89,0.877,-0.216,0,0,0,0.5,-0.866,0,0.1,0,1,11.342,0,0
2866.35,0.692,-0.21,0,0,0,0.866,-0.5,0,0.1,0,0,11.725,0,0
1341.42,0.287,-0.549,0,0,0,0.9659,-0.2588,0,0.2,0,0,11.48,1,0
678.5,1.261,0.238,0,0,0,-0.7071,0.7071,0,0.0,0,1,10.302,0,0
1421.06,0.531,-0.349,0,0,0,-0.866,0.5,0,0.1,0,5,9.13,0,0
365.99,0.463,-0.443,0,0,0,-1.0,-0.0,0,0.0,0,0,12.007,0,0
1097.14,1.204,0.157,0,0,0,0.866,-0.5,0,0.0,0,0,12.177,2,0
3687.55,0.762,-0.198,0,0,0,-0.7071,-0.7071,0,0.0,0,0,11.68,1,0
40529.37,6.866,5.008,0,0,0,-0.2588,0.9659,0,0.0,0,0,11.407,1,0
4923.74,1.569,15.0,0,0,0,-0.5,0.866,0,0.0,0,2,10.071,1,0
2127.11,1.0,0.0,0,0,0,-0.5,-0.866,0,0.0,0,0,14.768,0,0
1343.57,1.318,0.283,0,0,0,-0.866,0.5,0,0.1,0,1,10.221,1,0
2009.59,0.556,-0.524,0,0,0,-0.9659,0.2588,0,0.0,0,0,12.393,0,0
1463.36,1.543,0.422,0,0,0,0.9659,-0.2588,0,0.1,0,0,11.566,1,0
505.14,0.28,-0.812,0,0,0,-0.9659,-0.2588,0,0.0,0,1,10.413,1,0
2189.83,1.0,0.0,0,0,0,0.7071,-0.7071,0,0.0,0,0,14.768,1,1
34.06,0.01,-0.858,0,0,0,-0.866,0.5,6,0.8,10,11,1.892,1,1
712.79,0.957,-0.111,0,0,0,-0.866,0.5,0,0.2,1,1,6.831,1,0
844.46,0.454,-0.607,0,0,0,-0.866,-0.5,0,0.0,0,1,9.841,1,0
1514.33,4.744,0.0,0,0,0,0.2588,-0.9659,0,0.0,0,1,9.772,1,0
8744.38,1.224,0.158,0,0,0,-0.7071,0.7071,0,0.0,0,0,11.535,0,0
15463.47,9.542,7.691,0,0,0,-0.866,0.5,0,0.2,0,3,9.745,0,0
58.72,0.044,-0.849,0,0,0,-0.5,-0.866,1,0.2,18,18,4.612,2,1
304.22,0.888,-0.231,0,0,0,-0.9659,-0.2588,0,0.0,0,0,11.9,0,0
2657.03,2.9,2.338,0,0,0,-0.9659,0.2588,0,0.2,0,1,11.095,0,0
625.79,0.658,-0.31,1,0,0,-0.9659,0.2588,0,0.0,0,0,12.183,1,0
830.05,0.577,-0.416,0,0,0,-0.866,-0.5,0,0.0,0,0,13.061,1,0
19750.65,14.004,10.971,0,0,1,0.7071,0.7071,0,0.0,1,3,7.266,1,1
1029.68,0.715,-0.217,0,0,0,-0.2588,0.9659,1,0.2,0,0,12.193,0,0
705.98,0.457,-1.001,1,0,0,0.9659,-0.2588,0,0.0,0,2,9.977,0,0
819.66,0.433,-0.511,0,0,0,-0.866,0.5,0,0.0,0,1,10.71,1,0
749.64,0.2,-1.17,0,0,0,0.0,-1.0,0,0.125,0,2,9.17,0,0
3.94,0.005,-0.677,0,0,0,-0.866,0.5,0,0.167,4,4,2.354,0,1
2796.77,0.645,-0.438,0,0,0,-0.866,0.5,0,0.0,0,0,11.58,0,0
1750.13,0.53,-0.578,0,0,0,-0.2588,-0.9659,0,0.1,0,3,9.269,0,0
14631.32,3.447,1.885,0,0,0,-0.9659,-0.2588,1,0.2,1,2,7.653,2,1
1063.13,0.605,-0.311,0,0,0,-0.866,0.5,0,0.1,0,2,11.024,0,0
54.02,0.031,-0.743,0,1,0,0.9659,-0.2588,0,0.0,2,3,2.59,2,1
924.08,0.534,-0.489,0,0,0,-0.2588,0.9659,0,0.0,0,0,11.907,0,0
8859.96,1.742,0.995,0,0,0,0.0,-1.0,0,0.2,2,3,7.834,2,1
1621.98,1.302,0.38,0,0,0,-0.7071,-0.7071,0,0.0,0,0,11.396,1,0
7247.83,6.478,7.191,0,0,0,0.9659,-0.2588,0,0.2,0,3,9.593,0,0
284.04,0.399,-0.437,0,0,0,-1.0,-0.0,0,0.0,0,1,11.274,0,0
22670.57,14.948,9.778,0,0,1,0.5,0.866,1,0.2,1,3,7.189,1,1
2883.02,0.715,-0.255,0,0,0,-0.5,0.866,0,0.0,0,0,11.936,0,0
571.92,0.375,-0.514,0,0,0,-0.866,0.5,0,0.1,0,3,10.027,0,0
4642.3,1.672,2.144,0,0,0,-0.7071,0.7071,1,0.2,0,1,10.761,0,0
2912.41,0.64,-0.342,0,0,0,-0.2588,-0.9659,0,0.2,0,1,10.824,0,0
1020.37,0.818,-0.396,0,0,0,0.866,-0.5,0,0.0,0,1,9.621,1,0
1063.15,0.447,-0.54,0,0,0,-0.5,-0.866,0,0.0,0,0,11.789,0,0
2298.19,1.0,0.0,0,0,0,-0.9659,0.2588,0,0.0,0,0,14.768,0,0
606.93,0.595,-0.347,0,0,0,-0.2588,0.9659,0,0.0,0,1,11.005,1,0
6570.45,1.173,0.148,0,0,0,-0.5,0.866,0,0.0,0,0,13.131,0,0
2436.1,0.999,-0.001,0,0,0,-0.866,-0.5,0,0.1,0,1,10.94,0,0
2837.49,1.25,0.161,0,0,0,-0.866,0.5,0,0.0,0,1,10.139,0,0
716.65,0.364,-0.607,0,0,0,0.866,-0.5,0,0.1,0,1,10.647,1,0
3157.37,0.627,-0.269,0,0,0,-0.866,0.5,0,0.0,1,2,7.661,3,0
352.82,0.457,-0.441,0,0,0,-0.5,0.866,0,0.1,0,0,12.142,2,0
462.42,0.463,-0.411,0,0,0,0.5,-0.866,0,0.1,0,1,11.324,0,0
10.26,0.004,-1.195,1,1,0,1.0,0.0,0,0.0,1,1,0.0,0,1
2744.96,1.653,1.675,0,0,0,-0.7071,-0.7071,0,0.0,0,1,8.328,0,0
600.37,0.439,-0.301,0,0,0,-0.2588,0.9659,0,0.0,0,1,10.495,0,0
232.65,0.388,-0.56,0,0,0,0.2588,-0.9659,0,0.0,0,0,11.779,1,0
1182.5,1.082,0.355,0,0,0,1.0,0.0,0,0.0,0,0,11.795,2,0
2108.0,0.999,-0.001,0,0,0,-0.5,0.866,0,0.0,0,1,10.482,0,0
593.23,0.346,-0.595,0,0,0,0.5,-0.866,0,0.0,0,3,10.3,1,0
29.01,0.058,-0.86,0,0,0,0.9659,-0.2588,0,0.4,9,11,3.018,0,1
687.67,0.28,-0.681,0,0,0,-0.2588,0.9659,0,0.125,0,0,12.924,0,0
2526.61,1.137,0.148,0,0,0,0.0,-1.0,0,0.0,0,1,10.086,0,0
465.37,0.338,-0.506,0,0,0,-0.866,0.5,0,0.1,0,0,12.453,0,0
542.22,0.18,-0.678,0,0,0,-0.866,0.5,0,0.1,0,0,11.989,0,0
432.01,0.307,-1.481,0,0,0,0.0,-1.0,1,0.4,0,0,12.037,1,0
811.35,0.507,-0.392,0,0,0,-0.5,0.866,0,0.0,0,3,9.051,0,0
650.44,0.148,-0.702,0,0,0,0.0,-1.0,0,0.0,0,0,11.635,3,0
1576.49,0.842,-0.125,0,0,0,1.0,0.0,0,0.0,0,2,10.49,1,0
429.65,1.0,0.0,0,0,0,0.0,-1.0,0,0.0,0,0,14.768,0,0
640.93,1.0,0.0,0,0,0,-0.7071,-0.7071,0,0.0,0,0,14.768,0,0
8790.87,2.081,1.353,0,0,0,0.9659,-0.2588,0,0.0,0,0,12.061,0,0
4565.44,0.414,-0.45,0,0,0,-0.2588,0.9659,0,0.0,0,0,13.248,0,0
174.4,1.0,0.0,0,0,0,0.9659,-0.2588,0,0.0,0,0,14.768,0,1
609.9,0.698,-0.38,0,0,0,-0.7071,0.7071,0,0.1,0,2,10.242,0,0
1315.7,1.018,0.02,0,0,0,0.2588,-0.9659,0,0.0,0,0,11.82,1,0
1839.89,0.606,-0.312,0,0,0,0.7071,-0.7071,0,0.1,1,5,5.887,0,0
2223.38,0.676,-0.293,0,0,0,-0.5,-0.866,0,0.0,0,3,8.253,0,0
983.94,0.337,-0.563,0,0,0,0.5,-0.866,0,0.0,0,1,11.047,1,0
245.5,0.648,-0.409,0,0,0,1.0,0.0,1,0.2,0,1,10.92,0,1
1041.81,0.666,-0.599,0,0,0,-0.866,-0.5,0,0.2,0,2,10.846,1,0
187.89,0.957,-0.041,0,0,0,0.866,-0.5,0,0.0,0,0,12.237,0,0
742.1,0.64,-0.379,0,0,0,0.0,-1.0,0,0.1,0,3,8.866,1,0
1443.53,0.404,-1.124,0,0,0,0.2588,-0.9659,0,0.0,0,0,12.039,1,0
2975.39,0.351,-0.816,0,0,0,0.866,-0.5,0,0.0,0,0,11.944,0,0
7024.06,5.898,5.116,0,0,0,-0.2588,0.9659,0,0.0,0,0,11.589,1,0
551.77,0.162,-0.697,0,0,0,0.7071,-0.7071,0,0.0,0,0,12.189,1,0
307.29,1.0,0.0,0,0,0,0.9659,-0.2588,0,0.0,0,0,14.768,1,0
765.42,1.055,0.029,0,0,0,-1.0,-0.0,0,0.3,0,1,10.605,1,0
198.25,0.333,-0.647,0,0,0,-0.9659,0.2588,0,0.0,0,1,9.847,1,0
1341.86,0.589,-0.701,0,0,0,-0.2588,-0.9659,0,0.0,0,0,12.172,0,1
1697.12,0.906,-0.069,0,0,0,1.0,0.0,0,0.1,0,2,11.088,2,0
1371.32,1.151,0.139,0,0,0,-0.7071,-0.7071,0,0.0,0,0,13.077,0,0
14.63,0.056,-1.027,0,0,0,-0.7071,0.7071,0,0.5,15,17,3.596,1,1
3225.11,0.955,-0.048,0,0,0,-0.9659,-0.2588,0,0.0,1,2,7.165,0,0
724.92,0.504,-1.032,0,0,0,-0.9659,-0.2588,0,0.0,0,0,11.575,1,0
665.18,0.413,-0.532,0,0,0,-0.9659,-0.2588,0,0.0,0,1,9.31,1,0
40.63,0.223,-1.054,0,0,0,-0.9659,0.2588,0,0.0,7,8,3.34,0,1
884.19,0.928,-0.061,0,0,0,-0.5,0.866,0,0.0,0,2,10.891,0,0
2781.48,2.175,15.0,0,0,0,-0.2588,0.9659,0,0.0,0,1,10.765,0,0
223.29,0.495,-0.394,0,0,0,-0.866,0.5,0,0.2,0,3,8.489,1,0
438.96,0.722,-0.225,0,0,0,-0.9659,-0.2588,0,0.222,0,1,10.981,2,0
16.92,0.017,-1.121,0,0,1,0.9659,0.2588,0,0.6,15,15,2.789,1,1
1160.29,0.125,-1.036,0,0,0,-0.5,-0.866,0,0.0,0,1,10.051,0,0
1102.2,0.373,-1.171,0,0,0,-0.2588,0.9659,0,0.4,0,0,11.478,2,0
13645.84,1.531,0.766,0,0,0,-0.866,-0.5,0,0.0,1,3,8.127,4,1
6265.1,2.532,1.856,0,0,0,-0.9659,0.2588,0,0.0,0,0,11.791,1,0
193.99,0.289,-0.639,0,0,0,-0.866,-0.5,0,0.0,0,1,10.986,0,0
828.19,0.745,-0.24,0,0,0,0.7071,-0.7071,0,0.0,0,0,11.765,0,0
1047.63,0.26,-0.98,0,0,0,0.2588,-0.9659,0,0.1,0,0,11.793,0,0
3643.0,1.751,1.891,0,0,0,-0.9659,-0.2588,0,0.0,0,1,10.592,0,0
2475.63,0.836,-0.129,0,0,0,-0.5,0.866,0,0.0,0,1,11.168,0,0
964.65,2.192,3.508,1,0,0,-0.9659,-0.2588,2,0.333,0,0,11.66,1,0
274.46,0.408,-1.44,0,0,0,0.9659,-0.2588,0,0.111,0,0,12.318,0,0
425.74,0.65,-0.576,0,0,0,-0.2588,-0.9659,0,0.0,0,1,11.295,0,0
1414.07,0.741,-0.362,0,0,0,-0.5,0.866,0,0.1,0,1,9.29,0,0
1155.63,0.473,-0.564,1,0,0,0.866,-0.5,0,0.0,0,1,11.145,0,0
628.03,0.547,-0.386,0,0,0,0.0,-1.0,0,0.2,0,0,12.008,0,0
1355.47,0.818,-0.148,0,0,0,1.0,0.0,0,0.0,0,1,9.011,0,0
718.63,0.411,-0.529,1,0,0,0.7071,-0.7071,0,0.0,0,0,11.621,0,0
878.65,0.768,-0.313,1,0,0,0.5,-0.866,0,0.0,0,1,11.318,0,0
1793.54,2.205,1.102,0,0,0,-0.9659,-0.2588,0,0.4,0,0,11.989,0,0
950.4,1.0,0.0,0,0,0,0.5,-0.866,0,0.0,0,0,14.768,0,0
1585.78,3.158,1.925,0,0,0,-0.9659,0.2588,0,0.0,0,1,11.31,1,0
969.72,0.248,-0.709,0,0,0,-0.866,0.5,0,0.0,0,0,11.896,0,0
4072.42,0.824,-0.139,0,0,0,0.0,-1.0,0,0.111,0,0,12.121,0,0
487.62,0.444,-0.595,0,0,0,-0.866,-0.5,0,0.0,0,0,12.548,1,0
1008.17,0.388,-0.396,0,0,0,-0.2588,-0.9659,0,0.0,0,1,9.516,0,0
2452.4,6.227,15.0,0,0,0,-0.2588,-0.9659,0,0.167,0,0,12.43,0,0
474.71,0.226,-0.746,0,0,0,0.0,-1.0,0,0.2,0,0,12.873,0,0
928.06,0.558,-0.368,0,0,0,-0.7071,0.7071,0,0.1,0,0,11.399,0,0
880.04,0.284,-0.916,0,0,0,0.866,-0.5,0,0.0,0,3,9.886,1,0
1806.65,0.447,-0.702,0,0,0,0.5,-0.866,0,0.0,0,0,11.683,0,0
1042.42,0.329,-0.604,0,0,0,-0.7071,-0.7071,0,0.0,0,1,9.632,0,0
41.92,0.089,-0.499,0,0,0,-0.2588,-0.9659,0,0.4,13,13,2.881,0,1
57.44,0.111,-0.968,0,0,0,-0.866,0.5,0,0.1,17,17,0.708,0,1
339.14,0.613,-0.34,0,0,0,-1.0,-0.0,0,0.0,0,2,11.222,0,0
689.64,0.343,-0.872,0,0,0,-0.9659,0.2588,0,0.167,0,2,10.27,1,0
9075.26,4.86,3.902,0,0,0,0.0,-1.0,0,0.1,0,0,11.493,0,0
174.12,0.646,0.0,0,0,0,-0.2588,0.9659,0,0.0,1,1,7.15,2,0
1133.28,1.0,0.0,0,0,0,-1.0,-0.0,0,0.0,0,0,14.768,1,0
1226.92,0.766,-0.204,0,0,0,0.0,-1.0,0,0.0,0,1,10.15,0,0
37.01,0.016,-0.753,0,0,0,0.866,-0.5,0,0.2,15,17,2.802,1,1
35.87,0.035,-1.171,0,0,1,0.9659,0.2588,0,0.4,11,11,1.474,1,1
794.86,0.989,-0.009,0,0,0,0.866,-0.5,0,0.0,0,0,12.418,0,0
325.8,0.575,-0.386,0,0,0,0.5,-0.866,0,0.0,0,1,11.238,0,0
913.48,1.003,0.002,0,0,0,0.0,-1.0,0,0.0,0,2,10.145,2,0
11.03,0.015,-0.943,0,0,0,-0.2588,0.9659,0,0.1,10,13,2.958,1,1
2298.74,1.16,0.238,0,0,0,-0.2588,0.9659,0,0.1,0,0,12.175,0,0
566.77,0.309,-0.622,0,0,0,-0.2588,-0.9659,0,0.0,0,0,11.947,3,0
1878.3,0.527,-0.451,0,0,0,-0.5,0.866,0,0.0,0,0,11.906,0,0
4665.7,1.115,0.093,0,0,0,-0.9659,0.2588,0,0.0,0,2,8.924,0,0
2976.74,0.579,-0.362,0,0,0,-0.7071,-0.7071,0,0.2,0,3,11.047,0,1
5.76,0.008,-0.86,0,0,0,0.2588,-0.9659,0,0.1,4,8,1.258,1,1
1918.25,1.072,0.393,0,0,0,-0.5,0.866,0,0.0,0,1,9.273,0,0
1273.86,3.279,1.638,1,0,0,0.2588,-0.9659,0,0.0,0,3,9.061,0,0
4596.69,1.602,0.59,0,0,0,-0.2588,0.9659,0,0.0,0,0,11.427,0,0
2393.14,0.421,-0.581,0,0,0,-0.866,-0.5,0,0.0,0,0,11.771,0,0
4584.09,1.274,0.25,0,0,0,-0.2588,-0.9659,0,0.0,0,3,10.489,0,0
3862.35,0.873,-0.302,0,0,0,-0.9659,-0.2588,0,0.0,0,1,11.022,0,0
1956.31,0.466,-0.45,0,0,0,-0.5,0.866,0,0.1,0,0,11.385,0,0
1488.88,0.479,-0.442,0,0,0,-0.5,-0.866,0,0.0,0,3,9.228,0,0
277.64,0.404,-0.509,0,0,0,0.0,-1.0,0,0.0,0,4,9.118,0,0
28.85,0.042,-0.881,0,0,0,-0.2588,0.9659,0,0.2,12,15,0.186,1,1
2771.18,1.39,0.871,0,0,0,-0.5,-0.866,0,0.1,1,1,7.147,2,0
18616.68,3.122,1.735,0,0,0,-0.7071,0.7071,0,0.1,0,0,11.501,1,0
7626.42,8.432,11.919,0,0,0,0.2588,-0.9659,0,0.0,0,0,11.776,1,0
11487.61,8.361,7.299,0,0,0,0.866,-0.5,0,0.3,0,1,11.327,1,0
130.33,0.428,-0.65,0,0,0,-0.2588,0.9659,0,0.0,0,1,10.577,0,0
43351.63,7.68,3.535,1,0,0,0.7071,-0.7071,0,0.2,0,9,9.253,0,1
6673.96,6.912,7.733,0,0,0,-0.9659,0.2588,0,0.0,0,0,11.894,1,0
1391.48,0.477,-0.473,0,0,0,0.0,-1.0,0,0.2,0,1,9.061,0,0
1470.61,0.783,-0.563,0,0,0,-0.866,-0.5,0,0.0,0,2,10.947,0,0
1499.66,0.45,-0.429,0,0,0,0.0,-1.0,0,0.0,0,0,11.693,0,0
13070.76,5.633,3.316,0,0,0,0.2588,-0.9659,0,0.1,0,1,9.487,0,0
1487.33,0.428,-0.493,0,0,0,-1.0,-0.0,0,0.0,0,2,9.283,0,0
8913.64,6.278,5.325,0,0,0,-0.7071,0.7071,0,0.0,0,2,10.919,1,0
1528.21,1.153,0.124,0,0,0,-0.9659,0.2588,1,0.2,0,3,10.971,0,0
1669.92,0.592,-0.397,0,0,0,-0.2588,0.9659,0,0.0,0,1,10.745,1,0
269.53,0.311,0.0,0,0,0,0.5,-0.866,0,0.0,0,1,10.973,0,0
2515.59,0.477,-0.452,0,0,0,-0.9659,-0.2588,0,0.2,0,1,8.232,0,0
7408.42,5.973,8.534,0,0,0,0.866,-0.5,0,0.125,0,0,13.073,0,0
519.5,0.498,-0.486,0,0,0,0.7071,-0.7071,0,0.0,0,0,11.541,0,0
269.65,1.0,0.0,0,0,0,-0.5,0.866,0,0.0,0,0,14.768,2,0
1890.1,0.636,-0.525,0,0,0,-0.866,-0.5,0,0.333,0,0,11.721,0,0
867.6,1.001,0.02,0,0,0,-0.2588,0.9659,0,0.0,0,0,12.009,0,0
757.16,1.078,0.053,0,0,0,-0.866,0.5,0,0.0,0,0,12.269,0,0
262.23,0.259,-0.666,0,0,0,-1.0,-0.0,0,0.0,0,0,12.161,1,0
258.87,0.167,-0.792,0,0,0,-0.5,-0.866,0,0.0,0,1,9.779,1,0
1668.9,0.791,-0.847,0,0,0,-0.2588,0.9659,0,0.25,0,0,11.909,0,0
14663.38,5.479,15.0,0,0,0,0.0,-1.0,0,0.0,0,1,10.041,0,0
2679.59,0.693,-0.241,0,0,0,-0.5,-0.866,0,0.2,0,0,11.386,0,0
2382.35,1.879,1.853,0,0,0,0.0,-1.0,0,0.4,0,0,12.19,0,0
1137.75,0.438,-0.833,0,0,0,0.0,-1.0,0,0.143,0,0,11.446,0,0
8683.5,7.2,8.557,1,1,1,0.5,0.866,0,0.0,0,0,12.693,2,1
1688.28,0.52,-0.424,0,0,0,-0.866,0.5,0,0.0,0,1,9.856,0,0
2052.89,0.66,-0.432,0,0,0,-0.9659,-0.2588,0,0.1,0,1,11.341,0,0
572.81,0.8,-0.089,0,0,0,-0.866,-0.5,0,0.1,0,1,9.961,1,0
363.39,1.128,0.212,0,0,0,1.0,0.0,0,0.0,0,0,11.523,0,0
950.82,1.109,0.311,0,0,0,-0.9659,0.2588,0,0.0,0,0,12.225,1,0
1118.66,0.618,-0.344,0,0,0,-0.5,0.866,1,0.1,0,0,12.008,1,0
5385.65,0.964,-0.043,0,0,0,-0.5,-0.866,1,0.333,0,0,11.94,1,0
5445.1,0.536,-0.452,0,0,0,-0.9659,0.2588,0,0.1,0,1,10.763,0,0
600.67,1.472,0.148,0,0,0,-0.2588,0.9659,0,0.3,0,1,11.045,1,0
1303.41,0.793,-0.151,0,0,0,-0.9659,0.2588,0,0.0,0,0,11.883,1,0
6083.6,0.818,-0.132,0,0,0,0.7071,-0.7071,0,0.2,0,0,11.978,1,0
1555.34,0.335,-0.588,0,0,0,-0.2588,0.9659,0,0.0,0,1,10.751,1,0
838.64,0.373,-0.548,0,0,0,0.2588,-0.9659,0,0.0,0,1,11.119,1,0
714.97,0.283,-0.64,0,0,0,-0.9659,-0.2588,0,0.0,0,2,8.86,0,0
1321.61,0.599,-0.448,0,0,0,-0.2588,0.9659,0,0.0,0,2,10.791,0,0
408.04,0.414,-0.594,0,0,0,0.0,-1.0,0,0.1,0,1,10.223,0,0
27825.63,9.322,5.68,1,0,0,-0.866,0.5,0,0.0,0,6,8.941,0,1
26784.8,16.957,13.956,1,0,1,0.5,0.866,0,0.1,0,2,10.016,0,1
740.25,0.652,-0.302,0,0,0,0.866,-0.5,0,0.0,0,2,10.834,0,0
206.61,0.517,-0.358,0,0,0,-0.866,-0.5,0,0.0,0,1,11.204,1,0
39.98,0.065,-0.603,0,0,1,0.0,1.0,0,0.3,12,12,3.089,0,1
1541.51,0.968,-0.032,0,0,0,-1.0,-0.0,0,0.0,0,0,11.918,0,1
7.17,0.016,-0.439,0,0,0,-0.866,0.5,2,0.4,13,13,3.295,0,1
250.2,0.388,-0.461,0,0,0,-1.0,-0.0,0,0.0,0,2,10.125,0,0
607.71,0.212,-0.688,1,0,0,-0.866,-0.5,0,0.2,0,3,10.861,0,0
6573.58,3.653,2.409,0,0,0,-0.2588,0.9659,0,0.0,0,2,9.915,0,0
1361.59,0.237,-0.61,1,0,0,-1.0,-0.0,0,0.1,0,0,12.092,1,0
516.8,0.277,-0.588,0,0,0,0.5,-0.866,0,0.1,0,1,10.687,0,0
1779.15,0.637,-0.216,0,0,0,-0.5,0.866,0,0.0,0,0,11.448,1,0
6767.44,9.347,0.0,1,1,0,0.0,-1.0,0,0.0,0,0,12.21,4,1
4351.59,0.667,-0.258,1,0,0,-0.2588,0.9659,0,0.0,0,1,11.131,0,0
1132.94,1.04,0.029,0,0,0,0.5,-0.866,0,0.1,0,1,10.833,0,0
2454.26,0.721,-1.24,0,0,0,-0.2588,-0.9659,0,0.0,0,0,12.304,0,0
1064.88,0.522,-1.505,0,0,0,-0.7071,-0.7071,0,0.0,0,2,10.374,0,0
870.91,0.444,-0.623,0,0,0,-0.5,-0.866,1,0.1,0,0,12.464,0,0
473.52,0.313,-0.801,0,0,0,0.7071,-0.7071,0,0.0,1,3,8.169,0,0
20.73,0.021,-0.57,0,0,0,1.0,0.0,0,0.5,21,21,3.6,0,1
1557.95,0.84,-0.121,0,0,0,-0.7071,0.7071,0,0.1,0,0,11.635,0,0
500.5,0.682,-0.549,0,0,0,-0.866,0.5,1,0.1,0,0,12.544,0,0
2789.12,0.817,-0.182,0,0,0,-0.5,-0.866,1,0.3,0,2,10.19,0,0
2418.82,2.501,1.432,0,0,0,-1.0,-0.0,3,0.5,0,0,11.831,0,0
615.6,0.558,-1.454,0,0,0,-0.9659,0.2588,0,0.2,0,1,10.802,1,0
7.53,0.011,-0.522,0,0,0,-0.7071,-0.7071,0,0.5,21,22,1.888,0,1
12.19,0.005,-0.711,0,0,0,-0.866,-0.5,0,0.2,13,14,4.006,0,1
1452.34,0.571,-0.45,0,0,0,0.866,-0.5,0,0.1,0,2,10.945,0,0
219.23,0.567,-0.917,0,0,0,0.5,-0.866,0,0.0,0,2,10.078,1,0
720.6,0.248,-0.676,0,0,0,-0.5,0.866,0,0.0,1,4,5.198,0,0
914.41,0.958,-0.144,0,0,0,-1.0,-0.0,0,0.1,0,0,11.525,1,0
300.69,0.504,-1.906,0,0,0,-0.9659,0.2588,0,0.0,0,3,9.837,1,0
1576.4,0.296,-0.558,1,0,0,0.5,-0.866,0,0.0,0,1,11.289,2,0
717.97,0.692,-0.487,0,0,0,0.2588,-0.9659,0,0.0,0,0,13.005,1,0
4062.8,1.334,0.607,0,0,0,-1.0,-0.0,1,0.1,0,1,9.351,0,0
13085.27,2.52,1.108,0,0,0,0.2588,-0.9659,0,0.0,0,1,10.321,0,0
27259.13,6.742,5.02,0,0,0,-0.9659,-0.2588,0,0.1,0,1,10.721,0,0
655.44,0.463,-0.452,0,0,0,-1.0,-0.0,0,0.0,0,2,10.071,1,0
1142.21,1.492,1.992,0,0,0,-0.7071,-0.7071,0,0.0,0,1,10.763,1,0
14.06,0.006,-0.549,0,0,0,0.7071,-0.7071,0,0.1,13,13,3.727,0,1
80464.62,15.309,9.415,0,0,0,-0.2588,-0.9659,1,0.2,1,3,7.819,2,1
15.81,0.012,-0.775,0,0,1,0.5,0.866,1,0.6,11,11,1.086,0,1
200.52,0.225,-0.647,0,0,0,-0.9659,0.2588,0,0.0,0,1,11.316,0,0
26.48,0.065,-0.395,0,0,0,-0.866,0.5,1,0.5,15,15,2.331,0,1
735.52,0.649,-0.361,0,0,0,0.0,-1.0,0,0.0,0,1,9.972,1,0
2051.32,1.773,1.568,1,0,0,-0.9659,0.2588,0,0.0,0,0,11.79,1,0
2681.4,1.494,0.421,0,0,0,-0.866,-0.5,0,0.0,0,1,9.867,1,0
11964.54,6.437,4.849,0,0,0,-0.7071,-0.7071,0,0.111,0,1,9.74,0,0
802.28,0.167,-0.74,0,0,0,-0.5,-0.866,0,0.0,0,0,11.723,0,0
210.49,0.397,-0.549,0,0,0,-0.7071,-0.7071,1,0.1,0,1,11.319,0,0
4856.32,1.273,0.208,0,0,0,0.0,-1.0,0,0.0,0,0,12.146,1,0
2499.75,0.575,-0.63,0,0,0,0.2588,-0.9659,0,0.0,0,0,11.701,1,0
24.48,0.026,-0.687,0,0,1,0.5,0.866,0,0.2,10,12,3.5,1,1
698.63,0.956,-0.09,0,0,1,0.9659,0.2588,0,0.0,0,1,10.649,0,0
42231.0,11.042,4.69,0,0,0,0.2588,-0.9659,0,0.1,1,2,7.484,1,1
50.33,0.262,-0.362,0,0,0,-0.866,0.5,0,0.6,26,26,4.416,1,1
1640.64,0.712,-0.213,0,0,0,0.5,-0.866,0,0.0,0,1,9.466,1,0
2382.65,1.0,0.0,0,0,0,-0.9659,-0.2588,0,0.0,0,0,14.768,0,0
1239.58,0.307,-1.534,0,0,0,-0.866,0.5,0,0.286,0,1,11.079,0,0
4447.63,1.015,0.045,0,0,0,0.0,-1.0,0,0.0,0,1,10.928,1,0
13576.18,1.356,0.634,0,0,1,0.866,0.5,0,0.25,3,3,4.972,2,1
1069.82,0.17,-0.674,0,0,0,-0.9659,0.2588,0,0.0,0,3,9.722,1,0
4054.54,3.714,4.022,0,0,0,-0.9659,-0.2588,0,0.0,0,0,11.405,1,0
1208.05,0.529,-0.362,0,0,0,-0.866,0.5,0,0.0,0,2,10.577,2,0
1948.42,2.212,0.908,0,0,0,0.9659,-0.2588,0,0.0,0,1,10.917,0,0
3081.66,3.107,1.681,0,0,0,0.5,-0.866,0,0.0,0,1,10.652,0,0
562.36,0.971,-0.028,0,0,0,-1.0,-0.0,0,0.0,0,2,10.367,1,0
562.08,0.893,-0.095,0,0,0,-0.866,0.5,0,0.0,0,1,8.82,0,0
553.25,0.517,-0.614,0,0,0,-0.866,0.5,0,0.2,0,1,9.3,0,0
1207.62,2.122,0.963,0,0,0,0.0,-1.0,0,0.0,0,2,8.588,1,0
3047.94,1.0,0.0,0,0,0,0.0,-1.0,0,0.0,0,0,14.768,0,0
4194.62,0.793,-0.234,0,0,0,-0.7071,0.7071,0,0.0,0,1,9.966,1,0
1117.39,0.544,-0.497,0,0,0,-0.7071,0.7071,0,0.1,0,1,10.972,0,0
7.22,0.002,-0.812,0,0,1,0.9659,0.2588,1,0.4,8,9,0.183,0,1
1100.86,0.232,-0.731,0,0,0,-1.0,-0.0,0,0.0,0,2,11.023,2,0
721.27,0.151,-0.649,0,0,0,-0.7071,-0.7071,0,0.2,0,0,12.475,1,0
300.73,0.082,-0.793,0,0,0,-0.7071,0.7071,0,0.2,0,0,12.321,0,0
27.98,0.151,-0.41,0,0,0,-0.866,0.5,0,0.5,27,27,3.374,1,1
6213.06,1.916,1.228,0,0,0,-0.5,0.866,0,0.0,1,1,6.668,3,1
3868.05,8.97,0.0,1,1,0,-0.9659,0.2588,0,0.0,0,0,13.819,2,1
1073.02,0.897,-0.109,0,0,0,0.866,-0.5,1,0.333,0,0,11.963,2,0
1159.34,0.962,-0.037,0,0,0,-0.5,0.866,0,0.0,0,0,11.628,1,0
588.98,0.732,-0.202,0,0,0,-0.2588,0.9659,0,0.0,0,0,11.679,0,0
1668.45,0.823,-0.217,0,0,0,-0.7071,-0.7071,0,0.1,0,2,8.209,0,0
13994.36,8.436,4.209,1,0,0,1.0,0.0,0,0.3,0,18,8.654,0,1
14986.96,4.854,3.078,0,0,0,-0.7071,-0.7071,1,0.1,0,0,12.047,0,0
1352.74,0.456,-0.503,0,0,0,-0.5,-0.866,0,0.1,0,0,12.194,1,0
911.12,1.23,0.0,0,0,0,-0.9659,0.2588,0,0.0,0,0,12.011,0,0
952.45,0.566,-0.354,0,0,0,0.5,-0.866,0,0.0,0,0,11.945,0,0
850.08,0.932,-0.034,0,0,0,-0.2588,0.9659,0,0.3,0,0,12.884,0,0
4.84,0.013,-0.744,0,0,0,0.0,-1.0,0,0.2,11,12,1.963,0,1
50.34,0.051,-0.614,0,0,0,-0.7071,-0.7071,0,0.4,8,9,2.005,0,1
9444.75,4.866,15.0,1,1,0,-0.9659,-0.2588,0,0.0,0,0,13.735,3,1
428.52,0.488,-0.728,0,0,0,-0.2588,0.9659,0,0.1,0,0,12.476,0,0
19398.43,4.498,3.95,1,0,0,-0.9659,-0.2588,0,0.0,0,0,12.31,0,1
1146.34,0.745,-0.191,0,0,0,-0.866,-0.5,0,0.222,0,2,10.078,0,0
3621.28,1.226,0.569,0,0,0,0.9659,-0.2588,0,0.2,0,2,10.523,1,0
5702.82,1.233,0.226,1,0,0,-0.5,0.866,0,0.0,0,6,9.186,2,0
435.95,1.314,1.015,0,0,0,-0.866,-0.5,0,0.0,0,2,8.632,0,0
7087.92,6.231,7.361,0,0,0,-0.7071,-0.7071,0,0.1,0,1,10.909,1,0
550.68,0.369,-0.604,0,0,0,0.866,-0.5,0,0.0,0,1,10.84,0,0
2390.06,0.478,-0.504,0,0,0,0.7071,-0.7071,0,0.0,0,0,11.607,1,0
1554.75,0.753,-0.279,0,0,0,-0.866,-0.5,0,0.1,0,0,11.775,0,1
1701.49,2.353,5.441,0,0,0,-0.9659,0.2588,0,0.0,0,1,10.356,0,0
1729.3,0.874,-0.103,0,0,0,-0.9659,0.2588,0,0.1,0,1,11.059,1,0
9267.09,8.046,3.613,1,0,1,0.866,0.5,0,0.3,1,17,8.015,1,0
1864.71,1.134,0.106,0,0,0,0.5,-0.866,0,0.1,0,0,12.188,1,0
927.46,0.258,-1.202,0,0,0,-0.7071,0.7071,0,0.0,0,0,12.1,0,0
6228.19,1.319,0.263,0,0,0,-0.2588,-0.9659,0,0.0,0,1,10.064,0,0
220.91,1.726,0.716,0,0,0,0.9659,-0.2588,1,0.2,0,22,10.666,0,0
2520.66,1.485,1.316,0,0,0,-0.2588,-0.9659,1,0.2,0,1,9.392,1,0
2543.89,7.229,4.706,0,0,0,0.0,-1.0,0,0.0,0,2,10.672,1,0
241.51,0.352,-1.377,0,0,0,-0.7071,0.7071,0,0.0,0,0,12.738,0,0
2870.75,0.861,-0.113,0,0,0,-0.5,-0.866,0,0.0,0,1,11.272,0,0
958.96,0.288,-0.802,0,0,0,-1.0,-0.0,0,0.0,0,1,11.062,3,0
1344.73,0.43,-0.927,0,0,0,0.2588,-0.9659,0,0.0,0,0,12.192,0,0
3044.63,0.716,-0.2,1,0,0,-1.0,-0.0,0,0.0,0,0,13.683,0,0
3102.0,0.674,-0.458,0,0,0,-0.9659,-0.2588,0,0.0,0,0,11.765,0,0
3523.92,1.146,0.113,0,0,0,-0.7071,0.7071,0,0.0,0,4,8.882,0,0
3482.44,0.578,-0.271,0,0,0,-0.5,-0.866,0,0.0,0,1,10.614,0,0
4832.18,1.031,0.043,0,0,0,-0.2588,0.9659,0,0.0,0,1,9.305,0,0
410.21,1.0,0.0,0,0,0,-0.2588,-0.9659,0,0.0,0,0,14.768,0,0
1804.09,0.919,-0.097,0,0,0,0.7071,-0.7071,0,0.0,0,3,8.736,0,0
714.74,0.803,-0.357,0,0,0,-0.9659,-0.2588,0,0.1,0,2,10.102,1,0
442.5,0.341,-1.633,0,0,0,-0.2588,0.9659,0,0.125,0,2,10.212,0,0
5762.72,1.836,0.0,0,0,0,-0.7071,-0.7071,0,0.0,0,0,12.015,0,0
1270.19,0.471,-0.499,0,0,0,-0.2588,0.9659,0,0.0,0,0,11.603,0,0
54.08,0.085,-0.789,0,0,0,-0.2588,0.9659,1,0.3,15,18,1.4,1,1
1771.11,0.437,-0.419,0,1,0,0.7071,-0.7071,0,0.0,0,1,11.321,0,0
1612.32,0.522,-0.684,0,0,0,-0.2588,0.9659,0,0.0,0,1,11.019,0,0
41.22,0.375,-0.334,0,0,0,-0.9659,0.2588,1,0.2,20,20,2.519,0,1
520.25,1.259,0.652,0,0,0,0.5,-0.866,0,0.0,0,0,11.775,1,0
200.28,0.831,-0.541,0,0,0,0.9659,-0.2588,0,0.0,0,0,12.427,0,0
40.35,0.058,-0.786,0,0,0,0.2588,-0.9659,1,0.2,7,11,0.543,1,1
5174.7,1.51,0.478,0,0,0,-0.866,-0.5,0,0.2,1,1,7.008,0,0
1831.98,0.376,-0.485,0,0,0,0.2588,-0.9659,1,0.1,0,1,10.041,1,0
1236.33,0.745,-0.212,0,0,0,0.0,-1.0,0,0.0,0,1,11.276,1,0
2592.08,0.736,-0.212,0,0,0,-0.2588,-0.9659,0,0.0,0,0,12.227,0,0
41.59,0.049,-0.534,0,0,0,-0.9659,0.2588,0,0.4,16,17,3.232,1,1
572.83,0.632,-0.385,0,0,0,0.7071,-0.7071,0,0.1,0,2,9.889,1,0
603.65,3.677,0.0,1,0,0,0.7071,-0.7071,0,0.0,0,0,11.987,1,0
21546.45,7.073,10.943,0,0,0,-0.866,0.5,0,0.1,0,0,11.603,0,0
9329.44,1.694,1.065,0,0,0,-0.2588,0.9659,0,0.333,2,2,7.401,2,1
8711.49,8.174,15.0,1,1,0,0.0,-1.0,0,0.0,0,0,13.329,3,1
633.74,0.395,-0.717,0,0,0,0.5,-0.866,0,0.0,0,0,11.557,2,0
1689.39,1.033,0.0,0,0,0,-0.2588,-0.9659,0,0.0,0,0,11.905,1,0
1437.24,0.642,-0.237,0,0,0,-0.5,-0.866,0,0.1,0,1,10.29,0,0
265.12,0.842,-0.161,0,0,0,-0.2588,-0.9659,0,0.1,0,2,8.348,1,0
2172.27,0.54,-0.42,0,0,0,-0.9659,0.2588,0,0.1,0,1,9.615,0,0
22331.4,1.0,0.0,0,0,0,-0.5,0.866,0,0.0,0,0,14.768,0,0
2297.19,1.029,0.023,0,0,0,-0.7071,-0.7071,0,0.1,0,0,11.729,1,0
1109.48,0.653,-0.302,0,0,0,0.2588,-0.9659,0,0.2,0,1,9.192,1,0
781.95,1.0,0.0,0,0,0,-0.7071,0.7071,0,0.0,0,0,14.768,2,0
4.36,0.001,-0.787,0,0,0,-0.866,-0.5,0,0.2,8,9,0.187,0,0
6824.04,1.791,1.006,0,0,0,-1.0,-0.0,0,0.0,1,1,6.328,2,1
899.34,0.291,-1.669,0,0,0,0.7071,-0.7071,0,0.1,1,2,8.144,0,0
795.37,1.01,0.009,0,0,0,0.866,-0.5,0,0.0,0,3,9.852,0,0
6913.98,8.509,15.0,0,0,0,-0.7071,0.7071,0,0.0,0,4,10.418,1,0
1093.98,0.968,-0.093,0,0,0,-0.2588,0.9659,0,0.0,0,3,10.327,1,0
3579.24,1.203,0.281,0,0,0,-0.2588,-0.9659,0,0.0,0,1,8.717,3,0
1499.56,1.0,0.0,0,0,0,-1.0,-0.0,0,0.0,0,0,14.768,0,0
1020.44,0.484,-0.508,0,0,0,0.2588,-0.9659,0,0.0,0,2,10.27,2,0
628.51,0.111,-0.794,0,0,0,-0.2588,0.9659,0,0.143,1,2,8.016,1,0
13468.43,2.035,1.124,0,0,0,-0.866,-0.5,0,0.0,2,2,7.468,4,1
340.34,0.298,-0.313,0,0,0,0.0,-1.0,0,0.0,0,1,9.804,2,0
1008.76,0.845,-0.165,0,0,0,-0.866,0.5,0,0.0,0,4,9.391,1,0
805.35,0.43,-0.514,0,0,0,-0.9659,-0.2588,0,0.0,0,2,10.05,1,0
4187.11,1.58,1.656,0,0,0,-0.2588,0.9659,0,0.0,0,0,12.024,1,0
1725.56,1.4,0.342,0,0,0,-0.866,0.5,0,0.1,0,31,8.721,1,0
1299.66,1.617,0.481,0,0,0,0.866,-0.5,0,0.0,0,0,11.562,0,0
18876.67,6.857,5.639,0,0,0,-0.2588,0.9659,0,0.0,0,3,8.275,0,0
8352.08,0.731,-0.27,0,0,0,-0.2588,0.9659,0,0.125,0,1,9.851,0,0
287.01,1.0,0.0,0,0,0,-0.5,0.866,0,0.0,0,0,14.768,1,0
1207.58,1.325,0.589,0,0,0,0.5,-0.866,0,0.125,0,0,11.849,0,0
43.92,0.009,-1.027,1,1,0,0.7071,-0.7071,0,0.0,1,1,0.0,0,1
4942.23,2.712,1.535,0,0,0,0.7071,-0.7071,0,0.0,0,0,12.475,1,0
510.58,0.911,-0.082,0,0,0,-0.2588,0.9659,0,0.0,0,1,8.614,0,0
5552.08,0.934,-0.05,0,0,0,-0.866,0.5,0,0.0,0,0,11.801,0,0
901.4,0.813,-0.401,0,0,0,-0.2588,-0.9659,0,0.0,0,0,12.059,0,0
778.18,1.074,0.06,1,0,0,-0.7071,0.7071,0,0.0,0,2,9.051,0,0
1579.34,0.704,-0.274,0,0,0,-0.2588,-0.9659,1,0.2,1,1,7.428,0,0
1272.55,1.441,0.352,0,0,0,-0.2588,0.9659,0,0.0,0,2,11.18,0,0
57144.82,7.226,3.788,1,0,0,0.5,-0.866,0,0.1,0,10,9.082,1,1
919.07,1.0,0.0,0,0,0,-0.7071,-0.7071,0,0.0,0,0,14.768,1,0
2690.37,0.623,-0.652,0,0,0,0.2588,-0.9659,0,0.0,0,0,12.394,0,0
474.24,1.0,0.0,0,0,0,0.0,-1.0,0,0.0,0,0,14.768,0,0
1473.36,0.943,-0.049,0,0,0,-0.7071,0.7071,0,0.0,0,2,10.87,1,0
9525.26,2.841,1.746,0,0,0,-0.2588,-0.9659,0,0.0,1,1,7.071,4,1
199.27,1.112,0.075,0,0,0,-0.5,-0.866,0,0.3,0,1,11.05,1,0
860.33,0.893,-0.09,0,0,0,-0.5,0.866,0,0.0,0,1,11.029,0,0
19.15,0.01,-0.547,0,0,0,0.9659,-0.2588,1,0.3,17,17,3.915,1,1
3776.03,0.766,-0.199,1,0,0,-0.866,0.5,0,0.0,1,1,5.198,0,0
12194.11,5.268,15.0,0,0,0,0.0,-1.0,0,0.2,0,2,10.014,0,0
226.26,0.544,-0.713,0,0,0,0.7071,-0.7071,0,0.3,0,2,9.497,1,0
2602.38,0.626,-0.473,0,0,0,0.5,-0.866,0,0.0,0,1,11.154,0,0
9498.97,15.552,15.0,0,0,0,0.9659,-0.2588,1,0.333,1,1,7.155,4,1
47.25,0.197,-0.447,0,0,0,-0.866,0.5,3,0.5,17,17,0.262,1,1
168.79,0.102,-0.959,0,0,0,0.0,-1.0,0,0.0,0,0,13.418,0,0
7170.14,4.37,4.231,0,0,0,-0.5,-0.866,0,0.0,0,0,11.509,1,0
737.42,0.422,-0.524,0,0,0,-0.2588,-0.9659,0,0.1,0,1,10.662,1,0
9458.65,2.586,1.883,0,0,1,0.5,0.866,0,0.2,2,2,6.348,2,1
559.15,0.316,-0.656,0,0,0,0.5,-0.866,0,0.1,0,0,11.974,2,0
1390.11,0.555,-0.621,0,0,0,0.9659,-0.2588,0,0.0,0,3,10.866,2,1
304.34,1.12,0.114,1,0,0,-0.7071,-0.7071,0,0.3,0,13,9.151,0,0
1065.23,0.654,-1.673,0,0,0,0.2588,-0.9659,0,0.0,1,1,6.725,0,0
3964.09,1.28,0.723,0,0,0,-0.9659,0.2588,0,0.167,1,4,7.486,2,1
1723.37,1.0,0.0,0,0,1,0.866,0.5,0,0.0,0,0,14.768,0,0
530.89,0.746,-0.539,0,0,0,-0.866,-0.5,0,0.0,0,3,10.341,0,0
1063.5,0.608,-0.789,0,0,0,-0.9659,0.2588,0,0.0,0,0,11.56,1,0
3015.53,0.765,-0.177,0,0,0,-0.9659,0.2588,0,0.1,0,0,11.374,0,0
168813.35,18.767,8.083,0,0,0,-0.2588,-0.9659,0,0.2,0,12,8.661,0,1
1072.91,0.673,-0.278,0,0,0,-0.9659,0.2588,0,0.1,0,1,11.141,1,0
10.87,0.002,-0.554,0,0,0,-0.2588,0.9659,0,0.3,14,14,0.851,0,1
3973.45,1.691,1.358,0,0,0,-0.866,0.5,0,0.111,0,2,10.074,0,0
4775.08,1.789,2.207,0,0,0,-0.2588,-0.9659,1,0.2,0,1,11.227,1,0
6213.46,1.131,0.122,0,0,0,-0.2588,-0.9659,0,0.1,0,2,10.975,1,0
2557.3,0.789,-0.236,0,0,0,0.0,-1.0,0,0.1,0,1,11.142,0,0
516.52,0.803,0.0,0,0,0,-0.9659,0.2588,1,1.0,0,1,10.88,1,0
401.83,1.302,0.287,0,0,0,-0.5,-0.866,0,0.3,0,0,12.519,1,0
2130.24,0.508,-0.406,0,0,0,-0.2588,0.9659,0,0.0,0,1,11.319,0,0
5674.65,1.827,3.085,1,0,0,-0.2588,-0.9659,0,0.25,0,1,11.328,0,0
10.65,0.045,-0.728,0,0,0,-0.7071,-0.7071,1,0.4,13,13,1.65,1,1
1935.31,0.392,-0.442,1,0,0,-0.7071,0.7071,0,0.0,0,0,11.477,0,0
548.28,0.197,-0.974,0,0,0,0.7071,-0.7071,1,0.3,0,1,9.417,0,0
453.81,0.183,-0.531,0,0,0,-0.2588,-0.9659,0,0.0,0,1,11.264,0,0
6.98,0.028,-1.002,0,0,0,-0.7071,0.7071,0,0.4,16,18,2.834,1,1
1276.85,0.215,-0.818,0,0,0,-0.866,0.5,1,0.2,0,0,12.543,0,0
1044.45,0.559,-0.328,0,0,0,0.9659,-0.2588,0,0.1,0,0,11.631,2,0
86216.37,15.1,7.782,0,0,0,-0.5,-0.866,0,0.0,0,10,8.249,0,1
8505.41,8.133,15.0,0,0,0,0.5,-0.866,0,0.0,0,1,11.348,1,0
171.31,0.288,-0.567,0,0,0,-0.9659,0.2588,0,0.0,0,2,9.853,1,0
324.71,0.536,-0.365,0,0,0,-1.0,-0.0,0,0.1,0,1,9.757,0,0
1375.53,1.694,0.0,1,0,0,-0.7071,0.7071,0,0.0,0,0,13.749,0,0
810.37,0.121,-0.713,0,1,0,0.2588,-0.9659,0,0.0,0,1,9.328,1,0
1820.38,1.128,0.113,0,0,0,-0.9659,0.2588,0,0.2,1,2,5.866,0,0
3064.13,0.404,-0.518,0,0,0,-0.866,0.5,0,0.1,0,0,11.518,1,0
156.26,0.336,-0.533,0,0,0,-0.866,0.5,0,0.0,0,0,12.054,1,0
4033.96,2.712,4.303,1,0,0,0.7071,-0.7071,0,0.0,0,0,12.055,3,1
1164.07,0.185,-0.668,0,0,0,-0.866,0.5,0,0.1,0,1,11.351,0,0
337.98,0.364,-0.464,0,0,0,-0.2588,0.9659,0,0.0,0,2,10.975,0,0
8701.81,1.406,0.626,0,0,0,0.0,-1.0,0,0.0,2,2,7.282,3,1
940.26,0.595,-0.373,0,0,0,-0.5,-0.866,0,0.0,0,1,9.659,0,0
1598.57,0.655,-0.473,0,0,0,-0.2588,0.9659,1,0.1,0,1,9.962,0,0
2569.86,1.161,0.111,0,0,0,-0.5,0.866,0,0.2,0,3,10.477,1,0
55.81,0.111,-0.945,0,0,0,-0.866,0.5,0,0.1,18,18,2.95,0,1
1408.12,0.833,-0.15,0,0,0,-0.9659,-0.2588,0,0.0,0,1,10.775,1,0
2840.36,1.137,0.145,0,0,0,0.7071,-0.7071,0,0.0,0,3,11.09,0,0
2309.52,0.661,-0.306,0,0,0,-0.2588,0.9659,0,0.1,0,2,10.086,1,0
1083.29,0.757,-0.723,0,0,0,-0.2588,0.9659,0,0.3,0,0,12.589,0,0
2400.23,0.577,-0.489,0,0,0,-0.2588,0.9659,0,0.0,0,2,10.532,0,0
47.02,0.043,-1.517,1,1,0,-0.2588,0.9659,0,0.0,1,4,0.0,1,1
688.13,1.149,0.153,0,0,0,-0.2588,-0.9659,0,0.0,0,0,11.372,0,0
492.79,1.0,0.0,0,0,0,-0.2588,-0.9659,0,0.0,0,0,14.768,0,0
1137.31,0.935,-0.204,0,0,0,-0.5,0.866,0,0.0,0,0,11.911,1,0
57.03,0.122,-0.548,0,0,0,-0.2588,-0.9659,0,0.6,25,25,3.436,1,1
1113.6,0.81,0.0,1,0,0,0.7071,-0.7071,0,0.0,0,1,10.949,0,0
511.37,1.092,0.277,0,0,0,-0.5,0.866,0,0.0,0,0,12.855,0,0
41.84,0.134,-1.162,0,0,0,-0.7071,0.7071,0,0.5,12,14,1.799,1,1
1056.21,0.675,-0.307,0,0,0,0.2588,-0.9659,0,0.2,0,1,8.936,0,0
342.87,0.438,-1.172,0,0,0,-0.5,0.866,0,0.0,0,0,11.848,0,0
1089.97,0.578,-0.396,0,0,0,-0.5,0.866,1,0.2,0,1,9.511,0,0
5293.91,3.737,2.692,0,0,0,-0.9659,-0.2588,0,0.0,0,0,11.486,0,0
1703.5,0.359,-0.584,0,0,0,-0.2588,-0.9659,0,0.0,0,0,11.745,0,0
1025.42,1.222,0.333,0,0,0,-0.7071,0.7071,0,0.0,0,1,9.661,0,0
7449.38,2.691,1.337,0,0,0,-1.0,-0.0,0,0.0,0,0,11.992,0,0
1420.96,0.56,-0.412,0,0,0,1.0,0.0,0,0.0,0,1,11.198,0,0
828.68,1.191,0.169,0,0,0,-0.866,-0.5,0,0.0,0,5,9.368,0,0
12723.54,8.902,3.594,0,0,0,0.2588,-0.9659,2,0.5,0,28,9.515,0,0
53.54,0.015,-0.853,0,0,0,-0.866,0.5,4,0.6,8,9,2.447,1,1
1783.8,0.971,-0.024,0,0,0,0.7071,-0.7071,0,0.1,0,3,8.371,0,0
4752.7,1.783,0.792,0,0,0,-0.866,-0.5,0,0.0,0,1,9.757,0,0
536.73,0.591,-0.382,0,0,0,0.9659,-0.2588,0,0.1,0,2,10.571,0,0
383.26,0.661,-0.282,0,0,0,0.2588,-0.9659,0,0.0,0,2,10.989,0,0
1897.13,0.708,-0.394,0,0,0,0.7071,-0.7071,0,0.1,0,1,10.663,0,0
2188.3,0.686,-0.377,0,0,0,0.5,-0.866,0,0.1,0,1,11.362,0,0
362.7,0.814,-0.165,0,0,0,-0.2588,-0.9659,1,0.3,0,0,11.443,0,0
1267.34,2.05,0.829,0,0,0,-0.5,-0.866,0,0.2,0,2,9.428,0,0
1890.46,0.671,-0.264,0,0,0,0.5,-0.866,1,0.3,0,1,10.537,0,0
729.07,0.246,-0.671,0,0,0,-0.9659,0.2588,0,0.1,0,2,8.582,1,0
827.65,0.387,-0.545,0,0,0,-0.866,-0.5,0,0.0,0,1,9.151,0,0
2461.0,0.47,-0.393,0,0,0,-0.7071,0.7071,0,0.0,0,0,12.367,0,0
3120.1,1.206,0.5,1,0,0,0.9659,-0.2588,0,0.222,0,1,8.659,0,0
393.86,0.758,-0.222,0,0,0,0.2588,-0.9659,0,0.1,0,1,10.605,0,0
8199.36,1.326,0.67,0,0,0,-0.9659,-0.2588,0,0.0,0,0,12.272,2,0
2592.41,0.63,-0.314,0,0,0,-0.5,0.866,0,0.1,0,2,10.049,0,0
181.04,0.259,-0.777,1,0,0,-0.7071,0.7071,0,0.0,0,0,12.283,1,0
33.04,0.085,-0.449,0,0,0,-0.2588,-0.9659,3,0.5,19,19,3.23,0,1
554.99,1.0,0.0,0,0,0,0.866,-0.5,0,0.0,0,0,14.768,0,0
2835.15,0.985,-0.019,0,0,0,-0.9659,0.2588,0,0.0,0,0,11.968,0,0
15930.02,0.908,-0.94,0,0,0,0.7071,-0.7071,0,0.0,0,1,9.221,1,0
141.67,0.495,-2.684,0,0,0,-0.2588,-0.9659,0,0.0,0,1,10.464,0,0
4229.0,0.566,-0.315,0,0,0,-0.7071,-0.7071,0,0.0,0,1,11.095,0,0
33.75,0.019,-0.575,0,0,1,0.866,0.5,0,0.4,21,21,4.219,1,1
13627.21,4.972,2.928,0,0,0,-0.9659,0.2588,0,0.0,1,1,7.964,0,0
804.24,1.091,0.095,0,0,0,0.866,-0.5,0,0.1,0,2,10.135,0,0
5117.5,2.071,1.931,0,0,0,0.7071,-0.7071,0,0.0,0,2,11.168,0,0
322.49,0.347,-0.614,0,0,0,0.5,-0.866,0,0.0,0,0,11.817,0,0
11866.3,7.88,7.614,1,1,0,-0.2588,0.9659,0,0.1,0,2,10.906,0,1
607.66,2.214,4.845,0,0,0,-0.2588,-0.9659,0,0.0,0,2,9.301,1,0
1697.63,1.096,0.186,0,0,0,-0.2588,-0.9659,0,0.3,0,0,12.292,1,0
1972.51,0.682,-0.464,0,0,0,0.7071,-0.7071,0,0.1,0,1,10.353,0,0
360.55,0.543,-0.548,0,0,0,0.5,-0.866,0,0.0,0,2,10.414,3,0
431.2,1.0,0.0,0,0,0,-0.5,-0.866,0,0.0,0,0,14.768,0,0
830.41,0.902,-0.139,0,0,0,-1.0,-0.0,0,0.0,0,3,9.852,0,0
700.83,1.348,0.332,0,0,0,0.866,-0.5,0,0.1,0,3,10.748,0,0
6499.61,1.431,0.796,0,0,1,0.5,0.866,0,0.0,3,3,7.339,3,1
437.49,0.348,-0.298,0,0,0,-0.9659,0.2588,0,0.3,0,37,8.646,2,0
728.47,0.574,-0.39,0,0,0,-0.2588,-0.9659,0,0.0,0,0,11.474,0,0
884.75,0.615,-1.597,0,0,1,0.7071,0.7071,0,0.0,0,1,10.88,1,0
693.65,0.312,-0.585,0,0,0,-0.9659,-0.2588,0,0.0,0,1,10.999,1,0
7497.16,1.474,0.812,0,0,0,-0.9659,0.2588,1,0.429,0,1,10.071,0,0
476.65,0.3,-0.582,0,0,0,-0.866,-0.5,0,0.0,0,0,11.89,0,0
1120.13,0.83,-0.155,0,0,0,0.7071,-0.7071,0,0.3,0,1,10.354,1,0
841.05,0.963,-0.047,0,0,0,-0.5,0.866,1,0.2,0,0,11.401,0,0
924.15,0.315,-0.68,1,0,0,-0.2588,0.9659,0,0.0,1,2,5.69,1,0
4030.99,0.714,-0.225,0,0,0,-0.5,-0.866,0,0.1,0,1,10.594,1,0
862.95,1.0,0.0,0,0,0,-0.7071,-0.7071,0,0.0,0,0,14.768,1,0
6790.16,1.132,0.127,0,0,0,-0.9659,0.2588,0,0.0,0,1,8.303,0,0
3598.78,0.853,-0.174,0,0,0,-0.7071,-0.7071,0,0.0,0,2,8.466,0,0
10559.41,5.256,1.945,0,0,0,0.866,-0.5,0,0.0,0,1,11.118,1,0
1056.7,0.639,-0.284,0,0,0,-0.7071,0.7071,0,0.0,0,1,11.162,1,1
957.19,1.337,0.16,0,0,0,-0.9659,-0.2588,0,0.0,0,1,10.472,1,0
26.95,0.046,-0.595,0,0,1,0.0,1.0,2,0.4,16,16,0.861,0,1
220.12,0.622,-1.362,0,0,0,-0.866,0.5,0,0.0,0,1,8.941,0,0
256.62,0.534,-0.549,0,0,0,-0.2588,-0.9659,0,0.0,0,1,11.302,1,0
1679.62,0.853,-0.163,0,0,0,-0.9659,-0.2588,0,0.0,0,0,11.893,0,0
6128.23,1.043,0.033,0,0,0,-0.866,-0.5,0,0.1,0,1,10.776,0,0
2212.2,0.5,-0.489,0,0,0,-0.7071,0.7071,0,0.0,0,0,12.339,1,0
1490.04,1.632,0.0,1,0,0,-0.7071,-0.7071,0,0.0,0,0,13.071,2,0
239.53,0.434,-1.167,0,0,0,-0.866,0.5,0,0.1,0,0,13.08,1,0
209.33,0.293,-0.597,0,0,0,0.0,-1.0,0,0.0,0,2,11.179,0,0
1.6,0.003,-0.7,0,0,0,-0.2588,-0.9659,1,0.3,13,13,1.249,1,1
462.69,0.652,-0.339,0,0,0,-0.7071,-0.7071,0,0.0,0,0,11.986,1,0
2110.29,1.043,0.04,0,0,0,-0.866,-0.5,0,0.0,0,0,12.241,1,0
308.53,0.446,-0.467,0,0,0,-0.9659,0.2588,0,0.0,0,2,10.176,0,0
630.13,1.787,0.0,0,0,0,0.0,-1.0,0,0.0,0,0,11.396,1,0
454.43,0.458,-0.416,0,0,0,-0.7071,0.7071,0,0.0,0,0,12.543,0,0
1771.8,1.832,0.794,0,0,0,-0.5,0.866,2,0.4,0,0,12.388,0,0
364.96,0.947,-0.051,0,0,0,-0.5,-0.866,0,0.1,0,1,11.282,0,0
1151.8,0.451,-0.56,0,0,0,-0.7071,0.7071,0,0.1,0,4,9.305,0,0
13381.93,5.76,3.674,1,0,0,-0.5,0.866,0,0.7,0,17,8.357,1,1
2375.23,0.846,-0.143,0,0,0,-0.9659,-0.2588,0,0.0,0,2,10.208,0,0
294.83,0.418,-0.556,0,0,0,-0.2588,0.9659,0,0.1,0,0,11.864,1,0
25706.07,5.003,3.021,0,0,0,-0.7071,0.7071,0,0.0,0,0,12.093,0,0
1522.27,0.722,-0.284,0,0,0,-0.866,-0.5,0,0.1,0,0,11.772,1,0
5737.03,1.497,0.779,0,0,0,-1.0,-0.0,0,0.2,0,0,12.427,1,0
1098.05,1.0,0.0,0,0,0,-0.7071,-0.7071,0,0.0,0,0,14.768,0,0
16761.83,3.375,2.231,0,1,0,-0.2588,0.9659,0,0.0,0,3,9.129,0,0
1226.12,0.583,-1.829,0,0,0,-0.2588,0.9659,0,0.0,0,0,12.442,0,0
2779.11,0.347,-0.57,1,0,0,-0.866,0.5,0,0.0,0,0,12.525,0,0
1915.79,0.6,-5.0,0,0,0,-1.0,-0.0,0,0.0,0,1,10.996,0,0
3100.34,1.187,0.309,0,0,0,-0.5,0.866,0,0.1,0,0,11.487,0,0
34.21,0.007,-0.481,0,0,0,-0.2588,0.9659,0,0.4,23,23,3.391,0,1
1492.39,1.248,0.37,0,0,0,0.5,-0.866,0,0.0,0,0,12.135,0,0
834.12,0.982,-0.021,0,0,0,0.866,-0.5,0,0.0,0,3,8.644,0,0
53.83,0.018,-0.707,0,1,1,0.9659,0.2588,1,0.1,3,5,2.276,0,1
815.01,0.703,-0.357,0,0,1,0.9659,0.2588,0,0.0,0,2,9.114,0,0
1075.5,0.443,-0.533,0,0,0,-1.0,-0.0,0,0.1,0,1,10.409,1,0
895.06,0.317,-0.611,0,0,0,-1.0,-0.0,0,0.0,0,4,9.739,1,0
1048.62,2.599,5.812,0,1,0,-0.2588,-0.9659,0,0.2,0,0,11.952,0,0
1533.01,0.202,-0.635,0,0,0,-0.7071,-0.7071,0,0.1,0,1,11.228,0,0
223.51,0.234,-0.556,0,0,0,1.0,0.0,0,0.2,0,3,10.468,0,0
700.26,0.762,-0.408,0,0,0,1.0,0.0,0,0.1,0,2,8.478,0,0
849.72,0.497,-0.45,0,0,0,0.866,-0.5,0,0.1,0,0,12.454,0,0
1230.09,0.538,-0.24,0,0,0,-0.5,-0.866,1,0.3,0,0,11.949,1,0
5171.21,1.075,0.057,0,0,0,-0.9659,-0.2588,0,0.0,0,1,10.198,0,0
3285.77,0.931,-0.084,0,0,0,-0.2588,-0.9659,0,0.0,0,1,9.704,0,0
1051.39,0.325,-0.488,1,0,0,-1.0,-0.0,0,0.0,0,0,12.136,0,1
4268.23,0.662,-0.28,0,0,0,-0.9659,0.2588,1,0.1,0,2,9.681,0,0
8790.7,1.45,0.82,0,0,0,1.0,0.0,0,0.0,3,3,5.172,2,1
1206.05,1.0,0.0,0,0,0,-0.9659,-0.2588,0,0.0,0,0,14.768,0,0
976.45,0.572,-0.358,0,0,0,-0.5,0.866,0,0.1,0,0,12.261,1,0
763.0,0.593,-0.53,0,0,0,-0.5,-0.866,0,0.0,0,2,10.064,1,0
1063.1,0.685,-0.237,0,0,0,0.5,-0.866,1,0.2,0,0,12.672,0,0
2867.61,1.975,15.0,0,0,0,0.2588,-0.9659,0,0.333,0,0,11.561,1,0
172.65,0.495,-0.459,0,0,0,-0.2588,0.9659,0,0.0,0,1,10.108,0,0
660.18,0.337,-0.435,0,0,0,-0.2588,0.9659,0,0.0,0,0,11.932,0,1
3037.56,0.652,-0.345,0,0,0,-0.866,-0.5,0,0.0,0,0,12.552,1,0
1099.87,0.315,-0.712,0,0,0,-0.2588,0.9659,0,0.1,0,1,10.819,0,0
3501.84,0.994,-0.005,1,0,0,1.0,0.0,0,0.0,0,0,12.274,1,0
514.62,0.949,-0.042,0,0,0,-0.2588,-0.9659,0,0.1,0,0,12.146,1,0
1778.46,2.474,3.399,0,0,0,-0.5,0.866,0,0.1,0,0,11.804,0,0
2097.77,1.276,0.244,0,0,0,-1.0,-0.0,0,0.0,0,1,9.533,0,0
58.43,0.057,-0.501,0,0,0,0.9659,-0.2588,0,0.1,11,12,0.282,2,1
505.1,0.9,-0.176,0,0,0,0.5,-0.866,0,0.0,1,3,7.869,0,0
317.19,0.984,-0.026,0,0,0,-0.7071,-0.7071,0,0.0,0,0,11.394,0,0
707.63,0.737,-0.935,0,0,0,-0.5,0.866,1,0.167,0,0,12.416,0,0
1116.17,0.366,-0.477,0,0,0,0.7071,-0.7071,0,0.1,0,1,11.048,0,0
36.37,0.049,-1.347,0,0,0,0.9659,-0.2588,0,0.143,2,4,2.247,0,1
4098.48,3.082,1.702,0,0,0,0.866,-0.5,0,0.1,0,1,11.007,0,0
2809.8,1.0,0.0,0,0,0,0.866,-0.5,0,0.0,0,0,14.768,0,0
2628.31,0.888,-0.1,0,0,0,0.0,-1.0,0,0.0,1,2,8.039,0,0
3230.46,1.172,0.149,0,0,0,0.5,-0.866,0,0.0,0,5,9.696,0,0
2691.04,0.801,0.0,0,0,0,0.2588,-0.9659,0,0.0,0,1,10.839,2,0
1453.08,0.938,-0.109,0,0,0,-0.5,-0.866,0,0.1,0,2,11.012,0,0
1258.49,0.541,-0.457,0,0,0,-1.0,-0.0,0,0.1,0,2,10.955,0,0
2667.28,0.7,-0.249,0,0,0,-0.866,-0.5,0,0.1,0,0,11.754,0,0
52.05,0.058,-0.629,0,0,0,-0.7071,0.7071,1,0.6,19,20,4.015,0,1
1019.99,0.481,-0.596,0,0,0,-0.7071,0.7071,0,0.0,0,0,12.261,0,0
1001.22,0.545,-0.437,0,0,0,0.5,-0.866,0,0.1,0,1,10.879,2,0
3020.69,0.768,-0.2,0,0,0,0.2588,-0.9659,0,0.0,0,1,11.297,0,0
2696.13,4.61,4.061,0,0,0,-0.5,-0.866,0,0.1,0,3,8.317,0,0
1142.51,0.765,-0.207,0,0,0,0.2588,-0.9659,0,0.2,0,1,10.392,0,0
62412.73,13.192,8.846,0,0,1,0.9659,0.2588,1,0.2,3,5,6.878,0,1
3126.85,0.556,-0.32,0,0,0,-0.5,-0.866,0,0.1,1,2,7.995,1,0
1282.08,0.485,-0.972,0,0,0,-0.5,-0.866,0,0.0,0,0,11.518,0,0
1782.13,0.639,-0.393,0,1,0,0.5,-0.866,1,0.1,0,2,8.464,0,0
604.39,0.695,-4.681,0,0,0,-0.5,-0.866,0,0.0,0,0,12.827,1,0
10406.28,7.338,12.087,0,0,0,-0.9659,0.2588,0,0.0,0,1,11.186,2,0
787.74,0.506,-0.446,0,0,0,-0.7071,-0.7071,0,0.1,0,2,10.919,1,0
3570.83,0.884,-0.093,0,0,0,0.2588,-0.9659,0,0.0,0,0,11.635,0,0
857.02,0.704,-0.243,0,0,0,0.2588,-0.9659,0,0.0,0,0,13.098,0,0
1423.21,0.419,-0.532,0,0,0,-0.7071,0.7071,0,0.0,0,1,11.244,0,0
2512.08,1.008,0.006,0,0,0,-0.7071,-0.7071,0,0.1,0,0,12.436,0,0
1287.13,1.651,0.634,0,0,0,0.7071,-0.7071,0,0.0,0,2,10.705,1,0
1675.08,0.482,-1.378,0,0,0,0.866,-0.5,0,0.125,0,1,10.622,0,0
755.24,1.0,0.0,0,0,0,-0.7071,-0.7071,0,0.0,0,0,14.768,2,0
3241.3,0.655,-0.313,0,0,0,-0.866,0.5,0,0.0,0,1,11.259,0,0
6805.89,3.077,0.0,0,0,0,-0.5,0.866,1,0.5,1,1,7.531,3,1
2858.07,0.432,-0.446,0,0,0,-1.0,-0.0,0,0.0,0,0,11.875,0,0
2753.91,0.592,-0.326,0,0,0,-0.866,0.5,0,0.0,0,1,11.346,1,0
2174.27,0.458,-2.269,0,0,0,-0.2588,0.9659,0,0.0,0,0,11.48,0,0
1449.12,0.451,-0.485,0,0,0,-0.866,0.5,0,0.1,0,0,12.025,1,0
3032.12,0.979,-0.018,0,0,0,-0.5,-0.866,0,0.0,0,1,9.688,2,0
641.01,0.365,-0.585,0,0,0,-0.2588,-0.9659,0,0.0,0,2,10.571,1,0
1052.01,0.657,-0.397,0,0,0,-0.866,-0.5,0,0.0,0,0,13.817,0,0
2602.0,0.323,-0.567,0,0,0,0.2588,-0.9659,0,0.0,0,2,9.459,1,0
24.19,0.287,-0.505,0,0,1,0.7071,0.7071,1,0.4,15,15,4.206,0,1
977.26,0.47,-0.444,0,0,0,0.7071,-0.7071,0,0.0,0,1,9.965,1,0
4182.66,1.461,0.769,0,0,0,-0.866,-0.5,0,0.0,2,2,6.794,3,1
441.82,0.598,-0.426,0,0,0,0.7071,-0.7071,0,0.1,0,0,11.792,0,0
469.24,0.258,-0.664,0,0,0,-0.5,-0.866,0,0.0,0,3,8.501,1,0
338.9,0.602,-0.299,0,0,0,-0.2588,0.9659,0,0.2,0,0,11.568,0,0
332.49,0.506,-0.401,0,0,0,-0.2588,-0.9659,1,0.1,0,1,11.242,0,0
1527.54,1.147,0.254,0,0,0,0.2588,-0.9659,0,0.0,1,1,5.946,0,0
451.53,0.286,-0.619,0,0,0,-0.5,-0.866,0,0.0,0,0,11.385,1,0
1927.0,1.226,0.259,0,0,0,0.5,-0.866,0,0.0,0,3,10.418,2,0
1165.33,2.564,0.0,0,0,0,-1.0,-0.0,0,0.0,0,1,9.347,0,0
9477.39,6.018,12.454,0,0,0,-0.866,0.5,0,0.0,0,0,12.262,1,0
726.1,0.353,-0.56,0,0,0,-0.866,0.5,0,0.0,0,1,10.087,0,0
1400.6,0.35,-0.587,0,0,0,-0.9659,0.2588,0,0.0,0,0,11.653,0,0
3845.49,1.007,0.006,0,0,0,-0.2588,-0.9659,0,0.0,0,1,10.038,0,0
430.86,0.479,-0.547,0,0,0,0.7071,-0.7071,0,0.1,0,1,11.136,0,0
316.41,0.742,-0.307,0,0,0,-1.0,-0.0,0,0.1,0,0,11.918,1,1
311.69,0.478,-0.65,0,0,0,0.866,-0.5,0,0.0,0,0,11.845,1,0
671.41,0.744,-0.207,0,0,0,-0.7071,-0.7071,0,0.1,0,2,10.843,0,0
1434.24,0.361,-1.105,0,0,0,0.2588,-0.9659,0,0.0,0,0,12.022,1,0
3062.03,1.0,0.0,0,0,0,-0.9659,0.2588,0,0.0,0,0,14.768,0,0
627.85,0.522,-0.418,1,0,0,-0.5,0.866,0,0.0,1,2,7.531,0,0
14154.23,5.383,5.128,0,0,0,-0.5,0.866,0,0.0,0,0,11.851,0,0
3868.59,1.561,0.567,0,0,0,-0.2588,0.9659,0,0.0,0,1,11.059,0,0
818.35,0.598,0.0,0,0,0,-0.866,-0.5,0,0.5,0,0,12.228,1,0
1275.98,1.066,0.153,0,0,0,0.0,-1.0,0,0.111,0,1,10.088,2,0
218.32,0.231,-0.591,0,0,0,0.9659,-0.2588,0,0.1,0,0,12.786,0,0
1997.46,0.838,-0.153,0,0,0,-0.2588,-0.9659,0,0.1,0,0,12.316,0,0
1401.86,0.603,-0.391,1,0,0,-1.0,-0.0,0,0.0,0,0,11.416,0,0
3925.86,3.056,3.781,1,1,0,0.7071,-0.7071,0,0.0,0,0,13.437,3,1
1594.45,0.83,-0.245,0,0,0,-0.9659,0.2588,0,0.0,0,0,11.997,0,0
858.3,0.787,-0.264,0,0,0,-1.0,-0.0,0,0.2,0,0,11.981,0,0
1605.77,0.924,-0.067,0,0,0,-0.5,0.866,1,0.1,0,0,11.998,1,0
1073.5,0.519,-0.471,0,0,0,0.0,-1.0,0,0.0,0,0,11.893,2,0
1526.27,0.489,-0.465,0,0,0,-0.5,0.866,0,0.1,1,1,6.49,1,0
4202.5,1.19,0.285,0,0,0,-0.866,0.5,0,0.0,0,0,12.571,1,0
408.39,0.54,-0.345,0,0,0,-0.866,0.5,0,0.0,0,0,11.925,0,0
880.04,0.162,-0.645,0,0,0,-0.7071,0.7071,0,0.1,0,1,11.093,3,0
41.26,0.094,-0.651,0,0,1,0.9659,0.2588,1,0.3,11,13,0.111,0,1
476.65,0.656,-0.234,0,0,0,-0.866,0.5,0,0.0,0,0,12.005,0,0
1201.58,1.593,1.179,0,0,0,-0.2588,0.9659,0,0.0,1,3,7.282,0,0
4092.56,1.325,0.665,0,0,0,-0.9659,0.2588,0,0.0,3,3,2.33,2,1
2765.61,1.614,1.392,0,0,0,0.5,-0.866,0,0.0,0,0,11.501,1,0
1832.92,0.54,-0.405,0,0,0,-0.9659,-0.2588,0,0.1,0,2,10.758,0,0
34.49,0.056,-0.512,0,0,0,-0.866,0.5,0,0.3,8,8,3.464,0,1
1742.98,0.839,-0.154,1,0,0,0.5,-0.866,0,0.0,0,0,12.135,1,0
9393.86,4.148,3.216,0,1,0,-0.5,0.866,0,0.1,0,2,11.144,0,0
608.12,0.825,-0.193,0,0,0,0.866,-0.5,0,0.1,0,1,10.824,0,0
3715.78,1.224,0.0,0,0,0,-0.2588,0.9659,0,0.0,0,1,10.962,0,0
4010.47,0.967,-0.026,0,0,0,0.2588,-0.9659,0,0.1,0,1,10.817,0,0
6179.54,2.607,1.348,0,0,0,-0.7071,0.7071,0,0.0,0,2,10.654,1,0
281.87,0.396,-0.617,0,0,0,0.7071,-0.7071,0,0.0,0,1,10.46,0,0
10.78,0.008,-1.127,0,0,0,-0.9659,-0.2588,0,0.3,5,5,1.867,0,1
32.61,0.028,-1.144,0,0,0,0.5,-0.866,0,0.0,6,6,2.488,0,1
14762.01,5.883,5.173,1,0,0,-0.2588,0.9659,0,0.0,0,1,9.55,1,0
1468.17,1.315,0.0,1,0,0,-0.866,0.5,0,0.0,0,1,10.127,1,0
7516.68,5.55,5.265,0,0,0,0.0,-1.0,0,0.0,0,1,9.917,0,0
1713.81,4.525,4.202,0,0,0,1.0,0.0,0,0.1,0,0,12.668,0,0
1294.34,0.709,0.0,0,0,0,-0.9659,0.2588,0,0.0,0,0,11.397,1,0
238.88,0.454,-1.424,0,0,0,0.2588,-0.9659,0,0.1,0,0,11.967,1,0
476.77,0.104,-0.797,0,0,0,0.0,-1.0,0,0.1,0,1,11.254,0,0
1784.13,0.262,-0.616,0,0,0,-1.0,-0.0,0,0.0,0,0,11.771,1,0
390.92,0.542,-0.472,0,0,0,0.0,-1.0,1,0.1,0,0,12.432,0,0
1638.22,0.282,-0.464,0,0,0,-0.2588,-0.9659,0,0.0,0,2,10.275,0,0
6066.84,1.148,0.118,0,0,0,-0.5,-0.866,1,0.5,0,0,12.499,0,0
2050.09,2.516,15.0,1,1,0,-1.0,-0.0,0,0.0,0,0,11.622,1,0
924.1,0.29,-5.0,0,0,0,0.0,-1.0,0,0.0,0,1,9.394,0,0
1051.51,0.861,-0.168,0,0,1,0.9659,0.2588,0,0.0,0,2,10.529,2,0
378.86,0.559,-5.0,0,0,0,0.0,-1.0,0,0.0,1,2,7.304,0,0
730.93,0.413,-0.548,0,0,0,-0.2588,0.9659,1,0.1,0,0,11.691,1,0
447.42,0.115,-1.045,0,0,0,-0.5,0.866,0,0.0,0,4,9.493,0,0
4130.5,0.876,-0.089,0,0,0,-0.2588,0.9659,0,0.0,0,1,9.814,0,0
2499.45,0.678,-0.251,0,0,0,-0.5,-0.866,0,0.1,0,1,11.024,0,0
1599.32,0.886,-0.096,0,0,0,0.0,-1.0,0,0.1,0,1,10.484,1,0
1304.56,1.155,0.121,0,0,0,0.9659,-0.2588,0,0.1,0,0,11.8,0,0
250.49,0.388,-0.559,0,0,0,-0.866,-0.5,1,0.1,0,0,11.402,1,0
2457.83,2.916,2.672,0,0,0,-0.866,-0.5,0,0.1,0,0,12.825,0,0
807.96,0.631,-0.303,0,0,0,0.7071,-0.7071,0,0.1,0,1,10.821,1,0
512.88,0.317,-0.567,0,0,0,-0.7071,0.7071,0,0.0,0,3,8.7,1,0
1337.69,0.264,-0.665,0,0,0,0.5,-0.866,0,0.0,0,0,11.446,0,0
202.42,0.594,-1.017,0,0,0,-0.9659,-0.2588,0,0.1,0,0,12.662,0,0
3813.03,1.265,0.508,0,0,0,0.7071,-0.7071,0,0.25,2,3,6.813,3,1
2536.24,0.165,-1.032,0,0,0,-0.9659,-0.2588,0,0.0,0,0,12.158,1,0
1531.18,0.513,-0.362,0,0,0,-0.866,0.5,0,0.125,0,0,11.763,0,0
199.87,0.285,-0.599,0,0,0,0.9659,-0.2588,0,0.0,0,0,11.899,0,0
2935.39,0.507,-0.503,0,0,0,-0.866,-0.5,0,0.2,0,1,11.22,0,0
276.81,0.544,-0.407,0,0,0,-0.9659,0.2588,0,0.0,0,1,11.232,1,0
16482.02,8.746,13.733,1,0,0,-0.7071,-0.7071,0,0.0,0,0,12.022,1,0
854.57,0.59,-0.914,1,0,0,-0.9659,-0.2588,0,0.0,0,0,12.807,1,0
14605.33,3.641,2.312,0,0,0,-0.9659,-0.2588,0,0.0,0,0,12.278,0,0
1104.62,1.279,0.363,0,0,0,-1.0,-0.0,0,0.2,0,2,10.684,0,0
48.63,0.064,-0.637,1,1,0,-0.9659,0.2588,0,0.2,1,1,0.0,0,1
880.45,0.772,-0.541,1,0,0,-0.7071,0.7071,0,0.0,0,4,8.963,1,0
2423.34,0.424,-0.417,0,0,0,-0.5,-0.866,0,0.1,0,1,11.103,1,0
3894.97,0.726,-0.222,0,0,0,-0.9659,-0.2588,0,0.0,0,0,12.465,1,0
2330.56,0.614,-0.33,0,0,0,-0.7071,0.7071,0,0.2,0,3,9.237,1,0
1699.68,0.379,-0.518,0,0,0,0.0,-1.0,0,0.1,0,1,11.074,1,0
40524.28,11.466,15.0,0,0,0,-0.2588,0.9659,0,0.0,0,0,11.767,1,0
3305.79,11.668,10.213,1,0,0,-0.9659,0.2588,0,0.4,0,26,10.597,0,1
480.8,0.341,-1.412,0,0,0,0.866,-0.5,1,0.3,0,3,10.483,1,0
774.11,0.934,-0.063,0,0,0,0.7071,-0.7071,0,0.0,0,1,11.151,0,0
817.6,0.293,-0.72,0,0,0,-0.2588,0.9659,0,0.2,0,1,11.235,1,0
922.52,0.351,-1.461,0,0,0,-1.0,-0.0,0,0.0,0,0,12.155,0,0
1728.93,1.317,0.482,0,0,0,-0.9659,-0.2588,0,0.0,0,0,11.919,1,0
1586.79,1.176,0.145,1,0,0,-0.866,0.5,0,0.1,0,1,11.284,1,0
3333.12,0.784,-0.098,0,0,0,-0.9659,0.2588,1,0.5,0,0,13.541,0,0
1959.06,0.685,-0.341,0,0,0,0.866,-0.5,1,0.111,0,1,10.288,0,0
14710.48,1.356,0.662,0,0,0,-0.5,0.866,0,0.2,2,4,7.829,3,1
1263.03,1.846,15.0,0,0,0,0.5,-0.866,0,0.0,0,0,12.827,1,0
338.19,0.675,-0.288,0,0,0,-0.7071,0.7071,0,0.0,0,0,11.395,0,0
55200.43,9.673,4.854,1,0,0,-0.2588,-0.9659,0,0.0,1,7,7.508,0,1
1694.1,1.004,0.003,0,0,0,-0.866,0.5,0,0.125,0,1,10.8,1,0
3987.27,1.018,0.018,0,0,0,-0.866,0.5,0,0.1,0,2,10.677,0,0
402.68,0.292,-1.205,0,0,0,-0.7071,-0.7071,0,0.0,0,0,12.533,0,0
184.53,0.556,-1.272,0,0,0,-0.2588,-0.9659,0,0.0,0,0,12.761,1,0
537.33,0.202,-0.696,0,0,0,-0.866,-0.5,1,0.1,0,1,8.812,0,0
1949.9,0.234,-0.65,0,0,0,-0.5,0.866,0,0.0,0,1,10.878,1,0
2711.77,2.95,1.758,0,0,0,0.2588,-0.9659,0,0.1,0,2,9.066,0,0
2252.52,0.331,-0.564,0,0,0,-0.866,0.5,0,0.0,0,2,11.325,1,0
1591.02,4.218,7.386,0,0,0,-0.5,-0.866,0,0.1,0,1,10.481,1,0
828.04,0.454,-0.494,0,0,0,-0.866,0.5,0,0.0,0,1,11.284,0,0
1767.29,0.665,-0.937,0,0,0,-1.0,-0.0,0,0.0,0,1,11.238,0,0
27.19,0.049,-0.575,0,0,1,0.0,1.0,1,0.7,20,20,1.763,0,1
1791.53,5.225,15.0,0,0,0,-0.2588,-0.9659,0,0.0,0,1,10.552,1,0
4822.27,0.691,-0.241,0,0,0,-0.2588,0.9659,0,0.0,0,1,10.444,1,0
435.93,0.54,-0.378,0,0,0,-0.7071,-0.7071,1,0.1,0,0,11.697,0,0
44.27,0.016,-0.736,0,0,0,-0.866,-0.5,0,0.3,11,12,0.475,0,1
17.11,0.004,-0.594,0,0,0,-0.9659,-0.2588,2,0.3,4,4,2.801,1,1
2396.14,0.443,-0.449,0,0,0,-0.7071,-0.7071,0,0.0,0,0,12.012,0,0
3965.58,1.588,1.112,0,0,0,0.7071,-0.7071,1,0.167,0,3,8.417,3,1
1666.14,1.26,0.402,0,0,0,-0.866,0.5,0,0.0,0,0,11.377,1,0
2933.42,0.775,-0.198,0,0,0,-0.7071,0.7071,0,0.2,0,1,11.205,0,0
1103.19,1.037,0.09,0,0,0,0.2588,-0.9659,0,0.0,0,2,9.045,0,0
1201.14,1.729,0.943,0,0,0,0.7071,-0.7071,0,0.0,0,0,11.799,1,0
5271.04,3.577,2.43,1,0,0,0.5,-0.866,0,0.2,0,0,11.527,0,0
1137.62,0.295,-0.499,1,0,0,-0.5,-0.866,0,0.0,0,1,11.264,1,0
34.47,0.011,-0.712,0,0,1,0.9659,0.2588,0,0.0,2,4,2.734,0,1
2678.33,0.815,-0.159,1,0,0,-1.0,-0.0,0,0.0,0,0,11.617,0,0
951.87,0.124,-0.971,0,0,0,-0.5,0.866,0,0.2,0,0,11.973,1,0
2859.26,1.827,0.666,0,0,0,-0.2588,-0.9659,0,0.3,0,1,11.299,1,0
663.79,0.541,-0.593,0,0,0,-0.5,0.866,0,0.0,0,1,9.032,1,0
4573.79,2.203,0.505,0,0,0,0.0,-1.0,0,0.5,0,21,10.676,1,0
39.83,0.408,-0.301,0,0,0,-0.9659,0.2588,1,0.3,25,25,3.469,0,1
591.97,0.737,-0.383,0,0,0,-1.0,-0.0,0,0.1,0,1,10.571,0,0
859.72,0.326,-0.631,0,0,0,-1.0,-0.0,2,0.3,0,0,12.303,0,0
528507.23,19.858,7.281,1,0,1,0.7071,0.7071,0,0.0,0,9,9.207,1,1
1565.52,0.18,0.0,0,0,0,-0.866,0.5,1,0.5,0,2,10.949,0,0
1994.01,0.946,-0.111,0,0,0,-0.5,-0.866,0,0.143,0,1,9.592,0,0
565.0,0.562,-0.389,0,0,0,0.9659,-0.2588,0,0.1,0,1,8.67,0,0
373.2,0.155,-0.748,0,0,0,0.866,-0.5,0,0.3,0,2,10.211,1,0
5174.74,1.197,0.137,0,0,0,-0.9659,-0.2588,0,0.0,0,1,10.312,0,0
4094.71,0.631,-0.277,0,0,0,0.2588,-0.9659,0,0.1,0,1,11.322,1,0
347.77,0.958,-0.304,0,0,0,-0.7071,-0.7071,0,0.0,0,1,10.484,0,0
2211.7,0.471,-0.372,0,0,0,-1.0,-0.0,0,0.0,0,1,9.816,0,0
1167.8,0.57,-0.58,0,0,0,-0.2588,0.9659,0,0.1,0,1,10.741,0,0
20587.43,5.319,3.28,0,0,0,0.866,-0.5,0,0.1,0,0,11.858,0,0
1023.98,1.162,0.439,0,0,0,0.0,-1.0,0,0.0,0,0,11.575,1,0
23841.96,5.395,3.551,0,0,0,0.5,-0.866,0,0.0,0,0,11.547,1,0
13250.12,11.623,15.0,0,0,0,-0.2588,-0.9659,0,0.0,0,0,12.463,0,0
4527.48,0.92,-0.067,0,0,0,0.0,-1.0,0,0.0,0,2,10.988,1,0
1282.74,0.655,-0.418,0,0,0,1.0,0.0,0,0.0,0,4,8.723,0,0
49.3,0.066,-0.643,0,0,1,0.9659,0.2588,2,0.3,26,27,4.165,0,1
618.14,0.282,-0.453,0,0,0,0.0,-1.0,0,0.2,0,0,11.685,0,0
1378.27,0.752,-0.224,0,0,0,-0.5,0.866,0,0.0,0,2,11.206,0,0
122.13,0.378,-1.007,0,0,1,0.9659,0.2588,0,0.1,0,1,11.114,0,0
2473.91,1.191,0.476,0,0,0,0.2588,-0.9659,0,0.0,0,2,8.603,1,0
1721.41,0.577,-0.337,1,0,0,-1.0,-0.0,1,0.2,0,1,10.199,1,0
1077.72,0.94,-0.066,0,0,0,0.2588,-0.9659,0,0.0,0,0,12.615,1,0
629.15,0.676,-0.293,0,0,0,-0.5,0.866,0,0.1,0,0,12.518,1,0
1347.27,2.052,5.148,0,0,0,-0.5,0.866,0,0.167,0,0,12.377,1,0
2573.82,0.898,-0.094,0,0,0,-0.2588,0.9659,0,0.0,0,1,10.944,0,0
17.04,0.007,-2.321,1,0,0,-0.866,0.5,0,0.0,1,2,0.0,0,1
1383.44,0.843,-0.13,0,0,0,0.2588,-0.9659,0,0.0,0,1,8.642,1,0
988.91,0.626,-0.32,0,0,0,-0.866,0.5,0,0.1,0,2,8.344,1,0
893.32,0.34,-1.76,0,0,0,0.0,-1.0,0,0.1,0,0,11.508,1,0
2261.91,0.852,-0.098,0,0,0,-0.7071,-0.7071,0,0.0,0,1,11.205,1,0
2815.96,0.637,-0.546,0,0,0,-0.866,0.5,0,0.0,0,0,12.189,0,0
4203.42,5.033,4.908,0,0,0,0.0,-1.0,0,0.1,0,0,12.052,0,0
4210.04,0.965,-0.035,0,0,0,-0.9659,0.2588,0,0.0,0,1,10.721,1,0
11685.79,1.0,0.0,0,0,1,0.9659,0.2588,0,0.0,0,0,14.768,0,0
607.29,0.437,-0.534,0,0,0,-0.2588,-0.9659,0,0.1,0,0,11.382,0,0
8463.27,9.621,6.132,1,1,0,-0.2588,0.9659,0,0.0,0,1,10.589,1,1
23683.45,4.264,5.446,0,0,0,0.7071,-0.7071,0,0.2,0,0,12.086,1,0
750.0,0.899,-0.155,0,0,0,-0.866,0.5,0,0.0,0,2,9.95,0,0
608.72,0.369,-0.683,0,0,0,-0.7071,-0.7071,0,0.0,0,2,10.954,0,0
522.01,0.88,-0.127,0,0,0,0.5,-0.866,0,0.2,0,1,11.314,0,0
458.96,1.0,0.0,0,0,0,0.2588,-0.9659,0,0.0,0,0,14.768,0,0
2043.85,0.545,-1.457,0,0,0,-0.7071,-0.7071,1,0.167,0,2,10.643,0,0
4935.99,9.17,15.0,0,0,0,-0.7071,0.7071,0,0.0,0,3,10.811,1,0
122590.81,16.978,8.321,1,0,0,0.0,-1.0,0,0.2,0,11,8.637,1,1
50.7,0.234,-0.551,0,0,0,-0.7071,-0.7071,0,0.4,16,16,3.448,1,1
8953.8,9.316,6.124,0,0,0,0.2588,-0.9659,0,0.0,0,6,9.175,0,1
710.78,0.357,-0.719,0,0,0,-0.9659,-0.2588,0,0.111,0,1,8.843,1,0
298.18,0.416,-0.55,0,0,0,-0.866,0.5,0,0.1,1,3,7.043,1,0
874.76,0.763,-1.061,0,0,0,0.5,-0.866,0,0.0,0,0,12.065,2,0
1666.61,0.681,-0.626,0,0,0,-0.866,-0.5,0,0.125,0,1,10.829,0,0
12612.23,3.942,2.303,0,0,0,-0.866,0.5,0,0.0,0,0,11.884,0,0
3440.34,1.786,5.594,0,0,0,-0.7071,0.7071,0,0.0,0,2,8.223,1,0
2235.48,0.902,-0.087,0,0,0,-0.9659,0.2588,0,0.0,0,3,9.057,0,0
2759.47,1.468,0.996,0,0,0,-0.9659,0.2588,0,0.0,0,1,9.927,1,0
1708.45,0.484,-0.689,0,0,0,0.5,-0.866,0,0.0,0,2,10.859,1,0
563.04,0.58,-0.41,0,0,0,0.5,-0.866,0,0.0,0,1,11.239,0,0
5862.66,3.596,2.376,0,0,0,-0.866,-0.5,1,0.1,0,2,10.426,0,1
11956.57,2.643,1.739,0,0,0,-1.0,-0.0,0,0.0,0,0,12.287,0,0
2675.28,0.796,-0.172,0,0,0,-1.0,-0.0,0,0.1,0,0,12.432,0,0
59.88,0.043,-0.909,0,0,1,0.7071,0.7071,0,0.4,22,23,1.165,2,1
42005.29,5.922,4.146,0,1,0,1.0,0.0,0,0.1,0,0,12.702,0,0
8.92,0.02,-0.824,0,0,0,0.9659,-0.2588,0,0.4,10,12,2.855,0,1
1095.41,1.0,0.0,0,0,0,-0.5,-0.866,0,0.0,0,0,14.768,0,0
1542.92,0.302,-0.959,0,0,0,-0.866,0.5,0,0.3,0,0,11.701,0,0
381.1,0.74,-0.4,0,0,0,-1.0,-0.0,0,0.0,0,0,12.77,1,0
1918.79,0.439,-0.507,0,0,0,-0.5,-0.866,0,0.0,0,1,10.753,0,0
3523.89,0.751,-0.191,0,0,0,0.5,-0.866,0,0.2,0,0,12.207,1,0
599.92,0.631,-0.276,0,0,0,0.2588,-0.9659,0,0.0,0,1,10.79,1,0
9665.86,5.183,6.022,0,0,0,0.5,-0.866,0,0.125,0,0,11.675,1,0
2740.41,2.093,3.854,0,0,0,0.0,-1.0,0,0.0,0,0,11.987,1,0
13407.0,4.82,2.575,0,0,0,0.0,-1.0,0,0.0,0,1,10.437,0,0
303.91,0.357,-0.552,1,0,0,-0.7071,0.7071,0,0.1,0,1,9.519,1,0
253.81,0.572,-1.201,0,0,0,0.2588,-0.9659,0,0.0,0,0,11.973,0,0
904.57,1.132,0.318,0,0,0,0.7071,-0.7071,0,0.0,0,1,10.741,0,0
2785.81,1.0,0.0,0,0,0,0.0,-1.0,0,0.0,0,0,14.768,0,0
1234.54,0.341,-0.542,0,0,0,-0.9659,-0.2588,0,0.1,0,1,11.175,0,0
538.81,0.334,-0.496,0,0,0,0.9659,-0.2588,1,0.1,0,1,10.728,0,0
2376.39,0.371,-0.434,0,0,0,0.7071,-0.7071,0,0.0,0,0,11.44,0,0
219.75,0.25,-0.595,0,0,0,0.7071,-0.7071,0,0.0,0,4,9.927,0,0
2870.07,0.367,-0.56,0,0,0,-0.2588,0.9659,0,0.0,0,1,9.559,0,0
2417.96,0.819,-0.156,0,1,0,-0.866,-0.5,0,0.1,0,1,8.362,1,0
21.09,0.02,-0.594,0,0,0,1.0,0.0,1,0.6,20,20,2.76,0,1
1314.18,1.054,0.043,0,0,0,-0.7071,0.7071,0,0.0,0,3,9.688,0,1
718.86,1.065,0.054,0,0,0,-0.2588,0.9659,0,0.1,0,0,11.379,2,0
184.43,0.128,-0.888,0,0,0,0.2588,-0.9659,0,0.0,0,0,13.376,0,0
155.37,0.262,-0.589,0,0,0,-0.9659,0.2588,0,0.1,0,0,11.678,0,0
221.79,0.122,-0.951,1,0,0,-0.2588,-0.9659,0,0.0,0,0,11.9,0,0
352.09,1.33,2.496,0,0,0,-0.9659,0.2588,0,0.0,1,1,8.15,0,0
4060.77,2.938,2.562,0,0,0,0.2588,-0.9659,0,0.0,0,0,12.547,1,0
610.97,0.823,-0.114,0,0,0,-1.0,-0.0,1,0.1,0,1,10.26,1,0
812.41,0.445,-0.56,0,0,0,-0.9659,0.2588,0,0.0,0,1,10.915,0,0
263.35,0.692,-0.342,0,0,0,0.7071,-0.7071,0,0.0,0,0,11.477,0,0
5101.84,7.372,6.042,0,0,0,-0.9659,0.2588,1,0.2,0,2,10.91,1,0
16249.52,5.697,13.074,0,0,0,-0.2588,0.9659,0,0.0,0,0,12.801,0,0
328.96,0.404,-0.502,0,0,0,-0.5,-0.866,0,0.0,0,0,11.748,0,0
667.28,0.778,-0.326,0,0,0,-0.2588,0.9659,0,0.0,0,2,10.219,0,0
1716.58,0.075,-0.45,0,0,0,-0.7071,-0.7071,0,0.0,0,0,12.64,1,0
951.53,0.785,-0.979,0,0,0,0.7071,-0.7071,0,0.0,0,1,9.751,2,0
9190.21,5.542,15.0,1,1,0,-0.5,-0.866,0,0.0,0,0,13.991,2,1
528.03,0.214,-0.77,0,0,0,-0.9659,-0.2588,0,0.0,0,2,8.473,0,0
1528.3,1.05,0.082,0,1,0,0.2588,-0.9659,0,0.0,0,0,12.462,1,0
1088.86,0.99,-0.02,0,0,0,-0.9659,-0.2588,0,0.25,0,1,10.867,0,0
2112.02,1.037,0.037,0,0,0,-0.2588,-0.9659,0,0.0,0,0,11.5,1,0
26967.77,7.853,6.863,0,0,0,-0.5,0.866,0,0.0,0,0,12.024,0,0
6487.31,4.347,2.855,0,0,0,-0.866,0.5,0,0.0,0,0,11.941,0,0
522.13,0.559,-0.357,0,0,0,-0.866,-0.5,1,0.1,0,1,10.895,0,0
400.4,0.284,-0.971,0,0,0,-0.5,0.866,0,0.0,0,0,12.367,1,0
1079.55,0.25,-0.562,0,0,0,0.2588,-0.9659,0,0.0,0,0,12.163,0,0
8750.07,6.796,15.0,0,0,0,-0.9659,-0.2588,0,0.0,0,2,9.086,1,0
31827.94,12.802,14.125,1,0,1,0.2588,0.9659,0,0.0,0,2,8.706,1,1
694.76,0.411,-0.512,0,0,0,-0.7071,-0.7071,0,0.0,0,1,10.742,1,0
58.21,0.271,-0.541,0,0,0,-0.9659,0.2588,2,0.3,8,8,0.332,0,1
1135.06,0.322,-0.603,0,0,0,-0.7071,0.7071,0,0.0,0,2,9.011,0,0
3574.09,1.047,0.047,0,0,0,0.9659,-0.2588,0,0.2,0,2,10.538,0,0
7368.37,4.574,3.12,0,0,0,-0.9659,0.2588,0,0.0,0,2,10.834,1,0
940.69,0.531,-0.343,0,0,0,-0.9659,0.2588,0,0.0,0,1,8.998,1,0
8457.59,1.633,0.599,1,0,0,0.5,-0.866,0,0.0,0,1,8.948,2,0
262.03,0.361,-0.384,0,0,0,0.866,-0.5,0,0.0,0,1,10.7,3,0
421.08,0.416,-0.459,0,0,0,0.5,-0.866,0,0.1,0,1,10.67,0,0
34.05,0.016,-0.71,0,0,0,0.866,-0.5,1,0.4,24,26,4.957,1,1
603.94,0.182,-1.023,0,1,0,-0.7071,-0.7071,0,0.0,0,1,10.265,0,0
307.95,0.296,-0.736,0,0,0,-0.2588,-0.9659,1,0.2,0,0,12.905,0,0
1937.72,0.826,-0.279,0,0,0,-0.2588,-0.9659,0,0.0,0,0,12.319,0,0
1.83,0.001,-0.853,0,0,0,-0.7071,0.7071,1,0.2,5,6,2.325,0,1
3975.4,1.707,1.746,0,0,0,-0.866,0.5,0,0.0,0,1,10.684,0,0
672.71,0.334,-0.644,0,0,0,0.7071,-0.7071,0,0.1,0,2,9.55,0,0
2196.53,0.992,-0.006,0,0,0,-0.866,0.5,0,0.0,0,1,9.565,1,0
640.04,1.084,0.303,0,0,0,-0.866,0.5,0,0.0,0,2,8.792,1,0
2055.4,0.659,-0.314,0,0,0,-0.7071,0.7071,0,0.1,1,3,7.665,1,0
557.25,0.888,-0.061,0,0,0,-0.7071,0.7071,0,0.1,0,1,9.702,1,0
1741.12,1.356,0.144,0,0,0,-1.0,-0.0,0,0.1,0,0,12.86,1,0
6137.57,4.153,4.727,0,0,0,0.2588,-0.9659,0,0.0,0,0,12.984,0,0
584.63,0.528,-0.384,0,0,0,-0.2588,0.9659,0,0.0,0,0,12.272,1,0
3826.19,5.158,10.381,0,0,1,0.7071,0.7071,1,0.25,1,1,7.696,4,1
1673.23,0.725,-0.373,0,0,0,-0.5,0.866,0,0.0,0,0,11.916,1,0
1345.04,0.545,-0.342,0,0,0,0.2588,-0.9659,0,0.0,0,1,9.52,0,0
140959.32,24.799,8.555,0,0,0,0.9659,-0.2588,0,0.0,0,29,9.462,2,0
596.37,0.341,-0.546,0,0,0,-0.2588,0.9659,0,0.1,0,1,10.253,0,0
9196.49,2.571,1.796,0,0,1,0.5,0.866,0,0.0,1,1,6.9,2,1
740.56,0.499,-3.57,0,0,0,-0.2588,-0.9659,0,0.4,0,0,11.708,1,0
1154.08,0.727,-0.203,0,0,0,-0.9659,-0.2588,0,0.0,0,0,11.624,1,0
1190.18,0.427,-1.541,0,0,0,-0.2588,0.9659,0,0.0,0,1,9.551,0,0
585.09,0.482,-0.673,0,0,0,-0.7071,-0.7071,0,0.0,0,1,11.033,1,0
1926.03,0.451,-2.131,0,0,0,-0.7071,0.7071,0,0.25,0,3,9.849,0,0
2478.07,1.0,0.0,0,0,0,0.0,-1.0,0,0.0,0,0,14.768,3,0
1205.78,0.443,-0.615,0,0,0,-0.866,0.5,1,0.1,0,0,11.708,0,0
7909.47,1.766,0.575,1,0,0,-0.5,-0.866,0,0.0,0,3,9.261,1,0
551.03,0.353,-0.608,0,0,0,0.5,-0.866,0,0.0,0,0,11.867,1,0
295.95,0.455,-2.628,0,0,0,0.9659,-0.2588,0,0.0,0,0,11.707,3,0
597.8,0.633,-0.306,0,0,0,0.5,-0.866,0,0.0,0,1,9.623,0,0
1911.26,5.978,3.521,0,0,0,0.0,-1.0,0,0.2,0,2,10.175,1,1
752.34,1.029,0.077,0,0,0,1.0,0.0,0,0.1,1,2,7.377,0,0
15774.97,10.402,6.59,1,1,1,0.866,0.5,0,0.1,0,2,10.008,1,1
6.69,0.005,-0.744,0,0,1,0.5,0.866,0,0.6,12,12,2.89,0,1
1887.59,0.786,-0.167,0,0,0,-0.2588,0.9659,0,0.0,0,1,11.338,1,0
798.61,0.261,-0.603,0,0,0,-0.5,0.866,0,0.0,0,0,11.567,2,0
2689.53,0.657,-0.307,0,0,0,-0.9659,0.2588,0,0.0,0,1,11.301,0,0
2394.34,0.655,-0.303,0,0,0,-0.9659,-0.2588,0,0.1,0,2,8.299,0,0
4182.29,1.62,1.041,0,0,0,-0.7071,-0.7071,1,0.143,2,4,7.371,3,1
1.1,0.001,-0.824,0,0,1,0.5,0.866,0,0.1,5,5,2.05,0,1
1330.6,0.641,-0.242,0,0,0,-1.0,-0.0,0,0.0,0,0,13.279,0,0
837.21,1.262,0.183,1,0,0,-0.5,0.866,0,0.1,0,1,8.648,0,0
4719.94,3.188,2.224,0,0,0,0.866,-0.5,0,0.0,0,0,11.479,1,0
2010.96,5.398,11.451,0,0,0,-0.2588,0.9659,0,0.0,0,0,12.301,0,0
231.4,0.607,-0.26,0,0,0,0.7071,-0.7071,0,0.3,0,0,12.086,0,0
1117.76,1.0,0.0,0,0,0,-0.7071,-0.7071,0,0.0,0,0,14.768,0,0
41.12,0.031,-1.762,0,1,1,0.9659,0.2588,0,0.0,3,3,2.754,1,1
431.38,0.779,-0.224,0,0,0,0.866,-0.5,0,0.0,0,2,9.436,1,0
1559.43,1.0,0.0,0,0,0,0.7071,-0.7071,0,0.0,0,0,14.768,1,0
531.47,0.353,-0.655,0,0,0,-0.9659,-0.2588,0,0.0,0,1,11.251,1,0
904.27,0.581,-0.396,0,0,0,-0.5,-0.866,0,0.2,0,0,11.636,0,0
422.92,0.647,-0.315,0,0,0,0.866,-0.5,0,0.0,0,1,10.9,0,0
1387.01,0.495,-0.326,0,0,0,-0.2588,-0.9659,0,0.2,0,1,10.455,0,0
480.65,0.291,-0.743,0,0,0,0.866,-0.5,0,0.0,0,0,11.685,1,0
467.56,1.0,0.0,0,0,0,-0.7071,0.7071,0,0.0,0,0,14.768,0,0
1629.24,0.225,-0.735,0,0,0,-0.5,-0.866,0,0.0,0,2,10.442,0,0
860.98,0.951,-0.046,1,0,0,0.7071,-0.7071,0,0.1,0,2,11.15,0,0
5.47,0.002,-0.795,0,0,0,0.866,-0.5,0,0.4,11,13,0.706,1,1
4421.33,1.369,0.452,0,0,0,-0.2588,-0.9659,0,0.1,0,3,11.072,0,0
3271.23,1.15,0.122,0,0,0,-0.2588,-0.9659,0,0.0,0,0,11.937,0,0
330.53,0.264,-0.606,0,0,0,0.7071,-0.7071,0,0.0,0,1,11.209,0,0
995.74,1.49,1.614,0,0,0,-0.7071,-0.7071,0,0.0,0,0,11.863,0,0
927.06,0.512,-0.47,0,0,0,-0.7071,0.7071,0,0.0,0,1,10.307,0,0
840.79,1.058,0.183,0,0,0,-0.9659,0.2588,0,0.2,0,0,12.242,0,1
798.47,0.381,0.0,1,1,0,0.0,-1.0,0,0.0,0,0,12.455,0,0
547.46,1.0,0.0,0,0,0,0.5,-0.866,0,0.0,0,0,14.768,2,0
978.85,0.347,-0.935,0,0,0,-0.5,0.866,0,0.0,0,0,12.515,0,0
397.49,0.503,-0.283,0,0,0,-0.2588,0.9659,0,0.0,0,0,12.578,1,0
841.11,0.681,-0.484,0,0,0,0.2588,-0.9659,0,0.0,0,1,10.928,0,0
9898.68,2.338,4.123,0,0,0,0.2588,-0.9659,0,0.0,0,0,12.626,0,0
688.21,0.653,-0.624,0,0,0,0.5,-0.866,0,0.1,1,1,6.857,0,0
4003.99,1.716,1.167,0,0,1,0.0,1.0,0,0.0,2,2,4.122,2,1
1502.2,1.94,0.491,0,0,0,0.2588,-0.9659,0,0.1,0,0,11.586,1,0
3480.18,1.511,0.494,0,0,0,-0.9659,-0.2588,0,0.1,0,0,11.593,0,0
4098.32,1.144,0.783,0,0,0,-1.0,-0.0,0,0.0,3,3,6.884,2,1
1982.19,0.555,-0.381,0,0,0,-0.866,0.5,0,0.1,0,2,11.113,0,0
2766.4,4.447,1.989,1,0,0,-0.2588,0.9659,0,0.0,0,1,10.969,0,0
13.78,0.015,-0.664,0,0,1,0.5,0.866,0,0.5,15,17,2.998,1,1
1409.06,0.213,-0.627,0,0,0,-0.5,0.866,0,0.0,0,1,10.339,0,0
683.64,0.458,-0.413,0,0,0,1.0,0.0,0,0.0,0,0,11.577,0,0
855.08,0.654,-0.355,0,0,0,-0.5,0.866,0,0.0,0,3,10.08,1,0
1012.52,0.904,-0.106,0,0,0,-0.5,-0.866,0,0.1,0,1,10.466,1,0
1110.22,0.502,-0.286,0,0,0,-0.9659,0.2588,0,0.0,0,0,11.642,0,0
289.68,0.459,-0.53,0,0,0,-0.7071,0.7071,0,0.0,0,1,11.328,1,0
2157.34,0.475,-0.44,0,0,0,-0.866,-0.5,0,0.0,0,0,12.243,0,0
445.51,1.002,0.004,0,0,0,-0.7071,0.7071,0,0.0,0,0,12.334,0,0
1983.95,0.977,-0.023,0,0,0,-0.9659,-0.2588,0,0.1,0,2,9.451,0,0
83986.71,8.527,5.754,0,0,0,-0.866,0.5,0,0.0,0,6,8.889,0,1
1668.91,0.411,-0.566,0,0,0,-0.9659,0.2588,0,0.0,0,1,9.526,1,0
503.94,1.135,0.244,0,0,0,0.2588,-0.9659,0,0.0,0,2,9.998,0,0
1377.5,0.556,-0.456,0,0,0,-0.2588,0.9659,0,0.0,0,3,9.759,0,0
605.7,0.923,-0.268,0,0,0,0.2588,-0.9659,0,0.0,1,2,7.221,0,0
4550.52,9.857,15.0,0,0,0,-0.9659,-0.2588,1,0.2,0,0,12.336,0,0
1620.69,1.709,1.399,0,0,0,0.0,-1.0,0,0.111,0,1,10.164,0,0
1967.79,0.858,-0.108,0,0,0,-0.866,-0.5,0,0.1,0,1,10.919,0,0
2312.81,2.07,1.105,0,0,0,-0.2588,-0.9659,0,0.0,0,0,12.339,1,0
1043.02,0.362,-0.53,0,0,0,-0.5,0.866,0,0.2,0,0,11.597,0,0
1326.43,0.436,-0.521,0,0,0,-0.9659,0.2588,0,0.1,0,4,9.852,1,0
2205.21,0.988,-0.143,1,1,0,-0.7071,-0.7071,0,0.0,0,0,12.893,2,0
1381.22,0.371,-0.578,0,0,0,-0.866,0.5,0,0.0,0,0,13.291,0,0
2852.19,5.9,4.771,0,0,0,-0.9659,0.2588,0,0.1,0,1,11.302,0,0
415.24,0.362,-0.475,0,0,0,-1.0,-0.0,0,0.143,0,0,11.512,0,0
1028.38,0.744,-0.206,0,0,0,-0.2588,0.9659,0,0.0,0,2,10.526,1,0
1467.11,0.81,-0.176,0,0,0,0.5,-0.866,0,0.1,0,2,10.933,1,0
1112.25,0.566,-0.386,0,0,0,-1.0,-0.0,0,0.125,0,0,11.418,0,0
265.9,0.755,-0.496,0,0,0,0.0,-1.0,0,0.0,0,0,12.682,0,0
409.52,0.475,-0.474,0,0,0,-0.5,0.866,0,0.0,0,0,12.63,0,0
3904.22,2.651,15.0,0,0,0,-0.5,-0.866,0,0.0,0,0,13.032,0,0
474.39,0.277,-0.679,0,0,0,-0.7071,0.7071,0,0.0,0,1,10.962,1,0
17121.86,4.468,13.19,0,0,0,-0.5,0.866,0,0.222,0,0,11.514,0,0
22383.09,4.904,3.596,1,0,0,0.7071,-0.7071,0,0.1,0,1,11.197,0,0
255.09,0.357,0.0,0,1,0,0.2588,-0.9659,0,0.0,0,1,9.496,0,0
2880.04,1.581,3.651,0,0,0,-0.9659,-0.2588,0,0.0,0,0,12.554,0,0
2223.45,1.13,0.124,0,0,0,-0.866,-0.5,1,0.1,0,1,11.004,1,0
491.3,0.191,-0.901,0,0,0,-1.0,-0.0,0,0.1,0,0,11.371,0,0
842.26,0.241,-0.424,0,0,0,-0.866,0.5,0,0.0,0,0,11.376,0,0
1078.57,0.131,-1.21,0,0,0,-0.5,0.866,0,0.0,0,1,11.302,0,0
1583.93,0.348,-0.648,0,0,0,-0.866,-0.5,0,0.0,0,0,11.804,1,0
3453.69,0.993,-0.007,0,0,0,-0.2588,-0.9659,0,0.0,0,1,10.693,0,0
856.31,0.578,-0.334,1,0,0,-0.2588,-0.9659,0,0.1,0,2,9.842,1,0
485.69,0.308,-0.684,0,0,0,0.7071,-0.7071,0,0.0,0,1,10.783,0,1
10004.49,2.868,1.753,0,1,0,-0.7071,0.7071,0,0.1,0,0,11.978,0,0
341.06,0.479,-0.438,0,0,0,0.5,-0.866,0,0.0,0,1,10.845,0,0
434.58,0.393,-2.467,0,0,0,-0.2588,-0.9659,0,0.0,0,0,11.473,0,0
3323.74,0.908,-0.09,0,0,0,0.0,-1.0,0,0.0,0,1,10.88,3,0
1851.89,0.798,-0.309,0,0,0,0.2588,-0.9659,0,0.2,0,0,11.907,0,0
886.83,1.36,0.258,0,0,0,-0.7071,0.7071,0,0.1,0,3,10.742,0,0
787.93,0.652,-0.23,0,0,0,-0.866,0.5,0,0.2,0,1,10.461,1,0
43.13,0.014,-0.72,0,0,0,-0.9659,0.2588,0,0.4,16,16,2.193,0,1
1510.09,0.721,0.0,1,1,0,-0.5,-0.866,0,0.0,0,0,14.135,0,0
867.39,1.197,0.503,0,0,0,0.5,-0.866,1,0.2,0,0,12.164,0,0
1261.03,1.728,0.56,0,0,0,-0.2588,0.9659,0,0.0,0,1,10.952,0,0
1087.5,0.607,-0.33,0,0,0,-0.9659,-0.2588,1,0.2,1,1,5.385,0,0
2568.88,0.344,-0.387,0,0,0,0.7071,-0.7071,0,0.1,0,8,8.935,0,0
756.37,0.14,-0.846,0,0,0,-0.9659,0.2588,0,0.0,0,1,9.121,0,0
828.46,0.363,-0.585,0,0,0,0.866,-0.5,0,0.0,0,0,11.943,1,0
4109.88,1.34,0.759,0,0,0,-1.0,-0.0,0,0.0,2,2,6.343,2,1
1113.12,0.585,-0.536,0,0,0,0.866,-0.5,0,0.1,0,0,12.377,1,0
1446.13,0.717,-1.068,0,0,0,-0.9659,-0.2588,1,0.1,0,0,11.684,0,0
3988.23,3.376,2.973,1,0,0,0.0,-1.0,0,0.1,0,3,10.997,2,0
3686.39,5.803,3.885,0,0,0,0.2588,-0.9659,0,0.2,0,1,11.094,0,0
210.05,0.438,-5.0,0,0,0,0.0,-1.0,0,0.0,0,0,12.38,1,0
3187.02,0.645,-0.77,0,0,0,0.5,-0.866,0,0.0,0,0,12.463,0,0
4104.64,5.055,2.681,0,0,0,-0.7071,-0.7071,0,0.0,0,0,13.068,3,0
1312.86,1.848,0.66,0,0,0,-0.9659,0.2588,0,0.0,0,1,10.742,0,0
816.06,0.613,-0.444,0,0,0,0.5,-0.866,0,0.0,0,1,8.361,2,0
1702.01,0.681,-0.237,0,0,0,-0.9659,0.2588,0,0.0,0,0,12.44,2,0
681.49,0.756,-0.22,0,0,0,-0.2588,0.9659,0,0.111,0,1,10.274,2,0
437.57,1.143,0.41,0,0,0,-0.9659,-0.2588,0,0.0,0,1,11.119,0,0
448.85,0.688,-0.383,0,0,1,0.866,0.5,0,0.1,0,3,8.757,3,0
315.37,0.583,-0.696,0,0,0,0.2588,-0.9659,0,0.0,0,4,9.76,0,0
5710.92,1.786,0.716,0,0,0,-0.5,0.866,0,0.2,0,0,11.994,1,0
1059.05,1.041,0.038,0,0,0,0.9659,-0.2588,0,0.0,0,3,10.032,1,0
2343.1,1.0,-0.0,1,0,0,-0.7071,0.7071,0,0.1,0,2,10.246,1,0
627.14,0.629,-1.135,0,0,0,-0.9659,0.2588,0,0.1,0,0,12.615,1,0
1894.74,1.0,0.0,0,0,0,-0.9659,-0.2588,0,0.0,0,0,14.768,0,0
582.2,0.447,-0.554,0,0,0,-1.0,-0.0,0,0.0,0,1,9.751,1,0
424.79,0.369,-0.686,0,0,0,0.9659,-0.2588,0,0.1,0,2,10.243,0,0
739.69,1.582,1.01,0,0,0,0.0,-1.0,0,0.0,0,1,11.357,0,0
5.98,0.001,-0.668,0,0,0,0.2588,-0.9659,2,0.5,11,11,1.887,1,1
818.74,1.149,0.121,0,0,0,-0.9659,0.2588,0,0.0,0,0,12.3,0,0
3932.26,1.096,0.076,0,0,0,-0.7071,-0.7071,0,0.0,0,1,10.369,0,0
411.34,0.681,-0.341,0,0,0,-0.9659,-0.2588,0,0.0,0,1,11.143,0,1
1562.36,0.394,-1.271,0,0,0,0.0,-1.0,0,0.0,0,0,13.585,0,0
917.37,0.738,-0.361,0,0,0,0.5,-0.866,0,0.0,0,0,11.601,2,0
3470.99,1.158,0.0,0,0,0,0.2588,-0.9659,0,0.0,0,0,12.218,0,0
328.23,0.66,-0.253,0,0,0,-1.0,-0.0,0,0.1,0,2,10.98,0,0
550.15,1.005,0.005,0,0,0,-0.866,0.5,0,0.2,0,0,12.118,0,0
630.1,1.1,0.09,0,0,0,-0.866,0.5,0,0.0,0,0,11.744,0,0
302.12,0.318,-0.557,0,0,0,0.0,-1.0,0,0.0,0,3,10.872,0,0
14148.53,2.591,1.436,0,0,0,0.5,-0.866,0,0.0,1,1,6.668,4,1
291.69,0.669,-0.256,0,0,0,-0.2588,0.9659,0,0.1,0,1,10.596,1,0
5020.06,5.277,3.649,0,0,0,-0.2588,-0.9659,0,0.0,0,0,11.554,2,0
3678.07,0.501,-0.404,0,0,0,-1.0,-0.0,0,0.0,0,0,12.569,0,0
293.13,0.39,-2.096,0,0,0,0.5,-0.866,0,0.143,0,1,10.133,0,0
157.03,0.383,-0.782,1,0,0,-0.866,0.5,0,0.2,0,0,12.71,2,0
999.92,0.21,-0.613,0,0,0,0.7071,-0.7071,0,0.2,0,1,11.156,1,0
636.03,0.198,-0.765,0,0,0,-0.9659,0.2588,0,0.2,0,1,10.879,0,0
857.16,1.282,0.149,0,0,0,-0.866,-0.5,0,0.0,0,1,8.527,1,0
39177.52,9.518,7.525,0,0,1,0.5,0.866,1,0.1,1,3,6.87,0,1
46.13,0.009,-0.505,0,0,0,-0.2588,0.9659,0,0.3,17,17,4.332,0,1
2211.68,0.856,-0.136,0,0,0,-0.7071,-0.7071,0,0.1,0,4,9.421,0,0
26.19,0.062,-0.854,0,0,0,-0.866,0.5,0,0.0,25,25,4.997,0,1
39.3,0.101,-0.441,0,0,0,-0.2588,-0.9659,1,0.4,17,17,1.813,0,1
867.06,1.0,0.0,0,0,0,-0.5,-0.866,0,0.0,0,0,14.768,0,0
1596.57,0.503,-0.474,0,0,0,-0.9659,0.2588,0,0.2,0,0,11.853,1,0
1792.5,0.366,-0.455,0,0,0,0.2588,-0.9659,0,0.1,0,1,11.198,1,0
3248.21,0.756,-0.265,0,0,0,0.5,-0.866,0,0.0,0,0,11.935,0,0
1293.78,1.0,0.0,0,0,0,0.0,-1.0,0,0.0,0,0,14.768,0,0
12.65,0.004,-0.685,0,0,0,-0.9659,0.2588,0,0.5,22,22,0.931,0,1
16062.33,3.023,1.457,0,0,0,-0.2588,-0.9659,0,0.0,0,2,9.933,1,0
3148.58,0.615,-0.321,0,0,0,-0.2588,-0.9659,0,0.0,0,1,10.468,0,0
3383.32,0.571,-0.586,0,0,0,-0.5,-0.866,0,0.0,0,2,11.285,0,0
611.76,0.22,-0.659,0,0,0,-0.866,-0.5,0,0.0,0,0,12.172,0,0
1013.61,0.33,-1.492,0,0,0,-0.866,0.5,0,0.1,0,0,11.704,0,0
1024.03,0.985,-0.013,0,0,0,1.0,0.0,0,0.0,0,0,11.666,1,0
16.73,0.039,-0.682,0,0,1,0.9659,0.2588,0,0.3,12,14,2.975,0,1
1258.88,1.23,0.321,0,0,0,0.5,-0.866,0,0.0,0,1,10.619,0,0
715.02,1.0,0.0,0,0,0,-0.7071,-0.7071,0,0.0,0,0,14.768,0,0
979.29,0.489,-0.774,0,0,0,0.0,-1.0,1,0.2,0,2,10.06,0,0
3599.31,1.0,0.0,0,0,0,-0.9659,0.2588,0,0.0,0,0,14.768,0,0
617.98,0.917,-0.041,0,0,0,-0.9659,-0.2588,0,0.1,0,0,11.982,1,0
437.25,0.546,-0.89,0,0,0,1.0,0.0,0,0.1,0,0,12.392,1,0
10734.45,2.303,1.152,0,0,0,0.866,-0.5,0,0.0,0,1,10.323,1,0
838.09,0.649,0.0,0,0,0,-0.2588,-0.9659,0,0.0,0,0,12.562,0,0
6646.47,1.26,0.611,0,0,0,-1.0,-0.0,0,0.2,3,4,7.123,2,1
330.2,0.594,-0.314,0,0,0,-0.866,-0.5,0,0.0,0,1,11.032,1,0
500.97,1.0,0.0,0,0,0,0.0,-1.0,0,0.0,0,0,14.768,0,0
422.28,0.38,-0.279,0,0,0,-0.9659,0.2588,0,0.0,0,1,10.925,2,0
2417.77,3.108,2.893,0,0,0,-0.866,0.5,0,0.0,0,1,11.332,0,0
821.53,1.398,0.411,0,0,0,0.9659,-0.2588,0,0.2,0,1,9.088,0,0
2125.27,0.521,-0.501,1,0,0,-0.9659,0.2588,0,0.1,0,1,10.18,1,0
600.24,1.149,0.0,0,0,0,-0.2588,0.9659,0,0.0,0,1,10.699,0,0
554.57,0.514,-0.419,0,0,0,-0.9659,-0.2588,0,0.0,0,1,10.589,1,0
48.74,0.02,-0.78,0,0,0,0.866,-0.5,1,0.4,12,14,1.975,1,1
24075.58,3.752,2.216,0,0,0,-0.5,0.866,0,0.0,0,1,10.893,0,0
3085.78,0.785,-0.196,0,0,0,-0.5,0.866,0,0.1,0,0,12.476,0,0
3665.86,1.838,0.903,0,0,0,-0.2588,0.9659,0,0.1,0,5,8.418,0,0
566.83,0.246,-1.305,0,0,1,0.9659,0.2588,0,0.0,0,1,10.978,0,0
571.71,2.107,2.179,0,0,0,-0.7071,0.7071,0,0.1,0,2,11.203,0,0
7295.42,6.823,0.0,0,0,0,-0.2588,-0.9659,0,0.0,0,0,11.792,0,0
2155.0,0.412,-0.644,0,0,0,0.0,-1.0,0,0.0,0,1,10.574,0,0
625.22,0.519,-0.41,0,0,0,-0.7071,-0.7071,0,0.3,0,1,10.683,0,0
1429.03,0.708,-0.288,0,0,0,0.5,-0.866,0,0.0,1,1,7.671,0,0
1166.0,0.925,-0.097,0,0,0,0.2588,-0.9659,0,0.0,0,1,10.141,1,0
851.51,0.446,-0.486,0,0,0,-0.866,0.5,0,0.1,0,1,10.999,0,0
10.86,0.003,-0.797,0,0,0,-0.9659,0.2588,1,0.6,9,9,1.922,0,1
1734.29,1.0,0.0,0,0,0,0.5,-0.866,0,0.0,0,0,14.768,2,0
633.6,0.513,-0.637,0,0,0,-0.5,-0.866,0,0.0,0,2,10.931,1,0
1004.31,1.306,0.173,0,0,0,-0.9659,0.2588,0,0.0,0,0,11.955,1,0
3872.48,1.704,1.107,0,0,0,0.2588,-0.9659,0,0.2,0,1,10.725,0,0
3885.32,1.0,0.0,0,0,0,-0.866,0.5,0,0.0,0,0,14.768,1,0
1048.66,0.482,-0.468,0,0,0,0.9659,-0.2588,0,0.0,0,1,11.219,0,0
1233.91,0.46,-0.421,0,0,0,0.7071,-0.7071,0,0.2,0,2,11.023,0,0
1828.27,1.198,0.35,0,0,0,-0.2588,-0.9659,0,0.0,0,1,9.801,1,0
1159.53,0.547,-0.528,0,0,0,-0.2588,0.9659,0,0.1,1,3,6.98,0,0
1184.17,0.96,-0.052,0,0,0,0.5,-0.866,0,0.0,1,2,7.939,2,0
8727.61,2.479,1.723,0,0,0,0.0,-1.0,0,0.0,1,1,7.208,3,1
3929.84,0.822,-0.138,0,0,0,-1.0,-0.0,0,0.0,0,0,12.707,0,0
3134.14,0.65,-0.387,0,0,0,-0.5,0.866,0,0.0,0,0,11.409,0,0
14.56,0.059,-0.741,0,0,0,-0.7071,-0.7071,0,0.3,11,11,2.178,1,1
2104.27,1.058,0.087,0,0,0,-0.9659,-0.2588,0,0.1,0,1,10.882,0,0
798.88,0.829,-0.116,0,0,0,-0.5,-0.866,0,0.1,0,0,12.688,0,0
2336.25,0.609,-0.281,0,0,0,-0.2588,-0.9659,0,0.1,0,0,11.486,0,0
963.18,0.735,-0.223,0,0,0,0.0,-1.0,0,0.0,0,1,10.833,0,0
834.48,0.637,-0.302,0,0,0,-0.866,0.5,0,0.1,0,0,11.51,0,0
2679.28,0.636,-0.287,0,0,0,0.0,-1.0,0,0.2,0,0,11.714,0,0
759.46,0.316,-0.441,0,0,0,0.7071,-0.7071,1,0.2,0,5,10.066,0,0
618.12,1.027,0.024,1,0,0,0.2588,-0.9659,1,0.2,0,2,10.846,0,0
3760.82,0.608,-0.241,0,0,0,-0.2588,-0.9659,0,0.1,0,1,10.691,1,0
695.16,1.0,0.0,0,0,0,-0.2588,0.9659,0,0.0,0,0,14.768,1,0
2934.98,0.667,-0.284,0,0,0,-0.866,-0.5,0,0.0,0,0,12.849,1,0
1407.66,1.0,0.0,0,0,0,-0.5,-0.866,0,0.0,0,0,14.768,0,0
4415.83,0.563,-0.422,0,0,0,-0.866,-0.5,0,0.0,0,2,9.833,0,1
493.37,0.677,-0.326,0,0,0,0.866,-0.5,0,0.0,0,0,11.492,0,0
12983.0,6.151,3.288,0,0,0,-0.2588,0.9659,0,0.0,0,2,9.385,0,0
2599.8,1.122,0.116,0,0,0,-0.5,0.866,1,0.1,0,1,10.167,0,0
13215.94,5.396,3.987,0,0,0,-0.5,-0.866,0,0.0,0,1,10.206,1,0
42213.73,6.867,3.874,1,0,0,0.5,-0.866,0,0.1,0,8,9.31,1,1
1598.17,0.923,-0.066,0,0,0,1.0,0.0,0,0.0,0,0,11.491,0,0
1083.4,0.457,-0.601,1,0,0,-0.2588,-0.9659,0,0.1,0,0,11.527,1,0
586.9,0.263,-0.667,0,1,0,0.5,-0.866,0,0.0,0,1,10.611,1,0
410.25,0.444,-0.45,0,0,0,0.0,-1.0,0,0.1,0,1,10.659,0,0
2039.84,1.399,0.0,1,1,0,-0.9659,-0.2588,0,0.0,0,1,10.13,0,0
1565.72,0.591,-0.387,0,0,0,-0.5,0.866,0,0.1,0,0,12.097,0,0
4770.61,4.936,3.768,0,0,0,0.866,-0.5,0,0.0,0,0,12.489,1,0
1177.27,0.608,-4.322,0,0,0,-0.7071,0.7071,0,0.4,1,2,6.366,0,0
817.35,0.52,-0.407,0,0,0,-0.5,-0.866,0,0.0,0,0,11.771,1,0
9764.42,5.402,4.029,0,0,0,-0.2588,0.9659,0,0.0,0,0,11.477,0,0
634.19,0.31,-0.714,0,0,0,-0.866,0.5,0,0.1,0,2,10.268,0,0
7430.97,4.472,3.198,0,0,0,-0.9659,-0.2588,0,0.0,0,0,12.081,1,0
749.49,0.953,-0.049,0,0,0,0.5,-0.866,0,0.1,0,2,10.372,0,0
3019.57,0.329,-0.786,0,0,0,0.0,-1.0,0,0.167,0,0,11.412,1,0
24589.15,6.907,9.111,0,1,0,-0.9659,-0.2588,0,0.0,1,1,7.967,1,0
1259.27,0.664,-0.266,0,0,0,0.5,-0.866,0,0.0,0,0,11.591,1,0
249.86,0.354,-0.318,0,0,0,-0.2588,0.9659,0,0.1,0,1,9.065,1,1
225.85,0.242,-0.51,0,0,0,-0.9659,0.2588,0,0.111,0,1,10.475,0,0
559.02,1.289,0.785,0,0,0,0.0,-1.0,0,0.0,0,1,10.107,0,0
50.02,0.055,-0.651,0,0,1,0.5,0.866,0,0.2,11,13,3.869,1,1
377.21,0.322,-0.73,0,0,0,-0.5,0.866,0,0.0,0,2,8.664,1,0
759.01,0.354,-1.086,0,0,0,0.7071,-0.7071,0,0.0,0,1,8.462,0,0
336.67,0.812,-0.438,0,0,0,-0.9659,-0.2588,0,0.0,0,1,10.088,0,0
6258.17,1.228,0.168,0,0,0,-0.866,0.5,0,0.2,0,2,10.57,0,0
797.06,1.327,0.0,0,0,0,-0.9659,-0.2588,0,0.0,0,1,10.005,0,0
1013.86,1.0,0.0,0,0,0,-0.7071,-0.7071,0,0.0,0,0,14.768,2,0
815.45,0.837,-0.134,0,0,0,0.5,-0.866,0,0.2,0,1,9.6,0,0
2227.98,0.987,-0.01,0,0,0,0.5,-0.866,1,0.1,0,0,11.713,1,0
5057.26,4.595,15.0,0,0,0,-0.2588,-0.9659,0,0.0,0,1,11.235,0,0
4352.94,1.868,2.165,0,0,0,-0.7071,0.7071,0,0.0,0,0,12.505,0,0
1969.27,2.557,7.093,0,0,0,0.2588,-0.9659,0,0.0,0,1,11.169,0,0
2317.69,0.571,-0.384,0,0,0,-0.866,0.5,0,0.3,0,1,9.636,0,0
853.45,0.317,-0.546,0,0,0,-0.9659,-0.2588,0,0.2,0,0,12.514,0,0
536.11,0.451,-0.536,0,0,0,0.7071,-0.7071,0,0.0,0,1,10.95,0,0
3387.73,4.191,3.152,0,0,0,-0.2588,-0.9659,0,0.1,0,0,11.954,0,0
942.26,0.464,-0.444,0,0,0,-0.2588,0.9659,0,0.0,0,1,10.895,1,1
901.13,0.522,-0.461,0,0,0,-0.2588,0.9659,0,0.1,0,0,11.549,1,0
36.33,0.057,-0.735,0,0,0,0.2588,-0.9659,0,0.4,14,18,4.105,1,1
52.41,0.147,-1.062,0,0,0,0.866,-0.5,0,0.5,10,12,1.609,0,1
1629.66,1.319,0.234,0,0,0,0.2588,-0.9659,0,0.0,0,1,11.19,0,0
2440.09,1.026,0.021,1,0,0,-0.2588,0.9659,0,0.0,0,2,10.255,1,0
174.58,0.224,-0.634,0,0,0,0.9659,-0.2588,0,0.0,0,2,10.141,0,0
403.73,0.894,-0.231,0,0,0,-0.866,0.5,0,0.2,0,1,9.582,2,0
475.85,0.8,-0.183,0,0,0,0.5,-0.866,0,0.1,0,2,11.037,0,0
835.96,0.495,-0.424,0,0,0,-0.5,0.866,0,0.111,0,0,11.511,1,0
340.34,0.677,-0.505,0,0,0,-0.5,0.866,0,0.0,0,0,12.632,1,0
23466.9,14.356,13.829,0,0,0,-0.5,0.866,0,0.0,0,2,9.46,1,0
6876.0,3.956,1.3,0,0,1,0.2588,0.9659,1,0.3,3,5,5.712,0,1
1030.25,0.909,0.0,1,1,0,0.2588,-0.9659,0,0.0,0,0,12.423,0,0
864.23,0.424,-0.571,0,0,0,0.7071,-0.7071,0,0.0,0,1,11.296,0,0
523.8,1.939,0.0,0,0,0,-0.9659,-0.2588,0,0.0,0,1,10.518,0,0
673.38,0.867,-0.163,0,0,0,0.7071,-0.7071,0,0.0,0,0,12.1,0,0
1043.62,0.872,-0.182,0,0,0,0.0,-1.0,0,0.1,1,2,8.108,0,0
789.36,0.653,-0.572,0,1,0,0.5,-0.866,0,0.1,0,1,10.969,0,0
426.56,0.132,-0.779,0,0,0,-0.7071,-0.7071,0,0.0,0,0,12.523,2,0
1920.38,2.518,0.0,1,1,0,0.2588,-0.9659,0,0.0,0,1,11.057,1,0
291.78,0.337,-0.723,0,0,0,0.2588,-0.9659,0,0.1,0,0,12.392,0,0
5.63,0.003,-1.129,0,0,0,-0.5,-0.866,0,0.0,6,6,1.449,2,1
685.12,0.555,-0.646,0,0,0,-0.2588,-0.9659,0,0.0,0,1,11.252,0,0
56.69,0.123,-2.762,0,1,0,-0.7071,0.7071,1,0.1,2,4,1.925,1,1
321.59,0.246,-1.23,0,0,0,0.2588,-0.9659,0,0.0,0,0,12.319,0,0
518.69,0.732,-0.234,0,0,0,-0.2588,-0.9659,0,0.1,0,3,9.337,0,0
1185.18,0.452,-0.641,0,0,0,-0.7071,0.7071,0,0.0,0,0,13.192,1,0
3528.73,5.407,11.388,0,0,0,1.0,0.0,0,0.1,0,0,11.489,0,0
1783.2,2.506,0.0,0,0,0,0.0,-1.0,0,0.0,0,1,10.883,1,0
1182.94,0.285,-0.605,0,0,0,-0.9659,0.2588,0,0.0,0,1,9.569,1,0
581.32,0.354,-0.354,0,0,0,-0.2588,0.9659,0,0.0,0,0,12.515,0,0
354.95,0.472,-1.196,0,0,0,0.7071,-0.7071,0,0.0,0,0,11.4,0,0
1225.16,0.767,-0.184,0,0,0,-0.9659,0.2588,0,0.0,0,2,10.64,1,0
7701.69,3.183,2.824,0,0,0,0.7071,-0.7071,0,0.0,0,1,9.583,0,0
779.13,0.56,-0.443,0,0,0,-1.0,-0.0,0,0.0,0,1,10.747,1,0
6.18,0.003,-0.657,0,0,0,-0.2588,-0.9659,0,0.5,11,12,2.648,0,1
9068.38,6.22,15.0,1,1,0,-0.9659,-0.2588,0,0.0,0,0,14.041,3,1
2151.09,1.991,13.991,0,0,0,-0.7071,0.7071,0,0.0,0,0,12.68,2,0
1616.0,0.981,0.0,1,0,0,0.7071,-0.7071,0,0.0,0,0,13.488,0,0
19549.13,4.012,2.118,0,0,0,-0.7071,0.7071,0,0.0,0,0,11.69,0,0
8614.34,1.985,1.095,0,0,1,0.5,0.866,0,0.0,2,2,5.001,2,1
544.12,0.188,-0.785,0,0,0,0.5,-0.866,0,0.0,2,2,6.746,1,0
8939.17,7.927,0.0,1,1,0,0.9659,-0.2588,0,0.0,0,0,13.778,4,1
35.15,0.114,-0.952,0,0,0,0.866,-0.5,1,0.4,15,17,3.821,0,1
2286.71,0.382,-0.56,0,0,0,-0.5,-0.866,0,0.0,0,2,10.883,0,0
1697.65,0.5,-0.437,0,0,0,-0.9659,0.2588,0,0.0,0,1,11.018,1,0
414.01,0.476,-1.625,0,0,0,-0.866,0.5,0,0.0,0,0,11.498,1,0
4027.42,1.319,0.887,0,0,0,-0.5,0.866,0,0.333,2,2,7.655,2,1
1162.35,0.675,-0.282,0,0,0,-0.866,0.5,0,0.0,0,3,9.818,1,0
1664.5,0.507,-0.452,0,0,0,-1.0,-0.0,0,0.1,0,0,11.387,1,0
975.1,0.497,-0.274,0,0,0,-0.9659,0.2588,0,0.0,0,0,11.629,1,0
24.91,0.006,-0.825,0,0,0,-0.9659,0.2588,0,0.2,5,5,1.924,0,1
397.98,0.457,-0.516,0,0,0,0.7071,-0.7071,0,0.1,0,2,9.662,0,0
4555.89,0.682,-0.259,0,0,0,-0.7071,0.7071,0,0.0,0,1,10.899,0,1
14628.33,4.624,3.52,0,0,0,-0.9659,-0.2588,0,0.2,0,0,11.798,0,0
2532.28,1.148,0.143,0,0,0,-0.866,0.5,0,0.0,0,1,10.374,2,0
722.96,8.432,5.66,0,0,0,-0.9659,0.2588,0,0.5,0,0,11.742,0,0
4370.83,0.855,-0.216,1,0,0,-0.2588,-0.9659,0,0.0,0,1,10.834,0,0
298.27,0.922,-0.123,0,0,0,0.2588,-0.9659,0,0.1,0,1,10.006,0,0
6092.74,5.601,3.79,0,0,0,-0.2588,0.9659,0,0.0,0,2,8.429,1,0
323.31,0.474,-0.45,0,0,0,-0.9659,0.2588,0,0.0,0,1,11.163,0,0
393.35,0.665,-0.356,0,0,0,0.5,-0.866,0,0.2,0,0,11.746,0,0
1083.36,0.87,-0.091,0,0,0,1.0,0.0,0,0.0,0,0,12.04,0,0
4505.18,23.874,0.0,0,0,0,-1.0,-0.0,0,0.0,0,0,11.95,0,0
811.15,0.138,-0.741,0,0,0,-0.9659,-0.2588,0,0.2,0,1,10.145,0,0
1911.16,0.377,-0.612,0,0,0,-1.0,-0.0,1,0.1,0,2,10.268,0,0
1300.43,1.182,1.305,0,0,0,-0.866,-0.5,0,0.0,1,2,8.131,0,0
4000.83,0.168,-5.0,0,0,0,-0.5,0.866,0,0.0,0,2,11.355,0,0
1077.87,0.683,-0.565,0,0,0,0.5,-0.866,0,0.1,0,1,10.703,0,0
2716.18,6.629,7.081,0,0,0,-0.2588,-0.9659,0,0.1,0,1,10.177,1,0
25.44,0.007,-0.698,0,0,1,0.2588,0.9659,0,0.5,10,10,3.629,0,1
2780.14,0.57,-0.334,0,0,0,0.0,-1.0,0,0.0,0,0,11.776,1,0
2692.88,0.861,-0.174,0,0,0,0.866,-0.5,0,0.1,0,0,11.642,0,0
1642.55,0.712,-0.226,0,0,0,-0.2588,0.9659,0,0.1,0,1,8.987,0,0
1134.57,1.057,0.094,0,0,0,0.5,-0.866,0,0.1,0,2,10.791,0,0
1216.24,0.298,-0.633,0,0,0,-0.2588,0.9659,0,0.0,0,3,9.649,0,0
504.14,0.816,-0.694,1,0,0,1.0,0.0,0,0.0,0,0,11.544,0,0
1028.31,0.272,-0.77,0,0,0,-0.866,0.5,0,0.0,0,1,9.706,0,0
4866.79,0.821,-0.114,0,0,0,-1.0,-0.0,0,0.0,0,0,11.703,1,0
747.57,0.402,-1.715,0,0,0,-0.2588,-0.9659,0,0.167,0,0,11.552,1,0
7105.87,2.638,0.0,1,0,0,-0.5,0.866,0,0.0,0,1,10.826,0,0
4664.3,1.747,2.091,0,0,0,0.2588,-0.9659,0,0.0,0,0,11.684,1,0
867.91,0.692,-0.324,0,0,0,-1.0,-0.0,0,0.0,0,0,12.66,1,0
1215.11,1.0,0.0,0,0,0,0.2588,-0.9659,0,0.0,0,0,14.768,0,0
6975.7,1.565,0.79,0,0,0,-0.2588,0.9659,0,0.4,0,2,9.75,0,0
3074.77,1.525,0.51,0,0,0,0.5,-0.866,0,0.0,0,1,9.446,0,0
20605.13,10.324,15.0,0,0,0,-0.9659,-0.2588,0,0.0,0,0,11.558,0,0
776.52,1.008,0.006,0,0,0,-0.866,0.5,0,0.2,0,1,10.738,0,0
1058.94,0.511,-0.302,0,0,0,-0.866,0.5,0,0.2,1,2,7.628,0,0
1032.28,0.84,-0.191,0,0,0,0.0,-1.0,0,0.0,0,1,10.271,2,0
1476.04,0.305,-0.684,0,0,0,0.5,-0.866,0,0.0,1,2,8.096,0,0
8100.58,3.924,3.388,0,0,0,-0.2588,0.9659,0,0.0,0,2,10.843,0,0
579.74,0.317,-0.605,0,0,0,0.7071,-0.7071,0,0.0,0,0,12.039,0,0
5098.34,0.607,-0.309,0,0,0,-0.7071,0.7071,0,0.0,0,1,10.878,0,0
3413.39,0.816,-0.124,0,0,0,0.2588,-0.9659,0,0.1,0,2,8.973,0,0
7673.59,1.171,0.136,0,0,0,-0.2588,0.9659,0,0.0,0,0,11.654,1,0
374.88,0.317,-0.601,0,0,0,-0.7071,-0.7071,0,0.0,0,2,9.741,1,0
4239.09,2.226,15.0,1,1,0,0.7071,-0.7071,0,0.0,0,0,12.956,3,1
2178.56,0.723,-0.244,0,0,0,0.5,-0.866,0,0.3,0,0,12.921,0,0
3626.12,0.755,-0.225,0,0,0,0.5,-0.866,0,0.0,0,1,9.475,1,0
485.5,0.18,-0.463,0,0,0,-0.2588,0.9659,0,0.0,0,0,13.278,0,0
1494.82,0.72,-0.667,0,0,0,-0.9659,0.2588,0,0.0,0,1,11.337,0,0
1712.74,0.356,-0.546,0,0,0,0.7071,-0.7071,0,0.1,0,3,10.49,1,0
314.41,0.232,-0.792,0,0,0,-0.9659,-0.2588,0,0.0,0,0,11.555,1,0
5671.26,1.018,0.014,0,0,0,-0.7071,-0.7071,0,0.0,0,2,10.868,1,0
6537.54,7.641,7.334,0,0,0,0.5,-0.866,0,0.1,0,1,10.776,0,0
1986.63,3.582,2.253,0,0,0,0.7071,-0.7071,0,0.1,0,1,10.47,0,0
43822.63,19.168,15.0,1,1,1,0.9659,0.2588,1,0.1,0,1,10.863,1,1
2250.73,0.496,-0.439,0,0,0,0.866,-0.5,0,0.0,0,0,11.804,0,0
1940.4,1.441,0.563,0,0,0,-0.2588,-0.9659,0,0.2,0,2,9.856,2,0
892.68,0.555,-0.385,0,0,0,-0.9659,0.2588,0,0.0,0,0,11.406,1,1
477.65,0.275,-0.674,0,0,0,-0.2588,-0.9659,0,0.0,0,1,10.788,0,0
37.83,0.052,-0.813,0,0,0,-0.2588,-0.9659,0,0.0,3,3,3.509,1,1
22199.36,1.0,0.0,0,0,0,-0.9659,0.2588,0,0.0,0,0,14.768,1,0
1270.82,0.712,-0.26,0,0,0,-0.866,-0.5,0,0.1,0,1,10.373,1,0
1058.15,0.523,-1.121,0,0,0,-0.866,-0.5,0,0.1,0,0,12.298,2,0
3145.32,0.834,-0.076,0,0,0,-1.0,-0.0,0,0.1,0,2,10.799,1,0
1108.56,0.111,-1.074,0,0,0,0.2588,-0.9659,0,0.125,0,1,9.248,1,0
367.81,0.501,-0.423,0,0,0,-0.2588,-0.9659,0,0.1,0,1,10.691,0,0
8125.05,4.815,3.477,0,0,0,0.866,-0.5,0,0.0,0,1,10.568,1,0
575.56,0.495,-0.433,0,0,0,0.5,-0.866,0,0.0,0,0,12.5,3,0
812.67,0.887,-0.114,0,0,0,0.2588,-0.9659,0,0.0,0,0,12.029,0,0
3440.42,3.741,2.081,0,0,0,-0.9659,0.2588,0,0.0,0,3,10.333,0,0
570.25,0.304,-0.607,0,0,0,-0.5,0.866,0,0.0,0,0,11.696,1,0
9303.78,1.532,0.889,0,0,1,0.5,0.866,0,0.125,4,5,5.344,2,1
1282.93,0.948,-0.057,0,0,0,0.866,-0.5,0,0.0,0,0,11.43,0,0
6716.35,48.446,15.0,0,0,0,-0.2588,0.9659,0,0.4,0,0,11.856,1,0
1011.16,2.818,1.349,0,0,0,-0.7071,0.7071,0,0.0,0,14,11.345,1,0
24.18,0.019,-0.541,0,0,1,0.0,1.0,0,0.1,8,8,2.183,1,1
4150.39,0.622,-0.307,0,0,0,-0.2588,0.9659,0,0.0,0,2,9.116,0,0
1033.28,0.489,-0.434,0,0,0,-0.9659,-0.2588,0,0.0,0,2,10.675,0,0
2209.07,0.936,-0.123,0,0,0,-0.9659,-0.2588,0,0.25,0,2,10.834,0,0
4.81,0.004,-0.886,0,0,0,-0.5,-0.866,0,0.1,17,17,2.011,2,1
25076.36,4.981,3.144,0,0,0,-0.7071,-0.7071,0,0.0,0,2,8.772,3,0
2087.21,1.059,0.124,0,0,0,-0.866,-0.5,0,0.1,0,1,10.508,2,0
2099.28,0.657,-0.411,0,0,0,-0.7071,-0.7071,0,0.0,0,1,11.088,3,0
437.97,1.187,0.449,0,0,0,0.5,-0.866,0,0.0,0,0,11.49,1,0
1205.87,1.69,0.539,0,0,0,0.5,-0.866,0,0.2,0,2,8.27,0,0
4249.28,0.658,-0.235,0,0,0,-0.866,-0.5,0,0.0,0,1,11.08,0,0
6258.41,1.268,0.577,0,0,0,-0.866,-0.5,0,0.143,5,5,3.919,2,1
25.64,0.062,-0.647,0,0,1,0.9659,0.2588,0,0.3,15,17,1.275,0,1
3561.18,1.302,0.71,1,0,0,-0.7071,0.7071,0,0.0,0,0,11.688,0,0
1546.13,0.543,-0.861,0,0,0,-1.0,-0.0,0,0.1,0,1,10.923,2,0
228.45,0.434,-0.608,0,0,0,0.7071,-0.7071,0,0.0,0,2,10.417,1,0
481.06,0.545,-0.44,0,0,0,-0.2588,-0.9659,0,0.1,0,0,11.457,0,0
997.4,0.517,-0.384,0,1,1,0.7071,0.7071,0,0.0,0,1,10.724,1,0
1253.26,0.189,-0.579,0,0,0,-0.2588,0.9659,0,0.1,0,0,12.327,1,0
1273.26,0.599,-0.409,0,0,0,-0.866,-0.5,0,0.0,0,0,12.964,0,1
707.97,0.597,-0.674,0,0,0,-0.7071,-0.7071,0,0.0,0,0,11.561,0,0
1050.52,2.465,2.267,0,0,0,-0.2588,0.9659,0,0.0,0,0,13.57,1,0
1799.75,0.561,-0.415,0,0,0,-0.7071,0.7071,0,0.0,0,0,11.628,1,0
470.33,0.108,0.0,0,0,0,-0.9659,-0.2588,0,0.0,0,1,8.388,1,0
6819.85,6.73,4.765,0,0,0,0.2588,-0.9659,0,0.1,0,0,11.569,0,0
46336.95,4.926,1.833,0,0,1,0.9659,0.2588,0,0.1,2,6,7.737,1,1
791.95,0.649,-0.297,0,0,0,-0.2588,-0.9659,0,0.3,0,1,10.771,0,0
3111.17,0.796,-0.634,0,0,0,-0.7071,0.7071,0,0.0,0,2,10.977,0,0
3503.54,0.78,-0.249,0,0,0,-1.0,-0.0,0,0.0,0,0,12.636,0,0
515.07,0.307,-0.612,0,0,0,-0.866,0.5,0,0.0,0,1,11.26,1,0
20.47,0.012,-0.91,0,1,1,0.7071,0.7071,1,0.2,2,2,3.044,0,1
8653.81,4.801,15.0,1,0,0,-0.2588,-0.9659,0,0.0,0,0,12.728,4,1
1735.68,0.629,-0.328,0,0,0,-0.866,0.5,1,0.1,0,1,10.489,1,0
9286.82,1.74,1.068,0,0,0,0.0,-1.0,0,0.0,2,2,5.594,2,1
796.87,0.555,-0.448,1,0,0,-0.7071,0.7071,0,0.0,0,0,12.464,1,0
751.84,2.025,2.535,0,0,0,-0.5,-0.866,0,0.1,0,2,9.325,1,0
3.68,0.008,-3.124,1,0,0,-0.7071,0.7071,0,0.0,1,3,0.0,1,1
480.01,0.635,-0.341,0,0,0,0.7071,-0.7071,0,0.1,0,1,10.615,0,0
742.24,0.589,0.0,0,0,0,-0.866,-0.5,0,0.0,0,0,12.639,0,0
1302.98,0.972,-0.022,0,0,0,-0.9659,0.2588,0,0.1,0,2,10.805,0,0
562.21,0.558,-0.365,1,0,0,0.2588,-0.9659,0,0.2,0,1,10.364,0,0
938.06,0.197,-0.68,0,0,0,-0.9659,0.2588,0,0.3,0,0,11.748,0,0
273.63,0.657,-0.434,0,0,0,-0.9659,0.2588,0,0.2,0,2,9.732,0,0
384.81,0.441,-0.554,0,0,0,0.2588,-0.9659,0,0.0,0,2,9.757,0,0
469.52,0.653,-0.972,0,0,0,-0.7071,0.7071,0,0.0,0,0,12.799,0,0
3348.5,0.861,-0.12,0,0,0,-0.9659,0.2588,0,0.1,0,1,11.175,1,0
853.61,0.614,-5.0,0,0,0,0.7071,-0.7071,0,0.0,0,0,11.794,2,0
30310.03,6.04,15.0,0,0,0,-0.7071,-0.7071,1,0.167,0,0,11.599,0,0
6439.4,5.121,3.568,0,0,0,-0.7071,-0.7071,0,0.1,0,2,10.532,1,0
1182.4,0.375,-0.546,0,0,0,-1.0,-0.0,0,0.0,0,0,12.322,2,0
1300.91,1.83,2.066,0,0,0,-0.2588,0.9659,0,0.1,0,1,9.678,0,0
636.57,0.396,-0.651,0,0,0,-0.7071,-0.7071,0,0.0,0,2,10.567,0,0
986.03,0.302,-0.924,0,0,0,0.0,-1.0,0,0.1,0,0,11.374,0,0
53.58,0.038,-0.732,0,1,0,0.0,-1.0,0,0.2,4,6,2.609,1,1
36.5,0.21,-1.02,0,0,0,-0.9659,0.2588,1,0.4,12,13,3.297,0,1
3183.73,5.921,3.349,0,0,0,-0.7071,0.7071,0,0.6,0,32,9.3,2,1
2313.75,1.133,0.203,0,0,0,0.2588,-0.9659,0,0.0,0,1,10.044,0,0
2604.92,0.587,-0.384,0,0,0,-0.2588,-0.9659,0,0.0,0,2,8.924,1,0
1211.7,0.419,-0.546,0,0,0,-1.0,-0.0,0,0.0,0,1,10.726,1,0
2640.05,2.216,0.0,0,0,0,-0.9659,0.2588,0,0.0,0,0,12.426,0,0
1523.38,1.0,0.0,0,0,0,-0.9659,-0.2588,0,0.0,0,0,14.768,1,0
3208.05,1.28,0.537,0,0,0,0.0,-1.0,0,0.1,0,2,9.747,0,0
4383.66,1.034,0.027,0,0,0,-0.866,-0.5,0,0.0,1,1,6.302,3,0
1406.23,1.0,0.0,0,0,0,-0.5,0.866,0,0.0,0,0,14.768,1,0
24.28,0.008,-0.483,0,0,0,-0.9659,-0.2588,1,0.4,9,9,0.885,1,1
289.49,0.6,-0.36,0,0,0,-0.7071,-0.7071,0,0.1,0,2,10.949,0,0
2849.69,0.956,-0.035,0,0,0,0.5,-0.866,1,0.1,0,0,11.426,0,0
479.87,0.583,-0.508,0,0,0,-0.866,-0.5,1,0.1,0,0,12.203,0,0
258.33,0.58,-0.4,0,0,0,-0.866,-0.5,0,0.3,0,1,10.441,0,0
347.62,0.193,-0.886,0,0,0,-0.7071,-0.7071,0,0.1,0,1,9.813,1,0
420.14,0.345,-0.805,0,0,0,0.5,-0.866,0,0.0,0,0,11.655,0,0
4635.06,4.557,2.847,0,0,0,0.2588,-0.9659,0,0.1,0,1,11.277,0,0
1423.46,1.121,0.116,0,0,0,-0.9659,0.2588,0,0.0,0,2,10.647,1,0
4772.34,7.572,0.0,0,0,0,0.0,-1.0,0,0.0,0,1,10.967,0,0
29.55,0.011,-1.016,0,0,1,0.0,1.0,0,0.0,2,2,2.437,1,1
2345.06,0.838,-0.236,0,0,0,0.2588,-0.9659,0,0.0,0,1,10.238,3,0
408.44,0.276,-0.818,0,0,0,-0.7071,-0.7071,0,0.2,0,0,12.41,1,0
2870.49,1.281,0.165,0,0,0,0.2588,-0.9659,0,0.1,0,1,10.367,1,0
2648.89,0.853,-0.39,0,0,0,-0.5,-0.866,0,0.143,0,2,10.508,0,0
2780.41,1.296,0.324,0,0,0,-0.9659,-0.2588,0,0.3,0,6,9.383,0,0
2513.48,1.0,0.0,0,0,0,0.2588,-0.9659,0,0.0,0,0,14.768,0,0
2168.81,1.057,0.13,0,0,0,-0.866,0.5,0,0.0,0,1,9.966,0,0
21487.73,4.204,2.643,0,0,0,-0.2588,-0.9659,0,0.0,1,2,8.069,1,0
544.71,0.407,-2.047,0,0,0,-0.2588,0.9659,0,0.0,0,3,9.142,1,0
2682.7,0.949,-0.054,0,0,0,0.866,-0.5,0,0.0,0,0,12.141,1,0
370.66,1.003,0.012,0,0,0,-0.7071,0.7071,0,0.1,0,0,11.496,0,0
437.74,0.485,-0.625,0,0,0,-0.7071,0.7071,0,0.1,0,1,10.827,0,0
14804.06,3.393,1.941,0,0,1,0.866,0.5,0,0.2,2,2,6.038,2,1
219.36,0.485,-0.625,0,0,0,-0.9659,0.2588,0,0.111,0,0,11.976,1,0
420.37,0.577,-0.621,0,1,1,0.7071,0.7071,0,0.0,0,1,10.52,1,0
1444.37,7.427,4.847,0,0,0,0.0,-1.0,0,0.1,0,3,10.634,1,0
4373.4,0.924,-0.071,0,0,0,0.7071,-0.7071,0,0.1,0,1,10.967,1,0
821.78,0.324,-0.61,0,0,0,-0.866,-0.5,0,0.2,0,0,12.477,0,0
2494.77,1.864,6.84,0,0,0,0.5,-0.866,0,0.0,0,2,10.907,0,0
3661.73,1.347,0.488,0,0,0,0.5,-0.866,0,0.2,0,1,9.29,0,0
4096.95,1.586,0.986,0,0,0,-0.7071,-0.7071,0,0.0,1,3,7.215,3,1
642.38,0.976,-0.029,0,0,0,0.7071,-0.7071,0,0.0,0,1,11.179,3,0
458.54,0.25,-0.966,0,0,0,0.5,-0.866,0,0.1,0,0,13.09,1,0
7944.86,5.013,3.288,0,0,0,-0.2588,0.9659,0,0.1,0,1,11.339,0,0
769.01,0.8,-0.164,0,0,0,-0.866,-0.5,0,0.1,0,0,11.56,0,0
602.62,1.181,0.219,0,0,0,-0.7071,0.7071,0,0.0,0,1,11.167,1,0
2911.57,0.435,-0.458,0,0,0,-0.866,0.5,0,0.1,0,1,10.797,1,0
493.77,0.358,-0.516,0,0,0,-0.2588,0.9659,0,0.1,0,2,11.1,0,0
15006.08,3.974,2.778,0,0,0,-0.7071,0.7071,0,0.0,0,3,10.371,0,0
559.47,0.327,-0.591,0,0,0,-0.2588,0.9659,0,0.0,0,0,11.901,0,0
1.15,0.0,-0.833,0,0,1,0.9659,0.2588,0,0.1,4,5,3.409,0,1
385.9,0.666,-0.278,0,0,0,0.9659,-0.2588,0,0.0,0,1,10.407,1,0
683.92,0.557,-0.353,0,0,0,-0.2588,0.9659,0,0.0,0,0,11.462,1,0
2219.98,0.474,-0.381,0,0,0,-0.7071,0.7071,0,0.3,0,0,11.769,1,0
1104.49,0.596,-0.869,0,0,0,-0.866,-0.5,0,0.0,0,0,12.237,1,0
2277.37,0.748,-0.196,0,0,0,-0.5,0.866,0,0.0,0,0,12.502,0,0
318.0,0.19,-0.717,0,0,0,-0.7071,-0.7071,0,0.0,0,2,10.771,1,0
372.04,0.558,-0.384,0,0,0,-0.866,-0.5,0,0.0,0,0,11.484,2,0
2507.68,0.635,-0.577,0,0,0,-0.7071,-0.7071,0,0.0,1,1,7.335,0,0
351.81,0.747,-0.613,0,0,0,0.2588,-0.9659,0,0.0,0,0,11.702,1,0
47.35,0.014,-0.85,0,0,0,-0.866,-0.5,0,0.1,4,5,3.061,0,1
768.49,0.393,-0.521,0,0,0,0.5,-0.866,0,0.1,0,1,10.986,1,1
543.55,1.296,0.302,0,0,0,0.5,-0.866,0,0.2,0,0,12.818,0,0
2322.32,0.773,-0.192,0,0,0,-1.0,-0.0,0,0.1,0,0,12.269,1,0
325.99,0.688,-0.625,0,0,0,-0.7071,-0.7071,0,0.1,0,0,12.493,0,0
9707.0,4.114,2.665,0,0,0,-0.2588,-0.9659,0,0.1,0,0,11.77,1,0
1032.7,0.418,-0.383,0,0,0,0.866,-0.5,0,0.1,0,3,8.784,0,0
6406.9,8.715,6.416,0,0,0,0.7071,-0.7071,0,0.1,0,1,8.802,0,0
2860.63,1.01,0.008,0,0,0,-0.7071,0.7071,0,0.0,0,0,11.574,0,0
910.09,1.269,0.465,0,0,0,-0.9659,0.2588,0,0.1,0,0,11.426,0,0
3916.19,2.523,1.291,0,0,0,-0.9659,-0.2588,0,0.0,0,1,9.854,1,0
1746.43,0.21,-0.614,0,0,0,-0.2588,0.9659,0,0.0,0,2,9.367,0,0
35.02,0.01,-0.756,0,0,1,0.9659,0.2588,3,0.6,16,17,2.279,0,1
5.23,0.006,-0.618,0,0,0,-0.7071,-0.7071,1,0.7,12,13,1.668,0,1
13753.07,12.796,15.0,1,1,0,-0.9659,-0.2588,0,0.0,0,0,11.675,2,1
1325.17,1.118,0.209,0,0,0,0.5,-0.866,0,0.0,0,0,11.944,1,0
689.37,0.777,-0.177,0,0,0,-0.2588,0.9659,0,0.0,0,1,8.259,0,0
297.99,0.435,-0.496,0,0,0,-0.2588,-0.9659,0,0.2,0,0,11.394,0,0
697.34,1.448,0.211,0,0,0,-0.866,-0.5,0,0.2,0,0,11.824,0,0
25.72,0.13,-0.594,0,0,0,-0.7071,-0.7071,0,0.3,19,19,3.048,1,1
4048.93,0.731,-0.249,0,0,0,-0.866,-0.5,0,0.1,0,1,11.025,0,0
1474.79,0.861,-0.142,0,0,0,-0.9659,0.2588,0,0.0,0,1,10.697,0,0
9249.93,4.765,14.744,0,0,0,-0.9659,-0.2588,1,0.333,1,1,6.696,3,1
6248.18,1.7,0.569,1,0,0,-0.7071,0.7071,2,0.2,0,2,9.006,1,0
1012.0,1.775,0.0,0,0,0,0.0,-1.0,0,0.0,0,1,11.33,0,0
962.09,0.645,-1.27,0,0,0,-0.2588,-0.9659,0,0.0,0,1,10.63,0,0
4479.42,1.92,0.65,0,0,0,0.0,-1.0,0,0.0,0,0,12.741,1,0
535.27,1.104,0.0,0,0,0,0.7071,-0.7071,1,0.5,0,1,10.773,0,0
334.48,0.639,-0.32,0,0,0,0.2588,-0.9659,0,0.1,0,1,11.256,1,0
496.22,1.152,0.411,0,0,0,0.0,-1.0,0,0.0,0,0,11.575,0,0
545.55,0.695,-0.417,0,0,0,-0.9659,0.2588,0,0.0,0,1,10.287,0,0
2869.43,4.889,3.239,0,0,0,-0.9659,0.2588,0,0.2,0,0,11.942,2,0
7065.39,4.507,2.47,0,0,0,-0.9659,0.2588,0,0.0,0,0,12.216,1,0
2718.7,0.785,-0.21,0,0,0,-0.5,0.866,0,0.0,0,1,9.672,1,0
341.09,0.351,-0.289,1,0,0,-0.9659,0.2588,0,0.0,0,0,11.431,1,0
313.22,0.595,-0.584,0,0,0,-0.2588,0.9659,0,0.0,0,0,12.199,1,0
1322.26,0.604,-0.335,0,0,0,0.5,-0.866,0,0.0,0,0,11.979,1,0
6187.92,4.217,15.0,1,1,1,0.5,0.866,0,0.0,0,0,13.571,3,1
757.28,0.313,-0.477,0,0,0,0.7071,-0.7071,0,0.0,0,0,12.026,1,0
332.38,0.625,-0.342,0,0,0,-0.9659,0.2588,0,0.0,0,1,10.437,1,0
2506.67,0.77,-0.244,0,1,0,-0.7071,-0.7071,0,0.1,0,4,10.897,0,0
2758.53,0.6,-0.306,1,0,0,-0.2588,-0.9659,0,0.0,0,0,11.432,0,0
2036.07,0.281,-0.555,0,0,0,-1.0,-0.0,0,0.0,0,0,11.606,0,0
1393.03,1.0,0.0,0,0,0,0.0,-1.0,0,0.0,0,0,14.768,1,0
698.35,1.0,0.0,0,0,0,-0.2588,0.9659,0,0.0,0,0,14.768,1,0
417.9,0.527,-0.575,0,0,0,-0.866,-0.5,0,0.1,0,1,10.863,0,0
1742.23,2.138,0.536,1,0,0,-0.866,0.5,0,0.0,0,1,9.745,0,0
1255.47,0.226,-0.645,0,0,0,0.5,-0.866,0,0.0,0,1,9.462,1,0
12933.86,7.446,3.963,0,0,0,-0.2588,0.9659,0,0.0,2,4,7.037,0,1
5088.62,1.343,0.337,0,0,0,-0.9659,-0.2588,0,0.0,0,3,9.37,0,0
622.01,0.297,-1.751,1,0,0,-0.5,-0.866,0,0.0,0,1,11.113,0,0
647.11,0.165,-0.739,0,0,0,-0.7071,-0.7071,0,0.0,0,1,9.6,2,0
10.43,0.011,-0.496,0,0,0,0.9659,-0.2588,0,0.2,14,15,3.171,2,1
5536.35,2.63,2.61,1,0,0,-0.7071,-0.7071,0,0.0,0,0,13.198,3,0
841.16,0.417,-0.336,0,0,0,-0.7071,0.7071,0,0.0,0,0,11.747,0,0
1057.82,1.0,0.0,0,0,0,0.7071,-0.7071,0,0.0,0,0,14.768,1,1
795.41,1.2,0.571,0,0,0,0.7071,-0.7071,0,0.0,0,0,12.839,0,0
945.33,0.285,-2.206,0,0,0,-0.2588,0.9659,0,0.0,0,0,11.885,0,0
676.1,0.846,-0.412,0,0,0,-0.866,0.5,1,0.1,0,1,10.386,1,0
33716.89,4.8,3.436,0,0,0,-0.7071,0.7071,0,0.1,0,1,10.581,0,0
2105.57,1.0,0.0,0,0,0,-0.5,-0.866,0,0.0,0,0,14.768,0,0
731.34,0.627,-0.284,0,0,1,0.7071,0.7071,0,0.0,0,0,12.001,1,0
2477.93,1.658,2.084,0,0,0,0.5,-0.866,0,0.2,0,2,10.081,2,0
13578.72,2.438,1.343,0,0,0,-0.9659,-0.2588,0,0.0,1,1,5.876,2,1
980.13,0.628,-0.322,0,1,0,0.866,-0.5,0,0.2,0,2,9.307,0,0
452.24,0.414,-0.466,0,0,0,0.2588,-0.9659,0,0.0,0,0,11.642,0,0
595.77,0.269,-0.677,0,0,0,-0.9659,-0.2588,0,0.111,0,1,9.686,1,0
602.61,0.742,-0.195,0,0,0,0.866,-0.5,0,0.0,0,0,12.268,0,0
3164.27,1.058,0.128,0,0,0,0.5,-0.866,0,0.1,0,2,10.674,0,0
837.95,1.0,0.0,0,0,0,-0.2588,-0.9659,0,0.0,0,0,14.768,0,0
4575.03,3.45,1.917,0,0,0,0.0,-1.0,0,0.1,0,0,11.66,0,0
9807.88,16.087,0.0,0,0,0,-0.866,-0.5,0,0.0,0,1,9.825,1,0
3575.87,0.804,-0.292,0,0,0,0.0,-1.0,0,0.0,0,0,12.405,0,0
1190.42,0.41,-0.447,0,0,0,-0.9659,-0.2588,0,0.0,0,2,8.879,0,0
1029.79,1.0,0.0,0,0,0,-0.2588,-0.9659,0,0.0,0,0,14.768,0,0
3486.92,0.582,-0.316,0,0,0,0.0,-1.0,0,0.0,0,1,10.523,1,0
55.61,0.018,-0.796,0,1,0,-0.866,-0.5,0,0.2,7,8,0.379,0,1
685.49,0.514,-0.412,0,0,0,-0.2588,-0.9659,0,0.1,0,1,10.951,0,1
1431.45,0.449,-0.59,0,0,0,-0.7071,-0.7071,0,0.125,0,3,10.665,1,0
14.71,0.174,-0.584,0,0,1,0.7071,0.7071,4,0.6,18,18,0.438,0,1
874.64,0.745,-0.544,0,0,0,-0.9659,0.2588,0,0.2,0,3,10.442,0,0
17646.66,1.0,0.0,0,0,0,-0.7071,0.7071,0,0.0,0,0,14.768,1,0
569.14,1.417,0.127,0,0,0,-0.5,0.866,0,0.3,0,0,12.254,1,0
1059.84,1.585,0.691,0,0,0,0.866,-0.5,0,0.0,0,0,11.442,3,0
3402.83,0.878,-0.115,0,0,0,0.9659,-0.2588,0,0.0,0,0,12.738,0,0
1015.37,0.285,-0.548,0,0,0,0.2588,-0.9659,0,0.0,0,2,9.816,0,0
3529.83,0.843,-0.136,0,0,0,-0.7071,-0.7071,0,0.0,0,1,10.513,0,0
622.32,2.087,0.0,0,0,0,-0.7071,0.7071,0,0.0,0,0,12.932,0,0
4909.25,1.551,0.503,0,0,0,-0.2588,0.9659,0,0.0,0,1,8.875,0,0
21.78,0.059,-0.447,0,0,0,-0.2588,-0.9659,1,0.5,21,21,3.565,0,1
3851.46,1.237,0.699,0,0,0,0.7071,-0.7071,0,0.0,2,4,7.575,3,1
822.77,0.649,-0.29,0,0,0,-0.9659,-0.2588,0,0.3,1,2,7.885,0,0
3889.22,1.207,0.605,0,0,0,-0.7071,-0.7071,0,0.167,2,4,6.764,3,1
2007.0,0.336,-0.57,0,0,0,-0.9659,-0.2588,0,0.0,0,1,10.665,1,0
834.76,3.137,2.004,0,0,0,-0.866,0.5,0,0.4,0,25,8.999,0,0
485.98,0.969,-0.033,0,0,0,0.7071,-0.7071,1,0.2,0,2,10.894,0,0
2612.02,1.383,1.848,0,0,0,1.0,0.0,0,0.0,0,1,11.239,0,0
621.62,0.448,-0.528,0,0,0,-0.2588,0.9659,0,0.1,0,2,10.526,1,0
991.92,1.0,0.0,0,0,0,-0.5,-0.866,0,0.0,0,0,14.768,1,0
2419.24,1.0,0.0,0,0,0,0.0,-1.0,0,0.0,0,0,14.768,1,0
3462.07,1.101,0.108,0,0,0,-0.866,0.5,0,0.0,0,0,11.408,0,0
6.14,0.002,-0.486,0,0,0,-0.9659,-0.2588,2,0.5,10,10,1.52,1,1
649.84,0.187,-0.887,0,0,0,-0.9659,0.2588,0,0.111,0,1,10.441,1,0
253.94,0.651,0.0,0,0,0,0.2588,-0.9659,1,1.0,0,0,12.712,0,0
306.95,1.096,0.246,0,1,0,0.0,-1.0,0,0.0,0,0,12.706,0,0
1340.32,0.265,-0.693,0,0,0,0.5,-0.866,0,0.125,0,0,12.804,0,0
604.69,0.61,-0.369,1,0,1,0.9659,0.2588,0,0.0,0,3,9.816,0,0
54.02,0.024,-0.619,0,0,0,-0.866,-0.5,0,0.1,20,21,2.476,0,1
703.12,1.508,0.949,0,0,0,0.5,-0.866,0,0.0,0,3,9.812,0,0
851.14,0.767,-0.249,1,0,0,-0.2588,-0.9659,0,0.0,0,1,9.314,2,0
565.04,0.32,-0.613,0,0,0,-0.5,-0.866,0,0.0,0,5,8.759,1,0
4524.27,0.702,-0.243,0,0,0,-1.0,-0.0,0,0.0,0,1,10.907,0,0
1576.95,0.623,-0.396,0,0,0,0.9659,-0.2588,0,0.0,1,2,6.652,0,0
3.36,0.001,-0.782,0,0,0,-0.2588,-0.9659,4,0.4,4,5,2.394,0,1
309.96,0.317,-0.662,0,0,0,-0.9659,0.2588,0,0.0,0,2,8.841,0,0
8322.56,2.855,1.436,0,0,0,-0.866,0.5,0,0.0,0,4,8.343,0,0
14.77,0.045,-1.377,0,0,0,-0.7071,0.7071,2,0.4,9,11,1.499,1,1
1829.84,0.811,-0.157,0,0,0,-1.0,-0.0,0,0.0,0,1,11.247,1,0
13908.04,18.101,15.0,1,1,1,0.866,0.5,0,0.0,0,0,13.201,2,1
1761.14,0.657,-0.282,0,0,0,-0.7071,0.7071,0,0.0,0,1,10.114,2,0
1050.18,0.989,-0.034,0,0,0,-1.0,-0.0,0,0.0,0,2,11.165,1,0
171.28,0.142,-1.023,0,0,0,-0.2588,0.9659,0,0.0,0,1,11.342,1,0
892.71,0.882,-0.248,0,0,0,-0.2588,0.9659,0,0.2,0,1,11.03,1,0
478.89,1.385,0.463,0,0,0,-0.7071,0.7071,0,0.1,0,0,12.505,0,0
980.32,1.451,0.385,0,0,0,-0.866,0.5,0,0.0,0,1,10.014,0,0
30.54,0.036,-0.625,0,0,0,-0.7071,0.7071,0,0.5,20,21,0.503,0,1
838.74,0.674,-0.341,0,0,0,-0.9659,0.2588,0,0.0,0,0,11.59,1,0
1049.66,0.717,-0.244,0,0,0,-0.866,0.5,0,0.0,0,0,11.966,0,0
735.83,0.726,-0.249,0,0,0,-0.9659,0.2588,0,0.0,0,0,11.977,1,0
3073.33,0.589,-0.402,0,0,0,-0.9659,-0.2588,0,0.0,0,0,11.688,0,0
677.13,0.994,-0.01,0,0,0,0.5,-0.866,0,0.0,0,1,11.162,0,0
19532.67,3.421,1.903,1,0,0,-0.9659,0.2588,0,0.1,0,0,12.799,1,0
28171.76,8.552,0.0,0,0,0,-0.866,-0.5,0,0.0,0,1,11.108,1,0
967.69,0.11,-0.972,0,0,0,-0.7071,0.7071,0,0.0,0,0,11.381,2,0
1259.15,0.646,-0.339,0,0,0,0.2588,-0.9659,0,0.1,0,0,12.014,0,0
1135.95,1.0,0.0,0,0,0,-0.7071,0.7071,0,0.0,0,0,14.768,1,0
48.35,0.201,-0.444,0,0,0,-0.866,0.5,5,0.7,19,19,3.514,1,1
1209.59,0.816,-0.232,0,0,0,0.0,-1.0,1,0.1,1,2,8.092,1,0
3868.02,2.253,1.371,0,0,0,0.7071,-0.7071,0,0.25,2,2,5.401,2,1
921.56,1.016,0.015,0,0,0,-0.7071,0.7071,0,0.1,0,1,11.152,1,0
195.47,0.307,-0.616,0,0,0,0.7071,-0.7071,0,0.0,0,1,11.254,0,0
2626.81,1.104,0.079,0,0,0,-0.866,-0.5,0,0.0,0,1,10.663,2,0
2961.0,0.817,-0.164,0,0,0,-0.5,0.866,0,0.3,0,3,10.897,0,0
907.76,1.336,0.289,0,0,0,0.2588,-0.9659,0,0.0,0,1,10.578,0,0
228.85,0.979,-0.224,0,0,0,-0.7071,0.7071,0,0.0,0,2,10.698,1,0
39.49,0.011,-0.771,0,0,0,-0.9659,0.2588,1,0.7,11,11,3.207,0,1
8881.1,1.764,0.985,0,0,0,0.9659,-0.2588,0,0.0,1,1,7.743,4,0
352.55,1.0,0.0,0,0,0,-0.7071,-0.7071,0,0.0,0,0,14.768,1,0
5.61,0.002,-0.653,0,0,0,0.7071,-0.7071,1,0.2,9,9,2.253,0,1
795.47,0.263,-0.663,0,0,0,-0.866,-0.5,0,0.0,0,0,12.2,0,0
1296.04,0.412,-0.706,0,0,0,0.5,-0.866,0,0.0,0,1,11.3,3,0
298.71,1.056,0.136,1,0,0,0.2588,-0.9659,0,0.0,0,3,8.467,1,0
2489.84,0.732,-0.226,0,0,0,-0.2588,0.9659,0,0.0,0,1,8.874,0,0
2703.55,4.036,2.639,0,0,0,0.2588,-0.9659,0,0.1,0,2,10.922,0,0
6173.13,1.218,0.175,0,0,0,-0.5,-0.866,0,0.0,0,1,9.839,1,0
1948.46,0.993,-0.008,0,0,0,0.7071,-0.7071,0,0.0,0,0,11.453,0,0
1815.18,0.246,-0.409,1,0,0,0.2588,-0.9659,0,0.1,0,0,12.097,2,0
4186.29,2.27,1.188,0,0,0,0.0,-1.0,1,0.1,0,0,11.915,2,0
10034.65,1.716,0.467,0,0,0,0.866,-0.5,0,0.0,0,1,10.837,1,0
1364.75,0.607,-0.524,0,0,0,0.9659,-0.2588,0,0.1,0,2,10.294,2,0
3163.45,1.263,0.27,0,0,0,-0.9659,-0.2588,0,0.0,0,2,9.473,0,0
709.81,0.863,-0.181,0,0,0,-0.7071,0.7071,0,0.0,0,1,10.596,0,0
664.02,0.164,-0.77,0,0,0,0.866,-0.5,0,0.1,0,1,10.463,0,0
1644.93,0.771,-0.261,0,0,0,-0.5,0.866,0,0.0,0,1,11.225,0,0
1838.74,1.417,0.871,0,0,0,0.5,-0.866,0,0.0,0,0,11.454,1,0
2154.62,1.587,0.0,0,0,0,-0.7071,0.7071,0,0.0,0,0,11.591,0,0
860.84,0.328,-0.636,0,0,0,-0.7071,0.7071,0,0.1,0,1,9.906,0,0
55.33,0.156,-1.345,0,1,0,-0.7071,0.7071,0,0.1,5,7,2.08,1,1
1785.99,0.787,-0.231,0,0,0,-0.5,-0.866,0,0.0,0,1,10.336,0,1
1573.96,0.931,-0.062,0,0,0,0.0,-1.0,0,0.0,0,0,11.604,1,0
1110.0,1.0,0.0,0,0,0,-0.2588,0.9659,0,0.0,0,0,14.768,0,0
37.67,0.027,-0.753,0,0,1,0.7071,0.7071,3,0.6,12,12,2.074,0,1
4743.06,0.445,-0.527,0,0,0,0.2588,-0.9659,0,0.0,0,0,11.899,1,0
1718.3,0.552,-0.946,0,0,0,-0.866,0.5,0,0.0,0,0,13.412,0,0
21326.69,3.259,1.868,0,0,0,-0.5,0.866,0,0.0,0,1,9.971,1,0
1674.28,2.022,0.0,1,0,0,-0.7071,0.7071,0,0.0,0,0,12.848,0,0
3402.95,3.253,1.838,0,0,0,-0.5,-0.866,0,0.0,0,1,11.146,1,0
4.37,0.006,-0.815,0,0,1,0.9659,0.2588,0,0.1,23,23,2.374,1,1
57525.99,7.999,3.683,0,0,1,0.2588,0.9659,0,0.0,1,3,7.75,2,1
1289.1,0.602,-0.391,0,0,0,0.2588,-0.9659,0,0.0,0,1,10.437,2,0
1702.56,0.595,-0.489,0,0,0,1.0,0.0,1,0.2,0,1,10.482,0,0
2911.09,1.476,2.231,0,0,0,-0.866,-0.5,0,0.0,0,1,11.076,0,0
13970.7,1.913,0.936,0,0,0,0.2588,-0.9659,0,0.0,0,1,11.181,1,0
615.43,0.378,-0.532,0,0,0,-0.7071,0.7071,0,0.1,0,1,9.563,0,0
5404.89,10.737,3.175,0,0,1,0.5,0.866,0,0.2,1,26,7.17,1,1
1285.02,1.0,0.0,0,0,0,-0.866,0.5,0,0.0,0,0,14.768,1,0
2661.4,2.393,2.84,0,0,0,-1.0,-0.0,0,0.0,0,3,10.762,0,0
1710.72,0.537,-0.37,1,0,0,0.7071,-0.7071,0,0.0,0,0,12.578,2,0
298.62,1.042,0.162,0,0,0,-1.0,-0.0,0,0.0,0,0,11.856,1,0
330.5,0.345,-0.599,0,0,0,-0.9659,-0.2588,0,0.1,0,1,10.003,1,0
11743.49,21.758,12.493,1,0,0,-0.7071,-0.7071,0,0.7,0,22,10.675,1,1
1048.69,0.909,-0.15,0,0,0,-1.0,-0.0,0,0.0,0,0,12.322,0,0
286.8,0.357,-0.427,0,0,0,0.5,-0.866,0,0.2,0,0,12.074,1,0
2724.41,0.538,-0.42,0,0,0,-0.9659,0.2588,0,0.0,0,0,11.475,0,0
24798.31,3.745,2.296,0,0,0,0.2588,-0.9659,0,0.1,0,1,11.199,1,0
748.8,0.419,-0.582,0,0,0,-0.7071,-0.7071,0,0.0,0,2,9.752,0,0
497.3,0.681,-0.151,0,0,0,-0.2588,0.9659,0,0.0,0,3,9.884,1,0
815.25,0.618,-0.611,0,0,0,-1.0,-0.0,0,0.0,0,1,8.629,1,0
892.02,0.733,-0.243,0,0,0,-0.2588,0.9659,0,0.0,0,0,11.459,0,0
3011.88,1.0,0.0,0,0,0,-0.9659,0.2588,0,0.0,0,0,14.768,0,0
626.42,0.204,-0.583,0,0,0,-0.866,0.5,0,0.1,0,3,9.538,1,0
1910.33,0.352,-0.486,0,0,0,-0.866,-0.5,0,0.0,0,3,8.931,0,0
283.37,1.422,0.0,0,0,0,-0.9659,-0.2588,1,0.5,0,1,10.907,2,0
600.33,0.244,-1.421,0,0,0,-0.7071,0.7071,0,0.0,0,0,12.731,0,0
1321.55,0.317,-0.624,0,0,0,-0.9659,-0.2588,0,0.0,0,5,9.299,1,0
277.52,0.26,-0.72,0,0,0,-0.866,0.5,0,0.1,0,0,11.914,0,0
1429.41,0.936,0.0,0,0,0,-1.0,-0.0,0,0.0,0,0,13.19,1,0
875.92,0.317,-1.753,0,0,0,-0.9659,-0.2588,0,0.1,0,1,9.708,0,0
17.08,0.004,-0.83,0,0,1,0.9659,0.2588,2,0.3,6,7,0.273,0,1
1922.84,0.415,-0.445,0,0,0,0.866,-0.5,0,0.0,0,4,10.034,0,0
1511.02,1.092,0.089,0,0,0,-0.2588,-0.9659,0,0.0,0,1,11.21,1,0
923.44,0.606,-0.349,0,0,0,0.5,-0.866,0,0.0,0,1,10.394,1,0
1217.05,0.456,-0.405,0,0,0,-0.2588,-0.9659,0,0.0,0,2,9.478,0,1
1086.81,0.551,-0.334,0,1,0,0.2588,-0.9659,1,0.1,0,0,12.367,2,0
1295.92,0.386,-0.454,0,0,0,0.2588,-0.9659,0,0.1,0,0,11.511,0,0
2829.65,0.352,-0.495,0,0,0,-0.866,0.5,0,0.0,0,0,11.497,0,0
545.98,0.404,-0.588,0,0,0,-0.2588,-0.9659,0,0.0,0,0,11.381,1,0
6476.7,4.098,15.0,1,0,0,-1.0,-0.0,0,0.0,0,0,14.277,4,1
553.3,1.0,0.0,0,0,0,-0.2588,-0.9659,0,0.0,0,0,14.768,1,0
783.63,0.239,-0.599,0,0,0,0.866,-0.5,0,0.0,0,1,10.457,0,0
11.91,0.007,-0.51,0,0,0,0.9659,-0.2588,0,0.2,19,19,0.687,1,0
1075.8,1.365,0.99,0,0,0,-0.5,0.866,0,0.0,0,0,11.884,1,0
2186.13,1.0,0.0,0,0,0,-0.866,0.5,0,0.0,0,0,14.768,1,0
1650.21,0.276,-0.556,0,0,0,-0.9659,0.2588,0,0.0,0,2,9.093,0,0
1104.52,1.0,0.0,0,0,0,-0.9659,0.2588,0,0.0,0,0,14.768,0,0
6700.01,1.032,0.024,0,0,0,-0.2588,0.9659,0,0.2,0,1,10.737,0,0
4735.82,0.855,-0.118,0,0,0,0.7071,-0.7071,0,0.0,0,0,12.055,1,0
422.85,0.594,-0.182,0,0,0,0.0,-1.0,0,0.1,0,0,12.281,1,0
639.53,0.281,-0.446,0,0,0,0.2588,-0.9659,0,0.0,0,0,11.528,0,0
3702.58,0.759,-0.203,0,0,0,-0.9659,-0.2588,0,0.0,0,0,11.453,0,0
792.06,0.92,-0.358,0,0,0,0.2588,-0.9659,0,0.0,0,0,11.687,1,0
507.43,0.67,-0.34,0,0,0,-0.2588,-0.9659,0,0.0,1,2,7.751,1,0
2307.08,0.605,-0.731,0,0,0,-0.7071,0.7071,0,0.0,0,0,12.392,0,0
1255.22,0.724,-0.316,0,0,0,0.866,-0.5,0,0.0,0,0,11.995,1,0
1186.44,0.609,-0.348,0,0,0,0.5,-0.866,0,0.0,0,3,8.345,1,0
754.0,1.174,0.382,0,0,0,0.866,-0.5,0,0.0,0,0,12.595,0,0
1066.11,1.105,0.078,0,0,0,0.9659,-0.2588,0,0.0,0,1,10.707,1,0
711.09,0.327,-0.778,0,0,0,-0.7071,0.7071,0,0.0,0,1,10.409,0,0
506.86,1.055,0.179,0,0,0,-0.5,-0.866,0,0.0,0,1,10.993,1,0
191.77,0.44,-1.897,0,0,0,0.0,-1.0,0,0.0,0,1,10.856,1,0
255.46,0.254,-0.561,1,0,0,0.866,-0.5,0,0.0,0,3,9.976,0,0
222.55,0.503,-0.58,0,0,0,0.9659,-0.2588,0,0.1,0,1,11.243,1,0
412.9,0.411,-0.476,0,0,0,0.5,-0.866,0,0.1,0,2,9.556,1,0
1413.03,0.249,-0.711,0,0,0,-0.2588,0.9659,0,0.1,1,2,7.655,1,0
306.08,0.379,-0.604,0,0,0,0.5,-0.866,0,0.0,0,1,10.621,0,0
28.55,0.025,-0.639,0,0,0,0.0,-1.0,0,0.4,12,14,2.885,1,1
2858.95,1.189,0.15,0,0,0,-0.5,0.866,0,0.0,0,0,11.483,1,0
431.19,0.547,-0.68,0,0,0,0.7071,-0.7071,0,0.0,0,1,11.121,0,0
1559.37,1.296,0.307,0,0,0,-0.866,-0.5,0,0.0,0,2,9.864,1,0
877.82,0.795,0.0,0,0,0,-0.2588,0.9659,0,0.0,0,1,10.624,0,0
1006.27,0.299,-1.311,1,0,0,-0.2588,0.9659,0,0.0,0,0,12.084,0,0
1563.59,0.567,-0.378,0,0,0,-0.9659,0.2588,0,0.0,0,1,9.534,0,0
1613.87,1.099,0.099,0,0,0,-0.866,0.5,0,0.0,0,1,9.099,1,0
437.37,1.518,1.524,0,0,0,-0.5,-0.866,0,0.0,0,0,11.499,0,0
646.51,0.63,-0.336,0,0,0,-0.9659,-0.2588,0,0.0,0,0,11.613,1,0
2582.68,0.761,-0.568,0,0,1,0.9659,0.2588,0,0.0,1,1,5.326,0,0
509.92,0.87,-0.102,0,0,0,-0.9659,0.2588,1,0.1,0,3,9.396,0,0
446.54,1.272,0.197,0,0,0,-0.5,-0.866,0,0.2,0,0,12.493,1,0
6442.51,6.879,15.0,0,0,0,-0.9659,-0.2588,0,0.0,0,0,11.806,0,0
639.72,0.271,-0.696,0,0,0,-0.2588,0.9659,0,0.1,0,2,8.36,0,0
2304.38,1.23,0.556,0,0,0,-0.5,-0.866,0,0.111,0,1,10.741,0,0
1910.45,0.69,-0.166,0,0,0,-0.5,0.866,0,0.1,0,2,10.902,1,0
11995.37,5.094,3.989,0,1,0,-0.9659,-0.2588,0,0.2,0,1,9.786,0,0
11906.9,6.406,13.877,0,0,0,-0.866,0.5,0,0.0,0,0,11.769,0,0
1465.38,1.061,0.232,0,0,0,1.0,0.0,0,0.0,0,1,10.013,1,0
1982.53,0.87,-0.128,0,0,0,-0.7071,0.7071,0,0.0,1,1,8.121,0,0
386.17,1.083,0.372,1,0,0,-0.866,0.5,0,0.25,0,1,9.492,0,0
8836.85,1.799,0.952,0,0,0,0.0,-1.0,0,0.143,1,4,6.339,3,1
189.53,0.517,-2.448,0,0,0,-0.5,0.866,0,0.2,0,1,10.492,0,0
81065.19,11.573,5.361,0,0,0,0.5,-0.866,0,0.2,2,4,6.062,2,1
24.97,0.036,-0.634,0,0,1,0.9659,0.2588,0,0.3,29,30,4.427,0,1
1812.26,0.604,-0.314,0,0,0,-0.2588,-0.9659,0,0.1,0,6,9.769,0,0
316.63,0.422,-1.804,0,0,0,-0.866,-0.5,0,0.0,0,1,10.326,0,0
1074.59,0.522,-0.398,0,0,0,0.0,-1.0,0,0.0,0,0,11.713,1,0
4020.9,0.621,-0.304,0,0,0,-0.7071,0.7071,0,0.0,0,3,10.429,0,0
566.83,0.458,-0.451,0,0,0,-0.9659,-0.2588,0,0.2,0,1,11.007,0,0
1723.95,0.662,-0.296,0,0,0,-0.2588,0.9659,0,0.0,0,1,10.645,0,0
6.49,0.011,-0.635,0,1,0,-0.2588,-0.9659,0,0.2,7,7,0.446,0,1
9090.84,2.104,0.98,0,0,0,0.0,-1.0,0,0.0,0,0,11.679,0,0
6430.37,2.244,1.613,0,0,0,-0.2588,-0.9659,0,0.1,0,0,12.049,0,0
1184.29,1.947,3.599,0,0,0,0.9659,-0.2588,0,0.0,0,1,11.083,3,0
3153.72,5.852,0.0,0,0,0,0.866,-0.5,0,0.0,0,1,10.09,1,0
2466.51,0.768,-0.571,0,0,0,-0.5,-0.866,0,0.0,0,0,11.676,0,0
1694.52,0.638,-0.319,0,0,0,-0.5,-0.866,0,0.2,0,0,11.892,1,0
31.09,0.104,-0.566,0,0,0,-0.866,0.5,0,0.2,9,9,3.403,1,1
481.55,0.525,-0.373,0,0,0,0.7071,-0.7071,0,0.0,0,0,11.723,2,0
10459.92,3.82,2.599,0,0,0,-0.9659,0.2588,0,0.0,0,0,12.917,1,0
2467.33,2.529,1.544,0,0,0,-0.9659,-0.2588,1,0.2,0,3,9.165,1,0
560.91,0.247,-0.715,1,0,0,-0.5,0.866,0,0.0,0,2,10.098,3,0
621.36,0.394,-0.523,0,0,0,-0.7071,0.7071,0,0.0,0,0,11.581,1,0
6031.75,1.397,1.215,0,0,0,-0.9659,0.2588,0,0.0,0,1,10.49,0,0
2575.2,0.415,-0.377,0,0,0,0.5,-0.866,0,0.0,0,0,11.465,1,0
245.62,0.413,-0.459,1,0,0,-0.866,0.5,0,0.0,0,1,10.836,0,0
1313.7,0.423,-0.451,0,0,0,-0.7071,0.7071,0,0.0,0,2,9.936,0,0
8839.96,9.491,15.0,0,0,0,-0.7071,-0.7071,0,0.1,0,0,12.131,0,0
267.19,0.356,-1.544,0,0,0,-0.9659,-0.2588,0,0.1,0,0,12.517,0,0
586.65,0.281,-0.683,0,0,0,-0.5,-0.866,0,0.1,0,0,12.72,0,0
2347.35,2.558,0.0,0,0,0,-0.2588,-0.9659,0,0.0,0,1,10.833,0,0
559.35,0.633,-0.259,0,1,0,-1.0,-0.0,0,0.1,0,1,11.258,2,0
221.92,0.361,-0.557,0,0,0,0.0,-1.0,0,0.0,0,0,11.862,0,0
1724.49,1.068,0.305,0,0,0,0.9659,-0.2588,0,0.0,0,0,12.059,0,0
364.23,0.738,-0.184,1,0,0,-0.2588,-0.9659,0,0.2,0,2,10.889,2,0
2035.84,0.67,-0.425,0,0,0,-0.2588,-0.9659,0,0.0,0,1,11.094,0,0
374.96,1.0,0.0,0,0,0,-0.5,-0.866,0,0.0,0,0,14.768,1,0
1544.66,1.712,0.446,0,0,0,-0.5,-0.866,0,0.3,0,0,11.73,0,0
3384.99,2.372,1.307,0,0,0,-0.2588,0.9659,0,0.0,0,0,11.793,1,0
2274.55,1.048,0.037,0,0,0,-0.2588,0.9659,0,0.0,0,0,11.817,2,0
991.7,0.599,-0.351,0,0,0,-0.9659,-0.2588,0,0.0,0,1,10.496,1,0
10614.17,7.407,11.857,0,0,0,1.0,0.0,0,0.0,0,1,11.044,1,0
473.36,0.683,-0.277,0,0,0,-0.7071,-0.7071,0,0.0,1,1,5.392,0,0
14496.98,1.922,0.817,0,0,0,-0.9659,-0.2588,0,0.1,0,0,12.362,1,0
230.02,0.657,-1.0,0,1,0,0.2588,-0.9659,0,0.0,0,1,10.201,1,0
2643.71,4.207,2.645,0,0,0,0.5,-0.866,0,0.2,0,0,11.483,0,0
1698.61,0.406,-0.316,0,0,0,0.2588,-0.9659,0,0.0,0,3,11.005,0,0
935.38,0.752,-0.319,0,0,0,0.2588,-0.9659,0,0.0,0,1,10.444,2,0
1667.65,1.019,0.016,0,0,0,0.2588,-0.9659,0,0.2,0,0,11.918,0,0
2644.92,1.172,0.136,0,0,0,1.0,0.0,0,0.0,0,1,10.427,1,0
9459.26,1.544,0.909,0,0,0,0.0,-1.0,0,0.0,3,3,5.099,2,1
489.23,1.078,0.225,0,0,0,-0.9659,0.2588,0,0.0,0,0,13.588,0,0
2494.78,0.671,-0.274,0,1,0,0.7071,-0.7071,0,0.0,0,1,9.499,0,0
915.87,0.863,-0.098,0,0,0,0.866,-0.5,0,0.1,0,0,11.454,0,0
592.99,0.415,-0.419,0,0,0,-0.9659,-0.2588,0,0.2,0,1,10.76,1,0
815.29,0.244,-0.6,0,0,0,0.2588,-0.9659,0,0.0,0,0,13.053,0,0
3385.37,0.81,-0.154,0,0,0,0.9659,-0.2588,0,0.0,0,0,12.226,0,0
903.26,1.065,0.056,0,0,0,-0.866,0.5,1,0.2,0,3,8.861,0,0
10107.74,2.017,0.803,0,0,0,-0.866,-0.5,0,0.0,0,0,13.457,1,0
801.76,1.77,1.719,0,0,0,0.2588,-0.9659,0,0.0,0,1,10.795,1,0
36.7,0.041,-0.979,0,0,1,0.9659,0.2588,0,0.4,17,17,0.596,1,1
1164.36,0.882,-0.396,0,0,0,-0.2588,0.9659,0,0.2,0,1,10.781,1,0
1468.77,0.406,-0.625,0,0,0,-0.866,-0.5,0,0.2,0,0,12.276,0,0
1119.86,0.482,-0.342,0,0,0,-0.9659,-0.2588,0,0.0,0,0,12.864,0,0
495.08,0.822,-0.135,0,0,0,-0.866,0.5,0,0.2,0,2,11.035,0,0
2622.99,1.273,0.196,0,0,0,-0.9659,-0.2588,0,0.2,0,0,12.244,0,0
694.58,1.228,1.14,0,0,0,-0.9659,0.2588,0,0.0,0,0,11.49,0,0
810.71,0.535,-0.382,0,0,0,0.2588,-0.9659,0,0.0,0,1,10.045,3,0
540.94,0.444,-0.488,0,0,0,-0.9659,0.2588,0,0.0,0,1,10.843,1,0
1375.04,0.707,-5.0,0,1,0,-0.9659,0.2588,2,0.5,0,1,11.247,0,0
37.75,0.147,-0.493,0,0,0,-0.866,0.5,0,0.2,12,12,2.683,1,1
1162.14,0.914,-0.081,0,0,0,-0.866,0.5,0,0.0,0,1,9.59,1,0
4091.04,1.112,0.084,0,0,0,-0.2588,-0.9659,0,0.1,0,0,12.344,0,0
994.37,0.692,-0.301,0,0,0,-0.866,0.5,0,0.0,0,0,12.091,0,0
4686.41,1.0,0.0,0,0,0,-0.5,-0.866,0,0.0,0,0,14.768,0,0
720.81,0.276,-0.679,0,0,0,0.2588,-0.9659,0,0.0,0,1,11.09,0,0
5775.01,2.246,1.198,0,0,0,-0.9659,0.2588,0,0.2,0,1,11.197,0,0
994.5,0.781,-0.187,0,0,0,-0.7071,-0.7071,0,0.1,0,1,11.03,0,0
2109.84,0.223,-0.663,0,0,0,-0.9659,0.2588,0,0.0,0,2,9.988,0,0
2434.37,1.574,1.25,0,0,0,0.0,-1.0,0,0.333,0,1,11.273,0,0
477.53,0.514,-0.486,0,0,0,0.866,-0.5,0,0.0,0,1,11.12,0,0
2688.86,1.263,1.078,0,0,0,-0.9659,-0.2588,0,0.0,0,2,9.233,0,0
670.03,1.043,0.171,0,0,0,1.0,0.0,0,0.0,0,2,9.206,3,0
888.4,0.189,-0.724,0,0,0,-0.5,-0.866,0,0.1,0,2,9.562,0,0
144.58,0.258,-0.828,0,0,0,-0.7071,0.7071,0,0.2,0,0,12.186,0,0
3361.29,0.619,-0.38,0,0,0,0.5,-0.866,0,0.1,0,2,9.898,1,0
286.16,0.282,-1.553,0,0,0,-0.2588,-0.9659,0,0.0,0,0,11.418,0,0
2594.26,0.68,-0.147,0,0,0,-0.866,0.5,0,0.0,0,3,10.578,1,0
151.74,0.168,-0.747,0,0,0,-1.0,-0.0,0,0.1,0,0,12.249,0,0
1717.19,0.378,-0.266,1,0,0,-0.866,0.5,0,0.2,0,0,11.374,0,0
357.42,0.284,-0.883,0,0,0,0.7071,-0.7071,0,0.1,0,0,11.39,0,0
969.17,0.754,-0.41,0,0,0,0.5,-0.866,0,0.143,1,2,7.507,0,0
2443.04,0.82,-0.145,0,0,0,0.866,-0.5,0,0.1,0,0,11.66,0,0
474.98,0.267,-0.706,0,0,0,-0.5,-0.866,0,0.0,0,2,11.112,2,0
330.9,0.603,-0.187,0,0,0,-1.0,-0.0,0,0.2,1,1,8.164,0,0
350.18,0.479,-0.493,0,0,0,-0.5,0.866,0,0.1,0,2,10.35,1,0
5066.0,1.45,0.795,0,0,1,0.866,0.5,0,0.0,0,1,9.683,1,0
4144.99,3.274,3.744,1,0,0,0.7071,-0.7071,0,0.0,0,0,12.526,2,1
4558.74,0.735,-0.217,0,0,0,-0.7071,0.7071,0,0.1,0,1,10.091,1,1
49.19,0.068,-0.558,0,0,0,-0.866,0.5,0,0.143,5,5,0.706,0,1
2211.95,1.0,0.0,0,0,0,-0.7071,0.7071,0,0.0,0,0,14.768,0,0
1001.17,1.0,0.0,0,0,0,0.0,-1.0,0,0.0,0,0,14.768,1,0
443.64,0.567,-0.448,0,0,0,-0.2588,-0.9659,0,0.0,0,1,10.116,1,0
1045.41,0.589,-0.324,0,0,0,-0.5,-0.866,0,0.1,0,0,12.59,1,0
4634.5,0.93,-0.052,0,0,0,0.7071,-0.7071,0,0.125,0,0,11.993,0,0
438.77,0.6,-0.314,0,0,0,-0.2588,0.9659,0,0.0,0,1,9.24,0,0
3823.12,1.186,0.768,0,0,0,-1.0,-0.0,0,0.0,1,1,6.247,2,1
9327.47,6.162,9.919,0,0,0,-0.5,-0.866,1,0.333,1,1,7.053,2,1
8430.83,14.287,6.392,0,0,1,0.9659,0.2588,0,0.0,1,3,7.124,0,0
1229.23,2.038,3.368,0,0,0,-0.2588,-0.9659,0,0.0,0,0,11.639,2,0
667.93,0.204,0.0,0,0,0,1.0,0.0,0,0.0,1,1,7.927,0,0
1270.44,0.664,-0.324,0,0,0,0.9659,-0.2588,1,0.2,0,2,9.399,2,0
1782.37,1.138,0.457,0,0,0,-0.2588,-0.9659,0,0.0,0,0,11.715,0,0
4144.17,1.711,1.151,0,0,0,0.7071,-0.7071,0,0.167,3,3,7.276,3,1
6729.66,1.363,0.46,0,0,0,0.9659,-0.2588,0,0.143,0,3,9.635,0,0
48.08,0.046,-1.157,0,0,1,0.9659,0.2588,3,0.6,14,14,1.056,1,1
456.8,0.746,-0.261,0,0,0,0.5,-0.866,1,0.3,0,2,9.361,0,0
9.11,0.023,-0.649,0,0,1,0.9659,0.2588,0,0.5,22,24,3.765,0,1
3898.28,1.781,0.778,0,0,0,0.2588,-0.9659,0,0.1,2,2,6.825,0,1
430.79,0.519,-0.43,0,0,0,-0.5,-0.866,0,0.2,0,0,12.845,2,0
5422.06,2.145,0.998,0,0,0,-0.2588,0.9659,0,0.1,0,2,9.611,0,0
866.74,0.551,-0.519,0,0,0,-0.5,0.866,0,0.0,1,2,7.7,0,0
705.22,0.857,-0.389,1,0,0,-1.0,-0.0,0,0.286,0,1,9.981,0,0
559.21,0.69,-0.441,0,0,0,-0.5,0.866,0,0.0,0,2,9.091,0,0
1538.83,0.417,-0.723,0,0,0,0.7071,-0.7071,0,0.1,0,1,9.94,0,0
1445.01,0.366,-0.59,0,0,0,0.2588,-0.9659,0,0.0,0,1,10.736,0,0
624.63,1.242,0.347,1,0,0,-0.9659,0.2588,0,0.0,0,0,12.325,0,0
3501.82,1.455,0.64,0,0,0,0.0,-1.0,0,0.0,0,2,10.748,2,0
31.73,0.004,-0.734,0,0,0,-0.2588,0.9659,0,0.1,4,4,2.2,0,1
1754.78,0.348,-0.458,0,0,0,0.7071,-0.7071,0,0.0,0,1,10.487,0,0
1860.77,1.128,0.143,0,0,0,0.7071,-0.7071,0,0.1,0,2,9.803,2,0
54698.22,10.786,6.799,0,0,0,0.866,-0.5,0,0.3,0,18,8.557,2,1
2064.81,0.54,-0.441,0,0,0,-0.9659,-0.2588,0,0.2,0,1,8.881,0,0
1741.71,0.722,-0.215,0,0,0,-1.0,-0.0,0,0.0,0,2,8.406,1,0
437.5,1.239,0.102,0,0,0,-0.5,-0.866,0,0.4,0,0,14.32,0,0
1198.9,0.888,-0.278,0,0,0,-0.7071,0.7071,0,0.1,0,0,11.465,0,0
8373.48,2.802,1.351,0,0,0,-0.5,-0.866,0,0.0,0,2,10.117,0,0
1791.02,0.4,-0.478,0,0,0,-0.7071,-0.7071,0,0.0,0,1,10.732,0,0
3119.0,1.005,0.013,0,0,0,-0.2588,-0.9659,0,0.222,0,1,11.329,1,0
588.67,0.504,-5.0,0,0,0,-0.2588,0.9659,0,0.0,0,2,8.498,1,0
5083.44,2.591,11.888,0,0,1,0.7071,0.7071,0,0.25,0,0,12.37,0,0
841.98,0.417,-0.719,0,0,0,0.0,-1.0,0,0.1,0,0,11.792,0,0
577.0,0.588,-0.379,0,0,0,-0.866,-0.5,0,0.0,0,1,10.991,1,0
21710.88,4.548,2.555,0,0,0,-0.2588,0.9659,0,0.0,0,0,11.785,3,0
2717.48,0.418,-0.461,0,0,0,-0.9659,-0.2588,0,0.0,0,0,12.239,0,0
448.88,0.328,-0.498,0,0,0,-0.2588,-0.9659,0,0.2,0,1,10.435,0,0
215.65,0.39,-0.578,0,0,0,0.7071,-0.7071,0,0.1,0,0,11.837,0,0
573.98,1.656,2.233,0,0,0,-0.9659,-0.2588,0,0.0,0,3,10.585,0,0
1303.59,2.788,0.0,0,0,0,-0.866,0.5,0,0.0,0,0,11.463,0,0
13215.12,8.077,15.0,0,0,0,-0.5,0.866,0,0.3,0,1,10.926,0,0
1.46,0.0,-0.497,0,0,0,-0.2588,0.9659,1,0.5,22,22,2.687,0,1
4692.34,1.927,0.83,0,0,0,-0.2588,0.9659,0,0.2,0,0,12.698,0,0
1446.63,0.442,-0.86,0,0,0,-0.5,-0.866,0,0.0,0,0,11.369,0,0
7.98,0.011,-0.708,0,0,0,-0.9659,-0.2588,1,0.3,27,27,1.695,0,1
881.31,0.671,-1.002,0,0,0,0.866,-0.5,0,0.125,0,1,8.467,1,0
3455.42,0.825,0.0,0,0,0,-0.9659,-0.2588,0,0.0,0,0,12.144,0,0
2483.11,0.647,-0.424,0,0,0,0.2588,-0.9659,0,0.0,0,1,9.425,0,0
12450.7,3.835,2.193,0,0,0,-0.2588,0.9659,0,0.1,0,3,10.336,0,0
2971.89,0.675,-0.248,0,1,0,-0.9659,0.2588,0,0.1,0,0,11.83,3,0
2717.05,0.814,-0.164,0,0,0,-0.9659,0.2588,0,0.0,0,4,8.984,0,0
824.14,0.681,-0.268,0,0,0,-0.2588,-0.9659,0,0.0,0,2,10.749,3,0
236.82,0.542,-0.483,0,0,0,0.7071,-0.7071,0,0.111,0,1,9.598,1,0
2415.84,1.499,1.121,0,0,0,1.0,0.0,0,0.1,0,1,11.272,1,0
1942.9,1.277,3.042,1,1,0,-0.5,-0.866,0,0.0,0,0,11.916,0,0
14942.95,8.918,9.66,0,0,0,-0.2588,-0.9659,0,0.1,0,1,10.704,0,0
272.63,0.235,-1.35,0,0,0,0.0,-1.0,0,0.0,0,0,11.897,1,0
1320.01,0.816,-0.189,0,0,0,-0.2588,-0.9659,0,0.0,0,2,9.651,0,0
12591.84,5.855,5.484,0,0,0,-0.5,0.866,0,0.0,0,0,12.602,0,0
821.34,0.401,-0.522,0,0,0,0.9659,-0.2588,0,0.1,1,5,5.801,1,0
3190.99,0.724,-0.244,0,0,0,-0.866,0.5,0,0.2,0,0,11.77,0,0
225.02,0.659,-0.961,0,0,0,-0.2588,-0.9659,0,0.0,0,1,11.122,1,0
1555.69,0.756,-0.261,0,0,0,0.7071,-0.7071,0,0.0,0,2,10.913,1,0
1917.99,0.191,-0.592,0,0,0,-1.0,-0.0,0,0.0,1,1,8.022,1,0
2398.09,1.118,0.079,0,0,0,-0.2588,-0.9659,0,0.0,0,2,10.697,0,0
1013.16,0.82,-0.176,0,0,0,-1.0,-0.0,0,0.0,0,2,10.446,1,0
25.15,0.038,-0.761,0,0,0,0.2588,-0.9659,2,0.4,13,17,2.165,1,1
2439.83,1.495,0.454,0,1,0,-0.866,-0.5,0,0.1,0,0,12.392,1,0
664.88,0.535,-0.411,0,0,0,-0.5,0.866,0,0.0,0,1,11.138,1,0
1026.66,0.477,-0.531,0,0,0,1.0,0.0,0,0.0,0,0,12.401,0,0
47.59,0.014,-0.572,0,0,0,0.2588,-0.9659,1,0.5,15,15,3.204,1,1
45.88,0.246,-0.497,0,0,0,-0.7071,-0.7071,0,0.3,22,22,3.421,1,1
2774.53,0.539,-0.386,0,0,0,-0.866,-0.5,0,0.0,0,2,11.167,0,0
32002.12,5.54,8.054,0,0,0,-0.2588,0.9659,0,0.0,0,0,12.239,2,0
8642.49,1.373,0.645,0,0,0,-0.9659,-0.2588,0,0.25,3,3,7.484,3,1
3637.42,0.685,-0.243,0,0,0,-0.866,-0.5,0,0.0,0,1,8.773,0,0
2270.09,0.826,-0.148,0,0,0,-0.9659,0.2588,0,0.0,0,0,11.603,0,0
2370.5,0.68,-0.287,0,0,0,-0.2588,0.9659,0,0.1,0,2,10.136,0,0
2515.63,0.826,-0.276,0,0,0,-0.9659,-0.2588,0,0.0,0,1,10.977,0,0
31919.97,5.951,3.246,0,0,0,-0.866,-0.5,0,0.0,0,1,10.976,0,0
1218.95,0.75,-0.844,0,0,0,-0.5,-0.866,0,0.0,0,1,11.185,1,0
10.57,0.023,-0.609,0,0,0,-0.2588,-0.9659,3,0.6,28,28,2.016,1,1
3229.23,1.428,0.258,0,0,0,0.2588,-0.9659,0,0.1,0,0,11.735,1,0
450.35,0.173,-0.698,0,0,0,-0.2588,0.9659,0,0.167,0,0,11.759,0,0
2149.01,1.134,0.298,0,0,0,0.9659,-0.2588,0,0.1,0,2,10.698,1,0
407.25,0.765,-0.103,0,0,0,-1.0,-0.0,0,0.4,0,1,9.973,0,0
3228.54,0.952,-0.098,0,0,0,0.2588,-0.9659,0,0.0,0,0,11.84,1,0
1608.75,0.901,-0.084,0,0,0,-0.866,0.5,0,0.1,0,0,11.492,1,0
2643.85,0.642,-0.305,0,0,0,-0.7071,0.7071,0,0.1,1,2,7.966,0,0
3623.84,0.941,-0.045,0,0,0,0.5,-0.866,0,0.3,0,0,12.951,0,0
48.9,0.045,-1.245,0,0,1,0.9659,0.2588,0,0.4,10,10,1.859,1,1
1816.85,0.581,-0.724,0,0,0,-0.866,-0.5,0,0.0,0,4,8.814,0,0
1686.51,1.498,0.221,0,0,0,-0.7071,0.7071,0,0.0,0,0,11.934,2,0
3055.84,1.068,0.056,0,0,0,-0.9659,-0.2588,0,0.0,0,2,10.13,2,0
1955.64,0.825,-0.143,0,0,0,0.9659,-0.2588,0,0.2,0,0,13.642,1,0
2011.23,0.688,0.0,0,0,1,0.9659,0.2588,1,1.0,0,1,11.045,2,0
7679.25,1.191,0.158,0,0,0,-0.2588,0.9659,0,0.0,0,1,10.31,0,0
6.04,0.002,-0.674,0,0,0,-0.9659,0.2588,0,0.4,23,23,0.674,0,1
2508.33,1.245,0.899,0,0,0,-0.866,-0.5,0,0.0,0,2,8.992,0,0
14715.06,6.354,2.828,0,0,0,-0.2588,0.9659,1,0.1,0,4,8.539,1,1
3080.46,1.082,0.103,0,0,0,-0.9659,0.2588,0,0.0,0,1,10.163,0,0
305.31,1.0,0.0,0,0,0,0.2588,-0.9659,0,0.0,0,0,14.768,0,0
56172.1,14.265,9.515,0,0,1,0.9659,0.2588,1,0.2,1,2,6.327,1,1
2126.61,0.597,-0.39,0,0,0,0.5,-0.866,0,0.1,0,2,10.561,0,0
655.34,0.695,-0.564,0,0,0,-0.7071,0.7071,0,0.2,0,2,8.355,1,0
8562.7,2.092,1.398,1,0,0,-0.866,-0.5,0,0.0,0,0,11.509,0,0
429.99,0.314,-0.591,0,0,0,0.5,-0.866,0,0.0,0,0,11.421,0,0
3881.21,2.032,5.721,1,1,0,-0.7071,-0.7071,0,0.0,0,0,13.173,3,1
33.83,0.041,-2.204,0,1,0,-0.866,0.5,0,0.2,1,1,0.0,0,1
359.06,0.603,-0.333,0,0,0,-0.2588,-0.9659,0,0.1,0,0,11.625,1,0
3543.08,0.462,-0.36,1,0,0,-0.2588,-0.9659,0,0.0,0,0,13.383,1,0
462.09,0.623,-0.573,0,0,0,0.7071,-0.7071,0,0.0,0,0,11.924,0,0
1109.0,0.531,-0.34,0,1,0,-0.5,-0.866,0,0.0,0,1,11.256,0,0
1579.26,0.639,-0.322,0,0,0,0.5,-0.866,0,0.0,0,0,11.976,0,0
561.85,0.3,-0.688,0,0,0,0.7071,-0.7071,0,0.1,0,1,11.215,2,0
253.06,1.206,0.217,0,0,0,-0.2588,-0.9659,0,0.0,0,0,12.419,0,0
1043.25,0.35,-0.467,0,0,0,-0.2588,0.9659,0,0.1,0,0,11.892,1,0
17310.99,1.899,0.698,0,0,0,-0.5,-0.866,0,0.1,0,0,11.455,0,0
2673.82,1.775,0.89,0,0,0,0.9659,-0.2588,0,0.2,0,1,11.319,2,0
1900.58,1.221,0.378,0,0,0,0.2588,-0.9659,1,0.1,0,0,11.683,0,0
2445.31,0.507,-0.438,0,0,0,-0.7071,0.7071,0,0.1,0,0,11.505,1,0
558.07,0.305,-0.631,0,0,0,0.0,-1.0,0,0.0,0,2,9.593,1,0
2468.94,1.085,0.077,0,0,0,0.7071,-0.7071,0,0.0,0,1,10.646,1,0
418.09,0.079,-0.751,0,0,0,0.2588,-0.9659,0,0.4,0,0,11.5,0,0
377.01,1.0,0.0,0,0,0,-0.866,-0.5,0,0.0,0,0,14.768,3,0
703.21,0.349,-0.527,0,0,0,0.7071,-0.7071,0,0.0,0,0,12.295,1,0
229.54,0.484,-0.926,0,0,0,0.2588,-0.9659,0,0.0,0,2,9.681,0,0
1761.67,0.52,-0.472,0,0,0,-1.0,-0.0,0,0.0,0,1,11.277,0,0
557.97,0.585,-0.407,0,0,0,-0.9659,0.2588,0,0.0,0,0,11.969,0,0
757.07,0.782,-0.206,0,0,0,0.0,-1.0,0,0.0,0,0,11.457,0,0
1553.61,1.0,0.0,0,0,0,0.866,-0.5,0,0.0,0,0,14.768,0,0
998.88,1.039,0.033,0,0,0,-0.5,-0.866,0,0.1,0,5,8.883,0,0
16367.65,4.788,3.049,0,0,0,-0.9659,-0.2588,0,0.0,0,0,11.409,0,1
3332.79,0.769,-0.214,0,0,1,0.866,0.5,0,0.1,0,2,9.35,1,0
1426.6,0.373,-0.552,0,0,0,0.2588,-0.9659,0,0.0,0,0,11.705,0,0
204.99,0.132,-0.623,0,0,0,0.866,-0.5,1,0.2,0,3,10.628,1,0
1119.32,0.749,-0.233,0,0,0,-0.2588,-0.9659,0,0.2,0,1,9.599,2,0
369.38,0.241,-0.647,0,0,0,-0.9659,0.2588,0,0.0,0,1,10.995,1,0
992.32,0.993,-0.005,0,0,0,0.7071,-0.7071,0,0.1,0,0,11.732,0,0
5.31,0.013,-0.664,0,0,1,0.9659,0.2588,2,0.5,21,23,0.661,0,1
412.44,0.414,-0.627,0,0,0,-0.2588,0.9659,0,0.125,0,0,11.668,0,0
1112.87,0.822,-0.145,0,0,0,-0.9659,-0.2588,0,0.1,0,4,9.914,0,0
59.13,0.245,-0.595,0,0,0,-0.9659,0.2588,0,0.143,5,5,2.876,0,1
710.74,0.24,-0.751,0,0,0,-0.9659,-0.2588,0,0.0,0,2,10.157,1,0
1496.23,1.0,0.0,0,0,0,-1.0,-0.0,0,0.0,0,0,14.768,0,0
686.08,0.299,-0.548,0,0,0,0.2588,-0.9659,0,0.0,0,1,10.957,1,0
371.26,0.337,-0.518,0,0,0,0.9659,-0.2588,0,0.4,0,3,11.148,0,0
2368.66,0.728,-0.649,0,0,0,-0.7071,-0.7071,0,0.111,0,0,11.851,0,0
411.62,0.196,-0.772,0,0,0,-0.2588,0.9659,0,0.0,0,1,10.945,1,0
1749.08,0.588,-0.436,0,0,0,-0.2588,-0.9659,0,0.0,0,2,8.202,0,0
1034.67,0.29,-1.291,0,0,0,-0.2588,0.9659,0,0.25,0,0,11.524,0,1
1232.0,0.337,-0.651,0,0,0,-0.866,-0.5,0,0.0,0,1,11.2,3,0
524.97,0.426,-0.633,0,0,0,-0.2588,-0.9659,0,0.0,0,1,10.72,0,0
1057.98,0.909,-0.071,0,0,0,-0.866,-0.5,0,0.2,0,5,8.725,0,0
3234.56,0.831,-0.168,0,0,0,-0.866,0.5,0,0.0,0,0,12.393,0,0
6255.54,2.058,1.317,0,0,0,0.0,-1.0,0,0.0,1,1,7.798,4,1
761.24,1.0,0.0,0,0,0,-0.7071,-0.7071,0,0.0,0,0,14.768,0,0
3230.32,1.624,0.784,0,0,0,-0.866,-0.5,0,0.3,0,2,9.866,0,0
45.84,0.012,-0.755,0,0,0,-0.9659,0.2588,2,0.4,11,11,3.684,0,1
757.82,0.325,-0.929,1,0,0,-0.2588,-0.9659,0,0.1,0,1,10.506,1,0
1471.1,0.225,-0.567,0,0,0,-0.866,0.5,0,0.1,1,3,7.567,1,0
1379.54,1.0,0.0,0,0,0,-0.5,0.866,0,0.0,0,0,14.768,0,0
4511.04,1.562,0.545,0,1,0,-0.9659,-0.2588,0,0.0,0,3,9.242,1,0
2047.23,0.204,-0.995,0,0,0,-0.9659,-0.2588,0,0.0,0,0,11.917,1,0
1381.4,0.716,-0.316,0,0,0,0.2588,-0.9659,0,0.1,0,0,11.856,0,0
1105.61,0.744,-0.305,0,0,0,-0.9659,-0.2588,0,0.0,0,3,9.476,0,0
21.28,0.071,-0.918,0,0,1,0.9659,0.2588,0,0.2,8,8,2.583,0,1
2912.4,0.562,-0.388,1,0,0,-0.5,-0.866,0,0.1,0,1,10.104,0,0
18.97,0.008,-0.732,0,1,1,0.866,0.5,2,0.2,3,3,1.389,1,1
602.45,1.644,0.706,0,0,0,0.2588,-0.9659,0,0.1,0,1,11.2,0,0
8975.48,1.451,0.694,0,0,0,0.0,-1.0,1,0.25,1,3,7.816,3,1
740.8,0.138,-0.727,0,0,0,0.0,-1.0,0,0.0,0,2,10.321,1,0
414.13,0.268,-0.601,0,0,0,-0.9659,-0.2588,0,0.0,0,1,10.254,0,0
462.04,0.459,-0.514,0,0,0,0.866,-0.5,0,0.0,0,2,11.076,1,0
320.83,0.155,-0.622,0,0,1,0.9659,0.2588,0,0.0,0,0,11.731,2,0
547.0,1.045,0.06,0,0,0,-0.2588,0.9659,0,0.0,0,0,12.981,1,0
1435.11,0.911,-0.258,0,1,0,0.0,-1.0,0,0.0,0,2,9.943,1,0
92934.63,14.57,7.54,0,0,0,0.7071,-0.7071,0,0.0,0,8,8.631,0,1
5165.53,0.835,-0.127,0,0,0,-0.866,-0.5,0,0.0,0,1,9.172,0,0
572.3,0.18,-0.933,0,0,0,-0.7071,-0.7071,0,0.0,0,1,10.03,0,0
226042.9,12.569,6.501,0,0,1,0.5,0.866,0,0.0,0,8,9.124,0,1
3845.05,1.309,0.243,0,0,0,-0.9659,0.2588,0,0.0,0,0,11.726,0,0
3390.88,1.092,0.262,0,0,0,-0.5,-0.866,0,0.2,0,1,10.707,1,0
258.96,1.321,0.31,0,0,0,0.866,-0.5,0,0.0,0,0,12.778,0,0
425.68,0.115,-0.798,0,0,0,-0.9659,0.2588,0,0.1,0,0,11.421,0,0
156.19,0.23,-0.74,0,0,0,0.0,-1.0,0,0.1,0,1,10.971,0,0
1276.44,2.103,0.0,0,0,0,-0.2588,-0.9659,0,0.0,0,0,12.145,1,0
604.31,1.015,0.013,0,0,0,0.0,-1.0,0,0.0,0,1,10.185,0,0
1128.33,0.449,-0.493,1,0,0,-0.2588,0.9659,0,0.0,0,0,11.651,0,0
1998.38,0.234,-0.703,1,0,0,0.0,-1.0,0,0.1,0,1,11.301,0,0
644.86,0.348,-0.515,0,0,0,-0.5,0.866,0,0.0,0,2,10.978,0,0
973.02,0.337,-0.674,0,0,0,0.0,-1.0,0,0.0,0,0,11.492,1,0
760.34,0.908,-0.164,0,0,0,0.866,-0.5,0,0.1,0,1,11.187,1,0
18708.43,6.576,4.905,0,0,1,0.2588,0.9659,0,0.0,1,3,6.363,0,1
4763.04,1.199,0.178,0,0,0,-0.9659,-0.2588,0,0.3,0,2,10.995,0,0
2086.44,1.092,0.142,0,0,0,-0.7071,0.7071,0,0.1,0,2,9.249,0,0
3711.8,1.401,0.0,0,0,0,-0.9659,-0.2588,0,0.0,0,0,11.713,0,0
1119.0,0.999,-0.001,0,0,0,0.0,-1.0,0,0.1,0,0,12.175,1,0
747.69,1.011,0.007,0,0,0,-0.2588,0.9659,0,0.1,0,0,11.751,1,0
774.83,0.623,-0.505,1,0,0,-0.5,0.866,0,0.1,0,1,11.262,0,0
1481.74,0.063,0.0,0,0,0,-0.9659,-0.2588,0,0.0,0,0,12.927,0,1
2454.24,1.266,0.914,0,0,0,-0.7071,0.7071,0,0.333,0,0,13.262,0,0
2696.72,7.334,8.088,0,0,0,-1.0,-0.0,0,0.0,0,0,11.69,1,0
3011.79,0.273,-0.75,0,0,0,-0.9659,0.2588,0,0.111,0,0,12.278,0,0
1751.61,0.256,-0.595,0,1,0,-1.0,-0.0,0,0.0,1,2,7.453,0,0
1015.23,0.453,-0.508,1,0,0,-0.5,-0.866,0,0.1,0,0,11.377,0,0
427.21,0.325,-0.545,1,0,0,0.9659,-0.2588,0,0.0,0,0,11.646,0,0
1531.44,0.59,-0.364,0,0,0,0.0,-1.0,0,0.2,0,2,10.228,1,0
374.16,1.544,2.705,0,0,0,0.0,-1.0,0,0.0,0,1,11.219,0,0
3175.29,3.716,2.6,0,0,0,0.2588,-0.9659,0,0.4,0,1,10.806,0,0
2245.96,1.1,0.085,0,0,0,0.7071,-0.7071,0,0.1,0,4,10.539,1,0
560.71,0.774,-0.228,0,0,0,0.7071,-0.7071,0,0.0,0,2,10.692,0,0
502.04,0.876,-0.098,0,0,0,-0.866,0.5,0,0.1,0,1,10.931,0,0
822.92,0.556,-0.368,0,0,0,-0.9659,-0.2588,0,0.0,0,6,8.955,0,0
9727.21,5.176,4.552,0,0,0,-1.0,-0.0,0,0.1,0,0,12.873,0,0
372.29,0.692,-0.27,0,0,0,0.0,-1.0,0,0.0,0,1,10.98,1,0
1598.33,1.021,0.034,0,0,0,0.0,-1.0,0,0.0,0,2,9.614,0,0
443.43,0.64,-0.294,0,0,0,-0.5,-0.866,0,0.1,0,0,11.407,2,0
57.16,0.028,-1.581,0,1,0,-0.866,0.5,0,0.0,3,4,2.76,0,1
532.66,0.624,-0.242,0,0,0,-0.9659,0.2588,0,0.1,0,2,10.354,0,0
1140.28,0.813,-0.193,0,0,0,-0.866,0.5,0,0.2,0,1,9.911,1,0
378.36,1.183,0.0,0,0,0,-0.2588,-0.9659,0,0.0,0,0,12.574,0,0
899.01,0.586,0.0,1,0,0,-0.7071,0.7071,0,0.0,0,0,14.259,1,0
1153.96,0.361,-0.465,0,0,0,-0.5,-0.866,0,0.0,0,3,9.895,0,0
245.93,0.321,-2.286,0,0,0,-0.5,-0.866,0,0.125,0,1,10.37,0,0
2.19,0.001,-0.423,0,0,0,-0.9659,-0.2588,0,0.4,14,14,2.51,1,1
913.27,0.891,-0.213,0,0,0,-0.2588,-0.9659,0,0.111,0,0,11.912,1,0
3885.07,8.015,0.0,1,1,0,-0.9659,0.2588,0,0.0,0,0,14.197,2,1
161.68,0.551,-0.958,0,0,0,-0.9659,0.2588,0,0.1,0,1,9.81,0,0
2094.19,0.473,-0.418,0,0,0,-0.9659,-0.2588,0,0.0,1,1,6.326,0,0
671.91,1.102,0.17,0,0,1,0.9659,0.2588,0,0.0,0,1,10.036,0,0
1536.85,0.646,-0.302,0,0,0,0.5,-0.866,0,0.1,0,3,9.09,1,0
2051.76,0.719,-0.207,0,0,0,0.2588,-0.9659,0,0.0,0,2,10.108,0,0
499.19,2.525,1.506,0,0,0,1.0,0.0,0,0.0,0,0,12.178,0,0
967.51,1.0,0.0,0,0,0,-0.2588,0.9659,0,0.0,0,0,14.768,1,0
890.0,0.693,-0.247,0,0,0,-0.5,-0.866,0,0.0,0,0,11.428,0,0
1327.39,0.337,-0.524,0,0,0,-1.0,-0.0,1,0.3,0,2,10.465,0,0
1496.78,0.684,-0.428,0,0,0,0.866,-0.5,1,0.2,0,1,9.006,2,0
777.87,0.627,-0.927,0,0,0,-0.2588,0.9659,0,0.0,0,0,11.429,0,0
686.15,0.269,-0.511,1,0,0,-0.2588,-0.9659,0,0.1,0,2,9.953,1,0
317.44,0.359,-0.593,0,0,1,0.9659,0.2588,0,0.2,0,4,10.355,0,0
2227.41,0.766,-0.435,0,0,0,-0.9659,0.2588,0,0.4,0,1,10.991,2,0
363.52,0.699,-0.295,0,0,0,0.9659,-0.2588,0,0.1,0,3,10.973,0,0
1740.53,0.684,-0.26,0,0,0,0.2588,-0.9659,0,0.0,0,1,10.912,0,0
22.44,0.113,-0.773,0,0,0,-0.7071,0.7071,0,0.1,22,24,3.38,1,1
830.0,0.177,-0.617,0,0,0,1.0,0.0,0,0.0,1,2,5.907,0,0
691.78,0.503,-1.358,0,0,0,0.2588,-0.9659,0,0.2,0,0,11.846,1,0
933.36,1.283,0.809,0,0,0,-0.2588,0.9659,1,0.1,0,3,9.769,1,0
362.42,0.208,-0.741,0,0,0,0.866,-0.5,1,0.1,0,1,9.623,0,0
4325.49,0.943,-0.05,0,0,0,-0.866,-0.5,0,0.1,0,2,10.728,0,0
9676.69,1.93,0.778,0,0,0,0.0,-1.0,0,0.0,0,1,11.026,0,0
1203.84,1.146,0.125,0,0,0,-0.5,-0.866,0,0.1,0,1,9.11,0,0
2391.25,1.129,0.165,0,0,0,0.866,-0.5,0,0.0,0,2,10.854,0,0
940.98,1.0,0.0,0,0,0,-0.2588,-0.9659,0,0.0,0,0,14.768,1,0
761.7,0.311,-0.476,0,1,0,-0.7071,0.7071,0,0.0,0,2,10.514,1,0
1215.29,0.052,0.0,1,0,0,0.866,-0.5,0,0.0,0,1,9.885,1,0
510.68,0.306,-0.666,0,0,0,-0.2588,0.9659,0,0.1,0,1,11.251,1,0
740.1,0.152,-0.774,0,0,0,-0.866,-0.5,0,0.0,0,0,12.678,1,0
9593.69,3.613,1.663,0,0,0,0.5,-0.866,0,0.0,0,3,10.235,0,0
2117.69,0.377,-0.462,0,0,0,-0.2588,-0.9659,0,0.1,0,2,10.825,1,0
1390.74,0.221,-0.778,0,0,0,0.5,-0.866,0,0.0,0,2,10.394,1,0
911.52,0.796,-0.274,0,0,0,-0.2588,-0.9659,1,0.1,0,0,12.558,1,0
605.2,0.745,-0.2,0,0,0,0.866,-0.5,0,0.0,0,0,12.106,0,0
383.29,0.212,-1.093,0,0,0,0.2588,-0.9659,0,0.0,0,0,11.989,1,0
2295.24,0.525,-0.422,0,0,0,-0.7071,-0.7071,0,0.2,0,0,12.111,0,0
516.3,0.621,-0.355,0,0,0,0.2588,-0.9659,0,0.0,0,0,11.806,0,0
3719.01,0.474,-0.463,0,0,0,0.2588,-0.9659,0,0.1,0,0,11.583,1,0
1187.65,0.681,-0.274,0,0,0,0.9659,-0.2588,0,0.2,0,0,11.738,1,0
6202.63,1.517,0.813,0,0,0,0.0,-1.0,0,0.0,1,1,7.978,4,1
915.58,0.188,-0.734,0,0,0,-0.9659,0.2588,0,0.1,0,0,11.659,0,0
18601.4,8.439,6.077,1,0,0,-1.0,-0.0,0,0.0,0,5,8.466,1,1
962.64,1.001,0.001,0,1,0,-0.2588,0.9659,0,0.0,0,1,10.766,0,0
1326.88,0.518,-0.313,0,0,0,0.7071,-0.7071,0,0.3,0,0,11.368,0,0
1891.69,2.056,1.001,0,0,0,-0.2588,0.9659,0,0.0,0,0,13.012,1,0
709.81,0.97,-0.013,0,0,0,-0.7071,-0.7071,0,0.2,0,0,11.549,1,0
1706.86,0.359,-0.595,0,0,0,0.2588,-0.9659,1,0.1,0,0,11.509,1,0
2896.13,1.067,0.089,0,0,0,-0.7071,0.7071,0,0.0,0,0,11.84,0,0
3482.96,1.173,0.147,0,0,0,-1.0,-0.0,0,0.1,0,2,10.316,1,0
566.24,0.458,-0.458,0,0,0,-0.5,-0.866,0,0.1,0,0,11.695,0,0
15.05,0.009,-0.563,0,0,1,0.866,0.5,1,0.4,24,24,3.033,1,1
251.06,0.374,-0.454,0,0,0,-1.0,-0.0,0,0.1,0,2,9.917,0,0
1005.76,0.727,-0.191,0,0,0,-0.866,-0.5,0,0.0,0,0,13.039,0,0
3226.78,4.187,2.445,0,0,0,-0.2588,0.9659,0,0.2,0,2,10.315,0,0
1423.99,0.773,-0.209,0,0,0,-0.7071,0.7071,0,0.0,0,1,10.616,0,0
1116.41,0.374,-0.491,0,0,0,-0.2588,-0.9659,0,0.1,0,1,9.548,1,0
872.06,1.195,0.926,0,0,0,0.2588,-0.9659,0,0.0,0,0,12.404,1,0
1450.46,0.563,-0.446,0,0,0,-0.2588,0.9659,0,0.1,0,3,10.241,0,0
792.54,0.507,-0.598,0,0,0,-0.9659,0.2588,0,0.0,0,0,11.921,0,0
1090.4,1.0,0.0,0,0,0,0.0,-1.0,0,0.0,0,0,14.768,1,0
3799.76,0.757,-0.181,0,0,0,0.5,-0.866,0,0.1,0,2,10.949,1,0
3274.5,0.948,-0.042,0,0,0,-0.866,0.5,0,0.2,0,1,11.355,0,0
6195.89,2.972,11.538,1,0,0,0.0,-1.0,0,0.0,0,0,13.853,4,1
3579.64,6.05,5.364,0,0,0,0.5,-0.866,1,0.2,0,1,10.997,0,0
998.37,1.599,1.427,0,0,0,1.0,0.0,0,0.1,0,1,11.344,0,0
717.71,1.168,0.156,0,0,0,0.9659,-0.2588,0,0.1,0,0,11.907,0,0
1214.32,0.464,-0.455,0,0,0,-0.866,0.5,0,0.0,0,0,12.017,0,0
3376.98,6.571,5.162,0,0,0,0.7071,-0.7071,0,0.1,1,3,7.784,1,0
1224.74,0.357,-0.356,0,0,0,-0.866,0.5,0,0.0,0,0,11.538,0,0
2085.68,0.817,-0.163,0,0,0,-0.9659,0.2588,0,0.2,0,1,10.742,0,0
397.54,0.199,-1.994,1,0,0,-1.0,-0.0,0,0.0,0,0,12.161,1,0
1518.95,0.649,-0.338,1,0,0,-0.7071,0.7071,0,0.1,0,2,10.13,0,0
820.5,0.174,-0.737,0,0,0,-0.7071,0.7071,0,0.1,0,1,8.784,0,0
232.3,0.199,-0.36,0,0,0,-0.2588,0.9659,0,0.0,0,0,11.622,0,0
3224.7,0.788,-0.293,0,0,0,-0.9659,-0.2588,0,0.0,0,2,10.837,1,0
535.48,0.804,0.0,1,0,0,-0.9659,0.2588,0,0.0,0,1,11.035,1,0
620.09,0.999,-0.003,0,0,0,0.0,-1.0,0,0.0,0,1,9.232,3,0
3278.04,0.622,-0.285,0,0,0,-0.866,-0.5,0,0.1,0,2,10.452,1,0
1588.57,0.558,-1.18,0,0,0,-0.9659,-0.2588,0,0.1,0,0,11.956,0,0
9199.5,3.636,2.267,0,0,0,-0.5,-0.866,0,0.1,0,1,9.233,1,0
3191.9,1.079,0.231,0,0,0,-1.0,-0.0,0,0.0,0,4,10.714,0,0
1066.0,0.581,-0.54,0,0,0,0.0,-1.0,0,0.0,0,1,11.223,1,0
933.79,0.329,-0.681,0,0,0,-0.7071,0.7071,0,0.2,0,2,8.913,0,0
354.53,0.748,-0.589,0,0,1,0.9659,0.2588,0,0.0,0,3,10.382,1,0
1410.74,1.54,2.016,0,0,0,-0.2588,-0.9659,0,0.0,0,0,13.938,1,0
534.42,0.742,-0.571,0,0,0,-0.2588,0.9659,0,0.1,0,0,11.917,0,0
22.8,0.077,-0.843,0,0,0,-0.7071,-0.7071,1,0.1,5,5,2.696,1,1
619.83,0.416,-0.543,0,0,0,-0.5,-0.866,0,0.1,0,1,11.226,1,0
6053.74,4.808,11.209,0,0,0,0.2588,-0.9659,0,0.111,0,2,10.31,1,0
1408.81,0.712,-1.054,1,0,0,-0.5,0.866,0,0.0,0,0,12.139,1,0
1214.52,0.295,-0.674,0,0,0,-0.7071,0.7071,0,0.0,0,1,10.122,0,0
421.88,1.242,0.582,0,0,0,-0.2588,0.9659,0,0.1,0,0,12.068,0,0
799.5,0.572,-1.239,0,0,0,0.5,-0.866,0,0.1,0,1,9.609,1,0
1166.21,0.734,-0.217,0,0,0,0.9659,-0.2588,0,0.1,0,1,10.401,1,1
3319.97,0.778,-0.195,0,0,0,-1.0,-0.0,0,0.1,0,0,11.525,0,0
369.44,0.349,-0.686,0,0,0,0.7071,-0.7071,0,0.0,0,1,9.469,0,0
44.27,0.142,-3.729,0,0,1,0.7071,0.7071,1,0.333,1,1,0.0,0,1
1074.59,0.686,-0.282,0,0,0,0.0,-1.0,0,0.1,0,1,9.823,1,0
2067.69,2.185,2.476,0,0,0,-0.9659,-0.2588,0,0.0,0,0,12.116,1,0
1621.06,0.538,-0.509,0,0,0,-0.5,0.866,0,0.0,0,0,12.013,0,0
305.88,0.706,-0.451,0,0,0,-0.5,-0.866,0,0.1,0,4,9.684,1,0
83192.78,11.235,5.706,1,0,0,-0.866,-0.5,0,0.2,0,22,8.518,0,1
1354.42,1.997,8.765,0,0,0,-0.9659,-0.2588,0,0.0,0,0,11.937,2,0
6068.97,1.122,0.119,0,0,0,-0.9659,0.2588,0,0.0,0,0,11.907,0,0
977.35,0.263,-0.757,0,0,0,-0.2588,-0.9659,0,0.0,0,1,11.12,0,0
4417.44,1.995,2.156,0,0,0,-0.2588,0.9659,0,0.0,0,1,9.891,0,0
35.11,0.037,-0.821,0,0,0,-0.9659,-0.2588,0,0.3,16,16,1.166,0,1
1585.34,0.873,-0.134,0,0,0,-0.5,-0.866,0,0.1,0,1,10.631,0,0
3273.79,0.819,-0.157,0,1,1,0.9659,0.2588,0,0.0,0,1,9.871,1,0
3465.28,0.663,-0.296,0,0,0,-0.7071,-0.7071,0,0.0,0,2,11.004,1,0
17495.46,3.654,2.159,0,1,0,-0.5,0.866,0,0.1,0,2,10.755,1,0
417.35,0.298,-0.54,0,0,0,-0.5,0.866,0,0.1,1,2,7.916,0,0
31.19,0.05,-1.296,0,0,0,-0.866,0.5,0,0.3,11,11,0.45,0,1
1621.11,1.099,0.474,0,0,0,-0.5,-0.866,0,0.0,0,1,10.69,0,0
2376.56,1.205,0.735,0,0,0,-0.9659,0.2588,0,0.0,0,0,12.341,0,0
1386.85,1.164,0.0,0,0,0,0.7071,-0.7071,0,0.0,0,0,12.04,0,0
357.76,0.327,-0.568,0,0,0,-0.2588,-0.9659,0,0.0,0,1,9.75,0,0
198.97,0.211,-0.728,0,0,0,-0.5,-0.866,0,0.0,0,0,11.754,0,0
3207.48,2.551,1.208,0,0,0,-0.9659,0.2588,0,0.0,0,2,9.829,1,0
1163.92,0.652,-0.339,0,0,0,0.2588,-0.9659,0,0.1,0,2,10.081,1,0
779.57,0.239,-0.583,0,0,0,-0.5,-0.866,0,0.1,0,1,10.85,0,0
38.31,0.021,-1.158,0,0,0,-0.2588,-0.9659,3,0.4,13,14,0.897,0,1
1040.15,0.585,-0.407,0,0,1,0.9659,0.2588,0,0.2,0,1,10.566,1,0
767.6,0.727,-0.239,0,0,0,1.0,0.0,0,0.1,0,2,9.844,0,0
2629.37,0.107,0.0,0,0,0,-0.5,-0.866,0,0.5,0,1,9.487,1,0
4806.56,1.057,0.042,0,0,0,0.2588,-0.9659,0,0.0,0,3,9.809,0,1
1512.51,0.304,-0.744,0,0,0,-0.5,0.866,0,0.0,0,0,11.589,0,0
2029.54,0.865,-0.138,0,0,0,-0.5,-0.866,0,0.1,1,2,6.887,0,0
712.09,0.637,-0.391,0,0,0,0.866,-0.5,0,0.1,0,0,11.425,0,0
297.67,0.816,-0.171,0,0,0,-0.2588,-0.9659,0,0.0,0,0,12.527,1,0
2173.68,1.998,4.415,0,0,0,-0.9659,-0.2588,0,0.0,0,1,11.197,0,0
1326.27,0.764,-0.298,0,0,0,-0.7071,0.7071,0,0.0,0,0,11.841,1,0
3755.84,0.601,-0.305,0,0,0,-0.2588,0.9659,0,0.0,0,1,11.118,0,0
1598.97,0.844,0.0,1,1,0,0.7071,-0.7071,0,0.0,0,0,13.921,1,0
4024.55,1.317,0.67,0,0,1,0.0,1.0,0,0.25,3,3,3.59,2,1
1783.52,1.484,1.27,0,0,0,-0.2588,-0.9659,0,0.1,0,1,10.973,1,0
2331.01,0.503,-0.413,0,0,0,0.866,-0.5,0,0.1,0,3,9.876,1,0
3110.97,1.011,0.01,0,0,0,-0.5,-0.866,0,0.0,0,1,10.551,0,0
10501.39,6.597,9.886,0,0,0,-0.7071,-0.7071,1,0.2,0,0,12.661,2,0
474.94,0.306,-0.572,0,0,0,-0.7071,-0.7071,0,0.0,0,3,9.201,1,0
2705.99,1.045,0.067,0,0,0,-0.5,0.866,0,0.111,0,0,13.15,0,0
428.97,1.0,0.0,0,0,0,0.7071,-0.7071,0,0.0,0,0,14.768,0,0
171.11,0.137,-0.824,0,0,0,-0.5,-0.866,0,0.0,0,0,12.187,1,0
3537.28,0.743,-0.198,0,0,0,-1.0,-0.0,0,0.1,1,2,7.6,0,0
22.49,0.043,-0.938,0,0,0,-0.866,0.5,0,0.143,3,3,1.126,1,1
485.6,0.665,-0.843,0,0,0,-0.7071,-0.7071,0,0.0,0,3,9.645,0,0
2163.36,0.366,-0.646,0,0,0,-0.5,0.866,0,0.0,0,2,10.212,0,0
782.38,0.201,-0.702,0,0,0,0.7071,-0.7071,0,0.0,0,0,14.213,0,0
284.69,0.763,-0.096,0,0,0,0.7071,-0.7071,1,0.4,0,0,12.061,0,0
1363.41,0.746,-2.538,0,0,0,0.0,-1.0,0,0.0,0,1,10.16,0,0
283.38,0.49,-0.563,0,0,0,0.5,-0.866,0,0.0,0,1,10.619,1,1
4125.92,0.748,-0.214,0,0,0,0.7071,-0.7071,0,0.0,0,2,8.692,1,0
17205.87,3.311,1.118,0,0,1,0.5,0.866,0,0.1,2,3,5.149,1,1
2173.03,2.672,1.407,0,0,0,-0.5,0.866,0,0.1,0,1,10.741,1,0
1613.38,0.476,-0.635,0,1,0,0.866,-0.5,0,0.1,0,2,9.688,0,0
669.89,0.459,-0.453,0,0,0,-0.866,-0.5,0,0.0,0,1,10.235,1,0
44.2,0.032,-0.715,0,0,0,1.0,0.0,4,0.6,14,14,2.812,0,1
1274.33,1.555,0.437,0,0,0,0.2588,-0.9659,0,0.0,0,0,11.517,0,0
494.11,0.239,-0.72,0,0,0,1.0,0.0,0,0.0,0,0,11.825,0,0
1967.0,2.584,0.0,0,0,0,0.2588,-0.9659,0,0.0,0,0,11.643,0,1
17.75,0.022,-0.6,0,0,0,-0.7071,0.7071,0,0.4,22,23,3.264,0,1
3186.28,0.844,-0.116,0,0,0,-0.7071,-0.7071,0,0.3,0,1,11.007,0,0
14992.36,35.95,15.0,0,0,1,0.7071,0.7071,2,0.5,1,15,6.97,1,1
1799.98,1.211,0.585,0,0,0,0.0,-1.0,0,0.0,0,0,11.497,0,0
317.21,0.472,-0.424,0,0,0,0.0,-1.0,0,0.0,0,1,10.762,0,0
3414.12,1.563,0.317,1,0,0,0.0,-1.0,0,0.3,1,6,7.88,1,0
1167.02,1.023,0.041,0,0,0,-0.7071,0.7071,0,0.1,0,2,10.144,0,0
8596.03,1.63,0.892,0,0,0,-0.2588,0.9659,0,0.0,1,1,5.976,2,1
873.04,1.022,0.14,0,0,0,0.7071,-0.7071,0,0.0,0,1,11.233,0,0
149966.17,19.291,8.715,0,0,0,-0.866,-0.5,0,0.0,0,11,8.354,0,1
9373.76,4.94,8.044,0,0,1,0.9659,0.2588,0,0.111,0,0,12.976,2,0
1116.24,1.0,0.0,0,0,0,-0.866,-0.5,0,0.0,0,0,14.768,0,0
927.16,0.227,-0.683,0,0,0,0.2588,-0.9659,0,0.0,0,0,12.186,0,0
3202.22,2.753,1.414,0,0,0,-0.5,0.866,0,0.2,0,29,9.676,1,0
520.48,0.485,-0.459,0,0,0,0.0,-1.0,0,0.1,0,0,11.852,0,0
694.03,0.316,-0.602,0,0,0,0.7071,-0.7071,0,0.1,0,0,12.843,0,0
293.54,0.103,-1.58,0,0,0,-0.2588,0.9659,0,0.2,0,0,11.373,0,0
1450.03,0.328,-0.549,0,0,0,-0.866,-0.5,1,0.1,0,0,12.09,0,0
1088.55,0.764,-0.237,0,0,0,-0.7071,0.7071,0,0.0,0,1,9.107,1,0
1643.9,0.913,-0.073,0,0,1,0.9659,0.2588,0,0.1,0,1,11.199,0,0
2061.62,1.04,0.041,0,0,0,-0.866,0.5,0,0.125,0,0,12.213,1,0
307.82,0.432,-0.938,0,0,0,0.866,-0.5,0,0.0,0,3,10.615,0,0
1034.31,1.51,1.604,0,0,0,0.7071,-0.7071,0,0.0,0,0,11.716,0,0
14173.15,1.987,1.064,0,0,0,-0.5,0.866,0,0.0,1,1,7.6,3,1
582.3,0.457,-0.392,0,0,0,0.866,-0.5,0,0.1,0,0,12.322,0,0
15000.52,16.336,12.304,1,1,1,0.2588,0.9659,0,0.0,0,1,10.154,1,1
3797.77,0.714,-0.25,0,0,0,-0.2588,-0.9659,0,0.0,0,0,12.609,1,0
510.78,0.392,-0.429,0,0,0,-0.7071,0.7071,1,0.2,1,1,8.039,0,0
2223.9,0.833,-0.427,0,0,0,-0.9659,0.2588,0,0.0,0,1,10.996,1,0
682.26,0.145,-0.645,0,0,0,-0.866,0.5,0,0.1,0,3,9.064,3,0
52.05,0.152,-0.885,0,1,0,-0.9659,0.2588,0,0.2,3,3,1.142,0,1
2064.38,3.997,0.0,0,0,0,-0.9659,0.2588,0,0.5,1,2,5.198,1,0
1187.93,0.538,-0.523,0,0,0,-0.2588,-0.9659,0,0.0,0,0,11.701,0,0
6285.26,1.53,0.848,0,0,1,0.5,0.866,0,0.0,2,2,7.379,3,1
2027.99,0.5,-0.358,0,0,0,0.0,-1.0,0,0.6,0,19,8.63,1,0
58.41,0.243,-0.421,0,0,0,-0.866,0.5,0,0.3,14,14,1.923,1,1
3720.28,1.17,1.016,0,0,0,-0.9659,0.2588,0,0.0,0,0,11.404,0,0
3859.44,1.24,0.809,0,0,0,-0.7071,-0.7071,0,0.333,2,2,7.67,3,1
2700.64,0.783,-0.196,0,0,0,-0.5,0.866,0,0.1,0,0,11.522,0,0
1226.27,1.017,0.0,0,0,0,-0.9659,0.2588,0,0.0,0,1,11.016,0,0
4020.63,1.537,1.266,1,0,0,-0.9659,0.2588,0,0.0,1,3,6.938,0,0
4115.27,9.784,0.0,0,0,0,-1.0,-0.0,0,0.0,0,1,11.094,1,0
1339.45,1.029,0.025,0,0,0,0.9659,-0.2588,0,0.0,0,2,9.855,0,0
367.0,0.554,-0.41,0,0,0,0.0,-1.0,0,0.0,0,1,10.36,1,0
4676.4,0.903,0.0,0,0,0,-0.2588,0.9659,1,1.0,0,1,10.804,0,0
3342.44,1.276,0.726,0,0,0,-0.9659,0.2588,0,0.0,0,2,9.542,1,0
2562.79,0.414,-0.497,0,0,0,-0.866,0.5,0,0.1,0,1,10.454,1,0
210.15,0.342,-1.195,0,0,0,0.7071,-0.7071,0,0.0,0,0,13.257,1,0
823.72,0.542,-1.514,0,0,0,0.2588,-0.9659,0,0.111,0,1,11.101,1,0
6186.69,1.115,0.306,0,0,0,-1.0,-0.0,0,0.167,2,5,7.09,2,1
959.22,0.23,-0.748,0,0,0,-1.0,-0.0,0,0.0,0,1,10.178,0,0
2609.84,0.732,-0.242,0,0,0,-0.866,0.5,0,0.1,0,3,9.62,2,0
1840.47,0.31,-0.584,0,0,0,-0.866,0.5,0,0.1,0,2,10.049,1,0
1.48,0.002,-0.883,0,1,0,0.2588,-0.9659,1,0.1,3,7,2.481,1,1
247.51,0.642,-0.825,1,0,0,0.2588,-0.9659,0,0.0,0,2,10.58,2,0
1587.82,0.848,-0.149,0,0,0,-0.5,0.866,0,0.2,0,4,10.466,0,0
1280.24,2.083,2.078,0,0,0,-0.9659,-0.2588,0,0.1,0,1,10.866,0,0
3790.33,0.686,-0.181,0,0,0,-0.5,-0.866,0,0.3,0,0,12.907,0,0
8956.73,1.743,0.958,0,0,1,0.5,0.866,0,0.143,1,4,7.047,2,1
1681.61,0.342,-0.564,0,0,0,-0.2588,-0.9659,0,0.0,0,0,11.728,1,0
12126.64,2.725,1.678,0,0,0,-0.866,0.5,0,0.0,0,2,10.477,1,0
851.73,1.228,0.558,0,0,0,0.9659,-0.2588,0,0.2,0,1,10.897,1,0
440.37,0.247,-0.714,0,0,0,0.5,-0.866,0,0.1,0,0,11.749,1,0
1187.86,1.202,0.145,0,0,0,0.9659,-0.2588,0,0.2,0,2,9.294,0,0
721.15,0.469,-0.496,1,0,0,0.0,-1.0,0,0.0,0,1,10.853,0,0
1623.28,2.92,1.753,1,0,0,-0.5,0.866,0,0.125,0,0,12.918,0,0
6198.74,2.918,1.736,0,0,0,0.9659,-0.2588,0,0.0,0,1,9.803,1,0
1296.23,0.198,0.0,0,0,0,0.5,-0.866,0,0.0,0,1,10.501,1,0
844.54,0.795,-0.155,0,0,0,0.0,-1.0,0,0.0,1,1,7.839,0,0
1210.51,0.659,-0.285,0,1,0,0.866,-0.5,0,0.1,0,4,9.784,0,0
1767.38,0.846,-0.173,1,0,0,-0.9659,-0.2588,0,0.0,0,0,11.449,1,0
1578.75,2.431,1.45,0,0,0,-0.2588,-0.9659,0,0.1,0,0,13.511,0,0
1168.15,0.329,-0.593,0,0,0,-0.866,-0.5,0,0.1,0,1,11.028,1,0
4201.04,0.726,-0.198,0,0,0,-0.9659,0.2588,0,0.0,0,0,13.389,0,0
1417.75,0.554,-0.397,0,0,0,-0.2588,-0.9659,0,0.2,0,0,11.514,1,0
37.58,0.021,-1.193,0,0,1,0.7071,0.7071,0,0.3,12,13,3.551,2,1
1624.96,1.306,0.0,0,0,0,1.0,0.0,0,0.0,0,1,11.051,1,0
2992.16,0.736,-0.41,0,0,0,-0.9659,-0.2588,0,0.0,0,0,11.556,0,0
8.37,0.009,-0.661,0,0,0,-0.7071,0.7071,0,0.6,18,19,4.117,0,1
7841.54,4.223,2.648,0,0,0,0.9659,-0.2588,0,0.0,1,1,7.731,1,0
2070.13,0.392,-0.484,0,0,0,0.2588,-0.9659,0,0.5,0,2,10.095,0,0
385.84,1.163,0.436,0,0,0,-0.9659,0.2588,0,0.125,0,1,10.118,2,0
1332.75,1.0,0.0,0,0,0,-0.2588,0.9659,0,0.0,0,0,14.768,0,0
262.0,0.921,-0.188,0,0,0,0.0,-1.0,0,0.0,0,2,10.932,0,0
52.64,0.168,-0.854,0,0,1,0.9659,0.2588,0,0.1,5,5,1.25,0,1
184.96,0.34,-0.621,0,0,0,0.5,-0.866,0,0.1,0,0,12.088,0,0
827.94,1.0,0.0,0,0,0,0.2588,-0.9659,0,0.0,0,0,14.768,1,0
925.62,1.24,1.92,0,0,0,0.0,-1.0,0,0.0,0,2,9.146,0,0
590.85,0.412,-4.431,0,0,0,0.0,-1.0,0,0.0,0,2,8.493,1,0
3125.93,4.455,5.931,0,0,0,0.2588,-0.9659,0,0.1,0,3,10.647,1,0
6702.0,1.203,0.474,0,0,0,-1.0,-0.0,0,0.167,1,5,7.857,2,1
390.61,0.387,-0.789,0,0,0,-0.5,-0.866,0,0.0,0,1,10.949,2,0
551.51,0.19,-0.705,0,0,0,-1.0,-0.0,0,0.1,0,4,8.964,1,0
4716.8,0.832,-0.113,0,0,0,-0.2588,-0.9659,0,0.0,0,0,12.535,0,0
1739.89,1.958,0.7,0,0,1,0.7071,0.7071,0,0.0,0,3,10.889,0,0
2396.5,0.66,-0.302,0,0,0,-0.866,0.5,0,0.1,0,0,12.406,0,0
1696.19,0.666,-0.272,0,0,0,-0.9659,0.2588,0,0.2,0,0,11.909,0,0
633.86,0.626,-1.066,0,0,0,-0.9659,-0.2588,0,0.0,0,0,12.984,0,0
1073.26,0.177,-0.552,0,0,0,-0.9659,-0.2588,0,0.0,1,1,7.928,0,0
3894.71,0.56,-0.453,0,0,0,0.0,-1.0,0,0.0,0,2,10.493,1,0
1156.35,0.127,-1.202,0,0,0,-0.2588,0.9659,0,0.0,0,2,8.406,1,0
872.4,1.05,0.171,0,0,0,0.0,-1.0,0,0.143,0,0,11.438,0,0
702.29,0.318,-0.569,0,1,1,0.9659,0.2588,0,0.0,0,0,11.416,1,0
1092.49,0.491,-0.536,0,0,0,-1.0,-0.0,0,0.1,0,1,10.284,0,0
428.13,0.849,-0.132,0,0,0,-0.7071,0.7071,0,0.0,0,1,10.9,0,0
3786.3,0.767,-0.207,0,0,0,-0.9659,-0.2588,0,0.1,0,2,10.263,0,0
37169.38,7.051,6.993,0,0,0,-0.9659,0.2588,0,0.0,0,0,11.388,1,0
207.57,0.419,-0.463,0,0,0,-0.7071,0.7071,0,0.1,0,1,10.31,1,0
248.8,0.268,-0.779,0,0,0,0.0,-1.0,0,0.0,0,1,9.409,0,0
2871.84,1.222,0.226,0,0,0,-0.9659,0.2588,0,0.0,0,1,9.048,0,0
1201.42,0.885,-0.109,0,0,0,-0.5,-0.866,0,0.2,1,2,5.198,1,0
3444.82,0.455,-0.415,0,0,0,-0.5,-0.866,0,0.0,0,2,10.835,0,0
416.49,0.899,-0.078,0,0,0,-0.5,0.866,0,0.0,0,1,10.611,1,0
661.42,0.187,-0.661,0,0,0,-0.5,-0.866,0,0.0,0,0,12.528,1,0
416.02,0.52,-0.717,0,0,0,0.2588,-0.9659,0,0.0,0,0,11.519,0,0
1650.81,0.55,-0.431,0,0,0,-0.7071,0.7071,0,0.1,0,2,9.538,1,0
562.46,0.231,-0.739,0,0,0,0.0,-1.0,0,0.0,0,1,11.152,1,0
1090.89,0.342,-0.513,0,0,0,-0.2588,0.9659,0,0.0,0,2,9.076,0,0
2330.3,1.0,0.0,0,0,0,-0.2588,0.9659,0,0.0,0,0,14.768,0,0
353.59,0.335,0.0,1,1,0,0.5,-0.866,0,0.0,0,1,11.261,1,0
554.79,0.569,-1.287,0,0,0,-0.866,-0.5,0,0.1,0,0,11.693,1,0
1799.42,0.547,-0.35,0,0,0,-0.9659,0.2588,1,0.1,0,3,10.221,0,0
434.38,0.759,-0.187,0,0,0,-0.7071,0.7071,0,0.0,0,2,8.839,0,0
2925.15,0.454,-0.405,0,0,0,-0.866,0.5,0,0.0,0,0,11.461,0,0
5075.51,0.835,-0.11,0,0,0,0.2588,-0.9659,0,0.0,0,0,12.703,0,0
1229.2,1.0,0.0,0,0,0,-0.5,-0.866,0,0.0,0,0,14.768,0,0
301.93,0.641,-0.748,0,0,1,0.5,0.866,0,0.0,0,1,8.529,1,0
6560.99,2.423,1.776,0,0,0,-1.0,-0.0,0,0.0,1,1,6.211,4,1
237.81,0.24,-0.616,0,0,0,0.9659,-0.2588,0,0.0,0,0,12.499,0,0
1965.06,0.425,-0.559,0,0,0,-0.5,-0.866,0,0.0,0,2,11.131,0,1
2109.27,3.324,1.751,0,0,0,-0.866,0.5,0,0.0,0,1,10.373,1,0
19.87,0.033,-0.71,0,1,0,-0.2588,-0.9659,0,0.0,8,8,2.654,1,1
56.69,0.155,-0.402,0,0,0,-0.2588,-0.9659,0,0.4,20,20,3.54,0,1
11.57,0.012,-0.825,0,0,1,0.9659,0.2588,4,0.8,13,14,0.076,0,1
3729.83,1.873,1.632,1,0,0,-0.2588,-0.9659,0,0.0,0,0,12.476,1,0
499.31,0.433,-0.609,0,0,0,0.0,-1.0,0,0.1,0,3,10.206,1,0
9845.72,5.549,4.015,0,0,0,0.7071,-0.7071,0,0.0,0,0,11.415,1,1
1575.43,0.785,-0.216,0,0,0,0.0,-1.0,0,0.0,0,0,12.449,0,0
964.36,1.203,0.0,1,0,0,-0.7071,0.7071,0,0.0,1,1,5.198,1,0
60423.57,11.496,6.906,0,0,1,0.2588,0.9659,0,0.1,1,2,7.428,2,1
28.78,0.092,-0.869,0,0,0,-0.7071,-0.7071,0,0.1,3,3,2.933,1,1
255.73,0.722,-0.271,0,0,0,-0.7071,-0.7071,0,0.0,0,1,11.336,1,0
613.62,0.228,-0.722,0,0,0,0.9659,-0.2588,0,0.0,0,1,10.547,0,0
1155.0,0.328,-0.505,0,0,0,-1.0,-0.0,0,0.1,0,1,11.272,0,0
478.92,0.245,-0.763,0,0,0,-1.0,-0.0,1,0.2,0,2,10.165,0,0
4403.64,1.325,0.797,0,0,0,0.866,-0.5,0,0.143,0,0,12.252,0,0
1156.14,1.039,0.026,1,0,0,-0.2588,0.9659,0,0.3,0,1,11.249,0,0
901.66,0.596,-0.329,0,0,0,0.9659,-0.2588,0,0.0,0,3,10.702,1,0
1233.57,0.912,-0.079,0,0,0,0.5,-0.866,0,0.4,0,0,11.646,1,0
763.08,0.465,-0.458,0,0,0,-1.0,-0.0,0,0.0,0,1,10.593,1,0
4168.06,8.208,11.984,0,0,0,-0.2588,0.9659,0,0.0,0,1,10.511,1,0
7040.19,1.638,0.495,0,0,0,0.7071,-0.7071,0,0.1,0,1,10.088,0,0
1448.78,0.887,-0.108,0,0,0,1.0,0.0,0,0.2,0,2,10.873,2,0
2303.53,0.345,-0.498,0,0,0,0.5,-0.866,0,0.0,0,0,11.421,1,0
2457.09,1.231,0.168,0,0,0,-0.5,-0.866,0,0.0,0,0,11.664,2,0
932.29,0.238,-1.039,0,0,0,-0.7071,0.7071,0,0.25,0,0,12.24,1,0
3959.75,1.28,0.471,0,0,0,-0.7071,-0.7071,0,0.0,0,3,10.236,0,0
1992.12,0.904,-0.221,0,0,0,0.2588,-0.9659,0,0.2,0,0,11.414,0,0
1354.31,0.447,0.0,0,0,0,-0.9659,0.2588,0,0.0,0,0,12.887,0,0
408.13,0.624,-0.283,0,0,0,-0.866,-0.5,0,0.1,0,1,10.462,0,0
611.44,0.741,-0.199,0,0,0,-0.9659,-0.2588,0,0.0,0,1,10.281,0,0
1119.99,0.279,-0.663,0,0,0,0.0,-1.0,0,0.0,0,1,11.161,0,0
1206.44,1.16,0.36,0,0,0,0.2588,-0.9659,0,0.167,0,1,11.179,1,0
387.7,0.801,-0.411,0,0,0,-0.2588,-0.9659,0,0.0,0,1,10.819,0,0
296.59,0.133,-2.616,0,0,0,-0.9659,-0.2588,0,0.0,0,2,10.215,2,0
2122.05,0.596,-0.349,0,0,0,-0.866,0.5,0,0.1,0,0,11.617,0,0
1868.8,2.176,2.299,0,0,0,1.0,0.0,0,0.1,0,2,10.638,1,0
8692.42,14.232,15.0,0,0,0,0.9659,-0.2588,2,0.5,0,2,8.247,4,1
1000.43,0.321,-0.523,0,0,0,-0.7071,0.7071,0,0.0,0,2,9.581,0,0
269.87,0.529,-0.449,0,0,0,-0.2588,-0.9659,0,0.0,0,2,10.756,0,0
6645.36,9.017,6.784,1,0,0,-0.9659,-0.2588,0,0.1,0,5,8.286,0,1
775.25,0.959,-0.055,0,1,0,-0.866,0.5,0,0.0,0,3,10.278,0,0
18.81,0.024,-0.624,0,0,0,-1.0,-0.0,2,0.5,9,9,0.267,0,1
4324.59,0.546,-0.406,0,0,0,-0.2588,0.9659,0,0.0,0,0,11.797,0,0
976.67,0.722,-0.222,0,1,0,-0.9659,0.2588,0,0.1,0,1,10.094,0,0
1277.4,0.535,-0.444,0,0,0,-0.7071,0.7071,0,0.1,0,1,10.593,0,0
1609.05,1.218,0.218,0,0,0,0.9659,-0.2588,0,0.0,0,0,12.39,2,0
37.4,0.126,-0.798,0,0,0,-0.7071,-0.7071,0,0.0,4,4,1.713,1,1
3581.86,2.451,1.961,0,0,0,-1.0,-0.0,0,0.0,0,0,12.093,0,0
10345.8,3.279,2.239,0,0,0,-1.0,-0.0,0,0.0,0,1,10.876,1,0
8943.11,1.486,0.794,0,0,1,0.5,0.866,1,0.125,1,5,7.426,2,1
2231.92,1.0,0.0,0,0,0,0.5,-0.866,0,0.0,0,0,14.768,0,0
1252.72,0.416,-0.327,0,0,0,-1.0,-0.0,2,0.4,0,1,11.091,1,0
1116.77,0.313,-0.664,0,0,0,-0.866,0.5,0,0.2,0,0,13.144,1,0
2485.97,0.572,-0.401,0,0,0,0.2588,-0.9659,0,0.1,0,1,10.962,0,0
4239.63,3.556,8.471,1,0,1,0.0,1.0,0,0.0,0,0,11.956,2,1
1281.16,0.823,-0.569,0,0,0,0.866,-0.5,0,0.0,0,2,10.698,0,0
1639.29,0.323,-0.92,0,0,0,-0.2588,-0.9659,0,0.0,0,1,8.945,0,0
3878.4,0.614,-0.302,0,0,0,-0.866,0.5,0,0.0,0,1,9.943,0,0
14724.04,6.705,0.0,1,1,0,0.5,-0.866,0,0.0,0,0,13.716,4,1
29.4,0.01,-0.76,0,0,0,-0.866,-0.5,0,0.3,10,11,3.245,0,1
3797.62,1.779,1.775,0,0,0,0.5,-0.866,0,0.286,0,0,12.448,1,0
204.16,0.549,0.0,0,0,0,-0.5,-0.866,0,0.0,0,1,9.313,1,0
810.79,0.511,-0.422,0,0,0,-0.2588,-0.9659,0,0.0,0,0,11.677,0,0
85841.09,13.144,6.826,0,0,0,-0.9659,0.2588,0,0.3,0,11,8.891,0,1
1238.1,0.482,-0.324,0,0,0,-0.866,-0.5,0,0.2,0,30,10.544,0,0
1325.82,0.685,-0.311,0,0,0,-0.7071,-0.7071,0,0.3,0,1,9.996,2,0
142754.8,22.797,11.855,0,0,0,-0.2588,0.9659,0,0.0,1,2,7.599,1,1
2034.89,1.142,0.124,0,0,0,-0.9659,-0.2588,0,0.1,0,0,11.39,0,0
613.63,0.217,-0.535,0,0,0,0.5,-0.866,0,0.167,0,0,11.429,0,0
1699.04,0.587,-0.4,1,0,0,-1.0,-0.0,0,0.0,0,0,13.337,0,0
9443.59,5.096,4.032,0,0,0,0.866,-0.5,0,0.1,0,0,11.713,1,0
4264.05,0.596,-0.392,0,0,0,-0.2588,0.9659,0,0.0,0,2,9.574,0,0
739.96,0.277,-1.075,0,0,0,-0.7071,-0.7071,0,0.0,0,3,9.485,3,0
2740.98,0.571,-0.309,0,0,0,-0.7071,0.7071,0,0.0,0,0,12.501,0,0
5591.24,11.38,15.0,0,0,0,-0.866,-0.5,0,0.0,0,0,12.39,1,0
1623.59,0.641,-0.252,0,0,0,0.7071,-0.7071,0,0.0,0,3,10.386,1,0
816.34,0.514,0.0,1,1,0,-0.7071,0.7071,0,0.0,0,0,13.752,0,0
2005.28,2.557,3.004,0,0,0,-0.5,-0.866,0,0.1,0,1,9.977,1,0
533.45,0.663,-0.82,0,0,0,0.866,-0.5,0,0.0,0,2,8.677,2,0
244.7,0.292,0.0,0,0,0,1.0,0.0,0,0.0,0,1,10.703,0,0
1482.74,0.99,-0.028,0,0,0,0.7071,-0.7071,0,0.25,0,1,10.296,2,0
2088.78,2.934,1.33,0,0,0,-0.7071,0.7071,0,0.2,0,0,11.689,0,0
582.58,0.328,-1.262,0,0,0,0.0,-1.0,0,0.0,0,0,11.778,0,0
241.18,0.288,-0.667,0,0,0,-0.9659,0.2588,0,0.0,0,1,10.08,0,0
1101.29,1.507,1.455,0,0,0,-0.7071,0.7071,0,0.0,0,1,10.795,0,0
15792.66,6.299,4.646,0,0,0,-0.2588,-0.9659,0,0.1,0,0,12.026,1,0
687.35,0.455,0.0,0,0,0,-0.5,0.866,0,0.0,0,0,12.641,0,0
27.29,0.012,-0.747,0,0,0,0.866,-0.5,0,0.2,16,18,1.833,1,1
11953.94,4.329,2.867,1,0,0,-0.7071,-0.7071,0,0.0,0,1,10.89,0,0
1622.61,0.217,-0.634,0,0,0,0.2588,-0.9659,0,0.0,0,2,8.839,1,0
812.03,1.103,0.444,0,0,0,0.9659,-0.2588,0,0.0,0,0,13.354,0,0
677.09,0.337,-0.491,0,0,0,0.866,-0.5,0,0.0,0,1,10.169,2,0
3293.62,0.891,-0.08,0,0,0,-0.7071,-0.7071,0,0.1,0,1,11.039,0,0
16.63,0.011,-0.462,0,0,0,0.9659,-0.2588,1,0.4,25,25,2.799,1,1
554.9,0.188,-0.924,0,0,0,-0.866,0.5,0,0.0,0,1,11.126,0,0
870.44,0.245,-0.599,0,0,0,-0.866,0.5,0,0.0,0,4,10.132,0,0
1716.35,0.837,-0.205,0,0,0,-0.7071,-0.7071,0,0.0,0,2,10.901,0,0
199.55,0.96,-0.043,0,0,0,-0.2588,-0.9659,0,0.0,0,1,11.174,0,0
6589.78,4.199,8.14,1,1,0,-0.5,0.866,0,0.0,0,0,12.284,3,1
6.7,0.069,-0.473,0,0,0,-0.9659,0.2588,0,0.2,24,24,4.124,0,1
1909.15,0.32,-0.564,0,0,0,-0.2588,0.9659,0,0.1,0,0,11.448,1,0
2580.98,0.401,-0.588,1,0,0,-0.866,0.5,0,0.0,0,0,11.811,0,0
1661.57,0.295,-0.721,0,0,0,0.0,-1.0,0,0.1,0,2,8.9,1,0
2054.0,0.762,-0.189,0,0,0,-0.7071,0.7071,0,0.0,0,0,11.982,0,0
504.3,0.75,-0.577,0,0,0,0.9659,-0.2588,0,0.2,0,1,9.875,0,0
25.34,0.088,-0.87,0,0,1,0.9659,0.2588,0,0.3,10,10,3.739,0,1
2258.77,0.604,-0.348,0,0,0,-0.2588,0.9659,0,0.1,0,2,10.406,1,0
857.88,0.637,-5.0,0,0,0,0.5,-0.866,0,0.0,0,2,11.315,0,0
7950.78,3.8,12.897,0,0,0,-0.2588,0.9659,0,0.0,0,0,12.381,0,0
1668.83,0.742,-0.202,0,0,0,0.9659,-0.2588,0,0.0,0,1,10.589,1,0
2336.88,0.669,-0.273,0,0,0,-0.2588,-0.9659,0,0.0,0,12,10.415,1,0
657.01,0.385,-0.553,0,0,0,-0.9659,0.2588,0,0.1,0,1,10.393,1,0
3623.1,0.416,0.0,0,0,0,-0.9659,0.2588,2,0.667,0,1,11.09,0,0
5587.21,0.856,-0.091,1,0,0,0.2588,-0.9659,0,0.0,0,0,12.126,2,0
842.06,1.824,1.672,0,0,0,0.2588,-0.9659,0,0.0,0,2,10.705,0,0
1762.1,1.403,0.849,0,0,0,-0.9659,-0.2588,0,0.0,0,0,13.128,0,0
3150.27,0.263,-0.897,0,0,0,-0.5,0.866,0,0.0,0,1,10.692,0,0
255.94,0.726,-0.201,0,0,0,-0.2588,-0.9659,0,0.1,0,0,11.496,1,0
1294.29,0.591,-0.351,0,0,0,-0.2588,-0.9659,0,0.2,0,1,9.909,1,0
648.34,0.67,0.0,0,0,0,-0.2588,0.9659,1,0.5,0,0,12.67,1,0
2506.02,0.973,-0.024,1,0,0,-1.0,-0.0,0,0.1,0,3,10.345,0,0
872.62,0.313,-0.577,0,0,0,-0.9659,0.2588,0,0.0,0,1,11.285,0,0
3084.16,2.674,4.522,0,0,0,0.866,-0.5,0,0.0,1,3,5.198,1,0
2661.5,1.562,0.673,0,0,0,0.2588,-0.9659,1,0.1,0,0,11.457,0,0
304.96,0.516,-0.372,0,0,0,-1.0,-0.0,0,0.1,0,0,12.36,0,0
218.46,0.273,-0.615,0,0,0,0.0,-1.0,1,0.1,0,1,9.241,0,0
350.68,1.114,15.0,0,0,0,0.0,-1.0,0,0.0,0,1,10.414,0,0
239.2,0.351,-0.622,0,0,0,-0.5,0.866,0,0.2,0,0,11.948,1,0
315.87,0.947,-0.381,0,0,0,-0.9659,-0.2588,0,0.0,0,0,13.327,1,0
3026.36,1.43,0.391,0,0,0,-0.9659,0.2588,0,0.0,0,1,11.307,0,0
665.14,0.469,-0.782,0,1,0,-0.7071,-0.7071,0,0.1,0,0,13.347,1,0
1294.93,0.819,-0.189,0,0,0,0.866,-0.5,0,0.0,0,2,8.708,1,0
1163.88,1.42,0.309,0,0,1,0.866,0.5,0,0.0,0,1,9.458,0,0
25725.69,8.781,4.36,0,0,1,0.7071,0.7071,0,0.0,1,5,8.12,2,1
2357.31,0.844,-0.425,0,0,0,-0.5,-0.866,0,0.0,0,1,10.134,0,0
521.42,0.4,-0.423,0,0,0,-0.9659,0.2588,0,0.0,0,0,11.375,0,0
550.9,0.325,-0.52,0,0,0,0.0,-1.0,0,0.3,0,0,12.531,0,0
572.67,0.861,-0.116,0,0,0,-0.2588,0.9659,0,0.143,0,1,10.882,2,0
33.12,0.055,-0.606,0,0,0,-0.2588,-0.9659,1,0.3,8,8,2.833,0,1
13807.54,1.868,0.968,0,0,1,0.866,0.5,1,0.2,3,3,4.587,2,1
487.94,0.152,-0.668,0,0,0,-0.5,0.866,0,0.0,0,0,11.833,0,0
2178.93,1.0,0.0,0,0,0,-0.866,0.5,0,0.0,0,0,14.768,1,0
14.0,0.007,-0.572,0,1,0,0.9659,-0.2588,0,0.2,15,15,2.453,1,1
1360.24,0.292,-1.438,0,0,0,-0.5,0.866,1,0.25,0,1,10.197,1,0
401.48,0.415,-0.539,0,0,0,-0.9659,0.2588,0,0.0,0,1,11.003,1,0
431.45,0.144,-0.769,0,0,0,-0.9659,0.2588,0,0.0,0,0,12.033,2,1
556.76,0.596,-1.127,0,0,0,-0.2588,-0.9659,0,0.0,0,0,11.725,1,0
3887.08,1.605,0.953,0,0,0,0.7071,-0.7071,0,0.167,3,3,7.125,2,1
50.01,0.065,-0.469,0,0,0,0.0,-1.0,0,0.0,24,26,1.729,1,1
2515.11,0.964,-0.033,0,0,0,-0.7071,0.7071,0,0.0,0,0,13.201,0,0
711.07,0.624,-0.456,0,0,0,-0.866,0.5,0,0.286,0,4,10.355,0,0
1023.11,0.402,-0.556,0,0,0,-0.7071,0.7071,0,0.2,0,3,10.071,0,0
13301.05,2.801,1.642,0,0,0,-0.2588,-0.9659,1,0.2,0,1,10.787,0,0
79.31,0.92,-0.059,0,0,0,-0.866,-0.5,0,0.6,0,1,11.233,0,0
1527.61,0.546,-0.334,0,0,0,0.2588,-0.9659,0,0.0,0,1,11.303,0,0
478.17,0.87,-0.138,0,0,0,-0.7071,0.7071,0,0.2,0,1,10.19,0,0
328.01,0.653,-0.361,0,0,1,0.866,0.5,0,0.1,0,2,11.082,1,0
1403.74,0.209,-0.625,0,0,0,-0.866,-0.5,0,0.0,0,2,9.481,0,0
3074.16,1.534,8.706,0,0,0,-0.9659,-0.2588,0,0.0,0,2,9.561,0,0
3784.08,0.647,-0.289,0,0,0,-0.2588,-0.9659,0,0.0,0,2,10.099,0,0
1704.34,0.909,-0.074,0,0,0,-0.866,0.5,0,0.1,0,2,11.32,0,0
955.59,0.339,-1.07,0,0,0,-0.5,-0.866,1,0.125,0,0,13.701,0,0
633.79,1.318,0.311,0,0,0,-0.9659,0.2588,0,0.1,0,2,8.837,1,0
378.0,0.529,-0.371,0,0,0,0.9659,-0.2588,0,0.111,0,1,10.384,0,0
723.53,0.935,-0.244,0,0,0,0.5,-0.866,0,0.0,0,0,12.529,1,0
2053.39,0.9,-0.102,0,0,0,0.9659,-0.2588,0,0.1,0,1,10.64,0,0
39.98,0.22,-1.058,0,0,0,-0.9659,0.2588,3,0.3,10,11,2.811,0,1
2711.51,1.4,0.411,0,0,0,0.5,-0.866,0,0.0,1,4,5.296,0,0
1504.92,0.914,-0.071,0,0,0,1.0,0.0,0,0.0,0,2,10.43,0,0
2094.13,0.477,-0.4,0,0,0,0.2588,-0.9659,1,0.1,0,1,9.308,0,0
608.65,2.072,6.277,0,0,0,-0.2588,0.9659,0,0.0,0,0,12.837,0,0
2398.69,0.326,-0.591,0,0,0,-0.7071,0.7071,0,0.0,0,1,11.213,1,0
48.54,0.148,-0.913,0,1,1,0.9659,0.2588,0,0.1,4,4,1.63,0,1
4373.11,1.665,1.071,0,0,0,-0.7071,0.7071,0,0.0,0,1,10.941,0,0
44.2,0.03,-0.454,0,0,0,0.9659,-0.2588,0,0.3,24,24,1.524,1,1
694.46,1.0,0.0,0,0,0,-0.5,-0.866,0,0.0,0,0,14.768,0,0
6628.34,2.208,2.246,0,0,0,-0.9659,0.2588,0,0.1,0,3,9.521,0,0
540.91,0.552,-0.394,0,0,0,-0.2588,0.9659,0,0.0,1,1,7.483,1,0
7836.18,1.082,0.062,0,0,0,-0.5,0.866,0,0.0,0,1,10.97,0,0
748.88,0.299,-4.663,0,0,0,-0.866,0.5,0,0.333,0,1,11.007,0,0
970.55,0.673,-0.623,0,0,0,0.7071,-0.7071,0,0.111,0,1,9.753,1,0
49.99,0.043,-0.98,0,0,0,-0.9659,-0.2588,0,0.4,8,8,0.585,0,1
505.77,1.009,0.008,0,0,0,-0.2588,0.9659,0,0.0,0,0,11.412,0,0
4844.98,0.983,-0.028,0,0,0,0.866,-0.5,0,0.0,0,1,11.235,1,0
1155.11,0.874,-0.113,0,1,0,-0.7071,-0.7071,0,0.0,0,3,10.729,0,0
311.61,0.686,0.0,0,0,0,-0.9659,0.2588,1,0.5,0,0,11.882,0,0
737.79,0.572,-5.0,0,0,0,0.0,-1.0,0,0.0,0,1,9.815,0,0
1195.27,0.317,-0.523,0,0,0,-0.5,0.866,0,0.3,0,1,10.176,0,0
13719.95,3.512,2.244,1,0,0,-0.7071,0.7071,0,0.0,0,2,10.287,0,0
750.66,0.321,-0.594,0,0,0,-0.866,-0.5,0,0.0,0,2,9.401,0,0
2356.27,1.112,0.093,0,0,0,-0.2588,0.9659,0,0.1,0,1,9.725,0,0
4249.42,2.866,1.474,1,0,0,-0.866,-0.5,1,0.2,0,0,12.722,0,0
3218.51,1.055,0.095,0,0,1,0.9659,0.2588,0,0.125,0,1,11.33,0,0
2246.04,1.829,1.284,0,0,0,0.2588,-0.9659,0,0.0,0,2,10.569,1,0
3105.34,1.0,0.0,0,0,0,-0.9659,0.2588,0,0.0,0,0,14.768,0,0
3770.1,0.654,-0.274,0,0,0,-0.866,-0.5,0,0.1,0,2,8.937,1,0
9364.6,2.094,0.866,0,0,0,-0.7071,-0.7071,0,0.1,0,2,9.747,0,0
6551.13,1.382,0.667,0,0,0,-0.5,0.866,0,0.0,2,2,6.461,3,1
1753.28,3.309,0.0,0,0,0,-1.0,-0.0,1,1.0,0,0,13.093,1,1
4097.4,3.548,2.715,0,0,0,-0.866,0.5,0,0.0,0,0,11.472,1,0
7970.34,3.38,1.719,0,0,0,0.2588,-0.9659,0,0.0,0,0,11.436,0,0
2554.37,1.712,2.408,0,0,0,0.866,-0.5,1,0.333,0,1,9.438,2,0
1105.82,0.414,-0.414,0,0,0,-0.866,0.5,0,0.0,0,0,12.41,1,0
2759.72,1.308,0.23,0,0,0,-1.0,-0.0,0,0.0,1,1,6.52,0,0
23135.12,10.449,15.0,0,0,0,0.0,-1.0,0,0.0,0,0,11.842,0,0
3989.21,0.617,-0.303,0,0,0,0.5,-0.866,0,0.2,0,0,12.657,0,0
882.86,0.631,-0.381,0,0,0,-0.9659,0.2588,0,0.2,0,0,11.701,1,0
1453.28,0.437,-0.501,0,0,0,-0.866,-0.5,0,0.0,0,4,10.697,0,0
4506.94,3.97,6.491,1,0,0,-0.2588,0.9659,0,0.0,0,1,9.19,0,0
2541.65,0.643,-0.285,0,0,0,-1.0,-0.0,0,0.1,0,1,8.193,1,0
7.27,0.008,-0.569,0,0,0,-0.9659,0.2588,0,0.3,14,15,3.473,1,1
59.77,0.035,-0.557,0,0,1,0.866,0.5,0,0.3,22,22,3.013,1,1
263.45,1.573,0.47,0,0,0,0.2588,-0.9659,0,0.1,0,0,11.438,0,0
6459.3,1.061,0.047,0,0,0,-1.0,-0.0,0,0.0,0,1,10.784,0,0
661.45,0.905,-0.042,0,0,0,0.5,-0.866,0,0.2,0,1,9.038,1,0
55.2,0.056,-0.582,0,0,0,-0.9659,0.2588,1,0.2,9,10,1.562,1,1
1328.9,1.382,0.358,0,0,0,-0.5,0.866,0,0.1,0,2,11.224,0,0
600.77,1.0,0.0,0,0,0,-0.9659,0.2588,0,0.0,0,0,14.768,0,0
836.03,0.346,-0.563,0,0,0,-0.2588,-0.9659,1,0.1,0,2,10.117,1,0
424.5,0.593,-0.193,0,0,0,-0.2588,0.9659,1,0.1,1,2,7.168,1,0
46.9,0.09,-0.671,0,0,0,-0.2588,0.9659,0,0.3,23,26,3.687,1,1
441.25,0.721,-0.287,0,0,0,0.0,-1.0,0,0.2,0,1,9.982,0,0
5046.55,0.885,-0.113,1,0,0,-0.9659,0.2588,0,0.0,0,0,11.848,0,0
937.14,0.973,-0.023,0,0,0,-0.7071,0.7071,0,0.0,0,2,11.166,0,0
225.75,0.388,-0.513,0,0,0,0.0,-1.0,0,0.1,0,1,10.204,0,0
674.36,1.0,0.0,0,0,0,-0.866,0.5,0,0.0,0,0,14.768,0,0
1154.46,0.594,-5.0,0,0,0,-0.9659,-0.2588,0,0.25,0,0,11.901,0,0
507.01,1.353,0.4,0,0,0,0.2588,-0.9659,0,0.1,1,2,6.402,0,0
2235.24,1.0,0.0,0,0,0,-0.9659,-0.2588,0,0.0,0,0,14.768,1,0
3500.27,0.947,-0.04,0,0,0,-0.7071,-0.7071,0,0.1,0,0,12.021,0,0
2374.66,2.454,0.0,1,0,0,-0.2588,0.9659,0,0.0,0,1,10.936,3,0
1522.05,0.328,-0.289,0,0,0,-0.7071,0.7071,0,0.2,0,0,11.632,1,0
4478.94,4.215,8.472,0,0,0,0.0,-1.0,0,0.0,0,0,12.251,1,0
838.15,0.783,-0.591,0,0,0,-0.2588,0.9659,0,0.0,0,0,11.422,0,0
1188.84,1.206,0.33,0,0,0,0.0,-1.0,0,0.0,0,0,12.026,1,0
290.99,0.446,-0.509,0,0,0,1.0,0.0,0,0.0,0,1,10.273,0,1
1906.9,1.0,0.0,0,0,0,-0.9659,-0.2588,0,0.0,0,0,14.768,0,0
4.22,0.002,-0.818,0,0,0,0.866,-0.5,1,0.4,9,11,1.657,1,1
198.16,0.306,-0.854,0,0,0,0.7071,-0.7071,0,0.1,0,0,12.245,3,0
8851.42,1.934,1.194,0,0,0,0.9659,-0.2588,0,0.0,2,2,7.557,4,1
550.58,0.78,-1.018,0,0,0,-0.9659,-0.2588,0,0.25,0,0,11.421,1,0
1198.95,0.192,-0.7,0,0,0,-0.2588,-0.9659,0,0.125,0,3,10.513,1,0
2261.74,0.588,-0.444,0,0,0,-0.9659,0.2588,0,0.0,0,3,9.311,0,0
636.71,0.402,-0.492,0,0,0,-0.9659,0.2588,0,0.0,0,0,12.66,1,0
1064.77,0.49,-0.323,0,0,0,-0.866,0.5,0,0.0,0,1,11.274,0,0
1604.08,0.778,-0.19,0,0,0,-0.2588,0.9659,0,0.0,0,1,9.017,0,0
806.95,0.275,-0.954,0,0,0,-0.9659,0.2588,0,0.0,0,1,11.009,1,0
4099.16,1.323,0.648,0,0,0,-0.9659,0.2588,0,0.0,2,3,7.99,2,1
943.8,0.437,-0.586,0,0,0,-0.5,-0.866,0,0.0,0,0,11.63,1,0
1175.16,1.068,0.052,0,0,0,0.9659,-0.2588,0,0.4,0,3,8.596,0,0
870.61,0.644,-0.615,0,0,0,0.0,-1.0,0,0.0,0,0,12.097,0,0
1914.15,0.779,-0.191,0,0,0,-0.9659,0.2588,0,0.1,0,0,11.396,0,0
593.12,0.659,-3.751,1,0,0,-0.9659,0.2588,0,0.0,0,0,12.644,1,0
3984.14,1.023,0.02,1,0,0,-0.866,-0.5,0,0.0,0,0,12.156,0,0
1437.32,0.781,-1.346,0,0,0,-0.9659,0.2588,0,0.4,0,3,11.147,0,0
2564.77,0.827,-0.146,1,0,0,0.866,-0.5,0,0.1,0,0,12.314,1,0
452.19,0.351,-0.538,0,0,0,-0.7071,-0.7071,0,0.0,0,1,10.542,0,0
400.75,0.646,-1.04,0,0,0,0.5,-0.866,0,0.0,0,0,12.078,3,0
1966.39,0.565,-0.434,0,0,0,-0.866,0.5,0,0.0,0,0,11.588,1,0
1643.36,0.597,-0.262,0,0,0,-0.7071,-0.7071,0,0.2,0,1,10.532,0,0
2448.0,2.379,1.335,0,0,0,0.866,-0.5,0,0.1,0,0,12.753,0,0
529.85,1.0,0.0,0,0,0,-0.866,0.5,0,0.0,0,0,14.768,1,0
1975.58,0.394,-1.87,0,0,0,-0.7071,-0.7071,0,0.0,0,1,9.322,0,0
3440.15,0.823,-0.154,0,0,0,-0.2588,0.9659,0,0.0,0,1,10.8,0,0
3856.09,0.938,-0.045,0,0,0,-0.9659,0.2588,2,0.2,0,1,9.828,0,0
1690.98,0.471,-0.514,0,0,0,-0.5,-0.866,0,0.0,0,2,8.382,3,0
5378.53,5.842,12.577,0,0,0,-0.7071,0.7071,0,0.2,0,0,12.688,0,0
481.74,0.259,-0.662,0,0,0,-0.7071,0.7071,0,0.1,0,0,11.471,1,0
382199.8,15.17,7.026,1,0,0,0.5,-0.866,0,0.0,0,25,8.314,0,1
2984.36,0.927,-0.062,0,0,0,-0.7071,0.7071,0,0.0,0,1,11.304,0,0
905.05,1.09,0.072,0,0,0,-0.9659,0.2588,0,0.1,0,3,9.452,0,0
691.75,0.49,-0.27,0,0,0,-0.7071,0.7071,0,0.0,0,0,12.281,0,0
8707.27,5.101,4.193,0,0,0,0.866,-0.5,0,0.0,0,2,9.584,1,0
4944.1,0.81,-0.148,1,0,0,0.0,-1.0,0,0.3,0,1,10.767,0,0
5364.2,2.166,2.505,0,0,0,-0.9659,-0.2588,1,0.2,0,0,11.876,0,0
279.69,0.4,-1.194,0,0,0,-0.9659,-0.2588,0,0.0,0,1,11.283,0,0
1140.44,2.755,4.582,0,0,0,-0.5,0.866,0,0.1,1,2,6.746,2,0
46.25,0.092,-0.52,0,0,0,-0.2588,-0.9659,0,0.3,11,11,2.699,0,1
33.43,0.026,-1.107,0,1,0,-0.9659,-0.2588,1,0.4,6,6,0.144,0,1
166714.0,14.237,6.776,1,0,0,0.9659,-0.2588,0,0.0,0,9,9.543,1,1
906.93,0.614,-0.293,0,0,0,-0.5,-0.866,0,0.0,0,1,10.865,0,0
1561.44,0.404,-0.472,0,0,0,0.866,-0.5,0,0.0,0,1,8.672,1,0
2619.94,1.778,2.718,0,0,0,0.9659,-0.2588,0,0.0,0,0,11.74,0,0
385.28,0.784,-0.227,0,0,0,-0.2588,-0.9659,0,0.1,0,3,9.776,1,0
258.64,0.536,-0.418,0,0,0,0.2588,-0.9659,1,0.2,0,0,12.864,0,0
1291.88,0.867,0.0,0,0,0,-0.2588,-0.9659,0,0.0,0,1,11.151,2,0
476.2,1.875,0.0,0,0,0,0.2588,-0.9659,0,0.5,0,0,12.733,0,0
4327.59,1.427,0.532,0,0,0,0.2588,-0.9659,0,0.1,0,0,11.465,0,0
693.97,0.648,-0.557,0,0,0,0.0,-1.0,0,0.0,0,1,11.347,1,1
1114.12,1.297,0.581,0,0,0,0.7071,-0.7071,1,0.2,0,2,10.62,1,0
52.78,0.06,-0.758,0,0,0,-0.9659,-0.2588,0,0.3,21,21,1.516,0,1
1019.54,1.332,0.239,0,0,0,-0.7071,0.7071,0,0.0,0,0,11.798,0,0
473.04,0.54,-0.371,0,0,0,0.7071,-0.7071,0,0.1,0,2,10.62,0,0
811.62,0.687,-0.245,0,0,0,-0.5,-0.866,0,0.0,0,2,8.752,0,0
1262.13,0.603,-0.403,0,0,0,-0.9659,-0.2588,0,0.0,0,0,11.96,0,0
1949.18,0.276,-0.647,0,0,0,-0.866,0.5,0,0.2,0,3,10.637,0,0
3844.95,1.423,1.362,0,0,0,-0.866,-0.5,0,0.0,1,1,6.775,3,1
5.7,0.003,-0.6,0,0,0,0.9659,-0.2588,0,0.2,13,13,1.706,1,1
1082.79,0.833,-0.129,0,0,0,0.2588,-0.9659,0,0.1,0,0,11.687,0,0
1796.89,1.017,0.014,0,0,0,-0.5,0.866,0,0.0,0,0,11.548,0,0
20.56,0.006,-0.554,0,0,0,0.2588,-0.9659,0,0.4,16,16,2.341,1,1
1190.95,1.0,0.0,0,0,0,-0.5,-0.866,0,0.0,0,0,14.768,0,0
55.4,0.04,-0.948,0,0,0,-0.866,0.5,0,0.1,11,12,4.234,0,1
970.46,0.683,-0.296,0,0,0,-0.866,0.5,0,0.0,0,1,11.297,1,0
1361.46,0.331,-0.808,0,0,0,-0.2588,0.9659,0,0.0,0,1,11.272,0,0
812.27,0.824,-0.161,0,0,0,-0.9659,0.2588,0,0.0,0,0,12.076,1,0
915.6,0.107,-0.825,0,0,0,-0.7071,-0.7071,0,0.2,0,2,9.07,1,0
14361.07,1.483,0.741,0,0,0,-0.5,0.866,1,0.25,3,3,4.664,3,1
41.43,0.036,-0.987,0,0,0,-0.9659,-0.2588,3,0.7,11,11,2.61,0,1
6788.57,9.629,15.0,1,0,0,-0.7071,0.7071,0,0.125,0,1,10.759,0,0
2346.26,0.534,-0.433,0,0,1,0.9659,0.2588,0,0.1,1,1,6.576,1,0
1730.44,0.684,-0.276,0,0,0,-0.5,-0.866,0,0.125,0,0,11.399,1,0
1150.94,1.0,0.0,0,0,0,0.0,-1.0,0,0.0,0,0,14.768,2,0
11795.94,3.862,2.919,0,0,0,-0.9659,-0.2588,0,0.0,0,2,10.908,0,0
7602.62,1.374,0.321,0,0,0,-0.5,0.866,0,0.1,1,3,7.969,1,0
795.38,0.911,-1.173,0,0,0,-0.7071,0.7071,0,0.0,0,2,10.607,1,0
745.37,0.978,-0.017,0,0,0,0.2588,-0.9659,0,0.0,1,2,5.198,0,0
2285.69,1.827,2.445,1,1,0,-1.0,-0.0,0,0.0,0,0,11.656,0,0
909.89,0.782,-0.173,0,0,0,1.0,0.0,0,0.2,0,1,9.511,0,0
645.15,1.566,1.989,0,0,0,0.0,-1.0,0,0.0,0,1,9.928,1,0
45.78,0.05,-0.787,0,0,0,-0.9659,-0.2588,2,0.4,20,20,3.691,0,1
1560.47,0.824,-0.178,0,0,0,-0.2588,-0.9659,0,0.0,0,0,11.742,0,0
3808.31,1.328,0.592,0,0,0,-1.0,-0.0,1,0.4,0,0,11.92,2,0
42.32,0.038,-0.943,0,0,0,-0.9659,-0.2588,0,0.6,12,12,2.042,0,1
2945.32,1.428,0.259,0,0,0,-1.0,-0.0,0,0.0,0,2,10.435,1,0
295.0,1.27,3.399,0,0,0,-0.2588,0.9659,0,0.0,0,0,12.186,1,0
594.97,2.367,4.208,0,0,0,-0.7071,-0.7071,0,0.0,0,0,11.68,0,0
140.52,0.55,-1.651,0,0,0,-0.7071,-0.7071,0,0.0,0,1,11.309,0,0
1235.88,0.669,-1.359,0,0,0,-0.866,-0.5,0,0.0,0,1,9.76,0,0
1770.95,0.979,-0.057,0,0,0,-0.7071,0.7071,0,0.0,0,1,10.743,0,0
2351.45,1.169,0.227,0,0,0,-0.9659,0.2588,0,0.1,0,2,10.454,0,0
360.54,0.163,-0.799,0,0,0,0.5,-0.866,0,0.0,0,0,11.93,0,0
630.42,1.021,0.025,0,0,0,0.2588,-0.9659,0,0.0,0,2,11.146,3,0
47.76,0.061,-0.601,0,0,0,-1.0,-0.0,1,0.4,8,8,3.354,0,1
1210.48,0.839,-0.236,0,0,0,-1.0,-0.0,0,0.1,0,1,11.3,1,0
288.68,0.26,-0.753,0,0,0,-0.7071,0.7071,0,0.0,0,0,11.508,0,0
396.89,0.614,-0.937,0,0,0,0.5,-0.866,0,0.1,0,1,11.01,0,1
884.01,0.303,-0.698,0,0,0,-0.7071,0.7071,0,0.0,0,1,11.031,1,0
516.71,0.634,-0.739,1,0,0,0.866,-0.5,0,0.2,0,2,10.225,0,0
3401.65,6.227,14.092,0,0,0,0.2588,-0.9659,0,0.0,0,2,8.799,3,0
973.83,0.566,-0.765,0,0,0,0.2588,-0.9659,0,0.0,0,2,10.306,0,0
145.75,0.252,-0.72,0,0,0,0.2588,-0.9659,0,0.0,0,1,11.028,0,0
716.16,0.505,-0.795,0,0,0,-0.5,-0.866,0,0.0,0,0,12.705,0,0
216.94,0.592,-0.169,0,0,0,0.866,-0.5,0,0.4,0,0,11.985,0,0
221.35,0.428,-0.531,0,0,0,0.5,-0.866,0,0.0,0,1,11.066,0,0
1151.57,0.912,-0.114,0,0,0,-1.0,-0.0,1,0.1,0,2,10.736,0,0
743.15,0.812,-0.083,0,0,0,-0.9659,0.2588,0,0.0,0,0,11.741,0,0
289.69,0.323,-0.508,0,0,1,0.866,0.5,0,0.0,0,1,9.966,0,0
5391.93,0.793,-0.166,0,0,0,-0.9659,-0.2588,0,0.167,0,1,10.163,1,0
3148.29,4.565,11.355,0,0,0,-1.0,-0.0,0,0.0,0,0,11.695,0,0
215.61,0.694,-0.34,0,0,0,-0.2588,0.9659,0,0.0,0,1,10.43,0,0
893.18,0.172,-0.761,0,0,0,0.5,-0.866,0,0.1,0,2,11.148,0,0
3343.4,1.165,0.115,0,0,0,-0.7071,-0.7071,0,0.2,0,0,11.582,0,0
735.37,0.165,-0.772,0,0,0,-0.2588,0.9659,1,0.2,0,0,11.498,0,0
1185.76,0.684,-0.247,0,0,0,-0.7071,0.7071,0,0.0,0,2,9.367,0,0
24.75,0.006,-0.665,0,0,0,0.2588,-0.9659,0,0.3,9,9,2.799,1,1
1996.27,1.091,0.081,0,0,0,-0.5,0.866,0,0.0,0,2,9.453,0,0
1801.37,0.355,-2.003,0,0,0,-0.7071,0.7071,0,0.0,1,2,7.608,0,0
4137.36,1.0,0.0,0,0,0,-0.5,0.866,0,0.0,0,0,14.768,0,0
1210.73,0.577,-0.362,0,0,0,-1.0,-0.0,0,0.0,0,4,9.89,1,0
585.38,0.212,-0.765,0,0,0,-0.9659,0.2588,1,0.167,0,0,12.332,1,0
949.25,0.612,-0.588,0,0,0,-0.866,-0.5,0,0.0,0,0,11.699,0,0
3.21,0.005,-1.152,0,0,0,0.9659,-0.2588,2,0.4,7,9,3.189,0,1
3585.1,0.846,-0.119,0,0,0,-0.866,-0.5,0,0.1,0,0,11.481,0,0
2281.64,3.952,2.717,0,0,0,0.7071,-0.7071,0,0.0,0,2,11.047,1,0
839.6,0.348,-0.81,1,0,0,-0.866,0.5,0,0.0,0,2,10.963,2,0
876.1,1.271,0.671,0,0,0,-0.866,0.5,0,0.0,0,4,8.385,0,0
1152.26,0.837,-0.116,0,0,0,0.0,-1.0,0,0.0,0,0,12.29,0,0
1005.3,1.247,0.347,0,0,0,-0.7071,0.7071,0,0.0,0,1,11.19,0,0
6600.54,5.054,7.327,0,0,0,-0.866,0.5,0,0.0,0,2,9.892,0,0
2569.67,1.176,0.197,0,0,0,-0.2588,0.9659,0,0.0,0,2,10.522,0,0
8693.4,2.052,1.311,0,0,0,-0.9659,-0.2588,0,0.0,1,1,6.992,3,1
152637.11,16.346,7.13,1,0,0,-0.9659,0.2588,0,0.0,0,9,8.673,0,1
2749.24,1.737,1.946,1,0,0,0.5,-0.866,0,0.25,0,0,13.354,0,0
2809.81,1.161,2.593,0,0,0,-1.0,-0.0,0,0.0,0,0,12.049,1,0
13515.65,6.567,10.001,0,0,0,-0.9659,-0.2588,0,0.0,0,1,10.396,0,0
15.25,0.005,-0.668,0,0,1,0.2588,0.9659,1,0.5,12,12,4.173,0,1
1076.43,0.517,-0.412,0,0,0,-0.9659,0.2588,0,0.0,0,0,12.124,0,0
496.41,0.889,0.0,0,0,0,-0.866,0.5,0,0.0,0,1,10.649,0,0
216.24,0.512,-0.569,0,0,0,-0.866,0.5,0,0.2,0,2,9.399,0,0
1571.34,0.291,-0.581,0,0,0,-0.9659,0.2588,0,0.1,0,0,11.96,0,0
1154.26,0.428,-0.359,0,0,0,-0.7071,-0.7071,0,0.0,0,2,10.513,1,0
1497.12,0.971,-0.027,0,0,0,-0.9659,0.2588,0,0.0,0,1,11.087,1,0
1225.2,0.258,-0.583,0,0,0,-0.7071,-0.7071,0,0.0,0,1,11.33,0,0
553.34,0.054,0.0,0,0,0,-0.7071,-0.7071,0,0.0,0,1,9.2,0,0
1413.74,1.09,0.317,0,0,0,-0.7071,-0.7071,0,0.333,0,0,11.54,1,0
9494.85,3.179,1.719,0,0,0,0.0,-1.0,0,0.0,1,1,6.414,3,1
6090.1,2.695,3.12,0,0,0,-0.7071,0.7071,0,0.0,0,1,10.793,0,0
2642.27,1.262,0.256,0,0,0,-0.9659,-0.2588,0,0.0,0,0,12.19,0,0
1032.28,0.376,-0.511,0,0,0,-0.866,0.5,1,0.3,0,2,10.289,0,0
479.17,0.553,-5.0,0,0,0,-0.9659,-0.2588,0,0.0,0,1,11.266,0,0
2414.24,0.693,-0.27,0,1,0,-0.7071,0.7071,0,0.2,0,1,10.939,2,0
3853.59,1.562,1.094,0,0,0,-0.5,0.866,0,0.0,2,2,6.434,2,1
40.37,0.02,-1.014,0,0,0,1.0,0.0,1,0.111,3,3,1.974,0,1
280.89,0.624,-0.298,0,0,0,-0.9659,0.2588,0,0.0,1,2,7.913,1,0
745.39,0.752,-0.225,0,0,0,-0.2588,0.9659,0,0.1,1,2,7.758,1,0
1226.18,0.596,-1.019,0,0,0,-0.2588,-0.9659,0,0.143,0,1,9.571,0,1
862.99,0.694,-0.323,0,0,0,-0.866,-0.5,0,0.0,0,1,10.023,1,1
13886.19,9.316,15.0,0,0,0,0.2588,-0.9659,0,0.0,0,1,9.075,0,0
358.44,0.531,-0.247,1,0,0,0.866,-0.5,0,0.0,0,0,11.601,0,0
1233.77,0.908,-0.063,0,0,0,-0.5,0.866,0,0.2,0,0,12.534,1,0
457.88,1.0,0.0,0,0,0,0.866,-0.5,0,0.0,0,0,14.768,0,0
825.92,0.425,-1.266,0,0,0,-0.5,0.866,0,0.0,0,0,11.453,1,0
4207.48,0.858,-0.127,0,0,0,0.5,-0.866,0,0.0,0,0,11.378,1,0
427.01,0.648,-0.282,0,0,0,0.2588,-0.9659,0,0.0,0,1,11.248,0,0
1338.62,0.467,-0.501,0,0,0,0.0,-1.0,0,0.0,0,1,10.932,0,0
499.48,0.24,-0.428,0,0,0,0.5,-0.866,0,0.0,0,0,11.925,1,0
2079.33,0.701,-0.258,0,0,0,-0.7071,-0.7071,0,0.0,0,0,11.427,0,0
600.58,2.085,4.437,0,0,0,-0.2588,-0.9659,0,0.0,0,1,11.305,1,0
681.31,0.645,-0.296,0,0,0,-0.866,0.5,0,0.0,0,3,10.621,0,0
465.99,0.327,-0.517,0,0,0,-1.0,-0.0,0,0.2,0,1,10.333,0,0
9365.21,1.603,0.949,0,0,0,0.0,-1.0,0,0.167,3,4,6.355,2,1
2508.29,0.442,-0.49,0,0,0,0.0,-1.0,0,0.2,0,0,11.756,1,0
264.98,0.43,-0.445,0,0,0,-0.866,-0.5,0,0.4,0,1,10.758,0,0
1821.89,1.294,1.184,0,0,0,0.2588,-0.9659,0,0.0,0,0,12.448,1,0
256.32,1.0,0.0,0,0,0,-0.866,-0.5,0,0.0,0,0,14.768,1,0
6727.77,4.345,7.886,0,0,0,-1.0,-0.0,1,0.25,1,1,7.816,4,1
42.56,0.062,-0.442,0,0,0,0.0,-1.0,1,0.1,29,31,4.646,1,1
2369.42,0.489,-0.405,0,0,0,0.0,-1.0,0,0.0,0,0,13.038,0,0
3049.0,2.442,1.16,0,0,0,-0.866,0.5,0,0.0,0,0,12.468,0,0
967.92,1.013,0.014,0,0,0,-0.7071,-0.7071,0,0.1,0,1,11.089,0,0
54.85,0.65,-0.248,0,0,1,0.7071,0.7071,0,0.4,14,14,1.597,0,1
139.51,0.346,-0.634,0,0,0,0.0,-1.0,0,0.1,0,0,11.93,0,0
1622.17,0.55,-0.419,0,0,0,-1.0,-0.0,0,0.2,0,0,12.185,1,0
453.24,0.931,-0.112,0,0,0,-0.7071,0.7071,0,0.0,0,2,10.458,1,0
623.44,0.236,-0.826,0,0,0,-0.7071,0.7071,0,0.0,0,1,11.0,2,0
14381.06,7.895,5.085,0,0,0,-0.2588,-0.9659,0,0.1,0,0,11.857,2,0
9077.45,1.726,1.005,0,0,0,-0.9659,-0.2588,0,0.0,2,2,7.671,3,1
171.91,0.326,-0.623,0,0,0,0.0,-1.0,0,0.1,0,0,11.621,0,0
1412.04,0.206,-0.616,0,0,0,-0.2588,-0.9659,0,0.0,0,5,9.462,1,0
42.49,0.012,-0.914,0,0,0,-0.866,-0.5,1,0.1,2,3,2.491,0,1
51.5,0.147,-0.894,1,0,0,-0.7071,-0.7071,0,0.1,1,1,0.0,1,1
2008.2,0.56,-1.183,0,0,0,0.0,-1.0,0,0.167,0,1,10.776,0,0
2286.25,1.585,1.738,0,0,0,0.0,-1.0,0,0.1,0,1,10.628,1,0
496.2,0.723,-0.736,0,0,0,0.2588,-0.9659,0,0.125,0,0,12.104,0,0
1718.2,0.675,-0.293,0,0,0,-0.9659,-0.2588,0,0.1,0,0,11.484,2,0
6370.22,4.233,2.565,0,0,0,-0.5,-0.866,0,0.0,0,2,9.323,1,0
362.07,0.683,-0.288,0,0,0,-0.2588,-0.9659,0,0.0,0,2,8.486,0,0
307.97,0.588,-0.399,0,0,0,-0.5,-0.866,0,0.1,0,2,9.515,0,0
776.59,0.508,-0.389,0,0,0,-0.9659,0.2588,0,0.0,0,4,9.477,0,0
1209.44,0.785,-0.186,0,0,0,-0.2588,-0.9659,0,0.0,0,2,9.597,1,0
3330.82,0.452,-0.48,0,0,0,-0.2588,0.9659,0,0.0,0,4,10.027,0,0
9017.26,1.33,0.65,0,0,0,-0.2588,0.9659,0,0.25,2,3,7.372,2,1
2637.19,0.352,-0.592,0,0,0,-0.866,0.5,0,0.1,0,4,9.682,0,0
733.24,0.462,-0.425,0,0,0,0.7071,-0.7071,0,0.0,0,0,12.993,0,0
522.23,0.44,-0.455,0,0,0,-0.5,-0.866,0,0.0,0,0,11.509,0,0
254.87,0.723,-0.433,0,0,0,1.0,0.0,1,0.1,0,1,9.416,0,0
8461.04,1.295,0.226,0,0,0,-0.866,0.5,0,0.1,0,0,11.384,0,0
3163.22,1.481,0.449,0,0,0,-0.5,0.866,0,0.2,0,0,12.718,0,0
3294.0,1.0,0.0,0,0,0,-0.5,-0.866,0,0.0,0,0,14.768,1,0
1481.22,0.298,-0.533,0,0,0,0.5,-0.866,0,0.0,0,1,9.425,0,0
1644.61,0.825,-0.267,0,0,0,-0.866,0.5,0,0.1,0,0,11.701,0,0
1189.19,0.571,-0.487,0,0,0,-1.0,-0.0,0,0.0,0,1,9.601,0,0
750.89,0.854,-0.181,0,0,0,-0.7071,0.7071,0,0.1,0,1,10.416,0,0
3586.7,0.54,-0.396,0,0,0,-0.2588,0.9659,0,0.2,0,0,12.09,0,0
2024.77,0.604,-0.341,0,0,0,-0.2588,-0.9659,2,0.2,0,1,11.316,0,0
1818.51,2.037,2.945,0,0,0,0.7071,-0.7071,0,0.0,0,0,12.234,1,0
1177.63,0.286,-0.743,0,0,0,-0.2588,0.9659,0,0.1,0,0,11.84,0,0
1545.61,1.0,0.0,0,0,0,-0.2588,-0.9659,0,0.0,0,0,14.768,1,0
11900.49,3.468,2.174,0,0,0,-0.9659,0.2588,0,0.3,0,2,9.615,0,0
50.65,0.067,-0.668,0,0,0,-0.9659,-0.2588,2,0.4,28,28,4.773,0,1
1500.75,0.794,-0.197,0,0,0,0.7071,-0.7071,0,0.1,0,0,12.116,1,0
1759.67,0.737,-0.417,0,0,0,0.2588,-0.9659,0,0.0,0,1,10.708,0,0
1414.87,0.962,-0.127,0,0,0,-0.7071,-0.7071,0,0.1,0,0,12.638,1,0
340.87,0.6,-0.761,0,0,0,0.7071,-0.7071,0,0.0,0,0,12.249,0,0
929.96,1.324,0.758,0,0,1,0.9659,0.2588,0,0.0,0,1,10.867,0,0
2114.4,0.112,-0.315,0,0,0,-0.866,-0.5,0,0.0,0,1,9.805,2,0
6516.89,1.413,0.727,0,0,0,-0.866,-0.5,0,0.25,5,6,6.929,2,1
707.37,0.168,-1.514,0,0,0,-0.9659,0.2588,0,0.167,0,0,12.847,1,0
2536.27,0.658,-0.426,0,0,0,0.7071,-0.7071,0,0.0,0,0,11.762,0,0
242.8,0.686,-0.236,0,0,0,0.7071,-0.7071,0,0.0,0,1,10.363,1,0
673.77,0.144,-0.832,0,0,0,0.7071,-0.7071,0,0.2,0,0,11.957,0,0
1761.66,5.012,3.961,0,0,0,0.7071,-0.7071,0,0.0,0,1,11.005,1,0
361.47,0.363,-0.285,0,0,0,-0.866,0.5,0,0.0,0,1,10.903,0,0
1093.85,0.465,-0.949,0,0,0,-0.866,-0.5,0,0.0,0,1,10.881,0,0
1094.59,0.215,-0.882,0,0,0,-0.9659,-0.2588,1,0.25,0,0,11.742,0,0
741.7,0.17,-0.852,0,0,0,-0.2588,-0.9659,0,0.0,0,2,9.831,0,0
962.67,0.813,-0.125,0,0,0,-0.7071,0.7071,0,0.2,0,0,12.071,1,0
266.38,0.229,-0.617,0,0,0,0.5,-0.866,0,0.1,0,1,11.25,0,0
467.05,0.525,-0.503,0,0,0,0.2588,-0.9659,0,0.0,1,5,6.185,0,0
1841.76,0.991,-0.007,0,0,0,0.5,-0.866,0,0.0,0,0,12.386,1,0
13362.03,1.69,0.889,0,0,0,0.5,-0.866,0,0.0,3,3,6.513,4,1
689.28,0.683,-0.298,0,0,0,0.0,-1.0,0,0.1,0,3,9.133,0,0
246.49,0.475,-0.807,0,0,0,-0.2588,0.9659,0,0.1,0,2,10.716,1,0
1494.69,1.749,0.0,0,0,0,0.866,-0.5,0,0.0,0,0,12.133,0,0
3381.92,0.794,-0.163,0,0,0,-0.5,0.866,0,0.0,0,5,8.499,0,0
273.9,0.255,-0.667,0,0,0,0.0,-1.0,0,0.0,0,0,11.975,2,0
386.01,0.699,-0.255,0,0,0,-0.5,0.866,0,0.0,0,1,10.565,1,0
31319.51,16.691,11.476,0,0,1,0.5,0.866,0,0.0,1,2,6.388,1,1
514.37,0.156,-0.686,0,0,0,1.0,0.0,0,0.0,0,0,12.638,1,0
1722.29,0.352,-0.429,0,0,0,-1.0,-0.0,0,0.1,0,1,10.179,0,0
4927.6,1.272,0.251,0,0,0,0.866,-0.5,0,0.0,0,2,9.327,3,0
1019.66,1.662,1.328,0,0,0,-0.2588,0.9659,0,0.0,0,1,10.849,0,0
964.94,0.747,-0.325,0,0,0,-0.866,-0.5,0,0.1,0,3,9.548,1,0
1998.46,0.472,-0.446,0,0,0,-0.2588,0.9659,0,0.1,0,1,9.206,0,0
841.38,1.002,0.004,0,0,0,-0.7071,0.7071,0,0.0,0,0,11.377,0,0
2436.82,1.0,0.0,0,0,0,-0.866,-0.5,0,0.0,0,0,14.768,2,0
550.5,0.636,-0.511,0,0,0,-1.0,-0.0,0,0.1,0,0,11.491,0,0
3858.37,0.692,-0.206,0,0,0,-0.866,0.5,0,0.0,0,1,10.51,1,0
813.62,0.657,-0.3,0,0,0,-0.9659,0.2588,0,0.0,0,2,11.037,1,0
751.1,0.233,-0.662,0,0,0,-0.7071,-0.7071,0,0.0,0,1,11.289,1,1
5502.46,0.616,-0.325,0,0,0,-1.0,-0.0,0,0.1,0,0,11.514,0,0
646.98,0.44,-0.549,0,0,0,-0.866,-0.5,0,0.0,0,1,10.745,1,0
401.18,0.538,-1.385,0,0,0,-0.5,-0.866,0,0.0,0,0,13.173,2,0
422.58,0.631,-0.302,0,0,0,-0.2588,-0.9659,0,0.0,0,1,11.066,0,0
484.29,0.153,-0.855,0,0,0,-0.7071,0.7071,0,0.1,0,0,11.499,1,0
788.18,0.364,-0.657,0,0,0,0.0,-1.0,0,0.125,0,0,11.539,1,0
567.92,0.469,-0.657,0,0,0,-0.2588,-0.9659,0,0.1,0,2,10.286,1,0
601.81,1.112,0.204,0,0,0,0.0,-1.0,0,0.0,0,2,9.508,0,0
3211.03,0.471,-0.521,0,0,0,0.2588,-0.9659,0,0.0,0,1,9.493,1,0
2209.93,0.395,-0.607,0,0,0,0.7071,-0.7071,0,0.1,0,1,10.392,0,0
1280.0,1.191,0.421,0,0,0,0.2588,-0.9659,0,0.0,0,0,13.578,0,0
119.15,0.187,-0.964,0,0,0,-0.866,-0.5,0,0.0,0,3,10.573,3,0
13176.83,0.779,-0.069,0,0,0,-0.7071,-0.7071,1,0.1,0,0,12.433,2,0
205.27,0.372,-0.572,0,0,0,0.5,-0.866,0,0.0,0,0,11.781,0,0
4209.25,0.861,-0.124,0,0,0,0.0,-1.0,0,0.1,0,0,11.564,0,0
1767.22,0.256,-1.514,1,0,0,-0.9659,0.2588,0,0.0,0,2,10.608,0,0
7115.9,0.98,-0.015,0,0,0,-1.0,-0.0,0,0.0,0,2,9.842,0,0
376.13,0.784,-0.17,0,0,0,-0.2588,0.9659,0,0.1,0,3,10.542,1,0
1261.18,0.554,-0.262,0,0,0,0.2588,-0.9659,0,0.1,0,0,11.806,1,0
1149.83,0.359,-0.588,0,0,0,-0.9659,-0.2588,0,0.0,0,0,11.438,0,0
599.59,0.607,-0.36,0,0,0,-0.9659,-0.2588,0,0.0,0,0,11.729,0,0
1764.72,0.601,-0.329,0,0,0,-0.7071,-0.7071,0,0.1,0,0,11.462,0,0
1130.26,0.496,0.0,0,0,0,-0.2588,-0.9659,0,0.0,0,1,10.639,2,0
673.94,1.298,0.302,0,0,0,1.0,0.0,1,0.1,0,1,10.565,0,0
2173.38,0.814,-0.213,0,0,0,-0.9659,-0.2588,0,0.0,0,1,10.19,0,0
412.77,0.156,-0.593,0,0,0,-0.7071,0.7071,0,0.0,0,2,10.292,0,0
2251.55,0.865,-0.34,0,0,0,-0.866,0.5,0,0.0,0,0,12.452,0,0
2864.06,1.0,0.0,0,0,0,-0.866,0.5,0,0.0,0,0,14.768,0,0
1939.11,0.707,-0.492,0,0,0,-0.2588,0.9659,0,0.0,0,0,11.428,0,0
1409.22,0.38,-0.505,0,0,0,-0.866,0.5,0,0.167,0,0,12.593,0,0
634.12,0.17,-0.619,0,0,0,0.7071,-0.7071,0,0.1,0,2,10.371,0,0
238.67,0.412,-0.537,0,0,0,0.2588,-0.9659,0,0.0,0,1,9.642,0,0
2449.0,0.339,-0.459,0,0,0,-0.866,0.5,0,0.1,0,0,12.285,1,0
3081.89,1.618,1.474,0,0,0,0.0,-1.0,0,0.1,0,3,10.194,1,0
1181.61,1.0,0.0,0,0,0,-0.9659,-0.2588,0,0.0,0,0,14.768,0,0
2096.56,0.39,-0.593,0,0,0,-0.2588,0.9659,0,0.0,0,3,10.795,0,0
293.22,0.654,-0.974,0,0,0,-0.866,-0.5,0,0.0,0,2,10.632,0,0
254.13,1.0,0.0,0,0,0,-0.7071,-0.7071,0,0.0,0,0,14.768,1,0
15159.68,4.991,3.431,0,0,0,-0.7071,0.7071,0,0.1,0,1,9.45,0,0
3723.8,1.566,0.0,0,0,0,-0.2588,-0.9659,0,0.0,0,1,8.704,0,0
1185.95,1.294,0.45,0,0,0,0.866,-0.5,0,0.0,0,0,11.635,1,1
242.5,0.644,-0.559,0,0,0,0.7071,-0.7071,0,0.0,0,0,11.848,0,0
362.7,0.682,-0.281,0,1,0,1.0,0.0,0,0.0,0,1,8.674,1,0
2046.43,0.833,-0.123,0,0,0,-0.2588,-0.9659,1,0.1,0,0,12.056,0,0
443.36,0.616,-0.973,0,0,0,-0.7071,0.7071,0,0.0,1,3,6.344,0,0
1125.02,0.38,-0.553,1,0,0,0.9659,-0.2588,0,0.0,0,5,9.997,1,0
1976.72,0.924,-0.102,0,0,0,0.5,-0.866,0,0.3,0,1,11.355,2,0
3647.68,0.942,-0.083,0,0,0,-1.0,-0.0,0,0.0,0,0,11.961,1,0
1129.15,1.0,0.0,0,0,0,-0.7071,-0.7071,0,0.0,0,0,14.768,1,0
193.12,0.639,-1.555,0,0,0,-0.9659,-0.2588,0,0.0,0,0,11.536,1,0
3603.37,1.181,0.821,0,0,0,0.0,-1.0,0,0.0,0,0,12.246,0,1
24585.68,10.088,15.0,0,0,0,-0.5,-0.866,0,0.1,0,2,9.767,1,0
1688.02,2.003,1.171,0,0,0,-0.5,0.866,0,0.1,0,0,11.417,0,0
2559.47,0.814,-0.161,0,0,0,-0.2588,-0.9659,0,0.0,0,0,11.787,0,0
1098.19,0.791,-0.791,0,0,0,0.2588,-0.9659,0,0.0,0,2,9.313,1,0
1974.01,1.354,0.487,0,0,0,-0.7071,0.7071,0,0.1,0,1,11.2,1,0
3216.34,0.973,-0.019,0,0,0,-0.5,-0.866,0,0.4,1,1,7.726,0,0
651.5,0.634,-0.301,0,0,0,0.5,-0.866,0,0.2,0,0,11.52,0,0
6621.25,1.85,0.803,0,0,0,0.7071,-0.7071,0,0.0,0,1,10.686,3,0
12051.35,3.716,2.458,1,0,0,-1.0,-0.0,0,0.0,0,0,11.961,0,0
962.87,1.436,1.196,0,0,0,-0.2588,-0.9659,0,0.0,0,0,12.639,1,0
1114.4,0.335,-1.782,0,0,0,0.0,-1.0,0,0.0,0,3,8.311,0,0
24.27,0.119,-0.615,0,0,0,-0.7071,-0.7071,0,0.4,18,18,2.394,1,1
11567.95,5.825,4.733,0,0,0,-0.866,-0.5,0,0.0,0,1,9.933,0,0
790.22,0.826,-0.152,1,0,0,-0.2588,0.9659,0,0.0,0,1,9.749,2,0
1359.34,1.134,0.212,0,0,0,0.2588,-0.9659,0,0.1,0,0,11.78,0,0
24684.31,8.628,0.0,0,0,1,0.9659,0.2588,0,0.0,0,1,10.711,1,0
28.33,0.028,-0.721,0,0,1,0.5,0.866,0,0.1,6,8,3.919,1,1
10.7,0.003,-0.743,0,0,0,-0.9659,0.2588,0,0.5,14,14,3.358,0,1
2571.31,2.168,1.255,0,0,0,-0.7071,-0.7071,0,0.0,0,1,9.806,1,0
772.6,0.75,-0.197,0,0,0,0.7071,-0.7071,0,0.0,0,0,11.664,2,0
1597.0,0.516,-0.366,0,0,0,-0.9659,0.2588,0,0.0,0,3,9.265,0,0
887.55,1.106,0.06,0,0,0,-0.7071,-0.7071,0,0.2,0,0,12.684,1,0
1143.23,0.157,-0.903,0,0,0,-0.7071,-0.7071,0,0.0,0,1,9.158,1,0
653.04,0.37,-0.484,0,0,0,0.2588,-0.9659,0,0.1,0,3,10.592,1,0
2010.56,0.901,-0.11,0,0,0,1.0,0.0,0,0.0,0,1,10.307,0,0
1917.65,1.483,0.696,0,0,0,-1.0,-0.0,0,0.0,0,1,10.339,1,0
264.98,0.291,-0.744,0,0,0,0.2588,-0.9659,0,0.0,0,2,9.879,0,0
1105.83,0.546,-1.119,0,0,0,-0.5,0.866,0,0.0,0,3,8.197,0,0
408.4,0.361,-0.689,0,0,0,-0.5,-0.866,0,0.0,0,0,12.008,1,0
1927.35,0.257,-0.475,0,0,0,-0.9659,0.2588,0,0.0,0,1,11.213,1,0
223.68,0.252,-0.982,0,0,0,0.9659,-0.2588,0,0.2,0,0,11.467,1,0
1657.31,1.439,1.614,1,1,0,0.7071,-0.7071,0,0.0,0,0,13.208,2,0
504.99,0.961,-0.031,0,0,0,-0.9659,-0.2588,0,0.0,0,0,12.463,0,0
242.4,0.342,-0.595,0,0,0,-0.7071,0.7071,0,0.0,0,0,11.564,0,0
2279.34,1.0,0.0,0,0,0,0.7071,-0.7071,0,0.0,0,0,14.768,2,0
406.15,1.0,0.0,0,0,0,-0.5,0.866,0,0.0,0,0,14.768,0,0
8866.58,1.982,1.2,0,0,0,1.0,0.0,1,0.167,3,3,4.747,2,1
717.77,0.441,-0.514,0,0,0,0.2588,-0.9659,0,0.0,0,0,12.322,1,0
4318.06,5.669,15.0,0,0,0,-0.866,-0.5,0,0.0,0,0,12.458,0,0
1201.0,1.208,0.731,0,0,0,0.0,-1.0,0,0.0,0,2,10.393,1,0
170.82,0.272,-0.631,0,0,0,-0.7071,0.7071,0,0.0,0,0,12.414,1,0
2205.99,0.768,-0.25,0,0,0,-0.2588,0.9659,0,0.0,0,1,11.312,0,0
8270.85,1.8,0.354,0,0,0,-0.9659,-0.2588,0,0.2,0,0,11.393,1,0
886.47,1.039,0.042,0,0,0,0.866,-0.5,0,0.1,0,0,12.472,0,0
1346.77,0.962,-0.052,0,0,0,-0.2588,0.9659,0,0.1,0,2,10.96,1,0
30.63,0.016,-0.543,0,0,0,0.9659,-0.2588,0,0.2,16,16,1.339,1,1
1133.29,1.0,0.0,0,0,0,-0.7071,0.7071,0,0.0,0,0,14.768,0,0
2858.57,3.01,3.75,0,0,0,-0.2588,-0.9659,0,0.0,0,0,13.449,1,0
41.75,0.029,-0.9,0,0,0,-0.2588,-0.9659,1,0.2,23,24,4.404,0,1
3844.06,1.138,0.463,0,0,0,-0.5,0.866,0,0.25,2,3,7.106,2,1
352.66,0.232,-0.569,0,0,0,-0.9659,0.2588,2,0.2,0,0,11.744,1,0
756.67,0.811,-0.153,0,0,0,-0.5,-0.866,0,0.0,0,1,10.6,0,0
845.26,0.473,-0.504,0,0,0,0.7071,-0.7071,0,0.1,0,3,10.197,2,0
1757.84,2.343,0.964,0,0,0,-0.866,0.5,0,0.2,0,1,11.201,0,0
2963.1,0.813,-0.144,0,0,0,1.0,0.0,0,0.0,0,0,11.699,1,0
1.35,0.001,-1.212,0,0,1,0.9659,0.2588,2,0.6,13,13,2.847,1,1
1688.09,0.372,-0.527,0,0,0,0.2588,-0.9659,0,0.1,0,1,11.138,1,0
6226.88,0.796,-0.179,0,0,0,-0.2588,0.9659,0,0.1,0,0,12.263,0,0
520.03,1.009,0.014,0,0,0,0.866,-0.5,0,0.0,1,5,6.535,0,0
899.97,0.1,-0.743,0,0,0,-0.7071,0.7071,0,0.0,0,0,11.487,0,0
2914.18,0.982,-0.047,0,0,0,-0.7071,0.7071,0,0.0,0,3,9.85,0,0
764.2,0.178,-0.694,0,0,0,-0.9659,-0.2588,0,0.0,0,1,11.244,1,0
1177.88,0.552,-0.491,0,0,0,-0.2588,0.9659,0,0.1,0,1,11.296,0,0
456.41,0.727,-0.153,0,0,0,-0.9659,-0.2588,0,0.1,0,0,11.475,1,0
866.02,0.369,-0.65,0,0,0,0.2588,-0.9659,0,0.0,0,2,8.411,0,0
1013.56,0.453,-0.553,0,0,0,-0.9659,-0.2588,0,0.0,0,0,12.775,0,0
2233.63,0.829,-0.131,0,0,0,-0.9659,-0.2588,0,0.0,0,0,12.608,0,0
5097.46,1.196,0.136,0,0,0,-0.9659,-0.2588,0,0.1,0,1,10.513,0,0
569.45,0.122,-0.681,0,0,0,-0.9659,0.2588,0,0.0,0,0,12.077,0,0
151.88,0.27,-0.76,0,0,0,-0.2588,0.9659,0,0.2,0,0,11.647,0,0
1427.14,0.454,-0.444,0,0,0,0.866,-0.5,0,0.1,0,2,11.088,1,0
715.44,0.568,-0.326,0,0,0,-0.9659,0.2588,0,0.1,0,0,11.91,1,0
47.55,0.037,-0.725,0,0,0,-0.9659,0.2588,0,0.2,1,2,0.0,1,1
1257.07,0.454,-0.464,0,0,0,-0.5,-0.866,0,0.1,0,1,10.885,0,0
712.74,0.182,-0.671,0,0,0,-1.0,-0.0,0,0.0,1,2,7.436,1,0
972.49,0.932,-0.344,0,0,0,-0.2588,0.9659,0,0.0,0,0,12.994,0,0
11056.57,4.553,3.649,1,0,0,-0.866,0.5,0,0.0,0,0,11.719,0,0
238.35,0.088,-0.627,0,0,0,-0.9659,0.2588,0,0.0,0,1,9.038,1,0
2182.57,1.145,0.0,0,0,0,-0.866,0.5,0,0.0,0,0,13.818,0,0
280.84,0.659,-0.531,0,0,0,0.5,-0.866,0,0.2,0,4,9.859,1,0
4156.73,1.484,0.725,0,0,0,-1.0,-0.0,0,0.0,0,0,13.24,0,0
1912.12,0.521,-0.531,0,0,0,0.5,-0.866,0,0.1,0,0,11.401,0,0
1966.9,1.499,4.831,0,0,0,-0.7071,0.7071,0,0.0,0,1,11.213,0,0
2382.98,0.404,-0.451,0,0,0,0.2588,-0.9659,0,0.1,0,3,10.281,1,0
618.66,0.172,-0.65,0,0,0,0.0,-1.0,0,0.0,0,0,11.497,0,0
1711.62,0.441,-0.437,0,0,0,0.866,-0.5,0,0.2,0,0,12.185,2,0
47163.15,26.452,15.0,1,1,0,-0.9659,0.2588,0,0.1,0,1,11.113,0,1
620.93,0.314,-0.662,0,0,0,-0.2588,-0.9659,0,0.0,0,2,10.948,0,0
840.96,0.942,0.0,0,0,0,-0.9659,0.2588,0,0.0,0,1,9.436,0,0
563.43,0.693,-0.825,1,0,0,-0.2588,0.9659,0,0.0,0,1,9.939,0,0
3569.66,0.83,-0.225,0,0,0,-0.5,-0.866,0,0.0,0,1,11.056,1,0
376.35,0.487,-2.919,0,0,0,0.2588,-0.9659,0,0.0,0,1,11.349,0,0
1092.57,0.599,-0.372,0,0,0,0.0,-1.0,0,0.0,0,2,8.743,1,0
1252.27,1.23,0.554,0,0,0,-0.2588,-0.9659,0,0.0,0,1,11.081,1,0
722.6,0.567,-0.46,0,0,0,-0.7071,-0.7071,0,0.1,0,1,10.587,1,0
4676.92,0.915,-0.077,0,0,0,-0.9659,0.2588,0,0.0,0,0,11.865,0,0
10710.03,3.369,3.979,0,0,0,-0.9659,-0.2588,0,0.0,0,0,12.405,0,0
3788.89,2.233,2.21,0,0,0,-0.2588,0.9659,0,0.0,0,0,11.931,0,0
4877.65,3.903,2.793,0,0,0,0.5,-0.866,0,0.111,1,2,7.635,0,0
1996.19,1.115,0.11,0,0,0,0.0,-1.0,0,0.1,0,0,12.727,0,0
1491.45,0.871,-0.293,0,0,0,0.866,-0.5,1,0.111,0,0,11.426,1,0
1241.23,0.972,-0.088,0,0,0,-0.2588,0.9659,0,0.2,0,2,10.286,1,0
59.47,0.014,-0.863,1,1,1,0.9659,0.2588,0,0.0,1,2,0.0,0,1
757.72,0.737,-0.332,0,0,0,-0.5,0.866,0,0.0,0,1,10.917,1,0
3616.93,0.692,-0.256,0,0,0,-0.5,0.866,1,0.2,0,1,11.075,0,0
2725.63,0.69,-0.282,0,0,0,0.2588,-0.9659,0,0.0,0,1,10.848,0,0
480.19,0.867,-0.271,0,0,0,-0.2588,-0.9659,0,0.0,0,0,13.622,1,0
1159.85,0.503,-0.33,0,0,0,-0.9659,-0.2588,0,0.1,0,0,12.186,0,0
411.94,0.622,-0.36,0,1,0,-0.9659,0.2588,0,0.2,0,1,11.306,1,0
205.15,0.614,-1.179,0,0,0,-0.866,0.5,0,0.0,0,0,13.87,0,0
2658.92,5.396,0.0,0,0,1,0.9659,0.2588,1,1.0,0,1,10.367,0,0
1505.86,0.132,-0.739,0,0,0,-0.2588,0.9659,0,0.1,0,0,11.588,0,0
585.66,0.137,-1.086,0,0,0,-0.866,0.5,0,0.0,0,1,11.056,1,0
80440.32,9.87,6.639,0,0,0,-0.2588,-0.9659,0,0.0,0,6,9.526,1,1
851.01,0.212,-0.882,0,0,0,-0.9659,0.2588,0,0.1,0,1,11.104,0,0
3158.09,1.07,0.09,0,0,0,0.2588,-0.9659,0,0.0,0,0,11.377,3,0
10.68,0.004,-0.804,0,0,0,0.866,-0.5,0,0.4,10,12,2.03,1,0
1933.05,1.0,0.0,0,0,0,0.2588,-0.9659,0,0.0,0,0,14.768,2,0
294.93,0.461,-0.429,0,0,0,0.5,-0.866,0,0.2,0,1,9.789,0,0
1436.82,0.506,-1.636,0,0,0,-0.866,0.5,0,0.125,0,1,11.36,0,0
1043.67,0.807,-0.216,0,0,0,-0.5,-0.866,0,0.0,0,1,10.22,1,0
2700.19,1.386,0.738,0,0,0,-0.2588,-0.9659,0,0.2,0,0,11.483,0,0
1461.31,0.965,-0.068,1,0,0,-0.7071,0.7071,0,0.0,0,0,13.727,0,0
450.74,0.405,-0.526,0,0,0,1.0,0.0,0,0.0,0,0,12.147,0,0
1899.27,0.422,-0.408,0,0,0,-0.866,0.5,0,0.1,0,0,12.349,0,0
402.29,0.253,-0.521,0,0,0,0.866,-0.5,0,0.0,0,0,11.658,1,0
978.47,1.104,0.184,0,0,0,-0.2588,0.9659,0,0.1,0,2,11.001,1,0
6497.91,3.629,2.429,0,0,0,-0.2588,-0.9659,0,0.1,0,0,11.464,0,0
3258.39,0.275,-0.669,0,0,0,-0.866,0.5,0,0.0,0,0,12.112,0,0
592.2,0.582,-0.344,0,0,0,-0.2588,-0.9659,0,0.2,0,1,10.93,0,0
2606.77,0.44,-0.351,0,0,0,-0.7071,-0.7071,0,0.0,0,1,11.303,0,0
24.48,0.029,-0.922,0,0,0,-0.5,0.866,0,0.2,14,15,3.415,0,1
287.56,0.169,-0.75,0,0,0,0.0,-1.0,0,0.1,0,1,11.201,1,0
4291.02,1.428,0.421,0,0,0,-0.9659,-0.2588,0,0.1,0,0,11.881,1,0
490.38,1.067,0.155,0,0,0,-0.2588,-0.9659,0,0.0,0,0,12.204,0,0
502.39,0.339,-0.966,0,0,0,0.866,-0.5,0,0.0,0,1,9.64,1,0
1671.59,0.407,-0.507,0,0,0,-0.5,0.866,1,0.2,0,0,11.542,0,0
1618.33,1.0,0.0,0,0,0,0.866,-0.5,0,0.0,0,0,14.768,0,0
430.86,1.0,0.0,0,0,0,-0.7071,0.7071,0,0.0,0,0,14.768,1,0
2161.88,0.952,-0.054,0,0,0,-0.866,0.5,1,0.1,0,1,11.358,2,0
33.01,0.079,-0.735,0,0,0,0.0,-1.0,0,0.3,10,11,3.955,0,1
2435.11,1.003,0.002,0,0,0,-0.5,-0.866,0,0.1,0,0,12.791,0,0
10746.33,2.816,2.274,0,0,0,-0.7071,-0.7071,0,0.0,0,0,12.768,0,0
584231.48,14.58,6.257,0,0,0,-0.2588,-0.9659,0,0.0,0,26,9.258,1,1
450.69,1.114,0.077,0,0,0,1.0,0.0,0,0.2,0,0,11.717,0,0
725.93,0.255,-0.525,0,0,0,-0.5,0.866,0,0.0,0,1,11.364,1,0
3449.86,1.792,0.768,0,0,0,-0.866,-0.5,0,0.1,0,2,10.577,0,0
377.82,0.583,-0.373,1,0,0,-0.5,-0.866,0,0.0,0,0,11.638,1,0
544.21,0.74,-0.219,0,0,0,-0.2588,0.9659,0,0.0,0,0,12.256,1,0
727.25,0.632,-0.358,0,0,0,-0.5,-0.866,0,0.0,0,1,11.281,0,0
371.23,0.385,-0.518,0,0,1,0.866,0.5,0,0.0,0,3,10.106,0,0
1130.33,0.871,-0.141,0,0,0,-0.5,-0.866,0,0.0,0,0,12.463,1,0
2142.8,0.57,-0.299,0,0,0,-0.866,0.5,0,0.0,0,0,12.605,1,0
243.75,0.831,-0.109,0,0,0,-0.9659,0.2588,0,0.0,0,2,10.182,1,0
54.95,0.092,-0.666,0,0,0,-0.2588,-0.9659,2,0.2,10,10,0.634,1,1
653.27,0.68,-0.96,0,0,0,-0.7071,0.7071,0,0.0,0,0,12.487,0,0
651.79,1.009,0.038,0,0,0,-0.5,-0.866,0,0.0,0,3,10.194,3,0
1498.82,0.689,-0.306,0,0,0,0.5,-0.866,0,0.0,0,1,10.931,1,0
439.85,0.313,-0.572,0,1,0,-0.5,0.866,0,0.0,0,2,8.733,1,0
869.66,0.372,-0.593,0,0,0,-0.9659,0.2588,0,0.1,0,0,11.676,1,0
403.86,0.645,-0.318,0,0,0,0.7071,-0.7071,0,0.0,0,1,9.035,0,0
33.89,0.01,-0.756,0,0,1,0.9659,0.2588,4,0.7,17,18,2.853,0,1
367.32,0.478,-3.068,0,0,1,0.9659,0.2588,0,0.0,0,2,10.979,3,0
3731.32,0.757,-0.202,0,0,0,-0.866,-0.5,0,0.0,0,2,9.049,0,0
2975.48,0.389,-0.44,0,0,0,-0.9659,0.2588,0,0.0,0,0,12.76,0,0
476.61,0.922,-0.08,0,0,0,0.866,-0.5,0,0.0,0,2,10.55,1,0
14696.84,8.963,6.374,1,0,0,-0.866,0.5,0,0.2,0,24,8.314,0,1
4150.44,1.126,0.744,0,0,0,-1.0,-0.0,1,0.167,4,5,2.612,2,1
2279.17,0.721,-0.347,0,0,0,0.5,-0.866,0,0.1,0,1,8.471,0,0
21.23,0.097,-1.601,0,0,0,-0.9659,0.2588,0,0.0,4,5,1.551,0,1
1390.22,0.755,-0.187,0,0,0,-0.866,-0.5,0,0.0,0,0,12.606,1,0
13.63,0.001,-0.78,0,0,0,-0.2588,0.9659,1,0.1,3,3,2.803,0,1
177.6,0.372,-1.326,0,0,0,0.5,-0.866,0,0.0,0,2,9.955,0,0
49.62,0.013,-0.785,0,1,1,0.9659,0.2588,0,0.5,10,11,2.987,0,1
3119.22,0.83,-0.078,0,0,0,-1.0,-0.0,0,0.1,0,3,9.076,1,0
3218.53,1.817,0.977,0,0,0,0.5,-0.866,0,0.1,0,0,12.058,1,0
555.4,0.619,-0.268,0,0,0,-0.2588,0.9659,0,0.1,0,1,10.782,2,0
2110.5,0.304,-0.576,1,0,0,-0.5,0.866,0,0.0,0,1,11.004,0,0
8442.24,5.056,4.065,1,0,1,0.2588,0.9659,0,0.2,1,5,7.838,3,1
7671.76,1.613,2.025,0,0,0,-0.2588,0.9659,0,0.0,0,1,10.224,0,0
515.57,0.415,-0.459,0,0,0,0.9659,-0.2588,0,0.0,0,0,11.554,0,0
627.41,0.516,-0.789,0,0,0,-0.2588,-0.9659,0,0.0,0,0,12.94,0,0
3064.03,1.373,0.398,0,0,0,-1.0,-0.0,0,0.0,0,0,11.922,2,0
2450.49,6.5,0.0,0,0,0,-0.2588,0.9659,0,0.0,0,1,11.011,3,0
366.48,0.198,-0.768,0,0,0,0.7071,-0.7071,0,0.1,0,1,11.039,1,0
12280.09,2.672,1.328,0,0,0,-0.9659,0.2588,0,0.0,0,0,11.513,0,0
1650.42,0.47,-0.99,0,0,0,-0.7071,-0.7071,0,0.167,0,2,9.164,0,0
1608.9,1.245,0.29,0,0,0,0.0,-1.0,0,0.0,0,2,9.521,1,0
606.68,0.882,-0.081,0,0,0,-0.9659,0.2588,0,0.1,0,1,11.128,0,1
2793.46,1.609,0.0,0,0,0,0.866,-0.5,0,0.0,0,1,10.348,0,0
57.27,0.018,-0.702,0,0,0,-0.9659,0.2588,0,0.4,17,17,3.049,0,1
902.07,0.136,-0.718,0,0,0,-0.2588,0.9659,0,0.0,0,3,9.311,0,0
511.73,0.394,-0.489,0,0,0,-0.7071,0.7071,0,0.0,0,3,9.836,0,0
31.64,0.031,-1.125,0,0,0,-0.5,0.866,0,0.2,8,9,2.526,0,1
6380.72,0.839,-0.121,0,0,0,-0.866,0.5,0,0.0,0,2,8.829,0,0
2775.61,0.43,-0.443,0,0,0,-1.0,-0.0,0,0.0,0,1,10.898,1,0
4151.82,1.277,0.789,0,0,0,-0.7071,-0.7071,1,0.25,3,3,6.272,3,1
7005.53,1.184,0.159,0,0,0,-0.866,0.5,0,0.0,0,1,10.003,0,0
546.07,0.97,-0.028,0,0,0,0.5,-0.866,0,0.1,0,0,11.639,0,0
2004.6,1.0,0.0,0,0,0,-0.866,-0.5,0,0.0,0,0,14.768,0,0
37.29,0.076,-0.96,0,0,0,-0.866,0.5,0,0.1,19,19,4.396,0,1
40.48,0.062,-0.628,0,0,1,0.0,1.0,1,0.3,11,11,1.682,0,1
734.52,0.925,0.0,1,0,0,-0.7071,0.7071,0,0.0,0,0,12.624,0,0
1148.07,1.178,0.148,0,0,0,-0.9659,0.2588,0,0.0,0,1,9.049,0,0
43.45,0.047,-1.011,0,0,0,-0.5,0.866,0,0.2,8,8,2.781,0,1
995.63,0.32,-0.531,0,0,0,-0.2588,-0.9659,0,0.0,0,2,9.756,0,0
4954.75,1.509,0.693,0,0,0,-0.2588,-0.9659,0,0.1,0,1,10.335,0,0
2293.73,0.629,-0.29,0,0,0,-0.7071,-0.7071,0,0.1,0,0,12.401,0,0
1828.21,0.863,-0.138,0,0,0,-0.9659,0.2588,0,0.1,0,0,11.682,1,0
5360.89,1.186,0.154,0,0,0,-0.5,-0.866,0,0.1,0,0,11.4,1,0
1737.71,0.223,-0.576,0,0,0,0.7071,-0.7071,0,0.1,0,0,11.968,0,0
7.87,0.046,-1.076,0,0,1,0.7071,0.7071,1,0.333,4,4,1.522,0,1
366.84,0.916,-0.478,1,0,0,0.2588,-0.9659,1,0.2,0,0,12.662,1,0
684.16,0.466,-0.543,0,0,0,-0.9659,-0.2588,0,0.0,0,3,11.194,1,0
4.37,0.002,-0.73,0,0,0,-0.866,-0.5,0,0.2,12,13,2.443,0,1
1057.73,0.435,-0.459,0,0,0,-0.866,-0.5,0,0.0,0,0,12.372,0,0
768.65,0.729,-0.198,0,0,0,0.0,-1.0,0,0.1,0,1,11.334,0,0
2947.85,1.807,0.688,0,0,0,0.2588,-0.9659,0,0.2,0,1,10.541,1,0
1379.4,0.323,-0.656,0,0,0,-1.0,-0.0,0,0.0,0,4,8.909,0,0
1404.52,1.591,0.571,0,0,0,0.866,-0.5,1,0.2,0,0,11.605,0,0
58.04,0.027,-0.71,0,0,0,0.866,-0.5,0,0.3,21,23,4.577,1,1
2277.28,0.987,-0.012,0,0,0,0.9659,-0.2588,0,0.1,0,4,8.69,1,0
12.03,0.027,-0.699,0,0,1,0.9659,0.2588,0,0.2,10,12,3.387,0,1
1335.97,0.693,-0.427,0,0,0,-0.9659,-0.2588,0,0.1,0,0,11.7,0,0
305.77,0.209,-0.691,0,0,0,-0.2588,-0.9659,0,0.0,0,0,12.068,0,0
3021.99,0.435,-0.431,0,0,0,-0.9659,0.2588,0,0.1,0,3,9.992,0,0
1291.81,0.235,-0.619,0,0,0,-1.0,-0.0,0,0.0,0,0,11.529,0,0
914.33,0.387,-1.288,0,0,0,0.0,-1.0,0,0.1,0,0,12.14,0,0
2383.33,1.716,2.709,0,0,0,0.0,-1.0,1,0.1,0,1,11.307,1,0
2555.67,1.247,0.597,0,0,0,0.0,-1.0,0,0.1,0,1,9.837,1,1
942.64,0.14,-0.648,0,0,0,-1.0,-0.0,0,0.0,0,0,11.411,1,0
8935.14,1.474,0.864,0,0,0,1.0,0.0,1,0.167,2,4,7.987,2,1
5686.47,1.889,2.352,0,0,0,-0.7071,-0.7071,0,0.2,0,1,10.891,1,0
4043.82,1.413,0.961,0,0,0,-0.9659,0.2588,0,0.2,3,3,7.569,2,1
2394.93,0.644,-0.331,0,0,0,-0.7071,0.7071,0,0.0,0,0,12.984,1,0
8.43,0.004,-0.632,0,0,0,-0.866,-0.5,1,0.2,21,22,3.644,0,1
4152.2,2.213,1.009,0,0,0,0.0,-1.0,0,0.0,0,1,11.364,0,0
153.25,0.095,-0.674,0,0,0,0.866,-0.5,0,0.0,0,1,11.105,0,0
1098.6,1.167,0.469,0,0,0,1.0,0.0,0,0.0,0,1,8.522,1,0
17910.74,3.545,2.37,0,0,0,-0.9659,0.2588,0,0.0,0,2,10.656,0,0
816.37,0.804,-0.17,0,0,0,0.866,-0.5,0,0.0,0,1,11.057,2,0
1543.12,0.675,-0.536,0,0,0,0.2588,-0.9659,0,0.0,0,0,11.596,0,0
2256.65,0.965,-0.034,0,0,0,-0.7071,-0.7071,0,0.1,0,2,8.688,0,0
1494.8,0.782,-0.161,0,0,0,0.866,-0.5,0,0.1,0,0,12.254,2,0
4019.43,0.945,-0.072,0,0,0,0.5,-0.866,1,0.1,0,0,12.646,0,0
572.05,0.939,-0.056,0,0,0,0.9659,-0.2588,0,0.0,1,1,6.269,0,0
1454.46,0.173,0.0,0,0,0,-0.9659,-0.2588,0,0.0,0,0,12.551,1,0
1058.0,0.391,-0.534,1,0,0,-0.5,-0.866,0,0.3,0,2,10.579,0,0
204.38,0.64,-0.364,0,0,0,0.7071,-0.7071,0,0.1,0,1,9.99,1,0
389.1,0.699,-0.254,0,0,0,-1.0,-0.0,0,0.0,0,2,10.542,0,0
518.2,0.645,-0.82,0,0,0,0.866,-0.5,0,0.2,0,0,11.825,0,0
2804.9,0.742,-0.383,0,0,0,-0.2588,0.9659,0,0.0,0,1,11.284,1,0
1756.21,1.073,0.073,0,0,0,0.5,-0.866,0,0.0,0,0,11.978,1,0
1339.38,0.951,-0.195,0,0,0,-0.2588,-0.9659,1,0.333,0,0,12.629,1,0
549.44,0.288,-0.749,0,0,0,0.9659,-0.2588,1,0.25,0,5,9.534,0,0
117375.6,16.168,8.142,1,0,0,-1.0,-0.0,0,0.0,0,8,9.467,1,1
1056.53,0.447,-0.59,0,0,0,0.9659,-0.2588,0,0.0,0,1,10.009,0,0
2377.63,0.458,-0.42,0,0,0,-0.866,-0.5,0,0.0,0,1,11.25,3,0
1793.38,1.509,1.92,0,0,0,0.2588,-0.9659,0,0.0,0,0,13.031,1,0
35.95,0.062,-0.585,0,0,1,0.0,1.0,0,0.3,14,14,0.327,0,1
1219.67,0.22,-0.509,0,0,0,-0.7071,-0.7071,0,0.0,0,1,11.282,0,0
384.16,0.806,-0.179,0,0,0,0.7071,-0.7071,0,0.1,0,1,11.125,1,0
2467.37,1.153,0.464,0,0,0,0.9659,-0.2588,0,0.0,0,2,11.013,1,0
1102.65,0.539,-0.488,0,0,0,0.7071,-0.7071,0,0.0,0,0,12.208,1,0
369.59,0.479,-2.466,0,0,0,-0.5,0.866,0,0.0,0,0,11.622,1,0
815.07,0.632,0.0,0,0,0,-0.9659,-0.2588,0,0.0,1,1,7.614,0,0
478.6,0.292,-0.622,0,0,0,-0.5,-0.866,0,0.0,0,1,11.251,0,0
7489.14,1.265,0.199,1,0,0,-0.5,0.866,0,0.1,0,0,12.092,0,0
2768.41,1.006,0.006,0,0,0,-0.9659,-0.2588,0,0.0,0,2,10.613,2,0
1676.32,0.802,-0.168,0,0,0,-0.866,0.5,0,0.0,0,3,9.722,0,0
333.13,0.267,-0.503,0,0,0,0.0,-1.0,0,0.1,0,2,10.381,1,0
424.77,0.608,-0.343,0,0,0,1.0,0.0,0,0.1,0,3,8.609,0,0
174.5,0.487,-2.105,1,0,0,-0.866,0.5,0,0.167,0,1,10.248,2,0
257.88,0.501,-0.522,0,0,0,0.5,-0.866,0,0.0,0,1,10.382,1,0
2238.8,2.735,1.818,1,0,0,-1.0,-0.0,1,0.3,0,1,8.674,1,0
594.87,2.681,7.809,0,0,0,-1.0,-0.0,0,0.0,0,0,12.956,2,0
1036.8,1.149,0.09,0,0,0,-0.2588,-0.9659,0,0.4,0,1,10.306,0,0
1087.89,0.876,-0.196,0,0,0,-0.2588,-0.9659,0,0.1,0,2,9.492,1,0
4257.62,0.932,-0.055,0,0,0,0.2588,-0.9659,0,0.0,0,0,12.489,1,0
931.76,1.284,0.228,0,0,0,0.9659,-0.2588,0,0.2,0,2,10.317,0,0
2.25,0.003,-0.954,0,0,0,-0.2588,0.9659,1,0.2,11,14,1.455,1,0
220.48,0.483,-0.411,0,0,0,-0.2588,0.9659,0,0.0,0,1,10.978,1,0
816.83,0.269,-0.617,0,0,0,0.866,-0.5,0,0.0,0,3,9.535,0,0
1118.17,0.664,-0.361,0,0,0,0.866,-0.5,0,0.0,0,0,12.347,1,0
13179.82,8.131,5.425,0,0,0,-0.2588,0.9659,0,0.4,0,0,11.475,0,0
718.03,0.538,-0.395,0,0,0,0.5,-0.866,0,0.0,0,2,8.361,0,0
659.04,0.163,-2.167,0,0,0,-0.9659,-0.2588,0,0.0,0,0,12.639,2,0
2962.24,0.511,-0.378,0,0,0,-0.866,0.5,0,0.1,0,1,9.274,0,0
731.85,1.653,1.043,0,0,0,0.0,-1.0,0,0.125,0,1,10.713,0,0
277.51,3.882,1.914,0,0,0,-0.2588,0.9659,1,0.7,0,0,11.677,0,0
1195.72,1.048,0.0,0,0,0,-0.2588,0.9659,0,0.0,0,1,10.233,1,0
20726.79,6.251,4.146,0,1,0,0.7071,-0.7071,0,0.1,0,0,11.505,0,0
1512.18,0.479,-0.968,0,1,0,-0.5,0.866,0,0.1,0,3,10.614,0,0
1509.25,1.105,0.077,0,0,0,-0.7071,0.7071,0,0.2,0,0,11.888,1,0
822.16,0.143,-0.638,0,0,0,0.2588,-0.9659,0,0.1,0,0,11.697,0,0
5878.7,4.158,2.657,0,0,0,-0.866,0.5,0,0.1,0,1,9.862,1,0
6532.15,1.0,0.0,0,0,0,0.7071,-0.7071,0,0.0,0,0,14.768,1,0
1966.79,1.224,0.163,0,0,0,-0.7071,-0.7071,0,0.0,0,1,10.897,1,0
1323.54,0.484,-0.325,0,0,0,0.2588,-0.9659,0,0.0,0,1,10.061,1,0
22.21,0.034,-0.482,0,0,0,-0.7071,-0.7071,0,0.4,23,24,2.132,0,0
1162.3,1.659,2.664,0,0,0,0.2588,-0.9659,0,0.143,0,1,11.203,0,0
2692.27,0.869,-0.185,0,0,0,-0.9659,0.2588,0,0.0,0,0,13.695,0,0
3069.83,0.48,-0.387,0,0,0,-0.2588,0.9659,0,0.0,0,1,9.874,0,0
1398.24,0.861,-0.114,0,0,0,-0.9659,-0.2588,0,0.0,0,2,10.734,1,0
570.63,0.588,-0.382,0,0,0,0.5,-0.866,0,0.0,0,1,9.678,0,0
502.08,0.25,0.0,1,0,0,0.7071,-0.7071,0,0.0,0,0,12.535,1,0
4998.07,0.755,-0.191,0,1,0,-1.0,-0.0,0,0.0,0,1,11.206,1,0
732.91,0.233,-0.588,0,0,0,-0.2588,-0.9659,0,0.1,0,0,13.219,0,0
1476.36,0.412,-0.727,0,0,0,-0.866,0.5,0,0.0,0,0,11.561,0,0
370711.84,14.43,6.859,0,0,1,0.5,0.866,0,0.0,1,9,7.369,0,1
373.16,0.343,-0.65,0,0,0,0.5,-0.866,0,0.0,0,1,8.952,0,0
3742.56,0.577,-0.283,0,0,0,0.2588,-0.9659,0,0.0,0,0,12.132,0,0
672.49,0.734,-0.249,0,0,1,0.9659,0.2588,0,0.0,0,1,10.228,0,0
1538.36,0.978,-0.018,0,0,0,-0.866,-0.5,0,0.0,0,0,12.026,1,0
911.93,1.788,0.707,0,0,0,0.7071,-0.7071,0,0.1,0,2,9.38,1,0
970.4,0.763,-0.662,0,0,0,-0.9659,-0.2588,0,0.1,0,0,12.789,0,0
13.42,0.007,-1.448,0,0,0,-0.866,0.5,1,0.1,5,6,0.578,0,1
1426.6,1.138,0.205,0,0,0,0.7071,-0.7071,0,0.0,0,2,10.251,1,0
693.97,0.271,-1.051,0,0,0,-0.2588,0.9659,0,0.0,0,0,12.193,0,0
1894.22,1.0,0.0,0,0,0,-0.866,0.5,0,0.0,0,0,14.768,0,0
2580.93,5.257,3.187,0,1,0,-0.5,0.866,1,0.2,0,1,10.178,0,0
41.11,0.286,-0.753,0,0,0,-0.9659,0.2588,1,0.5,17,18,3.589,0,1
4489.67,5.658,6.126,0,0,0,1.0,0.0,0,0.1,0,1,10.845,1,0
4105.22,1.178,0.169,0,0,0,-0.866,0.5,0,0.0,0,0,11.374,1,0
4707.21,1.0,0.0,0,0,0,0.866,-0.5,0,0.0,0,0,14.768,3,0
45.24,0.037,-0.726,1,1,0,-0.7071,-0.7071,0,0.0,1,2,0.0,0,1
4387.51,1.757,1.334,0,0,0,-0.7071,-0.7071,0,0.1,0,1,10.214,0,0
760.23,0.45,-0.956,0,0,0,0.0,-1.0,0,0.111,0,0,11.672,0,0
2690.25,0.968,-0.023,0,0,0,-0.2588,-0.9659,0,0.0,0,1,10.775,0,0
261.45,0.292,-0.85,0,0,0,-1.0,-0.0,0,0.1,1,2,7.984,0,0
872.55,0.342,-0.544,0,0,0,-0.2588,-0.9659,0,0.0,0,1,11.019,0,0
9203.94,2.197,1.573,0,0,0,0.9659,-0.2588,0,0.0,1,1,6.172,4,1
1140.58,1.078,0.294,0,0,0,-0.866,0.5,0,0.0,0,1,11.234,1,0
315.95,1.0,0.0,0,0,0,-0.9659,-0.2588,0,0.0,0,0,14.768,1,0
2400.39,0.794,-0.471,0,0,0,-0.2588,-0.9659,0,0.1,0,1,10.854,0,0
663.35,0.303,-0.755,0,0,0,-0.9659,0.2588,0,0.0,0,0,12.665,0,0
1524.05,0.628,-0.28,0,0,0,-1.0,-0.0,0,0.0,0,2,9.918,0,0
371.53,0.665,-0.304,0,0,0,0.5,-0.866,0,0.0,0,1,11.044,0,0
1260.29,0.378,-2.684,0,0,0,-0.2588,-0.9659,0,0.0,0,0,12.833,0,0
614.93,0.354,-0.51,0,0,0,0.866,-0.5,0,0.1,0,1,10.763,1,0
1164.57,1.186,0.65,0,0,0,-0.9659,-0.2588,0,0.1,0,0,11.438,1,0
264.33,0.923,-0.297,0,0,0,0.5,-0.866,0,0.0,0,1,11.301,0,0
2733.0,1.108,0.082,0,0,0,0.2588,-0.9659,0,0.0,1,2,8.025,0,0
470.35,0.71,-0.216,0,0,0,-0.9659,-0.2588,0,0.1,0,0,11.546,0,0
423.71,0.252,-0.873,0,0,0,0.866,-0.5,0,0.0,0,0,12.4,1,0
934.27,0.194,-0.717,1,0,0,-0.866,0.5,1,0.2,0,1,10.667,0,0
750.51,0.577,-0.361,0,0,0,-0.2588,-0.9659,1,0.1,0,0,11.542,0,0
1833.36,0.165,-0.902,0,0,0,-0.866,-0.5,0,0.0,0,2,11.026,0,0
2920.36,0.746,-0.197,0,0,0,0.2588,-0.9659,1,0.2,0,1,10.61,0,0
2249.3,0.852,-0.2,0,0,0,-0.5,0.866,0,0.0,0,1,10.217,0,0
649.92,0.488,-0.825,0,0,0,-0.9659,0.2588,0,0.0,0,0,11.593,1,0
785.47,1.0,0.0,0,0,0,-0.7071,0.7071,0,0.0,0,0,14.768,2,0
1608.38,0.777,-0.268,0,0,0,-0.866,0.5,0,0.1,0,1,11.262,0,0
578.24,0.197,-1.842,0,0,0,-0.2588,-0.9659,0,0.0,0,0,11.637,0,0
510.38,0.336,-0.504,0,0,0,0.5,-0.866,0,0.0,0,3,9.952,0,1
170.8,0.238,-0.704,0,0,0,-0.866,0.5,0,0.0,0,2,9.282,1,0
1987.02,0.855,-0.149,0,0,0,-0.2588,-0.9659,0,0.0,1,3,7.433,0,0
390.18,1.0,0.0,0,0,0,-0.7071,-0.7071,0,0.0,0,0,14.768,0,0
708.5,0.44,-0.487,1,0,0,-0.9659,-0.2588,0,0.0,0,4,9.639,0,0
3954.16,1.807,0.819,1,1,0,-0.2588,0.9659,0,0.0,0,2,10.793,1,0
764.34,0.726,-0.12,0,0,0,-0.2588,0.9659,0,0.0,0,2,10.905,0,0
557.93,0.913,0.0,1,0,0,0.5,-0.866,0,0.0,0,0,12.717,1,0
668.65,0.394,-0.538,0,0,0,-0.866,-0.5,0,0.0,0,1,11.207,1,0
1428.78,0.882,-0.103,0,0,0,-0.7071,0.7071,0,0.2,0,1,10.645,0,0
37938.25,6.36,4.026,0,0,0,0.0,-1.0,0,0.0,0,1,10.386,0,0
2944.11,2.363,1.192,0,0,0,-0.2588,0.9659,0,0.0,0,3,10.463,1,0
1804.23,0.505,-0.375,0,0,0,0.0,-1.0,0,0.1,0,1,10.783,0,0
1035.77,0.501,-0.957,0,0,0,0.0,-1.0,0,0.0,0,1,11.246,0,0
15665.33,3.831,2.013,0,0,0,1.0,0.0,0,0.1,0,0,13.086,0,0
2414.17,1.524,0.0,1,1,0,0.866,-0.5,0,0.0,0,0,12.976,2,0
339094.14,29.869,9.58,0,0,0,0.5,-0.866,0,0.0,0,31,8.744,2,1
1532.84,1.0,0.0,0,0,0,-0.866,0.5,0,0.0,0,0,14.768,2,0
2130.19,0.817,-0.375,0,0,0,-0.5,-0.866,0,0.0,0,0,11.572,0,0
1868.09,0.248,-0.593,0,0,0,0.0,-1.0,0,0.0,0,1,9.651,1,0
499.31,0.206,-0.758,0,0,0,-0.7071,0.7071,0,0.1,0,2,10.598,0,0
321.41,0.403,-0.658,0,0,0,-0.7071,0.7071,0,0.1,0,0,12.911,0,0
11771.17,6.826,11.29,0,0,0,-1.0,-0.0,0,0.1,0,0,12.168,1,0
1723.0,0.359,-0.526,0,0,0,-0.866,0.5,0,0.0,0,1,10.861,0,0
1354.93,0.543,-1.052,0,0,0,0.5,-0.866,0,0.0,0,0,12.966,0,0
24.79,0.003,-0.698,0,0,0,-0.2588,0.9659,0,0.1,5,5,2.24,0,1
224.47,0.411,-0.502,0,0,0,-0.2588,0.9659,0,0.0,0,2,9.774,1,0
2077.24,0.683,-0.475,0,0,0,0.5,-0.866,0,0.0,0,2,10.671,3,1
180.55,0.321,-0.743,0,0,0,1.0,0.0,0,0.0,0,1,10.821,1,0
3873.68,0.876,-0.103,0,0,0,0.2588,-0.9659,0,0.1,0,0,12.36,1,0
674.56,0.62,-0.338,0,0,0,0.866,-0.5,0,0.1,0,1,10.337,0,0
14698.84,7.988,0.0,0,0,0,0.5,-0.866,3,0.75,2,3,7.763,4,1
11437.55,3.126,2.125,0,0,0,-0.5,0.866,0,0.1,0,1,10.229,0,0
462.81,0.703,-0.363,0,0,0,0.866,-0.5,0,0.0,0,1,10.377,3,0
790.32,0.461,-0.53,0,0,0,0.7071,-0.7071,0,0.222,0,0,11.912,0,0
1095.7,0.359,-0.671,0,0,0,-0.2588,-0.9659,0,0.0,0,2,10.071,1,0
1.25,0.002,-0.833,0,0,0,0.2588,-0.9659,2,0.3,8,12,0.883,1,1
1254.13,0.517,-0.316,0,0,0,-0.5,-0.866,0,0.1,0,3,10.556,0,0
402.07,1.666,3.822,0,0,0,-0.866,-0.5,0,0.333,0,2,9.445,2,0
801.01,0.603,-0.506,0,0,0,-0.5,0.866,0,0.2,0,0,11.724,1,0
1994.72,0.629,-0.387,0,0,0,-0.9659,0.2588,0,0.0,0,1,11.156,0,0
1938.6,0.596,-0.315,0,0,0,-1.0,-0.0,0,0.0,0,1,10.288,0,0
5544.09,0.854,-0.125,0,0,0,-0.866,0.5,0,0.0,0,5,10.447,1,0
47.41,0.035,-1.167,0,0,0,-0.9659,-0.2588,1,0.2,2,2,3.171,0,1
34.25,0.064,-0.47,0,0,0,-1.0,-0.0,0,0.3,16,16,4.141,0,1
2348.87,0.583,-0.388,0,0,0,-0.866,0.5,0,0.0,0,4,8.685,0,0
9104.0,1.79,1.353,0,0,0,-0.7071,0.7071,0,0.333,0,0,11.466,0,0
4015.03,1.0,0.0,0,0,1,0.866,0.5,0,0.0,0,0,14.768,2,0
3168.98,1.02,0.016,0,0,0,0.5,-0.866,0,0.1,0,0,12.465,1,0
781.25,1.0,0.0,0,0,0,0.866,-0.5,0,0.0,0,0,14.768,0,0
1296.86,1.0,0.0,0,0,0,-0.9659,0.2588,0,0.0,0,0,14.768,0,0
7554.44,3.086,1.794,0,0,0,-0.5,-0.866,0,0.0,0,1,9.665,1,0
1160.27,0.546,-0.507,0,0,0,-0.9659,0.2588,0,0.0,0,1,8.583,0,0
442.14,0.676,-0.255,0,0,0,-0.2588,-0.9659,1,0.2,0,0,12.438,0,0
3366.4,0.503,-0.345,0,0,0,-0.9659,-0.2588,0,0.2,0,3,9.37,1,0
5022.74,2.534,4.991,0,0,0,0.0,-1.0,0,0.1,0,0,11.817,0,0
919.15,1.199,0.669,0,0,0,0.7071,-0.7071,0,0.2,0,0,11.999,0,0
186.01,0.462,-5.0,0,0,0,0.866,-0.5,0,0.0,0,0,12.283,0,0
341.75,0.37,-0.496,0,0,0,0.5,-0.866,0,0.0,0,0,12.934,0,0
6250.76,0.97,-0.027,0,0,0,-0.7071,-0.7071,0,0.111,0,0,11.513,1,0
755.82,0.218,-0.592,0,0,1,0.9659,0.2588,0,0.0,0,0,11.864,1,0
11875.36,5.853,5.009,0,0,0,-0.866,0.5,0,0.1,0,0,12.39,0,0
615.6,0.445,-1.944,0,0,0,0.2588,-0.9659,0,0.0,0,0,11.623,0,0
553.08,0.54,-1.023,0,0,0,-0.2588,0.9659,0,0.111,0,2,10.191,1,0
27.2,0.03,-0.773,0,0,1,0.9659,0.2588,0,0.6,15,16,2.259,0,1
7622.48,3.566,4.587,0,0,0,-0.866,0.5,0,0.0,0,0,11.782,1,0
179.33,0.317,-0.593,0,0,0,-0.9659,-0.2588,0,0.0,0,1,11.282,1,0
1176.39,0.399,-1.33,0,0,0,-0.2588,0.9659,0,0.0,0,1,11.316,0,0
1076.51,0.791,-0.292,0,0,0,-0.2588,0.9659,0,0.0,0,1,9.739,1,0
1215.88,1.153,0.117,0,0,0,0.0,-1.0,0,0.0,0,2,9.697,0,0
189.99,0.49,-1.192,0,0,0,0.0,-1.0,0,0.1,0,2,10.891,1,0
3069.01,0.453,-0.421,0,0,0,-0.9659,0.2588,0,0.1,0,4,9.047,0,0
722.54,0.581,-0.601,1,0,0,-0.5,-0.866,0,0.1,0,0,11.795,0,0
1553.74,2.254,1.248,0,0,0,-0.5,-0.866,0,0.0,0,0,12.178,0,0
1504.24,0.796,-0.119,0,0,0,-0.9659,-0.2588,0,0.0,0,0,11.69,0,0
54.8,0.063,-1.714,0,0,0,0.0,-1.0,0,0.375,4,5,2.911,0,1
51.59,0.063,-0.514,0,0,0,-0.9659,0.2588,0,0.5,19,20,3.905,1,1
40.6,0.035,-0.988,0,0,0,-0.9659,-0.2588,2,0.6,10,10,1.975,0,1
347.7,0.21,-0.78,0,0,0,0.866,-0.5,0,0.1,0,3,10.94,0,0
1402.24,0.882,-0.101,0,0,0,-1.0,-0.0,0,0.0,1,1,7.182,1,0
6095.37,0.897,-0.078,0,0,0,-0.7071,0.7071,0,0.1,0,3,9.788,0,0
7.59,0.005,-0.643,0,0,0,-0.2588,-0.9659,1,0.4,9,9,2.363,1,1
26424.3,4.303,2.637,0,0,0,-0.7071,-0.7071,0,0.0,0,1,11.267,0,0
1325.23,0.216,-0.744,0,0,0,0.0,-1.0,0,0.2,0,1,10.994,1,0
343.15,0.408,-1.196,0,0,0,0.5,-0.866,0,0.1,0,0,11.409,1,0
2007.23,1.008,0.013,0,0,0,0.5,-0.866,0,0.0,0,0,11.826,0,0
1864.48,0.34,-0.518,0,0,0,0.0,-1.0,0,0.0,0,0,12.014,1,0
46237.11,12.702,6.004,0,0,1,0.866,0.5,0,0.2,3,4,7.163,1,1
22.88,0.007,-0.826,0,0,0,0.9659,-0.2588,0,0.3,7,7,2.383,1,1
670.62,1.544,10.164,0,0,0,0.2588,-0.9659,0,0.0,0,2,10.797,1,0
1135.83,1.039,0.154,0,0,0,-0.2588,-0.9659,0,0.333,0,1,10.524,1,0
740.66,1.0,0.0,0,0,0,-0.2588,0.9659,0,0.0,0,0,14.768,0,0
1703.74,1.144,0.396,0,0,0,0.5,-0.866,0,0.167,0,0,11.867,1,0
13444.84,7.314,0.0,0,0,0,-0.9659,0.2588,0,0.0,0,1,9.824,0,0
1034.67,0.234,-1.029,0,0,0,0.0,-1.0,0,0.0,0,1,10.913,0,0
522.27,0.479,0.0,1,0,0,0.7071,-0.7071,1,0.5,0,0,13.885,0,0
405.3,0.221,-0.741,0,0,0,0.866,-0.5,0,0.1,0,2,9.977,0,0
182.93,0.333,-0.693,0,0,0,0.2588,-0.9659,0,0.0,0,1,11.299,1,0
12.25,0.006,-1.617,0,0,1,0.7071,0.7071,1,0.3,7,8,1.911,2,1
502.06,0.351,-0.97,0,0,0,-0.5,-0.866,0,0.1,0,0,12.271,1,0
25229.14,23.216,15.0,1,1,0,0.7071,-0.7071,0,0.1,0,1,10.427,1,1
1619.86,0.643,-0.333,0,0,0,-0.5,0.866,0,0.1,0,1,10.282,0,0
1601.88,0.7,-0.278,0,0,0,0.0,-1.0,0,0.0,0,1,11.126,1,0
3410.46,0.751,-0.188,0,0,0,-0.866,-0.5,0,0.0,0,0,11.617,0,0
704.16,0.522,-0.584,0,0,0,0.2588,-0.9659,0,0.0,0,2,10.166,0,0
5172.85,1.218,0.18,0,0,0,-1.0,-0.0,0,0.0,0,3,8.483,0,0
15345.74,17.317,15.0,0,0,0,-0.7071,-0.7071,0,0.0,0,0,11.721,0,0
461.12,1.0,0.0,0,0,0,-0.7071,0.7071,0,0.0,0,0,14.768,0,0
9164.72,1.689,0.99,0,0,0,-0.5,-0.866,0,0.0,2,2,6.673,2,1
1145.48,0.481,-0.425,0,0,0,-0.5,0.866,0,0.0,0,3,8.819,1,0
723.76,0.557,-1.283,0,0,0,-0.9659,0.2588,0,0.0,0,1,9.558,1,1
46.64,0.055,-0.897,0,0,0,-0.5,0.866,2,0.4,16,17,2.376,0,1
866.01,0.577,-0.399,1,0,0,0.0,-1.0,0,0.1,0,2,8.91,1,0
2657.32,0.336,-0.619,0,0,0,-0.9659,-0.2588,0,0.0,0,0,11.593,0,0
6208.24,3.327,7.652,1,0,1,0.5,0.866,0,0.0,0,0,12.238,3,0
1064.17,0.189,-0.74,0,0,0,-0.9659,-0.2588,0,0.0,0,0,11.776,0,0
503.04,2.525,0.0,0,0,0,-0.7071,0.7071,0,0.0,0,1,10.907,2,0
11.21,0.004,-0.62,0,0,0,0.7071,-0.7071,0,0.2,10,10,2.266,0,1
41.65,0.103,-1.295,0,1,0,0.866,-0.5,1,0.1,3,5,2.394,0,1
1402.86,0.827,-0.164,0,0,0,0.7071,-0.7071,0,0.0,0,1,10.943,0,0
7451.31,3.908,3.05,0,0,0,-0.866,-0.5,0,0.1,0,0,12.754,0,0
958.21,0.715,-0.254,0,0,0,-0.5,0.866,0,0.0,1,2,6.78,0,0
20762.93,5.987,15.0,0,0,0,-0.7071,0.7071,0,0.0,0,1,11.337,1,0
1896.97,0.673,-0.269,0,0,0,0.0,-1.0,0,0.1,0,0,11.753,1,0
3525.58,1.57,0.428,0,0,0,-1.0,-0.0,0,0.0,0,2,11.273,1,0
2776.93,1.324,0.832,0,0,0,0.9659,-0.2588,0,0.0,0,0,11.668,1,0
3.63,0.005,-1.409,0,0,0,0.9659,-0.2588,2,0.333,4,6,3.133,0,1
1077.34,0.991,-0.007,0,0,0,1.0,0.0,1,0.1,0,0,11.803,1,0
1697.79,0.571,-0.355,0,0,0,-0.5,-0.866,0,0.0,0,0,11.561,0,0
1377.73,0.364,-0.609,0,0,0,0.2588,-0.9659,0,0.2,0,2,10.971,0,0
1430.12,0.193,-0.681,0,0,0,-0.866,0.5,0,0.0,0,1,10.785,0,0
713.71,0.664,-0.617,0,0,0,0.5,-0.866,0,0.0,0,1,10.735,0,0
17.01,0.005,-0.866,0,0,0,0.866,-0.5,0,0.0,8,9,0.031,0,1
3457.45,0.626,-0.302,0,0,0,0.2588,-0.9659,0,0.1,0,1,10.226,0,0
48.13,0.011,-0.449,0,0,0,-0.2588,0.9659,0,0.5,29,29,4.825,0,1
37.77,0.027,-0.862,0,0,0,-0.2588,-0.9659,0,0.2,25,26,4.02,0,1
2129.05,2.511,1.208,0,0,0,-0.2588,-0.9659,0,0.0,0,2,9.855,1,0
8099.97,4.799,3.421,0,0,0,0.9659,-0.2588,0,0.1,0,0,11.669,0,0
530.25,0.418,-0.577,0,0,0,-1.0,-0.0,0,0.0,0,2,10.535,1,0
6471.98,1.428,0.224,1,0,1,0.2588,0.9659,1,0.1,0,3,9.015,0,0
945.79,0.519,-0.418,1,0,0,-0.5,0.866,0,0.0,0,0,12.84,2,0
336.04,0.374,-0.508,0,0,0,0.5,-0.866,0,0.1,0,0,12.354,0,0
701.19,0.949,-0.133,0,0,0,-0.5,0.866,0,0.0,0,2,10.454,1,0
3036.3,1.0,0.0,0,0,0,-0.7071,0.7071,0,0.0,0,0,14.768,0,0
625.89,0.406,-0.81,0,0,0,0.0,-1.0,0,0.0,0,1,9.703,1,0
1401.82,1.854,2.478,0,0,0,-0.866,0.5,0,0.0,0,0,12.414,1,0
930.05,0.986,-0.01,0,0,0,-0.7071,-0.7071,0,0.0,0,3,9.312,0,0
1419.36,0.192,-0.692,0,0,0,-0.7071,-0.7071,0,0.0,0,3,9.957,0,0
398.09,0.486,-0.689,1,0,0,-0.5,0.866,0,0.0,0,2,9.573,0,0
2039.56,0.466,-0.497,0,0,0,-0.7071,-0.7071,0,0.2,0,0,11.553,0,0
24470.07,7.632,3.275,0,0,1,0.2588,0.9659,0,0.2,2,3,6.565,1,1
1069.06,1.03,0.06,0,0,0,0.0,-1.0,0,0.1,0,0,11.619,2,0
1809.93,1.187,0.569,0,0,0,0.7071,-0.7071,0,0.143,0,1,9.051,1,0
1136.44,0.184,-0.67,0,0,0,-0.7071,0.7071,0,0.0,0,1,9.53,1,0
2893.33,1.899,0.0,0,0,0,-0.2588,-0.9659,0,0.0,0,1,10.439,1,0
1635.74,1.0,0.0,0,0,0,0.0,-1.0,0,0.0,0,0,14.768,1,0
51.16,0.019,-0.453,0,0,0,-0.9659,-0.2588,0,0.5,11,11,2.077,1,1
504.12,0.213,-0.738,0,0,0,0.2588,-0.9659,0,0.0,0,0,12.214,1,0
1939.46,1.817,2.041,0,0,0,0.866,-0.5,0,0.143,0,2,9.292,1,0
9443.83,1.569,0.93,0,0,1,0.5,0.866,0,0.0,3,4,7.92,2,1
611.99,1.098,0.105,1,0,0,-0.7071,-0.7071,1,0.2,0,0,11.511,0,0
3179.79,1.547,0.462,0,0,0,-0.2588,0.9659,0,0.1,0,0,12.64,0,0
588.7,0.451,-0.746,0,0,0,-0.2588,-0.9659,0,0.0,0,1,11.322,1,0
210.8,0.641,-0.583,0,0,0,0.9659,-0.2588,0,0.1,0,0,12.422,0,0
6768.73,3.994,2.946,0,0,0,-0.5,-0.866,0,0.0,0,1,8.497,1,0
461.76,0.288,-1.354,0,0,0,0.7071,-0.7071,0,0.1,0,0,12.58,1,0
2718.35,0.872,-0.099,0,0,0,-0.7071,0.7071,0,0.0,0,1,10.616,0,0
3369.66,1.119,0.0,0,0,0,-0.866,0.5,0,0.0,0,1,11.264,0,0
2324.14,0.505,-0.441,0,0,0,-0.2588,-0.9659,0,0.1,0,0,12.799,0,0
957.11,0.316,-0.627,0,0,0,-0.5,0.866,0,0.0,0,3,9.702,0,0
792.67,1.022,0.027,0,0,0,0.5,-0.866,0,0.0,1,4,7.843,0,0
14.61,0.002,-0.613,0,1,0,-0.2588,0.9659,2,0.3,10,10,1.548,0,1
2277.83,1.44,0.936,0,0,0,0.7071,-0.7071,0,0.167,0,1,10.53,1,0
1256.31,1.055,0.304,0,0,0,0.5,-0.866,0,0.25,0,0,12.092,0,0
9194.57,2.056,0.989,0,0,0,-1.0,-0.0,0,0.0,1,5,7.096,1,0
1720.19,1.329,0.86,0,0,0,-0.866,0.5,0,0.0,0,0,12.356,0,0
6743.55,4.602,15.0,0,0,0,0.2588,-0.9659,0,0.0,0,1,11.077,0,0
1716.33,2.342,1.151,0,0,0,-0.5,-0.866,0,0.1,0,0,11.503,1,0
8803.56,1.194,0.482,0,0,0,0.0,-1.0,0,0.0,2,3,7.149,3,1
9813.08,3.472,1.898,0,0,0,0.0,-1.0,0,0.1,0,0,12.185,1,0
2863.6,0.509,-0.47,0,0,0,-0.866,0.5,0,0.0,0,5,8.247,0,0
1232.96,0.328,-0.526,0,1,0,0.7071,-0.7071,0,0.0,0,0,12.803,1,0
146.23,0.575,0.0,0,0,0,-0.5,-0.866,0,0.0,0,0,11.807,0,0
1355.48,0.388,-1.104,0,0,0,0.2588,-0.9659,0,0.0,0,0,11.722,1,0
2094.93,1.0,0.0,0,0,0,-1.0,-0.0,0,0.0,0,0,14.768,0,0
1634.28,0.54,-4.16,1,0,0,-0.2588,-0.9659,0,0.0,0,0,12.304,1,0
948.13,1.098,0.104,0,0,0,0.2588,-0.9659,0,0.1,0,1,10.237,0,0
2152.97,0.836,-0.288,0,0,0,0.0,-1.0,0,0.0,0,1,10.504,0,0
1796.29,1.165,0.178,0,0,0,0.7071,-0.7071,1,0.3,0,0,12.053,0,0
642.71,0.368,-0.491,0,0,1,0.9659,0.2588,0,0.3,0,0,12.452,0,0
834.27,2.971,8.565,0,0,0,0.7071,-0.7071,0,0.0,0,1,9.297,0,0
2025.14,0.395,-0.513,0,0,0,-0.7071,-0.7071,0,0.0,0,2,10.275,1,0
1393.03,0.456,-0.554,0,0,0,-0.866,-0.5,0,0.0,0,1,10.6,0,0
202.78,0.169,-0.962,0,0,1,0.866,0.5,0,0.25,0,1,10.287,0,0
1617.19,0.356,-1.563,0,0,0,-0.2588,0.9659,0,0.0,0,0,11.633,0,0
132.57,0.416,-0.652,0,0,0,-0.866,-0.5,0,0.1,0,0,12.808,0,0
571.69,0.393,-0.588,0,0,0,-1.0,-0.0,0,0.1,0,2,10.724,1,0
796.96,0.266,-2.358,0,0,0,-1.0,-0.0,0,0.0,0,1,11.334,0,0
353.93,0.551,-0.436,0,0,0,-0.2588,0.9659,0,0.2,0,0,12.288,1,0
626.27,1.131,0.075,0,0,0,1.0,0.0,0,0.1,0,2,8.563,3,0
593.4,0.699,-0.36,0,0,0,0.9659,-0.2588,1,0.1,0,3,9.814,0,0
666.99,0.119,-0.761,0,0,0,-0.2588,0.9659,0,0.0,0,0,11.4,0,0
721.85,0.205,-0.753,0,0,0,-0.2588,-0.9659,0,0.0,0,1,8.194,0,0
217.85,0.281,-0.652,0,0,0,-1.0,-0.0,0,0.0,0,4,9.197,0,0
50.93,0.04,-0.673,0,0,0,0.0,-1.0,0,0.2,7,9,2.869,1,1
2325.79,0.681,-0.233,0,0,0,-0.5,-0.866,0,0.1,0,3,8.948,0,0
708.74,0.543,-0.484,0,0,0,0.2588,-0.9659,1,0.167,0,0,11.439,0,0
435.63,0.153,-0.776,0,0,0,-0.866,-0.5,0,0.1,0,1,10.592,1,0
348.9,0.125,-0.788,0,0,0,-0.9659,-0.2588,0,0.1,0,3,10.457,0,0
8617.22,16.464,0.0,1,1,0,0.0,-1.0,0,0.0,0,0,14.244,3,0
9286.32,1.826,1.053,0,0,0,0.0,-1.0,0,0.2,2,3,8.062,3,1
2108.95,0.8,-0.176,0,0,0,-0.866,-0.5,1,0.3,0,0,11.582,1,0
422.96,0.378,-0.507,0,0,0,-0.9659,0.2588,0,0.0,0,0,12.841,1,0
2456.86,0.985,-0.035,0,0,0,-0.9659,0.2588,0,0.0,0,2,9.99,0,0
7.29,0.007,-1.009,0,1,0,0.5,-0.866,0,0.2,10,10,2.008,0,1
3372.85,0.788,-0.17,0,0,0,0.9659,-0.2588,0,0.3,0,0,12.307,0,0
5.33,0.002,-0.836,0,1,1,0.0,1.0,0,0.0,3,3,2.649,1,1
4812.17,1.27,0.194,0,0,0,-0.2588,-0.9659,1,0.2,0,0,12.094,0,0
421.28,0.651,-0.845,0,0,0,-0.2588,-0.9659,1,0.2,0,2,8.818,0,0
1646.09,0.829,-0.416,0,0,0,-0.866,0.5,0,0.0,0,1,11.326,0,0
8755.39,3.923,0.0,0,0,0,-0.2588,-0.9659,1,0.5,1,1,7.089,4,1
292.74,0.742,-0.247,0,0,0,0.2588,-0.9659,0,0.1,0,1,9.425,0,0
678.44,0.798,-0.281,0,0,0,-0.9659,0.2588,0,0.0,0,1,10.628,0,0
509.12,0.403,-0.509,0,0,0,1.0,0.0,0,0.1,0,0,12.519,0,0
579.83,1.655,2.681,0,0,0,-0.2588,0.9659,0,0.1,0,0,12.725,0,0
3931.24,0.682,-0.293,0,0,0,0.866,-0.5,0,0.1,0,0,12.764,0,0
274.65,0.475,-0.52,0,0,0,-0.9659,-0.2588,0,0.2,0,0,13.055,0,0
459.88,0.335,-0.55,0,0,0,-0.5,-0.866,0,0.1,0,1,8.601,0,0
3552.4,3.984,2.811,0,0,0,-0.5,-0.866,0,0.1,0,0,11.568,0,0
50.84,0.017,-0.769,0,0,0,-0.2588,-0.9659,3,0.3,3,4,2.412,0,1
374.93,0.377,-0.579,0,0,0,-1.0,-0.0,0,0.1,0,0,13.172,0,0
1709.26,1.723,0.0,1,0,0,0.5,-0.866,0,0.0,0,0,14.132,0,0
3242.04,0.846,-0.125,0,0,0,-0.5,0.866,0,0.3,0,0,11.578,0,0
3031.29,2.199,1.092,0,0,0,-0.5,0.866,0,0.0,0,2,10.56,1,0
210.47,0.322,-1.503,1,0,0,0.866,-0.5,0,0.0,0,0,13.667,2,0
506.06,0.413,-0.558,0,0,0,-0.2588,0.9659,0,0.0,0,1,10.408,1,0
3131.99,0.657,-0.284,0,0,0,-0.866,0.5,0,0.0,0,0,11.667,0,0
926.81,0.439,-1.075,0,1,0,-0.7071,0.7071,0,0.2,0,0,12.495,0,0
866.66,0.602,-0.303,0,0,0,-0.9659,0.2588,0,0.1,0,0,11.564,0,0
843.44,0.502,-0.516,1,0,0,-0.7071,0.7071,0,0.0,0,0,12.361,0,0
2467.61,0.992,-0.009,0,0,0,0.9659,-0.2588,0,0.1,0,1,11.123,0,0
27.34,0.004,-0.947,0,0,1,0.5,0.866,2,0.2,2,2,1.686,0,1
1372.02,0.215,-0.746,0,0,0,0.0,-1.0,0,0.0,0,0,12.289,0,0
32.83,0.078,-2.103,0,0,0,-0.7071,0.7071,0,0.1,3,5,3.343,1,1
555.6,0.386,-0.608,0,0,0,-0.5,-0.866,0,0.0,0,0,11.383,1,0
3920.88,1.575,0.523,0,0,1,0.2588,0.9659,0,0.1,1,1,8.084,2,0
1888.73,1.562,1.284,1,0,0,0.866,-0.5,0,0.0,0,2,10.929,2,0
631.24,1.016,0.028,0,0,0,0.7071,-0.7071,0,0.0,0,1,9.058,0,0
14072.77,7.241,7.725,0,0,1,0.9659,0.2588,0,0.0,0,1,11.319,0,0
3091.38,1.329,0.8,1,0,0,0.866,-0.5,0,0.2,0,0,12.1,0,0
5369.89,8.215,14.414,0,0,0,-0.5,0.866,0,0.0,0,1,9.938,0,0
930.43,0.399,-0.558,0,0,0,-1.0,-0.0,0,0.0,0,1,10.185,0,0
3690.32,0.538,-0.347,0,0,0,-0.5,0.866,0,0.0,0,2,10.897,0,0
21.48,0.013,-0.638,0,0,0,-0.2588,-0.9659,0,0.4,8,8,2.114,1,1
2263.92,0.461,-0.368,0,0,0,-1.0,-0.0,0,0.125,0,1,11.193,1,0
2234.68,0.984,-0.017,0,0,0,0.5,-0.866,0,0.0,0,4,8.586,0,0
432.71,0.624,-0.331,0,0,0,0.2588,-0.9659,0,0.1,0,4,10.386,0,0
149.71,0.058,0.0,0,0,0,-0.9659,-0.2588,0,0.0,0,1,9.5,0,0
2890.11,0.579,-0.301,0,0,0,0.2588,-0.9659,0,0.0,0,0,11.442,1,0
243.06,0.39,-2.339,0,0,0,-0.7071,0.7071,0,0.333,0,1,10.258,2,0
946.02,0.671,-0.397,0,0,0,-0.9659,0.2588,0,0.1,0,1,9.811,0,0
879.3,0.353,-0.701,0,0,0,0.866,-0.5,0,0.0,0,1,11.193,0,0
6973.6,3.55,2.478,0,0,0,0.5,-0.866,0,0.0,0,2,11.304,2,0
19985.26,4.254,2.288,0,0,0,-0.9659,0.2588,1,0.111,0,2,8.411,0,0
41.91,0.075,-0.929,0,0,0,0.9659,-0.2588,0,0.4,8,10,3.007,0,1
515.26,0.634,-1.831,0,0,0,-0.866,-0.5,0,0.0,0,1,9.791,1,0
2271.62,2.158,1.171,0,0,0,-0.866,0.5,0,0.5,0,0,13.602,0,0
22585.64,3.429,1.973,1,0,1,0.9659,0.2588,0,0.0,0,3,9.414,0,0
2407.16,2.182,4.054,0,0,0,0.5,-0.866,0,0.0,0,0,12.096,1,0
3626.18,1.954,0.972,0,0,0,-0.866,-0.5,0,0.1,0,0,11.749,0,0
546.74,0.462,-0.57,0,0,0,0.5,-0.866,0,0.1,0,2,9.291,1,0
365.38,0.32,-0.616,0,0,0,-0.866,0.5,0,0.1,0,1,10.915,1,0
5799.21,7.131,7.07,0,0,0,-0.2588,0.9659,0,0.1,0,0,11.885,1,0
839.54,0.577,-0.387,0,0,0,-0.866,0.5,0,0.0,0,2,11.111,0,0
343.22,0.558,-0.434,0,0,0,-1.0,-0.0,0,0.0,0,0,12.0,1,0
483.47,0.558,-0.405,0,0,0,0.5,-0.866,0,0.2,0,3,10.629,0,0
513.45,1.336,0.282,0,0,0,-0.2588,-0.9659,0,0.0,0,0,12.02,0,0
592.71,1.482,0.768,0,0,0,0.2588,-0.9659,0,0.1,0,3,9.634,1,0
1228.8,0.325,-0.453,0,0,1,0.7071,0.7071,0,0.0,0,1,11.24,0,0
2530.47,0.714,-0.277,0,0,0,0.7071,-0.7071,0,0.0,0,0,11.655,3,0
1962.14,0.694,-0.603,0,0,0,-0.2588,0.9659,0,0.1,0,0,11.76,0,0
844.2,0.243,-0.66,0,0,0,-1.0,-0.0,0,0.0,0,0,12.124,0,0
4259.6,1.0,0.0,0,0,0,-0.9659,-0.2588,0,0.0,0,0,14.768,1,0
1868.1,0.929,-0.032,0,0,0,0.5,-0.866,0,0.0,0,1,11.278,1,0
1897.37,0.948,-0.051,0,0,0,-0.866,-0.5,0,0.0,0,2,10.716,0,0
680.18,0.572,-1.399,1,0,1,0.9659,0.2588,0,0.0,0,0,11.993,0,0
2201.88,0.872,-0.24,0,0,0,0.7071,-0.7071,0,0.1,0,2,10.265,0,0
334.39,0.114,-0.651,0,0,0,0.0,-1.0,0,0.0,0,1,11.139,0,0
50.44,0.038,-0.912,0,0,0,-0.866,0.5,0,0.1,12,13,1.35,0,1
3797.01,0.558,-0.362,0,0,0,-1.0,-0.0,0,0.0,1,2,6.585,0,0
3866.45,2.127,2.191,0,0,0,-0.5,0.866,0,0.0,0,2,8.789,0,0
433.86,0.137,-0.747,0,0,0,-0.5,0.866,0,0.0,0,0,11.406,0,0
284.02,0.091,-0.753,0,0,0,-0.866,-0.5,1,0.2,0,0,11.409,0,0
54.44,0.063,-0.917,0,0,0,-0.5,0.866,0,0.2,9,9,2.816,0,1
226.0,0.552,-0.599,0,0,0,0.5,-0.866,0,0.1,0,0,12.46,1,0
3478.32,3.168,1.475,0,0,0,-0.5,0.866,0,0.4,0,1,11.228,1,0
463.12,0.672,-0.338,0,0,0,-0.7071,0.7071,0,0.111,0,0,11.843,0,0
351.07,0.397,-0.675,0,0,0,-0.2588,0.9659,0,0.2,0,0,11.924,0,0
245.53,0.24,-1.43,0,0,0,0.9659,-0.2588,0,0.125,0,0,11.84,0,0
398.87,0.969,-0.055,0,0,0,0.7071,-0.7071,0,0.0,0,0,12.526,0,1
8529.27,1.191,0.404,0,0,0,-0.9659,0.2588,0,0.0,0,0,11.974,2,0
1340.68,0.737,-0.295,0,0,0,-1.0,-0.0,0,0.0,0,0,11.53,1,0
460.95,0.347,-1.121,0,0,0,0.866,-0.5,0,0.0,0,0,12.422,1,0
1910.9,2.039,0.631,0,0,0,0.2588,-0.9659,0,0.1,0,0,12.457,0,0
628.66,0.864,-0.079,0,0,0,0.9659,-0.2588,0,0.1,0,0,11.53,3,0
1399.02,0.772,-0.42,0,0,0,-0.9659,-0.2588,0,0.1,0,1,10.47,0,0
666.68,0.755,-0.338,0,0,0,-0.2588,0.9659,0,0.2,0,0,11.74,0,0
7070.29,0.889,-0.098,0,0,0,-0.866,-0.5,0,0.0,0,0,12.381,0,0
515.7,0.433,-0.43,1,0,0,0.5,-0.866,0,0.0,0,0,11.653,1,0
52.74,0.088,-0.669,0,0,0,-0.2588,-0.9659,1,0.1,9,9,1.415,1,1
4739.99,0.586,-0.342,0,0,0,-1.0,-0.0,0,0.0,0,1,11.217,0,0
1044.4,0.953,0.0,0,0,0,0.5,-0.866,0,0.0,0,0,11.445,0,0
758.83,0.709,-0.229,1,0,0,-0.7071,-0.7071,0,0.0,0,2,9.94,3,0
667.63,0.576,-0.572,0,0,0,-0.2588,-0.9659,0,0.0,0,1,8.862,1,0
1090.33,0.258,-0.771,0,0,0,-0.866,-0.5,0,0.0,0,1,11.259,0,0
9529.27,1.907,1.179,0,0,0,-0.9659,-0.2588,0,0.0,1,1,6.56,3,1
5856.05,7.179,2.617,1,0,1,0.866,0.5,0,0.3,0,16,9.418,1,0
2103.03,2.074,2.163,0,0,0,-0.9659,0.2588,0,0.167,0,0,12.154,2,0
172.45,0.269,-1.02,0,0,0,-0.9659,-0.2588,0,0.0,0,0,11.831,1,0
1041.58,0.494,-0.565,0,0,0,-0.7071,-0.7071,0,0.0,0,2,11.266,0,0
2498.33,0.411,-0.503,0,0,0,-0.2588,0.9659,0,0.1,0,1,8.384,1,0
550.41,0.655,-0.336,0,0,0,-0.2588,0.9659,0,0.111,0,0,13.451,0,0
219.57,0.36,-0.498,0,0,0,-0.866,0.5,0,0.4,0,1,11.219,0,0
402.92,0.32,-1.059,0,0,0,0.5,-0.866,0,0.0,0,1,11.308,0,0
14075.72,3.192,1.701,0,0,0,0.2588,-0.9659,0,0.2,0,4,10.103,0,0
8.04,0.031,-2.652,0,1,0,-0.9659,0.2588,0,0.0,2,3,1.52,0,1
5314.73,7.699,11.015,0,0,0,-0.9659,-0.2588,0,0.1,0,2,10.124,0,0
2007.15,0.312,-0.454,0,0,0,0.5,-0.866,0,0.0,0,0,11.498,0,0
869.06,0.98,-0.02,0,0,0,0.7071,-0.7071,0,0.0,0,0,11.403,0,0
960.62,0.434,-0.561,0,0,0,0.2588,-0.9659,0,0.0,0,0,11.84,1,0
1232.96,4.493,9.553,1,0,0,-0.866,0.5,0,0.0,0,0,11.631,0,0
2054.44,0.314,-0.545,0,0,0,-1.0,-0.0,1,0.1,0,1,10.823,1,0
731.71,0.497,-0.419,0,0,0,0.7071,-0.7071,0,0.0,0,0,11.755,0,0
1374.8,0.311,-0.516,1,0,0,-0.866,-0.5,0,0.0,0,0,12.41,1,0
1531.18,0.637,-0.293,0,0,0,0.7071,-0.7071,0,0.0,0,0,12.154,1,0
329.26,1.831,0.569,0,0,0,0.0,-1.0,0,0.2,0,0,12.226,1,0
1034.77,0.675,-0.335,0,0,0,0.7071,-0.7071,0,0.2,0,0,12.357,0,0
9841.17,3.576,6.894,1,0,1,0.9659,0.2588,0,0.0,0,0,11.524,0,0
936.46,0.755,-0.393,0,0,0,0.5,-0.866,0,0.0,0,0,11.932,0,0
233.7,0.058,-0.95,0,0,0,-0.866,0.5,0,0.0,0,1,11.041,1,0
2196.13,1.0,0.0,0,0,0,-0.7071,0.7071,0,0.0,0,0,14.768,0,0
8808.67,2.079,0.864,0,0,0,-0.2588,0.9659,0,0.0,0,3,10.693,0,0
8039.61,3.368,1.809,0,0,0,0.2588,-0.9659,0,0.0,0,0,12.613,0,0
750.74,1.101,0.066,0,0,0,0.7071,-0.7071,0,0.3,0,31,10.974,0,0
1259.51,1.0,0.0,0,0,0,-0.5,-0.866,0,0.0,0,0,14.768,0,0
468.02,0.701,-0.284,0,0,0,-0.9659,-0.2588,0,0.2,0,1,11.318,1,0
1015.41,0.23,-5.0,0,0,0,0.0,-1.0,0,0.0,0,1,8.38,0,0
2869.02,1.089,0.209,0,0,0,-0.9659,0.2588,0,0.0,0,0,11.858,0,0
1077.75,0.254,-0.565,0,0,0,0.7071,-0.7071,0,0.0,0,0,11.603,0,0
857.31,0.357,-0.566,0,1,0,-0.5,0.866,0,0.143,0,0,11.451,1,0
482.75,0.193,-1.291,1,0,0,-0.7071,-0.7071,0,0.0,0,2,8.599,0,0
912.74,0.318,-0.585,0,0,0,-0.7071,-0.7071,0,0.0,0,1,10.319,0,0
4385.15,0.906,-0.065,0,0,0,-1.0,-0.0,1,0.3,0,0,12.265,1,0
1513.19,0.515,-0.343,0,0,0,-0.866,-0.5,0,0.0,0,0,12.788,0,0
56851.9,10.245,6.637,0,0,0,0.2588,-0.9659,0,0.1,0,6,8.748,2,1
990.2,0.685,-0.322,0,0,0,-0.7071,0.7071,0,0.2,0,0,11.872,1,0
2891.7,0.483,-0.431,0,0,0,-0.2588,-0.9659,0,0.1,0,0,12.568,1,0
9151.0,1.947,1.24,0,0,1,0.5,0.866,0,0.0,2,2,5.658,2,1
4.84,0.005,-1.155,0,0,0,-0.5,0.866,1,0.3,9,10,2.593,0,1
35070.92,8.906,5.671,1,1,0,-0.9659,-0.2588,0,0.1,0,1,9.719,1,1
286.54,0.415,-0.483,0,0,0,0.7071,-0.7071,0,0.1,0,0,11.542,0,0
489.99,0.429,-0.616,0,0,0,-0.7071,-0.7071,0,0.0,0,1,11.264,0,0
285.11,0.404,-0.373,0,0,0,-0.7071,-0.7071,0,0.1,0,0,11.534,0,0
324.47,0.651,-0.329,0,0,0,-0.9659,0.2588,1,0.2,0,4,10.3,1,0
25049.34,5.738,3.533,0,0,0,-0.9659,-0.2588,0,0.0,0,0,12.839,0,0
2574.33,1.854,1.387,0,0,0,-0.866,-0.5,0,0.0,0,1,11.208,0,0
1442.73,1.273,0.233,0,0,0,0.5,-0.866,0,0.2,0,1,9.928,0,0
344.74,0.233,-0.924,0,0,0,0.7071,-0.7071,0,0.0,0,1,10.365,1,1
20.4,0.072,-0.836,0,0,0,-0.9659,0.2588,0,0.167,4,4,2.202,0,1
1483.67,0.315,-0.981,0,0,0,-0.5,-0.866,0,0.0,0,1,10.905,1,0
1596.59,1.911,1.021,0,0,0,-0.2588,0.9659,0,0.1,0,1,10.513,0,0
884.11,1.0,0.0,0,0,0,0.7071,-0.7071,0,0.0,0,0,14.768,1,0
434.33,0.487,-0.444,0,0,0,-0.9659,0.2588,0,0.0,0,0,11.687,0,0
1262.19,0.368,-0.578,0,0,0,-0.9659,0.2588,0,0.0,0,1,9.933,1,0
449.37,0.53,-0.432,0,0,1,0.9659,0.2588,0,0.1,1,3,7.037,0,0
2124.38,0.763,-0.191,0,0,0,0.0,-1.0,0,0.2,0,2,8.693,0,0
207.93,0.452,-1.064,0,0,0,-0.7071,0.7071,0,0.0,0,0,13.057,1,0
1758.32,0.651,-0.245,0,0,0,-0.9659,0.2588,0,0.0,0,1,11.138,1,0
291.32,0.412,-0.3,0,0,0,-0.5,0.866,0,0.1,0,2,10.63,1,0
18891.98,5.705,4.665,0,0,0,0.9659,-0.2588,0,0.1,1,4,7.993,2,1
1192.33,0.505,-0.48,0,0,0,-0.9659,0.2588,0,0.0,0,2,11.114,0,1
2200.43,0.601,-0.341,0,0,0,0.0,-1.0,0,0.1,0,3,9.857,0,0
17.55,0.01,-0.591,0,0,1,0.866,0.5,1,0.4,19,19,2.352,1,1
147.11,0.457,-0.375,0,0,0,0.5,-0.866,1,0.2,0,3,9.212,1,0
1175.18,1.545,0.798,0,0,0,-0.7071,-0.7071,0,0.0,0,0,12.664,0,0
10034.78,5.284,11.582,0,0,0,-1.0,-0.0,1,0.25,0,0,11.993,0,0
4039.64,1.845,0.0,1,1,0,-0.7071,-0.7071,0,0.0,0,0,14.246,3,1
455.34,0.621,-0.837,0,0,0,-0.5,-0.866,0,0.0,0,1,11.005,0,0
1305.05,1.409,0.54,0,0,0,-0.9659,0.2588,0,0.0,0,2,10.761,0,0
3078.25,0.656,-0.562,0,0,0,-0.2588,0.9659,0,0.0,0,4,9.549,0,0
501.64,0.74,-0.233,1,0,0,0.0,-1.0,0,0.0,0,1,10.887,0,0
133.56,0.27,-1.355,0,0,0,-0.5,-0.866,0,0.143,0,1,11.016,0,0
958.4,1.384,0.885,0,0,0,1.0,0.0,0,0.2,0,0,12.05,0,0
1729.98,0.899,-0.104,0,0,0,-0.2588,-0.9659,0,0.0,0,1,10.431,0,0
179.72,0.639,-0.745,0,0,0,-0.2588,0.9659,0,0.1,0,0,12.466,0,0
1135.37,0.872,-0.124,0,0,0,-0.866,0.5,0,0.0,0,2,10.982,1,0
949.77,0.634,-0.318,0,0,0,-0.2588,-0.9659,0,0.0,0,0,11.47,0,0
2222.18,0.493,-0.387,1,0,0,0.0,-1.0,0,0.0,0,1,9.027,0,0
895.69,0.483,-0.604,0,0,0,0.866,-0.5,0,0.0,1,1,7.879,1,0
3561.0,2.545,1.394,0,0,0,0.0,-1.0,0,0.0,0,0,12.922,0,0
20002.76,3.402,2.551,0,0,0,-1.0,-0.0,0,0.0,0,1,10.328,0,0
416.58,0.864,-0.132,0,0,0,-0.866,0.5,0,0.1,0,1,10.154,1,0
1609.79,2.794,0.0,0,0,0,-0.866,0.5,2,0.8,0,0,12.636,0,0
3270.61,0.534,-0.396,0,0,0,0.2588,-0.9659,0,0.0,0,0,12.17,0,0
2805.43,0.598,-0.314,1,0,0,-0.7071,0.7071,0,0.0,0,1,10.509,0,0
1326.71,0.322,-0.567,1,0,0,0.7071,-0.7071,0,0.1,0,1,11.313,0,0
8942.19,7.348,5.793,0,0,0,-1.0,-0.0,0,0.0,0,0,11.555,0,0
4580.19,6.923,13.767,0,0,0,-0.5,-0.866,0,0.1,0,1,11.338,0,0
728.56,1.008,0.0,1,1,0,0.2588,-0.9659,0,0.0,0,0,13.37,0,0
2377.21,1.417,0.381,0,0,0,0.0,-1.0,0,0.0,0,0,11.587,1,0
1120.35,1.0,0.0,0,0,0,-0.866,0.5,0,0.0,0,0,14.768,0,0
1400.59,0.196,-2.483,0,0,0,-0.2588,0.9659,0,0.0,0,0,11.505,2,0
10433.89,4.185,2.605,0,0,0,-0.9659,-0.2588,0,0.1,0,0,12.226,0,0
6897.92,4.687,3.062,0,0,0,0.2588,-0.9659,0,0.0,0,0,12.326,1,0
1654.03,0.376,-0.582,0,0,0,-0.866,-0.5,0,0.1,0,1,8.761,0,0
304.23,0.728,-0.359,0,0,0,-0.9659,-0.2588,0,0.1,0,0,11.587,1,0
6984.86,4.404,3.223,0,0,0,-0.9659,0.2588,0,0.0,1,2,8.129,0,0
2918.78,1.0,0.0,0,0,0,-0.5,0.866,0,0.0,0,0,14.768,1,0
1681.74,0.843,-0.188,0,0,0,-0.7071,0.7071,0,0.0,0,3,8.278,0,0
4187.03,1.828,0.682,1,0,1,0.2588,0.9659,0,0.0,0,4,9.256,0,0
2093.55,3.837,6.009,0,0,0,-0.7071,-0.7071,0,0.0,0,0,11.743,1,0
2997.59,1.003,0.003,0,0,0,-0.9659,0.2588,0,0.1,0,1,9.83,0,0
21674.88,3.742,2.82,1,0,0,-0.5,-0.866,0,0.0,0,3,8.706,0,1
1377.89,0.545,-0.218,0,0,0,-0.2588,0.9659,0,0.2,0,0,12.652,1,0
2977.19,0.57,-0.326,0,0,0,-0.2588,-0.9659,0,0.1,0,3,10.147,1,0
10289.32,4.991,2.788,0,0,0,-0.9659,-0.2588,0,0.0,0,0,12.109,0,0
1195.46,0.541,-0.565,0,0,0,-0.5,0.866,0,0.2,0,4,9.08,0,0
848.03,0.788,-0.634,0,0,0,-0.5,-0.866,0,0.0,0,0,12.851,0,0
240.63,0.22,-0.779,0,0,0,-0.9659,-0.2588,0,0.125,0,2,9.592,0,0
1338.16,0.538,-0.784,0,0,0,-0.7071,0.7071,0,0.0,0,1,10.256,0,0
562.61,0.538,-0.919,0,0,0,-0.2588,-0.9659,0,0.0,0,0,12.444,1,0
373.12,0.386,-0.428,0,0,0,0.2588,-0.9659,0,0.0,0,1,10.389,0,0
976.4,0.57,-0.469,0,0,0,-0.9659,-0.2588,0,0.0,0,0,12.717,0,0
56971.68,5.498,1.943,0,0,1,0.9659,0.2588,0,0.0,3,4,6.124,1,1
1268.05,0.669,0.0,0,0,0,-0.866,0.5,0,0.0,0,1,11.216,0,0
1195.26,0.337,-0.632,0,0,0,-0.7071,0.7071,1,0.111,0,0,12.83,1,0
1288.37,0.341,-3.587,0,0,0,-0.866,-0.5,0,0.0,1,1,5.198,0,0
15.1,0.003,-0.827,0,0,1,0.5,0.866,2,0.6,9,9,1.354,0,1
664.19,1.262,0.637,0,0,0,0.2588,-0.9659,0,0.2,0,1,9.565,1,0
365.32,0.481,-0.351,0,0,0,-1.0,-0.0,0,0.0,0,0,12.675,2,0
1871.46,1.698,0.321,0,0,0,-0.7071,-0.7071,0,0.0,0,3,10.633,2,0
3504.24,0.343,-0.663,0,0,0,0.5,-0.866,0,0.25,0,2,10.496,1,0
4029.66,4.88,0.0,1,1,1,0.7071,0.7071,0,0.0,0,0,13.826,4,1
942.54,0.473,-0.347,0,0,0,-0.9659,0.2588,0,0.0,1,3,6.985,0,0
999.06,0.211,-0.729,0,0,0,-0.866,0.5,0,0.0,0,1,10.626,0,0
3562.22,0.738,-0.191,0,0,0,-0.9659,0.2588,0,0.0,2,3,6.654,3,0
773.86,0.605,-1.162,0,0,0,-1.0,-0.0,0,0.1,0,3,10.552,1,0
492.17,0.556,-0.358,0,0,0,0.866,-0.5,0,0.1,1,1,7.783,0,0
1146.32,0.161,-0.722,0,0,0,-0.2588,0.9659,0,0.0,0,0,12.397,1,0
569.45,0.531,-0.396,0,0,0,-0.2588,0.9659,0,0.0,0,0,12.706,2,0
1793.46,1.136,0.109,0,0,0,-0.866,-0.5,0,0.0,0,3,9.308,1,0
35.66,0.01,-0.916,1,0,0,-0.866,-0.5,0,0.0,1,2,0.0,0,1
4539.41,1.293,0.419,0,0,0,-0.866,-0.5,0,0.0,0,2,9.014,1,0
275.74,0.396,-1.044,0,0,0,0.0,-1.0,0,0.0,0,2,10.002,0,0
15.59,0.017,-0.677,0,0,0,-0.7071,0.7071,1,0.6,16,17,4.307,0,1
14432.12,1.484,0.718,0,0,0,-0.866,-0.5,0,0.0,2,2,6.242,4,1
3458.35,0.869,-0.098,0,0,0,-0.5,-0.866,0,0.1,0,1,9.842,0,0
1275.44,0.557,-0.37,0,0,0,0.2588,-0.9659,0,0.0,0,0,11.74,1,0
12929.5,3.598,1.505,0,0,0,0.0,-1.0,0,0.2,0,0,12.098,0,0
1783.73,0.51,-0.902,0,0,0,0.9659,-0.2588,0,0.0,0,1,10.732,1,0
1427.68,1.007,0.01,1,0,0,-0.5,-0.866,0,0.1,0,0,12.632,0,0
945.69,1.423,0.789,0,0,0,-0.7071,0.7071,0,0.0,0,0,13.25,0,0
847.44,0.716,-0.468,0,0,0,0.5,-0.866,0,0.1,0,1,10.67,0,0
832.44,1.161,0.252,0,0,0,0.2588,-0.9659,0,0.0,0,0,12.378,1,0
1121.04,0.276,-0.527,0,0,0,0.866,-0.5,0,0.0,0,0,11.568,0,0
1797.56,1.229,0.347,1,0,0,-0.7071,-0.7071,0,0.0,0,1,11.032,0,0
1209.31,0.579,-0.697,0,0,0,-0.9659,-0.2588,0,0.0,0,0,12.586,1,0
691.89,1.081,0.237,1,0,0,0.9659,-0.2588,0,0.0,0,0,11.405,2,0
3613.89,1.142,0.213,0,0,0,-0.9659,-0.2588,0,0.0,0,1,10.473,0,0
1050.08,0.303,-0.556,0,0,0,-0.9659,0.2588,1,0.1,0,1,8.442,0,1
6037.26,6.589,3.895,0,0,0,0.7071,-0.7071,0,0.1,0,28,9.049,0,1
1830.98,0.336,-0.513,0,0,0,0.2588,-0.9659,0,0.0,0,2,10.956,0,0
10.03,0.002,-0.757,0,0,0,0.2588,-0.9659,1,0.2,6,6,2.721,1,1
1204.14,0.811,-1.082,0,0,0,-0.866,0.5,0,0.0,0,0,12.878,0,0
639.9,1.576,0.0,0,0,0,-1.0,-0.0,0,0.0,0,1,9.393,0,0
367.52,0.416,-0.834,0,0,0,-0.2588,0.9659,0,0.2,0,1,10.475,0,0
2339.85,1.473,0.333,0,0,0,0.5,-0.866,0,0.0,0,1,10.887,1,0
373.48,0.176,-0.468,0,0,0,-0.2588,-0.9659,0,0.0,0,0,11.884,1,0
9527.81,1.608,0.913,0,0,0,0.0,-1.0,0,0.167,2,4,5.931,3,1
48.39,0.058,-0.76,0,0,0,-0.2588,-0.9659,1,0.222,4,4,4.162,0,1
6655.19,2.838,2.503,0,1,0,-0.5,-0.866,0,0.125,0,2,9.646,2,0
387.73,0.784,-0.205,1,0,0,-1.0,-0.0,0,0.2,0,1,11.285,1,0
802.26,0.313,-0.58,0,0,0,-0.5,0.866,0,0.1,0,0,12.299,1,0
2231.12,1.02,0.026,0,0,0,0.7071,-0.7071,0,0.1,0,0,11.864,2,0
4.81,0.001,-0.783,0,0,1,0.2588,0.9659,0,0.1,4,4,2.986,0,1
478.88,1.304,1.013,0,0,0,-0.9659,-0.2588,0,0.0,0,0,12.102,0,0
951.61,0.551,-0.445,0,0,0,0.5,-0.866,0,0.1,0,0,11.72,1,0
1701.94,0.353,-0.842,0,0,0,-0.2588,0.9659,0,0.0,0,2,9.945,0,0
1.12,0.001,-0.824,0,0,1,0.5,0.866,3,0.4,8,8,2.451,0,1
12266.63,4.813,4.094,0,0,0,-0.2588,0.9659,0,0.0,0,0,11.672,0,0
765.22,0.834,-0.172,0,0,0,0.2588,-0.9659,0,0.1,0,3,9.72,0,0
1563.37,0.693,-0.248,0,0,0,0.5,-0.866,0,0.1,0,1,10.525,1,0
37.92,0.034,-0.688,0,0,0,-0.7071,-0.7071,4,0.4,6,7,3.225,0,1
26.92,0.023,-0.664,0,0,1,0.7071,0.7071,0,0.6,20,20,3.514,0,1
1092.44,0.544,-0.46,0,0,0,-0.866,-0.5,0,0.1,0,0,11.54,1,0
848.13,0.671,-0.423,0,0,0,0.5,-0.866,0,0.0,0,1,10.169,0,0
767.46,1.403,0.218,0,0,0,-0.2588,-0.9659,0,0.2,0,0,11.961,3,0
501.04,0.531,-0.33,0,0,0,-0.5,-0.866,0,0.0,0,3,11.005,0,0
591.76,0.478,-0.566,0,0,0,0.0,-1.0,0,0.1,0,1,11.073,1,0
51.99,0.05,-0.643,0,1,0,-0.7071,-0.7071,0,0.4,7,8,1.758,0,1
539.58,0.575,-0.198,0,0,0,-0.2588,0.9659,2,0.2,0,1,11.301,0,0
806.9,0.222,-0.342,0,0,0,-0.2588,0.9659,0,0.1,1,1,7.152,1,0
3150.26,1.247,0.163,0,0,0,-0.2588,-0.9659,0,0.1,0,0,11.467,0,0
3936.27,1.124,0.12,0,0,0,-0.866,0.5,0,0.0,0,1,11.224,1,0
4182.17,6.94,3.51,0,0,0,1.0,0.0,0,0.4,0,0,12.794,1,0
199.63,0.619,0.0,0,0,0,-0.7071,-0.7071,0,0.0,0,1,11.046,1,0
1001.83,0.3,-0.655,0,0,0,-0.9659,0.2588,0,0.0,0,1,9.694,0,0
3964.7,0.764,-0.23,0,0,0,-0.5,-0.866,0,0.0,0,0,11.494,1,0
1092.91,0.436,-0.465,0,0,0,-0.9659,-0.2588,0,0.0,0,1,11.267,0,0
8063.53,2.592,1.016,0,0,0,-0.2588,-0.9659,0,0.1,0,1,9.243,0,0
548.71,0.267,-0.52,0,0,0,-1.0,-0.0,0,0.4,0,0,12.181,0,0
1792.16,0.671,-0.257,0,0,0,0.0,-1.0,0,0.0,0,0,13.363,0,0
3094.52,1.149,0.415,0,0,0,-0.7071,0.7071,0,0.0,0,2,10.887,1,0
2886.48,4.055,3.241,0,0,0,-0.866,-0.5,0,0.0,0,2,9.215,1,0
776.17,1.046,0.129,0,0,0,-0.2588,-0.9659,0,0.0,0,1,8.956,2,0
1238.79,0.35,-1.471,0,0,0,-0.9659,0.2588,0,0.125,0,0,11.936,0,0
1324.27,0.967,-0.023,1,0,0,-0.9659,-0.2588,0,0.2,0,0,11.76,0,0
1505.05,0.327,-0.598,0,0,0,-0.7071,-0.7071,0,0.111,0,1,9.486,0,0
387.84,0.659,-0.285,0,0,0,0.866,-0.5,0,0.1,0,0,12.368,0,0
1710.01,0.418,-0.618,0,0,0,-0.7071,0.7071,0,0.0,0,1,10.971,0,0
363.12,0.117,-0.713,0,0,0,-0.866,-0.5,0,0.1,0,0,11.633,1,0
1227.14,0.529,-0.358,0,0,0,-0.2588,-0.9659,0,0.0,0,1,10.864,0,0
1240.38,0.346,-0.539,0,0,0,0.866,-0.5,0,0.1,0,1,11.321,0,0
1903.43,0.738,-0.35,0,0,0,0.5,-0.866,1,0.1,0,1,11.131,0,0
489.91,0.275,-0.411,0,0,0,-0.7071,0.7071,0,0.0,0,0,11.909,0,0
787.41,0.351,-0.668,0,0,0,0.2588,-0.9659,0,0.2,0,2,9.995,0,0
4581.93,1.686,0.954,0,0,0,1.0,0.0,0,0.1,0,1,11.185,2,0
418.3,0.348,-0.702,0,0,0,0.2588,-0.9659,0,0.0,0,0,12.395,1,0
5.71,0.007,-0.727,0,0,0,-0.9659,-0.2588,0,0.3,25,25,3.017,0,1
1152.91,0.269,-0.6,1,0,0,-0.866,0.5,0,0.0,0,0,11.627,1,0
164.15,1.0,0.0,0,0,0,0.7071,-0.7071,0,0.0,0,0,14.768,0,0
907.66,1.575,0.0,0,0,0,-0.5,0.866,0,0.667,0,1,11.323,0,0
6176.93,1.079,0.05,0,0,0,0.0,-1.0,0,0.0,0,2,10.071,0,0
1605.98,0.674,-0.347,0,0,0,0.5,-0.866,0,0.0,0,0,12.118,0,0
885.41,1.3,0.562,1,0,0,-0.7071,-0.7071,0,0.1,0,1,11.037,1,0
1576.05,1.407,1.0,0,0,0,-0.7071,0.7071,0,0.0,0,1,10.974,0,0
235.77,0.076,0.0,0,0,0,-0.2588,0.9659,0,0.0,0,1,11.017,0,0
633.92,0.328,-0.579,0,0,0,-0.2588,0.9659,0,0.1,0,2,10.685,0,0
46.3,0.031,-0.772,0,1,0,0.0,-1.0,0,0.2,3,5,2.186,1,1
1307.54,0.592,-0.379,1,0,0,-0.9659,0.2588,0,0.1,0,0,11.913,1,0
2064.04,1.726,2.416,0,0,0,-0.7071,0.7071,0,0.444,0,0,12.287,0,0
1102.91,0.894,-0.128,0,0,0,0.866,-0.5,0,0.1,0,1,10.628,0,0
17434.28,5.833,4.586,1,0,1,0.9659,0.2588,0,0.0,1,4,7.505,0,1
1126.77,0.81,-0.277,0,0,0,-0.5,-0.866,0,0.1,0,0,11.523,1,0
1712.66,0.765,-0.224,0,0,0,-0.5,0.866,0,0.0,0,0,11.618,2,0
39630.85,14.271,9.82,1,1,0,-0.5,-0.866,0,0.0,0,1,9.773,1,1
914.43,0.715,-0.269,0,0,0,-0.7071,0.7071,0,0.0,0,0,11.702,1,0
427.49,0.163,-0.588,0,0,0,-0.866,0.5,0,0.0,0,1,10.213,1,0
680.92,0.37,-0.543,0,0,0,-0.2588,-0.9659,0,0.0,0,0,11.463,0,0
1061.21,0.433,-0.563,0,0,0,-0.2588,0.9659,0,0.0,0,0,11.419,0,0
792.39,0.71,0.0,0,1,0,-0.866,-0.5,1,0.5,0,0,11.514,1,0
3016.53,0.95,-0.124,0,0,0,-0.5,-0.866,0,0.0,0,1,11.213,0,0
1401.97,0.808,-0.178,0,0,0,-0.866,-0.5,0,0.0,0,2,9.204,1,0
1779.47,0.516,-0.428,0,0,0,-0.5,0.866,0,0.2,0,0,12.595,2,0
2021.63,0.665,-0.299,0,0,0,-0.7071,0.7071,0,0.0,0,1,10.108,2,0
569.42,0.557,-0.405,0,0,0,-0.9659,-0.2588,0,0.0,0,3,11.134,0,0
8841.05,7.682,0.0,1,0,0,-0.9659,-0.2588,0,0.0,0,0,14.042,3,1
867.22,0.018,-0.415,0,0,0,-0.5,-0.866,0,0.0,0,0,13.608,1,0
525.21,0.488,-0.45,0,0,0,-0.2588,0.9659,0,0.1,0,0,11.892,1,0
3290.77,1.285,1.026,0,0,0,-0.2588,-0.9659,0,0.0,0,0,11.476,2,0
862.05,0.509,-0.506,0,0,0,0.0,-1.0,0,0.0,0,1,10.869,2,0
2269.87,0.316,-0.685,0,0,0,0.0,-1.0,0,0.0,0,1,10.97,1,0
588.38,0.528,-0.327,0,0,0,-0.9659,0.2588,0,0.3,0,1,10.383,1,0
1621.72,0.579,-0.447,0,0,0,-0.866,-0.5,0,0.0,0,3,9.229,0,0
9627.24,8.183,7.455,0,0,0,-0.9659,0.2588,0,0.5,0,0,11.441,0,0
2179.28,0.379,-0.404,0,0,0,-0.866,-0.5,0,0.0,0,2,10.516,0,0
4871.94,3.572,1.827,0,0,0,-0.9659,0.2588,0,0.0,0,0,12.061,0,1
14057.79,9.36,9.821,0,0,0,-0.2588,-0.9659,0,0.3,0,2,9.529,2,0
6.26,0.038,-0.62,0,0,0,-0.9659,0.2588,0,0.2,11,11,1.525,0,1
382.06,0.218,-0.699,0,0,0,-0.5,-0.866,0,0.0,0,3,9.416,1,0
1755.51,0.708,0.0,0,0,0,-0.7071,-0.7071,0,0.0,0,0,12.228,3,0
1824.15,1.138,0.103,0,0,0,0.0,-1.0,0,0.1,0,0,11.589,1,0
478.74,0.929,-0.06,0,0,0,-0.7071,-0.7071,0,0.0,1,2,7.168,0,0
2017.51,0.392,-0.938,0,0,0,-1.0,-0.0,0,0.0,0,1,11.307,1,0
10266.25,3.262,1.891,0,0,0,-0.2588,0.9659,0,0.0,0,0,11.866,0,0
2027.74,0.467,-0.434,0,0,0,-0.9659,-0.2588,0,0.0,0,1,10.12,0,0
532.86,0.183,-1.225,0,0,0,-1.0,-0.0,0,0.0,0,0,12.906,0,0
22.28,0.03,-0.695,0,0,0,-0.9659,-0.2588,0,0.3,26,26,2.883,0,1
1737.21,0.583,-1.366,1,0,0,-1.0,-0.0,0,0.0,0,0,12.514,1,0
1386.89,0.927,-0.055,0,0,0,0.866,-0.5,0,0.0,0,4,10.305,0,0
501.93,1.334,0.762,0,0,0,0.5,-0.866,0,0.0,0,1,10.872,1,0
4276.09,0.974,-0.02,1,0,0,0.5,-0.866,0,0.0,0,1,11.282,2,0
1384.03,0.727,-0.219,0,0,0,-0.866,0.5,0,0.1,1,2,7.489,0,0
58.17,0.079,-0.677,0,0,0,-0.2588,-0.9659,0,0.2,5,5,0.216,0,1
3629.5,1.207,0.166,0,0,0,0.0,-1.0,0,0.2,0,0,12.003,0,0
848.27,0.987,-0.017,0,0,0,-0.7071,0.7071,0,0.0,0,1,11.339,0,0
837.37,0.579,-0.36,0,0,0,0.9659,-0.2588,0,0.0,0,1,9.903,0,0
481.72,0.93,-0.071,0,0,0,0.9659,-0.2588,0,0.0,0,1,8.996,1,0
2821.43,2.761,1.501,0,0,0,0.866,-0.5,0,0.1,0,0,12.305,0,0
1371.74,0.677,-0.205,0,0,0,-0.9659,0.2588,0,0.1,0,0,12.307,0,0
866.57,0.994,-0.072,0,0,0,-0.2588,-0.9659,0,0.0,0,0,11.453,1,0
3611.65,0.827,-0.17,0,0,0,-0.7071,0.7071,0,0.2,0,2,9.183,0,0
442.31,0.216,-0.796,0,0,0,0.7071,-0.7071,0,0.0,0,1,8.26,1,0
1037.47,0.638,-0.416,0,0,0,-0.2588,0.9659,0,0.0,0,1,11.062,0,0
18.59,0.046,-0.651,0,0,1,0.9659,0.2588,1,0.4,18,20,3.056,0,1
1587.57,0.847,-0.135,0,0,0,0.0,-1.0,0,0.1,0,0,11.379,1,0
3260.95,0.978,-0.024,0,0,0,-0.7071,-0.7071,0,0.0,0,0,11.65,3,0
1295.07,0.23,-0.775,0,0,0,-0.2588,0.9659,0,0.0,0,2,10.405,0,0
60273.31,6.407,2.524,0,0,0,-0.9659,-0.2588,1,0.2,0,7,8.374,1,1
12179.82,3.384,0.0,0,0,0,-1.0,-0.0,0,0.0,0,1,10.826,0,0
6509.36,1.968,1.282,0,0,1,0.5,0.866,0,0.0,1,1,5.926,3,1
849.9,0.882,-0.11,0,0,0,-0.5,-0.866,0,0.0,0,2,8.754,0,0
1933.11,0.601,-0.263,0,0,0,0.0,-1.0,0,0.1,0,0,11.634,1,0
2122.91,1.519,0.723,0,0,0,-0.2588,0.9659,0,0.1,0,1,11.181,1,0
14015.97,7.617,0.0,1,1,0,0.5,-0.866,0,0.0,0,0,14.256,4,1
2149.72,1.819,1.806,1,0,0,1.0,0.0,0,0.4,0,4,9.377,1,0
2383.46,1.303,0.527,0,0,0,0.9659,-0.2588,0,0.143,0,1,10.081,2,0
1430.04,0.294,-0.604,0,0,0,0.5,-0.866,0,0.1,0,2,10.64,1,0
822.25,0.544,-0.383,0,0,0,-0.5,-0.866,0,0.0,0,1,11.15,0,0
4417.99,1.221,0.195,1,0,0,-0.2588,0.9659,0,0.0,0,0,11.63,0,0
3979.87,1.776,0.656,0,0,0,-0.7071,0.7071,0,0.0,0,1,8.967,0,0
1748.81,0.508,-0.416,0,0,0,-1.0,-0.0,0,0.2,0,0,11.398,0,0
2819.72,1.199,0.146,0,0,0,-0.866,-0.5,0,0.0,0,0,12.841,2,0
267.65,0.15,-0.755,0,0,0,-0.2588,-0.9659,0,0.1,0,1,10.936,0,0
961.64,0.955,-0.125,0,0,0,-0.866,0.5,0,0.167,0,2,9.331,1,0
32447.91,13.493,15.0,1,1,0,-0.2588,0.9659,0,0.1,0,1,10.481,1,1
244.57,0.27,-0.934,0,0,0,-0.2588,-0.9659,0,0.0,0,0,11.882,0,0
2947.82,0.488,-0.462,0,0,0,-0.7071,0.7071,0,0.0,0,2,9.667,1,0
2266.37,0.503,-0.379,0,0,0,0.7071,-0.7071,0,0.0,0,1,9.346,0,0
8604.41,1.236,0.494,0,0,0,0.0,-1.0,0,0.0,2,2,5.652,3,1
8404.55,4.826,4.872,0,0,0,0.2588,-0.9659,0,0.1,0,0,13.384,1,0
4084.39,3.036,4.722,1,0,1,0.7071,0.7071,0,0.0,0,0,12.941,4,1
1269.85,0.385,-0.454,0,0,0,0.5,-0.866,0,0.0,0,1,10.128,1,0
1187.43,0.513,-0.286,0,0,0,-0.2588,-0.9659,0,0.1,0,0,12.993,1,0
3158.92,0.519,-0.391,0,0,0,-0.7071,0.7071,0,0.0,0,0,13.048,0,0
1730.63,0.604,-0.715,0,0,0,-0.9659,0.2588,0,0.3,0,1,10.495,2,0
712.07,0.501,-0.475,1,0,0,1.0,0.0,0,0.1,0,0,12.324,0,0
12891.21,2.072,0.856,0,0,0,0.9659,-0.2588,0,0.2,0,0,11.95,0,0
745.89,0.536,-0.651,0,0,0,-0.2588,0.9659,0,0.1,1,2,6.031,1,0
624.14,0.865,-0.202,0,0,0,0.2588,-0.9659,0,0.0,0,2,9.299,1,0
318.67,0.606,-0.279,0,0,0,0.5,-0.866,1,0.2,0,0,12.107,1,0
515.95,0.678,-0.845,0,0,0,-0.2588,0.9659,0,0.0,0,3,10.852,1,0
17577.2,8.637,6.648,0,0,0,-0.9659,0.2588,0,0.0,0,0,11.513,0,0
56.86,0.043,-1.567,0,0,0,-0.5,0.866,1,0.2,3,4,1.249,0,1
909.26,0.908,-0.122,0,0,0,-0.5,0.866,0,0.0,0,1,10.476,1,0
1156.65,1.28,0.477,0,1,0,-0.2588,0.9659,0,0.1,0,1,10.182,1,0
2404.14,1.132,0.111,0,0,0,-0.7071,0.7071,0,0.1,0,2,10.83,0,0
841.08,1.148,0.157,0,0,0,0.0,-1.0,0,0.1,0,1,10.408,0,0
1644.18,1.0,0.0,0,0,1,0.866,0.5,0,0.0,0,0,14.768,0,0
3868.44,3.154,4.518,1,0,1,0.7071,0.7071,0,0.0,0,0,13.302,4,1
451.11,0.11,-0.825,0,0,0,-0.5,0.866,0,0.2,0,0,13.166,0,0
742.84,0.514,-1.186,0,0,0,-1.0,-0.0,0,0.0,0,0,11.926,0,0
2071.11,0.908,-0.104,0,0,0,-1.0,-0.0,0,0.0,0,0,11.412,0,0
208.65,0.346,-0.506,0,0,0,-1.0,-0.0,0,0.3,0,1,10.595,0,0
3930.11,1.233,0.552,1,0,0,0.866,-0.5,0,0.125,0,1,8.624,1,0
2122.62,0.767,-0.516,0,0,0,0.9659,-0.2588,0,0.0,0,2,8.598,0,0
709.55,0.969,-0.023,0,0,0,-0.9659,-0.2588,0,0.0,0,1,9.556,0,0
8777.97,5.599,3.765,0,0,0,-0.866,0.5,0,0.0,0,1,9.088,1,0
2081.3,0.364,-0.507,0,0,0,-0.5,-0.866,0,0.0,1,1,7.71,1,0
482.2,0.15,-0.992,0,0,0,-0.866,-0.5,0,0.0,0,2,9.527,0,0
3062.7,1.888,0.462,1,0,0,0.2588,-0.9659,0,0.2,0,0,12.448,0,0
2567.32,0.904,-0.065,0,0,0,-0.9659,-0.2588,0,0.0,0,2,11.02,0,0
1542.77,0.347,-0.556,0,0,0,-1.0,-0.0,0,0.0,0,2,8.871,0,0
2702.24,0.48,-0.536,0,0,0,0.7071,-0.7071,0,0.0,0,1,10.208,0,0
595.07,0.754,-0.483,0,0,0,-0.866,-0.5,0,0.0,0,0,12.295,0,0
144.27,0.251,-0.68,0,0,0,0.7071,-0.7071,0,0.0,0,2,8.504,1,0
911.05,1.722,5.372,0,0,0,0.9659,-0.2588,0,0.0,0,1,10.564,0,0
41.33,0.051,-0.892,0,0,1,0.9659,0.2588,0,0.3,19,19,2.451,1,0
1622.11,1.797,0.613,0,0,0,0.0,-1.0,0,0.0,0,2,8.937,0,0
332.13,1.01,0.025,0,0,0,0.2588,-0.9659,1,0.1,0,1,11.125,1,0
951.38,0.547,-0.38,0,0,0,-0.2588,0.9659,0,0.1,0,2,10.804,1,0
427.36,0.802,-0.296,1,0,0,0.2588,-0.9659,0,0.2,1,1,7.973,1,0
1897.2,1.681,0.473,0,0,0,0.866,-0.5,0,0.0,0,1,9.487,0,0
1986.88,0.585,-0.316,0,0,0,0.5,-0.866,0,0.1,0,0,12.514,0,0
884.52,0.549,-0.805,0,0,0,0.9659,-0.2588,0,0.0,0,0,14.224,0,0
677.42,0.321,-0.574,0,0,0,-0.5,-0.866,0,0.0,0,0,12.305,0,0
7262.86,6.658,3.917,0,0,0,-0.2588,0.9659,0,0.2,0,2,10.799,1,0
4780.73,1.488,0.422,0,0,0,-0.866,0.5,0,0.0,0,1,8.972,0,0
4.65,0.045,-0.77,0,0,1,0.7071,0.7071,1,0.5,12,12,1.45,0,1
7808.09,6.466,15.0,0,0,0,0.0,-1.0,0,0.2,0,0,11.77,0,0
341.05,0.32,-0.615,0,0,0,1.0,0.0,0,0.0,0,1,11.09,0,0
1304.54,0.435,-0.506,0,0,0,-0.866,0.5,0,0.0,0,2,10.081,2,0
516.21,0.464,-0.572,0,0,0,0.866,-0.5,0,0.0,0,2,10.771,0,0
394.22,0.162,-0.731,0,0,0,-0.866,-0.5,0,0.0,0,1,10.365,1,0
928.92,1.481,0.472,0,0,0,-0.2588,0.9659,0,0.0,0,1,11.009,0,0
15096.98,5.012,7.392,0,0,0,-0.9659,-0.2588,0,0.1,1,2,7.436,0,0
12882.19,4.88,4.044,0,0,0,-0.7071,0.7071,0,0.2,0,0,11.995,0,0
12233.77,5.013,3.611,0,0,0,-0.2588,-0.9659,0,0.0,0,2,9.803,0,0
6583.06,2.293,1.057,0,0,0,-0.2588,0.9659,0,0.0,0,1,11.207,0,0
679.18,1.0,0.0,0,0,0,0.7071,-0.7071,0,0.0,0,0,14.768,1,0
2346.98,1.154,0.197,0,0,0,-0.9659,0.2588,0,0.0,0,0,12.455,0,0
4079.54,0.655,-0.236,0,0,0,-0.5,-0.866,0,0.1,0,2,9.408,0,0
1524.77,0.815,-0.167,0,0,0,0.2588,-0.9659,0,0.0,0,1,9.866,1,0
957.27,0.485,-0.808,0,0,0,-0.866,0.5,0,0.1,0,1,10.585,0,0
2459.65,0.418,-0.423,0,0,0,-0.7071,-0.7071,0,0.1,0,0,12.134,1,0
2987.01,1.3,0.622,0,0,0,-0.2588,0.9659,0,0.0,0,1,11.025,0,0
1135.89,0.445,-1.145,0,0,0,-0.7071,-0.7071,0,0.0,0,0,11.738,0,0
8734.87,2.106,1.117,0,0,0,0.0,-1.0,0,0.167,0,3,8.366,3,1
15.08,0.002,-0.571,0,0,0,-0.2588,0.9659,0,0.3,12,12,2.426,0,1
1141.39,0.342,-0.583,0,0,0,-0.9659,0.2588,0,0.0,0,1,10.753,0,0
799.76,0.372,-0.518,0,0,0,-0.7071,0.7071,0,0.0,0,1,11.299,0,0
79780.63,10.306,5.633,0,0,0,0.9659,-0.2588,0,0.3,0,22,9.469,1,1
2069.91,0.869,-0.143,0,0,0,0.7071,-0.7071,0,0.1,0,0,11.789,0,0
2491.0,1.5,1.105,0,0,0,-0.866,0.5,0,0.0,0,2,10.819,0,0
848.35,1.33,0.0,1,0,0,-0.5,0.866,0,0.0,0,0,12.979,0,0
663.22,0.629,-0.392,0,0,0,-0.2588,-0.9659,0,0.2,0,2,10.486,1,0
3511.79,0.341,0.0,0,0,0,-0.7071,0.7071,0,0.0,0,1,10.195,0,0
868.19,0.524,-0.431,0,0,0,-1.0,-0.0,0,0.0,0,2,10.766,0,0
3187.41,0.927,-0.133,0,0,0,0.5,-0.866,1,0.1,0,1,10.254,1,0
1215.41,0.324,-0.609,0,0,0,0.2588,-0.9659,0,0.0,0,0,14.106,0,0
663.32,0.366,-0.571,0,0,0,-0.7071,0.7071,0,0.0,0,0,11.892,1,0
1504.83,1.407,15.0,0,0,0,-0.5,-0.866,0,0.0,0,0,11.793,0,0
40.75,0.024,-0.899,1,0,1,0.7071,0.7071,0,0.1,1,1,0.0,0,1
920.46,0.617,-1.266,0,0,0,-1.0,-0.0,0,0.0,0,1,10.48,0,0
1201.53,0.358,-0.88,0,0,0,-0.5,-0.866,0,0.1,0,1,10.749,0,0
14552.42,8.54,15.0,1,1,0,-0.866,-0.5,0,0.0,0,0,12.575,4,1
633.54,0.153,0.0,0,0,0,-0.2588,0.9659,0,0.0,0,1,9.925,0,0
1381.34,1.447,0.946,1,0,0,-0.9659,-0.2588,0,0.0,0,0,11.925,0,0
290.86,0.898,-0.173,0,0,1,0.866,0.5,0,0.0,0,1,9.905,0,1
1028.61,0.756,-0.282,0,0,0,-0.9659,-0.2588,0,0.0,0,0,11.532,0,0
31245.09,8.558,5.511,1,0,0,0.0,-1.0,0,0.0,0,9,8.398,2,1
14.05,0.012,-0.69,0,1,0,-0.9659,0.2588,0,0.2,3,4,1.856,1,1
7876.54,2.233,1.015,0,0,0,-0.9659,-0.2588,0,0.1,1,2,7.224,0,0
221.88,0.317,-0.563,0,0,0,-0.7071,0.7071,0,0.0,0,1,8.554,0,0
1708.52,0.721,-0.559,0,0,0,-0.5,0.866,0,0.0,0,0,12.002,0,0
742.38,1.055,0.123,0,0,0,0.7071,-0.7071,0,0.0,0,2,9.841,0,0
2963.0,0.628,-0.36,0,0,0,-1.0,-0.0,0,0.0,0,3,10.295,0,0
792.81,0.412,-0.587,0,0,0,0.5,-0.866,0,0.2,1,2,7.575,2,0
2334.84,0.844,-0.14,0,0,0,-0.866,-0.5,0,0.2,0,2,10.026,0,0
315.9,0.332,-3.414,0,0,0,-0.7071,0.7071,0,0.333,0,0,11.975,1,0
3724.2,2.461,1.395,1,0,0,0.2588,-0.9659,0,0.0,0,1,11.051,1,0
266.35,0.235,-0.604,0,0,0,0.9659,-0.2588,0,0.1,0,0,11.497,0,0
143.65,0.282,-0.69,0,0,0,0.2588,-0.9659,0,0.1,0,1,11.351,0,0
289.6,1.043,0.114,0,0,0,-0.2588,0.9659,0,0.0,0,0,12.095,0,0
382.56,0.415,-0.271,0,0,0,-0.866,0.5,0,0.2,0,1,11.115,0,0
785.34,1.019,0.017,0,0,0,-1.0,-0.0,0,0.0,0,3,9.35,1,0
5583.55,32.805,15.0,0,0,0,-0.2588,-0.9659,0,0.0,0,0,12.844,1,0
4883.21,2.041,1.999,0,1,0,-0.5,-0.866,0,0.0,0,1,9.907,0,0
2240.77,0.543,-0.385,0,1,0,-1.0,-0.0,0,0.0,0,1,11.057,0,0
920.59,0.591,-0.347,0,0,0,-0.7071,-0.7071,0,0.1,0,1,9.645,0,0
2291.85,0.453,-0.389,0,0,0,-0.2588,-0.9659,0,0.2,0,1,9.59,1,0
1090.98,0.683,-1.753,0,0,0,-1.0,-0.0,0,0.0,0,0,11.532,0,0
610.96,0.156,-0.919,0,0,0,0.7071,-0.7071,0,0.0,0,1,11.354,0,0
454.34,1.078,0.095,0,0,0,0.5,-0.866,0,0.2,0,2,10.588,1,1
1795.62,0.684,-0.307,0,0,0,-0.866,0.5,0,0.1,0,3,11.035,0,0
924.54,1.653,1.607,0,0,0,-0.2588,0.9659,0,0.0,0,2,9.48,0,0
480.73,2.753,1.531,0,0,0,0.7071,-0.7071,0,0.1,0,1,10.613,0,0
7.05,0.007,-0.619,0,0,1,0.5,0.866,0,0.3,18,18,3.314,0,1
492.51,0.3,-0.553,0,0,0,-1.0,-0.0,0,0.0,0,1,10.563,1,0
869.06,0.525,-0.452,0,0,0,-1.0,-0.0,0,0.0,0,1,10.245,0,0
600.68,0.53,-0.498,0,0,0,0.0,-1.0,0,0.0,0,0,11.801,1,0
566.57,0.289,-0.646,0,0,0,0.866,-0.5,1,0.1,0,1,10.571,1,0
5954.04,1.577,0.939,0,0,0,0.0,-1.0,0,0.0,0,0,12.322,1,0
1809.1,0.369,-0.512,0,0,0,1.0,0.0,0,0.1,0,2,9.044,1,0
373.62,1.299,1.566,0,0,0,0.7071,-0.7071,0,0.0,0,0,11.971,0,0
500.49,0.251,-0.732,0,0,0,0.866,-0.5,0,0.0,0,0,13.03,0,0
653.51,0.535,-0.664,0,0,0,-0.866,-0.5,0,0.1,0,1,9.038,0,0
2104.36,0.994,-0.034,0,0,0,1.0,0.0,0,0.0,0,0,11.375,3,0
1447.01,0.432,-0.8,0,0,0,-0.2588,-0.9659,0,0.0,0,1,10.756,0,0
2126.8,3.154,0.0,0,0,0,-0.7071,-0.7071,1,1.0,0,0,11.602,0,0
3911.12,1.392,0.707,0,0,0,0.7071,-0.7071,0,0.143,2,5,8.032,2,1
2119.02,0.787,-0.189,0,0,0,-0.7071,0.7071,0,0.0,0,1,11.093,1,0
43.44,0.046,-0.578,0,0,1,0.5,0.866,0,0.4,22,22,3.448,0,1
601.91,0.154,-1.784,0,0,0,0.0,-1.0,0,0.0,0,0,12.602,1,0
752.72,1.545,0.216,0,0,0,-0.7071,0.7071,0,0.1,0,3,9.977,1,0
39.22,0.037,-0.529,0,0,0,0.9659,-0.2588,0,0.1,10,11,3.332,2,1
1688.65,0.746,-0.236,0,0,0,-0.9659,-0.2588,0,0.0,0,2,9.72,1,0
3889.6,1.218,0.438,0,0,0,-0.866,-0.5,0,0.0,1,3,7.994,3,1
1547.77,0.689,-1.302,0,0,0,-0.5,-0.866,0,0.0,0,1,11.227,0,1
4164.76,1.838,1.271,0,0,0,-0.7071,-0.7071,0,0.0,2,2,7.919,3,1
495.86,1.096,0.167,0,0,0,-0.7071,0.7071,0,0.0,0,0,13.413,1,0
1314.89,0.478,-0.544,0,0,0,-0.7071,0.7071,0,0.0,0,2,9.202,2,0
916.57,0.161,-0.93,0,0,0,-0.9659,0.2588,0,0.0,0,1,9.421,2,0
3873.04,2.052,1.588,0,0,1,0.7071,0.7071,0,0.0,1,1,7.782,4,1
956.8,0.214,-0.974,0,0,0,-0.7071,0.7071,0,0.0,0,1,10.303,0,0
292.73,0.369,-0.485,0,0,0,1.0,0.0,0,0.0,0,1,10.911,2,0
6258.06,3.525,2.412,0,0,0,-0.5,-0.866,0,0.0,0,3,10.792,2,0
2852.33,1.206,0.172,0,0,0,-0.2588,0.9659,0,0.0,0,2,8.562,1,0
230.38,0.716,-0.196,0,0,0,0.5,-0.866,0,0.1,0,2,9.455,1,0
5472.92,1.103,0.092,0,0,0,0.5,-0.866,0,0.0,0,1,9.958,0,0
24902.78,5.369,3.431,0,0,0,0.2588,-0.9659,0,0.0,0,0,11.694,3,1
1292.84,0.234,-0.556,0,0,0,-1.0,-0.0,0,0.143,0,0,11.81,1,0
1695.27,0.893,-0.098,0,0,0,0.5,-0.866,0,0.1,0,1,11.366,0,0
11382.12,12.969,8.432,0,0,0,-1.0,-0.0,0,0.1,1,6,7.363,0,0
1812.92,1.0,0.0,0,0,0,-1.0,-0.0,0,0.0,0,0,14.768,0,0
3878.82,1.656,1.084,0,0,0,-0.866,-0.5,0,0.0,2,2,6.725,3,1
3314.81,1.543,1.096,0,0,0,0.2588,-0.9659,0,0.0,0,0,11.902,2,0
44.5,0.02,-0.687,0,0,1,0.866,0.5,1,0.4,7,7,2.74,1,1
838.92,0.861,-0.263,0,0,0,0.866,-0.5,0,0.0,0,1,9.826,0,1
3689.57,1.143,0.106,0,0,0,-0.5,-0.866,0,0.1,0,0,11.595,0,0
495.98,0.346,-0.542,0,0,0,-1.0,-0.0,0,0.0,0,6,8.473,0,0
18650.12,7.231,6.639,0,1,0,0.866,-0.5,1,0.2,0,0,11.967,2,0
5295.47,3.362,7.99,0,0,0,0.5,-0.866,0,0.0,0,1,8.494,0,0
952.82,1.869,0.802,0,0,0,0.7071,-0.7071,0,0.0,0,1,10.521,0,0
336.68,0.205,-0.711,0,0,0,0.9659,-0.2588,0,0.1,0,2,9.633,0,0
1161.88,0.399,-0.695,0,0,0,-0.7071,-0.7071,0,0.2,0,0,12.161,1,0
2399.29,1.732,3.528,0,0,0,-0.2588,-0.9659,0,0.25,1,1,7.23,1,1
8.4,0.006,-0.799,0,0,1,0.7071,0.7071,1,0.3,6,6,0.756,0,1
214.69,0.819,-0.652,0,0,0,-0.2588,-0.9659,0,0.0,0,0,12.146,0,0
1039.28,0.697,-0.337,0,0,0,-0.5,-0.866,0,0.0,0,2,8.787,0,0
1185.64,0.366,-0.633,0,0,0,-0.7071,0.7071,0,0.1,0,0,12.168,1,0
2235.37,0.994,-0.003,0,0,0,-0.5,-0.866,0,0.4,0,0,11.793,1,1
728.78,2.193,0.809,0,0,0,-0.9659,0.2588,0,0.0,13,14,6.273,1,0
371.43,0.885,-0.112,0,0,0,-0.2588,-0.9659,1,0.3,0,1,9.744,0,0
357.89,0.358,-0.861,0,0,0,-1.0,-0.0,0,0.0,0,1,11.079,1,0
809.64,0.671,-0.82,0,0,0,0.5,-0.866,0,0.1,0,1,11.215,2,0
495.35,0.672,-0.314,0,0,0,0.5,-0.866,0,0.143,0,0,11.878,0,0
7490.2,2.092,6.312,0,0,0,-0.5,0.866,0,0.0,0,1,10.924,0,0
581.72,0.428,-1.031,1,1,0,-1.0,-0.0,0,0.0,0,0,12.933,0,0
266.42,0.591,-1.161,0,0,0,-0.2588,0.9659,0,0.0,0,2,10.483,0,0
755.03,0.559,-0.636,0,0,0,-0.5,-0.866,0,0.1,0,0,11.453,1,0
2538.09,0.397,-0.597,0,0,0,-0.9659,0.2588,0,0.0,0,1,10.958,0,0
434.41,1.076,0.124,0,0,0,0.0,-1.0,0,0.0,0,3,8.296,1,0
8796.1,8.824,0.0,1,1,0,-0.2588,0.9659,0,0.0,0,0,14.119,2,1
1570.04,0.7,-0.187,0,0,0,-0.9659,0.2588,0,0.3,0,13,10.066,0,0
2208.15,0.874,-5.0,0,0,0,-0.866,0.5,0,0.0,0,0,11.559,1,0
6563.51,1.423,0.821,0,0,0,-0.866,-0.5,0,0.167,4,4,5.135,2,1
3526.17,0.714,-0.204,0,0,0,-0.866,-0.5,0,0.1,0,0,12.152,1,0
1734.06,0.562,-0.718,0,0,0,-0.866,0.5,0,0.333,0,2,10.825,1,0
1133.4,1.677,0.419,0,0,0,-0.866,0.5,1,0.1,0,2,10.322,0,0
545.92,0.852,-0.182,0,0,0,-0.2588,-0.9659,0,0.1,0,0,12.088,3,0
441.83,0.205,-0.382,0,0,0,0.866,-0.5,0,0.0,0,0,11.712,1,0
389.56,0.328,-0.916,0,0,0,0.0,-1.0,0,0.0,0,0,12.412,1,0
1957.42,2.603,3.06,0,0,0,0.866,-0.5,0,0.0,0,2,10.066,0,0
1902.42,0.709,-0.257,0,0,0,-0.5,-0.866,0,0.1,0,1,10.366,0,0
996.12,1.526,1.365,0,0,0,0.2588,-0.9659,0,0.1,0,3,8.511,0,0
3910.34,1.892,0.61,0,0,0,-0.5,0.866,0,0.2,0,3,10.599,0,0
1512.61,0.797,-1.187,0,0,0,0.5,-0.866,0,0.333,0,0,13.616,0,0
1002.09,0.401,-0.565,0,0,0,-0.866,-0.5,0,0.0,0,1,11.321,1,0
2152.56,0.843,-0.132,0,0,0,-0.2588,0.9659,1,0.1,0,0,11.984,0,0
5176.86,8.524,5.151,0,0,0,-0.7071,0.7071,0,0.6,1,33,7.719,2,1
922.17,0.779,-0.196,0,0,0,0.7071,-0.7071,0,0.0,0,2,10.729,0,0
18.15,0.032,-1.163,0,0,0,-0.866,0.5,0,0.1,14,14,3.258,0,1
203.22,0.55,-1.67,0,0,0,-0.9659,0.2588,0,0.1,0,0,11.594,0,0
5844.37,12.067,8.298,0,0,0,0.5,-0.866,1,0.3,0,30,10.219,0,0
475.54,1.149,0.229,0,0,0,-0.5,-0.866,1,0.3,0,1,10.211,1,0
905.73,0.428,-0.449,0,0,0,-0.7071,0.7071,0,0.1,0,1,10.772,0,0
1259.66,0.669,-0.331,0,0,0,0.866,-0.5,0,0.0,0,0,11.863,0,1
502.69,0.521,-0.35,1,0,0,-0.9659,0.2588,0,0.0,0,2,8.477,0,0
3408.24,1.63,0.72,0,0,0,-1.0,-0.0,0,0.0,0,1,11.267,0,0
2887.81,1.822,2.016,0,0,0,0.5,-0.866,1,0.375,0,1,11.05,1,0
44.29,0.062,-0.796,0,1,0,0.2588,-0.9659,0,0.1,5,9,2.544,1,1
28.98,0.023,-0.85,0,0,1,0.7071,0.7071,0,0.3,25,26,4.241,2,1
55.11,0.757,-0.158,0,0,1,0.7071,0.7071,1,0.6,22,22,2.564,0,1
1544.43,0.981,-0.018,0,0,0,-0.2588,-0.9659,0,0.2,0,3,10.532,0,0
630.87,0.62,-1.071,1,0,0,-0.2588,0.9659,0,0.25,0,1,9.845,0,0
1458.41,1.918,0.548,0,0,1,0.0,1.0,0,0.3,0,24,9.368,0,0
418.59,1.093,0.207,0,0,0,-0.7071,-0.7071,0,0.0,0,1,9.31,1,0
906.65,1.0,0.0,0,0,0,0.0,-1.0,0,0.0,0,0,14.768,0,0
1256.63,0.657,-0.331,0,0,0,0.5,-0.866,0,0.1,0,1,10.818,2,0
531.64,0.696,-0.384,0,0,0,0.9659,-0.2588,0,0.0,0,0,11.394,0,0
2909.58,4.258,3.061,0,0,0,-0.5,-0.866,0,0.0,0,0,11.99,2,0
2088.74,0.958,-0.067,0,0,0,-0.866,0.5,0,0.0,0,0,12.765,1,0
26.12,0.084,-0.983,0,0,0,0.866,-0.5,2,0.5,16,18,1.73,0,1
201.95,0.205,-0.606,0,0,0,0.9659,-0.2588,0,0.0,0,0,12.605,0,0
9031.85,4.228,5.094,0,0,1,0.9659,0.2588,0,0.0,0,1,9.518,0,0
3364.41,0.489,-0.357,0,0,0,-0.5,-0.866,1,0.2,0,2,9.145,1,0
834.09,0.158,-0.718,0,0,0,0.5,-0.866,0,0.0,0,2,8.83,1,0
14115.19,1.873,0.966,0,0,0,0.5,-0.866,0,0.0,2,2,5.986,4,1
514.65,0.416,-0.803,0,0,0,-0.9659,-0.2588,0,0.1,0,2,9.356,1,0
4507.4,0.996,-0.004,0,0,0,-0.7071,0.7071,0,0.0,0,0,12.939,0,0
496.6,1.172,0.256,0,0,0,0.2588,-0.9659,0,0.0,0,2,8.849,1,0
1265.78,0.685,-0.283,0,0,0,-0.2588,0.9659,0,0.0,0,0,11.823,1,0
169.62,0.206,-0.641,0,0,0,0.5,-0.866,0,0.0,0,0,11.583,0,0
3927.85,0.559,-0.435,1,0,0,0.0,-1.0,0,0.0,0,1,10.671,0,0
2518.43,0.994,0.0,0,0,0,-0.7071,0.7071,0,0.0,0,0,11.613,1,0
511.16,0.54,-0.203,0,0,0,-0.2588,0.9659,0,0.0,0,2,10.206,0,0
1456.93,0.883,-0.151,0,0,0,-0.5,-0.866,0,0.0,0,1,9.607,1,0
1956.12,0.814,-0.15,0,0,0,-0.2588,0.9659,0,0.0,0,3,9.278,1,0
665.51,0.809,-0.217,0,0,0,-0.2588,0.9659,0,0.1,0,1,10.986,1,0
823.99,0.371,-0.291,0,0,0,0.866,-0.5,0,0.4,0,1,9.853,1,0
246.14,1.178,0.184,0,0,0,0.9659,-0.2588,0,0.0,0,2,10.127,0,0
883.3,0.166,-0.763,0,0,0,-0.9659,0.2588,0,0.0,0,2,10.552,0,0
6265.45,10.412,15.0,0,0,0,0.2588,-0.9659,0,0.0,0,2,10.855,0,0
251.9,0.355,-0.591,0,0,0,0.5,-0.866,0,0.0,0,1,9.86,0,0
215.94,0.387,-2.056,0,0,0,-0.7071,0.7071,0,0.0,0,5,10.42,1,0
699.89,0.226,-0.732,0,0,0,-1.0,-0.0,0,0.2,0,1,10.176,0,0
1822.19,0.257,-0.822,0,0,0,-0.2588,0.9659,0,0.0,1,1,8.01,0,0
2937.78,0.787,-0.941,0,0,0,-1.0,-0.0,0,0.0,0,3,10.452,1,0
22.75,0.019,-0.665,0,0,0,0.0,-1.0,0,0.4,10,12,2.296,1,1
38856.49,9.445,5.177,0,0,0,-0.5,0.866,0,0.0,0,7,9.073,0,1
8894.91,1.95,1.27,0,0,0,0.0,-1.0,1,0.167,2,3,5.445,3,1
1315.6,0.363,-0.566,0,1,0,-0.866,-0.5,0,0.0,0,0,12.622,1,0
710.65,1.526,1.891,0,0,0,-0.7071,0.7071,0,0.0,0,0,12.678,0,0
915.4,0.365,-0.584,0,0,0,-0.2588,-0.9659,0,0.1,0,0,12.009,0,0
2556.97,2.27,0.0,1,1,0,-0.5,-0.866,0,0.0,0,1,11.262,0,0
42631.37,13.241,7.852,0,0,1,0.2588,0.9659,0,0.0,1,3,6.654,1,1
35.23,0.024,-0.927,0,0,0,-0.2588,-0.9659,0,0.3,20,21,3.058,0,1
12890.31,4.017,2.76,0,0,0,-0.7071,0.7071,0,0.0,0,0,12.096,0,0
6869.11,2.794,1.595,0,0,0,-0.2588,0.9659,0,0.0,0,1,10.988,1,0
36.08,0.046,-0.734,0,0,1,0.0,1.0,0,0.2,7,7,2.674,0,1
874.63,0.298,-0.918,0,0,0,-0.2588,-0.9659,0,0.0,0,1,10.522,0,0
277.45,0.865,-0.094,0,0,0,0.2588,-0.9659,0,0.2,0,4,10.304,1,0
673.67,0.789,-0.226,0,0,0,1.0,0.0,0,0.1,0,0,12.154,0,0
1336.68,0.306,-0.646,0,0,0,-0.7071,-0.7071,1,0.3,0,1,10.396,0,0
241.4,0.21,-0.644,0,0,0,0.5,-0.866,0,0.0,0,0,12.771,2,0
24.92,0.028,-0.541,0,0,0,0.0,-1.0,0,0.2,19,21,2.825,1,1
8962.46,5.029,15.0,1,0,1,0.5,0.866,0,0.0,0,0,12.863,2,1
1861.71,0.447,-0.511,0,0,0,-0.5,-0.866,0,0.0,0,0,11.588,0,0
657.63,0.85,-0.112,0,0,0,-0.2588,0.9659,0,0.2,0,0,11.658,0,0
1350.03,1.228,0.61,0,0,0,-0.7071,0.7071,0,0.0,0,1,10.399,0,0
227.6,0.22,-0.805,0,0,0,-0.2588,0.9659,0,0.0,0,0,11.421,1,0
244.87,0.487,-0.266,0,0,0,0.0,-1.0,0,0.6,0,0,12.939,1,0
564.57,0.632,-0.523,0,0,0,-0.866,-0.5,0,0.1,0,1,10.174,0,0
1286.77,3.395,2.78,0,0,0,0.866,-0.5,0,0.1,0,2,10.94,0,0
53.38,0.015,-0.853,0,0,0,-0.866,0.5,2,0.4,6,7,2.591,1,1
2339.17,0.77,-0.178,0,0,0,0.2588,-0.9659,0,0.0,0,0,11.447,0,0
431.9,0.075,-0.99,0,1,0,-0.7071,0.7071,0,0.0,0,1,9.799,0,0
855.45,0.324,-0.824,0,0,0,-0.5,0.866,0,0.0,0,1,10.724,0,0
2050.96,0.507,-0.382,0,0,0,-0.7071,0.7071,0,0.0,0,2,11.028,1,0
58.41,0.13,-0.632,0,0,1,0.9659,0.2588,0,0.2,9,11,1.253,0,1
942.53,0.311,0.0,0,1,0,-0.9659,-0.2588,0,0.0,0,0,11.416,0,0
2690.11,1.0,0.0,0,0,0,-1.0,-0.0,0,0.0,0,0,14.768,0,0
206.49,0.65,-0.388,0,0,0,-0.866,0.5,0,0.0,0,1,11.226,0,0
385.22,1.0,0.0,0,0,0,1.0,0.0,0,0.0,0,0,14.768,0,0
1098.39,0.899,-0.132,0,0,0,0.7071,-0.7071,0,0.1,0,0,11.594,0,0
550.46,1.06,0.058,0,0,0,0.2588,-0.9659,0,0.1,1,3,8.124,0,0
2567.99,0.885,-0.08,0,0,0,0.5,-0.866,0,0.1,0,0,11.52,0,0
14539.49,5.501,3.384,0,0,0,-0.7071,-0.7071,0,0.0,0,0,12.085,1,0
7598.91,1.29,0.239,0,0,0,-0.2588,0.9659,0,0.1,0,1,11.17,1,0
400.05,0.509,-0.524,0,0,0,0.5,-0.866,0,0.1,0,1,10.964,0,0
2601.59,0.858,-0.158,0,0,0,-1.0,-0.0,0,0.0,0,3,10.256,0,0
2476.25,1.668,1.303,0,0,0,0.0,-1.0,0,0.1,0,2,9.909,1,0
3924.59,1.612,1.64,0,0,0,-0.866,0.5,0,0.0,0,0,11.82,0,0
1018.62,0.657,-0.258,0,0,0,0.7071,-0.7071,2,0.3,0,1,10.562,0,0
1602.8,0.219,-0.567,0,0,0,-0.2588,-0.9659,0,0.0,0,0,12.379,0,0
1206.7,0.217,-0.653,0,0,0,0.5,-0.866,0,0.0,0,1,10.52,0,0
1731.68,0.804,-0.16,0,0,0,-0.5,0.866,0,0.1,0,0,12.107,0,0
1384.68,0.46,-0.494,0,0,0,-0.9659,0.2588,0,0.2,0,0,12.252,0,0
1354.15,1.137,0.198,0,0,0,0.866,-0.5,0,0.1,1,3,6.832,0,0
670.96,0.406,-0.487,0,0,0,0.2588,-0.9659,0,0.1,0,1,9.532,1,0
15972.62,5.842,4.572,0,0,0,-0.866,0.5,0,0.0,0,0,12.885,1,0
2599.95,1.958,2.101,0,0,0,0.9659,-0.2588,0,0.2,0,0,13.347,1,0
515.22,0.386,-0.513,0,0,0,-0.2588,0.9659,0,0.1,0,2,8.982,0,0
796.45,2.08,0.955,0,0,0,-0.7071,-0.7071,0,0.1,0,1,11.362,0,0
1518.1,1.943,0.0,0,0,0,0.0,-1.0,0,0.0,0,0,12.617,0,0
184780.31,15.886,8.353,0,0,0,-0.866,0.5,0,0.0,0,8,9.559,1,1
18.6,0.036,-0.647,0,0,0,-0.2588,-0.9659,2,0.5,17,17,2.394,1,1
1461.34,0.3,-0.533,0,0,0,0.7071,-0.7071,0,0.0,0,2,8.825,0,0
2601.49,0.874,-0.085,0,0,0,-0.7071,0.7071,0,0.1,0,0,13.139,1,0
1659.13,0.64,-0.296,1,0,0,-0.2588,-0.9659,0,0.0,0,0,12.753,1,0
855.29,0.367,-0.604,0,0,0,0.866,-0.5,0,0.2,0,1,10.474,1,0
9889.3,4.22,1.615,0,0,0,-1.0,-0.0,1,0.2,2,4,5.294,0,1
1328.59,0.991,-0.008,0,0,0,-0.9659,-0.2588,0,0.0,0,1,9.331,0,0
1660.65,0.301,-0.525,0,0,0,-0.5,0.866,0,0.0,0,1,10.693,3,0
19146.63,5.948,3.669,0,0,0,0.866,-0.5,0,0.2,0,0,12.547,0,0
299.29,0.459,-0.528,0,0,0,-0.2588,0.9659,0,0.2,0,1,10.887,1,0
79544.08,18.068,11.937,1,1,1,0.9659,0.2588,1,0.1,0,3,9.025,1,1
417.05,0.443,-0.784,1,0,0,-1.0,-0.0,0,0.0,0,1,8.442,0,0
358.47,0.265,-2.554,0,0,0,-0.5,0.866,0,0.2,0,1,9.918,1,0
507.53,1.268,0.182,0,0,0,-0.5,-0.866,0,0.1,0,0,11.76,0,0
33.64,0.032,-0.597,0,0,0,0.0,-1.0,0,0.5,15,17,2.866,1,1
932.02,1.719,0.798,0,0,0,-0.2588,0.9659,0,0.1,0,1,9.731,0,0
27.58,0.033,-0.78,0,1,0,-0.2588,-0.9659,0,0.125,3,3,0.253,0,1
10245.73,6.314,5.741,1,0,1,0.866,0.5,0,0.0,0,3,9.245,1,1
643.1,0.356,-0.619,1,0,0,0.7071,-0.7071,0,0.1,1,3,7.095,2,0
1097.77,0.482,-0.512,0,0,0,0.2588,-0.9659,0,0.0,0,2,10.039,0,0
142.61,0.358,-0.51,0,0,0,0.5,-0.866,0,0.0,0,2,9.55,0,0
427.65,0.704,-0.307,0,0,0,0.9659,-0.2588,0,0.3,0,3,9.742,0,0
314.38,0.218,-0.748,0,0,0,0.9659,-0.2588,0,0.0,0,0,11.813,0,0
3536.42,0.283,-0.814,0,0,0,-0.866,0.5,0,0.0,0,1,10.407,0,0
3500.1,1.077,0.064,0,0,0,-0.2588,-0.9659,1,0.1,0,1,10.082,0,0
1097.54,0.65,-0.29,0,0,0,-0.7071,0.7071,1,0.1,0,0,11.429,0,0
1445.93,0.842,-0.321,0,0,0,1.0,0.0,0,0.0,0,2,10.028,0,0
3115.51,1.114,0.183,0,0,0,-0.866,-0.5,0,0.0,0,1,10.611,2,0
180.31,0.633,-0.727,0,0,0,-0.2588,0.9659,0,0.1,0,1,9.584,0,0
426.96,0.23,-0.622,0,1,0,0.9659,-0.2588,1,0.1,0,0,11.87,1,0
859.75,0.765,-0.245,0,1,0,0.7071,-0.7071,0,0.0,0,0,11.442,1,0
2486.07,1.053,0.107,0,0,0,0.7071,-0.7071,0,0.0,0,0,14.787,0,0
710.15,0.384,-0.61,0,0,0,-0.5,-0.866,0,0.2,0,1,11.357,1,0
999.66,0.811,-0.248,0,0,0,-0.2588,-0.9659,0,0.0,0,3,9.547,2,0
2326.58,0.333,-0.527,0,0,0,0.7071,-0.7071,0,0.167,0,0,11.444,1,0
691.63,1.83,1.999,0,0,0,-0.5,0.866,0,0.1,0,3,10.588,2,1
876.03,0.144,-0.918,0,0,0,-0.866,0.5,0,0.0,0,1,10.414,0,0
3018.63,1.424,0.385,0,0,0,0.7071,-0.7071,0,0.0,0,0,11.691,0,0
3433.28,0.643,-0.683,0,0,0,-0.2588,-0.9659,0,0.167,0,0,11.833,0,0
1822.84,0.649,-0.188,0,0,0,-0.866,0.5,0,0.1,0,6,10.439,1,0
2439.31,0.445,-0.518,0,0,0,-0.866,-0.5,0,0.1,0,1,10.246,0,0
279.16,0.148,-0.735,0,0,0,-0.5,-0.866,0,0.0,0,2,10.152,0,0
2940.29,0.803,-0.178,0,0,0,-0.866,0.5,0,0.2,1,1,7.41,1,0
1658.73,0.56,-0.35,0,0,0,0.0,-1.0,0,0.1,0,3,11.135,0,0
43.81,0.018,-0.433,0,1,0,-0.9659,-0.2588,0,0.5,12,12,3.28,1,1
24835.81,6.647,5.556,0,0,0,1.0,0.0,0,0.0,0,1,11.112,0,0
822.93,1.981,0.32,0,0,0,-0.866,0.5,0,0.3,0,1,11.304,1,0
3027.96,1.0,0.0,0,0,0,-0.2588,0.9659,0,0.0,0,0,14.768,0,0
1381.08,1.143,0.115,0,0,0,-0.2588,0.9659,0,0.0,0,1,10.48,1,0
236.49,0.579,-0.333,0,0,0,-0.2588,-0.9659,0,0.0,0,1,8.644,0,0
11094.61,5.111,3.863,0,0,0,-0.7071,-0.7071,0,0.0,0,0,11.71,0,0
223.92,0.423,-1.65,1,0,0,-0.866,0.5,0,0.0,0,4,10.016,0,0
1585.64,0.651,-0.372,0,0,0,0.866,-0.5,0,0.0,0,2,9.847,0,0
3790.93,1.04,0.035,0,0,0,0.5,-0.866,0,0.2,0,2,10.786,0,0
3837.89,1.757,0.972,0,0,0,-0.9659,0.2588,0,0.0,1,1,7.187,2,1
23814.08,6.048,4.446,0,0,0,0.0,-1.0,0,0.0,0,2,9.901,3,0
679.65,1.229,0.113,0,0,0,-0.5,0.866,0,0.2,0,0,11.41,1,0
594.16,0.418,-0.746,0,0,0,-0.7071,-0.7071,0,0.1,0,3,9.623,1,0
169.56,0.613,-0.367,0,0,0,0.866,-0.5,0,0.3,0,12,9.238,1,1
1048.09,0.343,-0.554,0,0,0,-1.0,-0.0,0,0.0,0,2,10.72,1,0
2678.22,0.499,-5.0,0,0,0,-0.866,0.5,0,0.0,0,2,10.94,1,0
1826.76,1.0,0.0,0,0,0,-0.9659,0.2588,0,0.0,0,0,14.768,1,0
2004.65,0.844,-0.133,0,0,0,-0.9659,0.2588,0,0.0,0,0,12.23,0,0
892.97,0.774,-0.4,0,0,0,-0.2588,-0.9659,0,0.0,0,0,11.932,0,0
438.62,0.729,-0.214,0,0,0,-0.7071,0.7071,0,0.2,0,3,10.835,0,0
13911.04,9.933,11.682,1,1,0,-0.9659,-0.2588,0,0.0,0,0,11.627,2,1
1290.3,0.511,-0.599,0,0,0,0.866,-0.5,0,0.0,0,0,12.939,0,0
1468.58,0.207,-0.606,0,0,0,-1.0,-0.0,0,0.0,0,1,10.053,0,0
139.48,0.16,-0.758,0,0,1,0.866,0.5,0,0.1,0,4,10.53,0,0
28187.97,3.9,2.526,0,0,0,-0.866,0.5,0,0.0,0,5,8.831,0,0
1618.78,0.352,-0.575,0,0,0,0.2588,-0.9659,0,0.0,0,1,10.032,0,0
471.09,1.256,0.654,0,0,0,-0.2588,-0.9659,0,0.0,0,0,12.046,1,0
364.12,0.372,-0.635,0,0,0,-0.5,-0.866,0,0.0,0,1,11.149,0,0
3927.05,0.558,-0.365,0,0,0,-0.9659,-0.2588,0,0.0,0,2,10.988,0,0
2819.42,0.057,-0.406,0,0,0,0.7071,-0.7071,0,0.0,0,0,12.823,1,0
415.97,0.565,-0.341,0,0,0,-0.7071,0.7071,0,0.0,0,0,11.85,0,0
1539.43,0.8,-0.155,0,0,0,0.2588,-0.9659,0,0.0,0,1,11.209,1,0
254.45,0.276,-0.609,0,0,0,-0.7071,-0.7071,0,0.0,0,0,11.697,1,0
1467.97,0.584,-0.396,0,0,0,0.7071,-0.7071,1,0.2,0,0,11.674,1,0
923.78,0.664,-0.78,0,0,0,-0.866,-0.5,0,0.0,0,1,11.026,0,0
1827.34,5.665,8.05,0,0,0,0.9659,-0.2588,0,0.0,0,2,8.664,0,0
2765.88,0.502,-0.379,0,0,0,-0.866,0.5,0,0.0,0,0,12.8,0,0
17928.13,4.002,2.549,0,0,0,-0.9659,0.2588,0,0.0,0,0,11.502,0,0
2261.73,1.472,0.43,0,0,0,-0.5,-0.866,0,0.0,0,0,12.082,1,0
5142.43,0.903,-0.08,0,0,0,-0.7071,0.7071,0,0.0,0,1,9.171,0,0
1137.26,0.691,-0.362,0,1,0,1.0,0.0,0,0.0,0,2,9.601,2,0
619.28,0.379,-0.832,0,0,0,-0.2588,-0.9659,0,0.0,0,2,8.836,1,0
8674.16,2.534,1.566,0,0,0,1.0,0.0,0,0.0,1,1,6.74,2,1
846.32,0.323,-0.655,0,0,0,0.5,-0.866,0,0.0,0,0,11.724,1,0
2669.0,0.341,-0.564,0,0,0,0.2588,-0.9659,0,0.2,0,0,12.286,1,0
2417.66,0.853,-0.127,0,0,0,-0.866,-0.5,0,0.1,0,2,11.257,1,0
262.56,0.858,-0.16,0,0,0,-0.5,0.866,0,0.0,0,0,12.199,0,0
809.46,1.52,0.793,0,0,0,0.9659,-0.2588,0,0.0,0,1,10.247,0,0
354.17,0.138,-1.78,0,0,0,-0.7071,0.7071,0,0.2,0,0,12.354,0,0
309.55,0.78,-0.689,0,0,0,-0.2588,0.9659,0,0.0,0,2,10.612,0,0
2930.54,0.637,-0.255,0,0,0,-0.7071,0.7071,0,0.0,1,3,8.072,0,0
930.2,1.571,0.945,0,0,0,-0.866,0.5,0,0.143,0,0,12.436,0,0
1974.81,0.338,-0.451,0,1,0,-0.9659,-0.2588,0,0.1,0,0,11.83,1,0
1810.2,2.428,6.767,0,0,0,-0.866,0.5,0,0.25,0,1,11.19,1,0
3419.37,1.579,1.103,0,0,0,0.9659,-0.2588,1,0.1,0,0,12.779,0,0
18.12,0.003,-0.795,0,0,1,0.5,0.866,0,0.6,11,11,4.354,0,1
3861.63,0.878,-0.056,0,0,0,-0.2588,0.9659,0,0.0,1,4,7.148,0,0
2477.73,1.451,2.107,0,0,0,0.866,-0.5,0,0.0,1,2,5.198,0,0
4108.84,0.454,-0.508,0,0,0,-0.5,0.866,0,0.1,0,0,12.639,0,0
2649.28,1.346,1.569,0,1,1,0.9659,0.2588,0,0.0,0,0,12.238,0,0
1945.9,1.474,1.219,0,0,0,1.0,0.0,0,0.0,0,1,9.743,0,0
1680.51,0.551,-0.833,0,0,0,0.0,-1.0,0,0.1,0,1,11.255,0,0
428.64,1.129,0.084,0,0,0,0.866,-0.5,0,0.4,0,25,11.119,0,0
1788.34,2.949,0.0,1,0,0,-0.5,-0.866,0,0.0,0,0,13.045,0,0
444.99,0.276,-5.0,0,0,0,-0.9659,-0.2588,0,0.333,0,2,9.416,2,0
393.43,0.321,-0.309,0,0,0,-0.866,0.5,0,0.1,0,0,11.386,2,0
563.57,0.398,-5.0,0,0,0,0.5,-0.866,0,0.0,0,1,9.627,1,0
910.02,0.802,-0.153,1,0,0,0.2588,-0.9659,0,0.1,0,1,11.315,1,0
806.62,0.37,-0.586,0,0,0,-0.5,-0.866,0,0.3,0,0,11.983,0,0
10325.48,5.805,5.23,0,0,0,-0.9659,0.2588,0,0.1,0,0,11.9,0,0
45.3,0.085,-1.024,0,0,0,-0.866,0.5,0,0.1,16,16,2.208,0,1
1433.08,0.698,-0.281,0,0,0,-0.2588,0.9659,0,0.1,0,0,11.611,1,0
6621.49,2.39,1.463,0,0,0,-0.866,-0.5,0,0.0,1,1,7.488,2,1
1408.4,0.899,-0.169,0,0,0,0.7071,-0.7071,0,0.0,0,0,11.549,0,0
19.55,0.022,-0.583,0,0,0,-0.7071,-0.7071,1,0.6,14,15,1.294,0,1
4051.13,1.71,1.43,0,0,0,-0.5,-0.866,0,0.0,0,2,8.606,0,0
312.63,1.634,0.466,0,0,0,0.7071,-0.7071,0,0.2,0,2,9.895,1,0
769.06,0.527,-0.485,0,0,0,-0.866,0.5,0,0.2,0,0,11.817,1,0
1390.82,0.363,-0.592,0,0,0,-0.5,-0.866,0,0.0,0,0,12.366,0,0
6.68,0.004,-0.929,0,1,1,0.5,0.866,1,0.1,3,3,2.525,0,1
54.59,0.073,-1.313,0,1,0,0.9659,-0.2588,1,0.25,3,5,2.712,0,1
689.42,0.326,-0.605,0,0,0,0.9659,-0.2588,0,0.1,0,2,9.915,0,0
205.91,0.543,-0.488,0,0,0,0.7071,-0.7071,0,0.1,0,0,12.188,1,0
480.43,0.909,-0.096,0,0,0,0.7071,-0.7071,0,0.0,0,1,10.7,1,0
300.28,0.486,-0.534,1,0,0,-0.5,-0.866,0,0.0,0,0,12.665,2,0
666.08,0.16,0.0,0,0,0,0.9659,-0.2588,0,0.0,0,1,11.313,0,0
2185.8,1.0,0.0,0,0,0,0.0,-1.0,0,0.0,0,0,14.768,1,0
41552.21,9.717,15.0,0,0,0,-0.5,-0.866,0,0.0,0,0,12.001,0,0
775.52,0.973,-0.133,0,0,0,-0.9659,0.2588,0,0.0,0,1,11.334,1,0
1342.94,0.353,-0.514,0,0,0,0.5,-0.866,0,0.2,0,1,10.86,0,0
769.06,0.587,-1.456,0,0,0,0.5,-0.866,1,0.167,0,0,11.666,1,0
1056.49,0.427,-0.497,0,0,0,-0.866,0.5,0,0.2,0,2,10.23,0,0
745.19,0.827,-0.138,0,0,0,0.5,-0.866,0,0.1,1,4,8.036,1,0
2163.64,0.887,-0.121,0,0,0,0.9659,-0.2588,0,0.1,0,0,11.84,0,0
12479.89,1.0,0.0,0,0,0,-0.9659,-0.2588,0,0.0,0,0,14.768,1,0
1211.27,0.234,-0.543,0,0,0,-0.7071,-0.7071,0,0.0,0,1,10.61,0,0
1466.95,0.828,-0.154,0,0,0,-0.9659,-0.2588,0,0.0,1,4,8.184,1,0
939.47,0.561,-0.434,1,0,0,-0.2588,-0.9659,0,0.0,0,1,10.751,1,0
1676.59,0.472,-0.423,0,0,0,-0.7071,-0.7071,0,0.0,0,2,10.015,0,0
1706.16,1.089,0.068,0,0,0,0.866,-0.5,0,0.0,0,3,9.215,0,0
847.75,0.51,-0.532,0,0,0,-0.866,0.5,0,0.0,0,1,9.899,0,0
796.66,0.464,-1.348,0,0,0,0.0,-1.0,0,0.2,0,0,11.848,1,0
599.27,1.712,0.0,1,1,0,-0.9659,0.2588,0,0.0,0,0,13.267,0,0
415.04,0.708,-0.228,0,0,0,-0.9659,0.2588,0,0.0,0,2,11.03,0,0
5235.33,1.036,0.031,0,0,0,-0.2588,-0.9659,0,0.0,0,0,11.609,0,0
254.78,0.248,-0.574,0,0,0,1.0,0.0,0,0.0,0,2,10.469,1,0
1021.72,0.186,-0.599,0,0,0,0.2588,-0.9659,1,0.2,0,1,11.273,1,0
5235.04,5.027,7.234,0,0,0,0.5,-0.866,0,0.1,0,2,10.135,0,0
3805.58,1.688,0.941,0,0,0,0.7071,-0.7071,0,0.2,3,3,5.702,2,1
2549.32,0.579,-1.552,0,0,0,-0.866,-0.5,0,0.0,0,1,10.525,1,0
813.83,0.564,-0.172,0,0,0,-0.7071,0.7071,0,0.3,0,0,12.104,1,0
3589.76,0.939,-0.047,1,0,0,0.5,-0.866,0,0.0,0,2,9.985,0,0
4085.76,1.676,1.038,0,0,0,-0.9659,0.2588,0,0.0,0,2,10.044,2,0
1276.92,1.241,0.889,0,0,0,-0.9659,-0.2588,0,0.0,0,0,12.513,0,0
640.15,1.15,0.088,0,0,0,-0.9659,-0.2588,0,0.1,0,2,10.594,3,0
422.2,0.342,-0.471,0,0,0,0.5,-0.866,0,0.0,0,0,13.133,0,0
798.5,0.101,-0.869,0,0,0,-0.5,-0.866,0,0.1,0,0,12.764,1,0
1304.95,0.884,-0.097,0,0,0,-0.9659,-0.2588,0,0.0,0,0,12.453,0,0
308.12,0.949,-0.055,1,0,0,-0.7071,0.7071,1,0.1,1,3,8.074,0,0
644.71,0.736,-0.538,0,0,1,0.866,0.5,0,0.1,0,2,8.556,1,0
11988.78,3.858,2.399,1,0,0,-1.0,-0.0,0,0.1,0,1,10.812,1,0
1204.49,0.322,-0.594,0,0,0,-0.2588,0.9659,1,0.1,0,0,11.567,0,0
173.6,0.424,-0.588,0,0,0,0.0,-1.0,0,0.0,0,1,11.26,0,0
1246.83,0.384,-0.471,0,0,0,-0.5,0.866,0,0.1,0,1,9.122,0,0
2128.22,0.527,-0.457,0,0,0,-0.9659,-0.2588,0,0.0,0,1,11.182,1,0
1266.63,0.881,-0.149,0,0,0,-0.9659,0.2588,0,0.1,0,0,11.712,1,0
1432.84,0.464,-0.532,0,0,1,0.9659,0.2588,0,0.1,0,0,11.748,0,0
1721.29,0.411,-0.427,0,0,0,1.0,0.0,0,0.1,0,2,10.517,0,0
883.25,0.172,-0.787,0,0,0,0.0,-1.0,0,0.0,0,1,10.62,0,0
622.75,0.237,-0.59,0,0,0,0.0,-1.0,0,0.0,0,0,13.264,0,0
2544.2,0.39,-0.507,0,0,0,-0.866,0.5,0,0.0,0,0,11.446,0,0
3448.71,1.017,0.017,0,0,0,-0.9659,0.2588,0,0.1,0,4,9.839,0,0
309.5,0.472,-0.92,0,0,0,-0.866,0.5,0,0.0,0,1,9.343,1,0
547.97,0.421,-0.653,0,0,0,0.2588,-0.9659,1,0.2,0,0,13.043,0,0
458.39,0.452,-0.527,0,0,0,0.5,-0.866,0,0.125,0,2,8.657,0,0
17845.71,3.045,1.965,0,0,0,-0.5,0.866,0,0.0,0,0,12.352,1,0
1974.46,0.587,-0.363,0,0,0,-0.9659,-0.2588,0,0.0,0,3,9.421,0,0
1327.51,0.501,-0.541,0,0,0,-0.2588,0.9659,0,0.0,0,0,12.175,0,0
4269.39,0.856,-0.108,0,0,0,0.2588,-0.9659,0,0.1,0,0,11.838,1,0
1116.1,0.603,-0.356,0,0,0,-0.7071,0.7071,1,0.1,0,1,11.177,1,0
1907.73,0.839,-0.172,1,0,0,-0.2588,0.9659,0,0.1,1,3,5.198,0,0
3413.83,1.019,0.025,0,0,0,-0.2588,-0.9659,0,0.1,0,3,10.668,0,0
727.49,0.467,-0.521,0,0,0,-0.5,-0.866,1,0.2,0,0,11.558,1,0
6.02,0.008,-1.038,0,0,0,-0.2588,0.9659,0,0.0,7,10,2.012,1,1
21898.76,11.142,15.0,0,0,1,0.7071,0.7071,1,0.1,1,3,7.004,0,1
1253.71,1.0,0.0,0,0,0,-0.2588,-0.9659,0,0.0,0,0,14.768,0,0
2658.16,1.444,0.386,0,0,0,-0.9659,-0.2588,0,0.0,1,1,7.922,1,0
2949.09,0.394,-0.553,0,0,0,-0.866,0.5,1,0.2,0,4,9.583,0,0
2590.49,1.47,0.411,0,0,0,-0.866,0.5,0,0.0,0,0,12.18,0,0
9331.99,8.229,10.84,1,1,0,0.0,-1.0,0,0.0,0,0,12.698,3,1
274.14,0.464,-0.493,0,0,0,0.5,-0.866,0,0.0,0,0,12.024,0,0
1141.63,1.09,0.051,0,0,0,0.2588,-0.9659,0,0.0,0,0,12.353,1,0
1942.28,0.314,-0.576,0,0,0,-1.0,-0.0,0,0.1,0,2,11.068,1,0
495.48,0.912,-0.077,0,0,0,-0.866,0.5,0,0.0,0,1,10.427,0,0
3407.6,1.404,0.77,0,0,0,-0.7071,-0.7071,0,0.0,0,1,11.321,0,0
1660.14,1.0,0.0,0,0,0,0.0,-1.0,0,0.0,0,0,14.768,0,1
3489.25,1.862,1.478,0,0,0,-0.7071,-0.7071,0,0.167,0,0,12.377,0,0
1383.12,0.486,-0.444,0,0,0,-1.0,-0.0,0,0.0,0,1,10.796,2,0
688.74,0.652,-0.288,0,0,0,0.0,-1.0,0,0.1,0,0,11.408,0,0
1208.99,0.559,-0.391,0,0,0,0.5,-0.866,0,0.1,0,0,12.645,1,0
1558.28,1.057,0.055,0,0,0,0.7071,-0.7071,0,0.0,0,0,12.391,1,0
1438.25,1.0,0.0,0,0,0,-0.5,-0.866,0,0.0,0,0,14.768,0,0
550.67,0.791,-0.168,0,0,0,-0.2588,-0.9659,0,0.0,0,1,11.179,0,0
1532.11,0.862,-0.119,0,0,0,-0.7071,-0.7071,0,0.1,0,0,12.43,1,0
156.23,0.418,-0.71,0,0,0,-1.0,-0.0,0,0.1,0,4,9.989,0,0
3887.29,2.616,4.661,1,0,0,-0.5,0.866,0,0.0,0,0,14.007,2,1
433.45,0.624,-0.177,0,0,0,0.5,-0.866,0,0.0,0,3,10.312,1,0
3003.05,0.725,-0.232,0,0,0,-0.2588,0.9659,0,0.1,0,1,9.437,0,0
1246.01,1.269,0.229,0,0,1,0.9659,0.2588,0,0.1,0,0,11.426,0,0
2845.17,0.85,-0.157,0,0,0,0.7071,-0.7071,0,0.3,0,1,9.7,0,0
1917.75,3.19,1.731,0,0,0,0.2588,-0.9659,0,0.1,0,2,9.053,0,0
1032.5,1.178,0.806,1,0,0,-0.5,-0.866,1,0.1,0,2,8.231,1,0
964.67,0.495,-0.98,0,0,0,-0.866,0.5,0,0.0,0,0,12.178,1,0
2168.87,0.409,-0.463,0,0,0,-0.5,-0.866,0,0.0,0,1,10.749,3,0
3911.06,0.75,-0.338,0,0,0,-0.5,0.866,0,0.3,0,2,10.656,0,0
431.95,0.355,-2.474,0,0,0,-0.9659,0.2588,0,0.0,0,0,13.046,2,0
965.82,2.672,1.946,0,0,0,0.7071,-0.7071,0,0.2,0,0,12.564,0,0
972.93,1.39,0.474,0,0,0,0.866,-0.5,0,0.1,0,1,10.166,1,0
781.55,0.424,-0.539,0,0,0,0.5,-0.866,0,0.0,0,0,11.638,2,0
559.68,1.324,0.378,0,0,0,-0.9659,-0.2588,1,0.3,0,0,12.01,0,0
2008.84,1.298,0.939,0,0,0,0.2588,-0.9659,0,0.0,0,1,11.288,1,0
1273.6,0.551,-0.467,0,0,0,0.0,-1.0,0,0.143,2,2,6.11,1,0
2375.46,0.608,-0.281,0,0,0,0.2588,-0.9659,0,0.1,0,1,11.092,0,0
13.97,0.003,-0.756,0,0,0,0.2588,-0.9659,2,0.3,7,7,1.689,1,1
1017.17,0.106,-0.804,0,0,0,0.7071,-0.7071,0,0.0,0,0,12.256,1,1
517.04,0.146,-1.073,0,0,0,0.7071,-0.7071,0,0.0,0,0,12.82,0,0
1630.68,1.335,0.28,0,0,0,-0.866,0.5,0,0.1,0,30,10.318,1,0
3896.99,0.839,-0.133,0,0,0,0.0,-1.0,0,0.1,0,3,10.754,1,0
680.07,0.383,-1.243,0,0,0,-0.2588,0.9659,1,0.1,0,0,11.909,1,0
1191.13,1.66,0.299,0,0,0,-0.866,0.5,0,0.0,0,1,10.105,1,0
989.22,0.813,-0.286,0,0,0,0.0,-1.0,0,0.0,0,1,11.126,0,0
20.04,0.029,-0.497,0,0,0,-0.7071,-0.7071,0,0.4,22,23,2.8,0,1
788.59,0.458,-0.39,0,0,0,-0.7071,-0.7071,0,0.1,0,1,8.961,0,0
348.98,0.975,-0.029,0,0,0,-1.0,-0.0,0,0.0,0,1,10.563,1,0
4601.77,0.983,-0.015,0,0,0,-1.0,-0.0,0,0.0,0,2,10.465,0,0
4483.7,1.08,0.066,0,0,0,-0.7071,0.7071,0,0.0,0,1,10.969,0,0
1306.59,0.663,-0.31,0,0,0,-0.5,-0.866,0,0.0,0,1,11.054,1,0
4567.13,0.414,-0.45,0,0,0,-0.2588,0.9659,1,0.143,0,0,13.075,0,0
1497.65,1.285,0.703,0,0,0,0.7071,-0.7071,0,0.111,0,1,10.44,1,0
590.01,0.386,-0.709,0,0,0,0.9659,-0.2588,0,0.0,0,1,11.023,2,0
2780.62,0.648,-0.337,0,0,0,0.5,-0.866,0,0.0,0,0,11.997,1,0
1790.4,1.371,0.889,0,0,0,1.0,0.0,0,0.0,0,0,12.243,1,0
699.12,0.99,-0.028,0,0,0,-0.2588,0.9659,0,0.143,0,0,11.838,1,0
2647.1,0.581,-0.393,0,0,0,-0.866,-0.5,0,0.1,0,2,10.149,0,0
4359.64,1.284,0.675,0,0,0,0.866,-0.5,1,0.2,0,2,10.894,0,0
282.3,0.215,-0.652,0,0,0,-1.0,-0.0,1,0.2,0,0,11.646,0,0
344.97,0.436,-0.543,0,0,0,0.866,-0.5,0,0.0,0,2,9.954,0,0
1610.38,0.544,-0.94,0,0,0,-0.866,-0.5,0,0.0,0,0,11.662,0,0
16689.83,8.201,6.269,0,0,0,-0.866,0.5,1,0.1,0,1,11.287,0,0
2813.78,0.752,-0.253,0,0,0,-0.7071,0.7071,0,0.0,0,0,11.606,0,0
917.94,0.997,-0.002,0,0,0,-0.7071,0.7071,0,0.1,0,1,11.015,1,0
2160.13,0.707,-0.672,0,0,0,0.0,-1.0,0,0.1,0,2,10.586,0,0
405.99,0.746,-0.239,0,0,0,-0.2588,0.9659,0,0.0,0,2,10.512,0,0
855.99,0.568,-0.328,0,0,0,-0.2588,0.9659,0,0.2,0,2,9.639,0,0
711.41,0.382,-0.593,0,0,0,-0.9659,-0.2588,1,0.1,0,0,11.38,2,0
2076.75,1.007,0.017,0,0,0,-0.9659,-0.2588,0,0.0,0,0,11.837,2,0
479.93,1.803,1.639,0,0,0,-0.9659,-0.2588,0,0.1,0,1,9.66,0,0
13.25,0.002,-0.893,0,0,0,0.2588,-0.9659,0,0.0,2,2,2.82,1,1
3386.7,3.534,2.008,0,0,0,0.5,-0.866,0,0.1,0,1,10.313,1,0
2096.79,1.064,0.047,0,0,0,-0.866,-0.5,0,0.0,0,3,9.822,2,0
2652.37,2.53,1.596,0,0,0,-0.7071,0.7071,0,0.0,0,1,10.43,0,0
268.81,0.558,-0.391,0,0,0,-0.866,0.5,0,0.1,0,0,11.404,0,0
435.31,1.0,0.0,0,0,0,0.7071,-0.7071,0,0.0,0,0,14.768,0,0
3421.84,1.09,0.166,0,0,0,0.2588,-0.9659,0,0.0,0,1,10.345,0,0
582.12,0.287,-0.983,1,0,0,-0.9659,0.2588,0,0.1,0,1,11.222,1,0
1636.5,1.0,0.0,0,0,0,-0.7071,0.7071,0,0.0,0,0,14.768,2,0
1405.44,1.051,0.14,0,0,0,-0.9659,-0.2588,0,0.1,0,1,9.163,0,0
5856.01,4.345,3.635,0,0,1,0.2588,0.9659,0,0.2,0,4,8.383,0,1
545.81,0.936,-0.057,0,0,0,0.0,-1.0,0,0.0,0,2,9.742,1,0
377.61,0.654,-0.913,0,0,1,0.9659,0.2588,0,0.0,0,2,11.056,3,0
5850.57,2.598,1.364,0,0,0,-0.866,0.5,1,0.2,0,1,10.897,1,0
9508.71,1.426,0.879,0,0,0,1.0,0.0,0,0.25,1,3,8.126,2,1
1307.8,1.213,0.93,0,1,0,-0.9659,0.2588,0,0.0,0,1,10.029,1,0
21602.62,3.192,2.136,0,0,0,-0.7071,-0.7071,0,0.0,0,0,11.42,1,0
216.39,0.417,-0.599,0,0,0,0.0,-1.0,0,0.0,0,1,9.63,1,0
435.42,0.359,-0.689,0,0,0,-0.5,-0.866,0,0.1,0,1,10.341,1,0
5316.09,1.075,0.205,0,0,0,-0.866,-0.5,0,0.0,0,0,11.762,0,0
2456.96,2.34,1.339,0,0,0,-0.7071,-0.7071,0,0.1,0,1,11.056,1,0
5145.04,3.83,2.348,0,0,0,0.5,-0.866,0,0.0,0,2,9.808,0,0
1438.52,0.288,-0.556,0,0,0,0.5,-0.866,0,0.2,0,0,11.922,1,0
10.38,0.016,-0.766,0,0,0,0.2588,-0.9659,1,0.5,15,19,3.557,1,1
20.55,0.018,-0.699,0,0,0,-0.7071,-0.7071,3,0.3,5,6,0.998,0,1
8591.22,7.147,15.0,1,1,0,0.9659,-0.2588,0,0.0,0,0,13.435,4,1
32.48,0.015,-0.401,0,0,0,-0.9659,-0.2588,1,0.5,17,17,4.074,1,1
4543.52,1.391,0.548,0,0,0,0.5,-0.866,0,0.2,0,1,11.319,0,0
1311.55,1.232,1.088,0,0,0,-0.9659,-0.2588,0,0.0,0,1,10.682,0,0
105383.71,22.287,7.294,1,0,1,0.866,0.5,0,0.0,0,11,9.056,0,1
1028.07,0.895,-0.185,0,0,0,0.0,-1.0,0,0.0,1,2,6.474,1,0
971.99,1.0,0.0,0,0,0,-0.2588,-0.9659,0,0.0,0,0,14.768,0,0
4598.07,0.658,-0.271,0,0,0,0.866,-0.5,1,0.286,0,0,11.658,1,0
8512.83,1.411,0.324,1,0,0,-1.0,-0.0,0,0.3,0,1,10.104,0,0
229.65,1.0,0.0,0,0,0,-0.2588,0.9659,0,0.0,0,0,14.768,0,0
996.09,1.234,0.152,0,0,0,0.7071,-0.7071,0,0.0,0,0,11.759,3,0
685.12,0.795,-0.135,0,0,0,-0.7071,-0.7071,0,0.5,0,0,11.969,0,0
1131.79,1.64,1.308,0,0,0,-0.866,0.5,0,0.0,0,1,9.237,0,0
41.33,0.032,-0.675,0,1,0,1.0,0.0,0,0.5,15,15,2.24,0,1
704.93,2.019,12.153,0,0,0,-0.2588,-0.9659,0,0.0,0,1,10.709,0,0
19012.77,5.612,3.819,0,0,1,0.2588,0.9659,0,0.0,0,6,9.004,0,1
1591.51,0.596,-0.38,0,0,0,-0.7071,-0.7071,0,0.0,0,1,10.305,0,0
280.28,0.531,-0.365,0,0,0,-0.9659,-0.2588,0,0.0,0,3,9.192,1,0
2221.99,0.628,-0.373,0,0,1,0.9659,0.2588,0,0.0,0,0,12.618,0,0
197.37,0.17,-0.373,0,0,0,-0.866,0.5,0,0.0,0,0,11.965,2,0
93279.12,19.716,13.58,0,0,1,0.9659,0.2588,0,0.1,2,4,5.648,0,1
26543.62,5.908,3.891,0,0,0,-0.7071,-0.7071,0,0.1,0,0,12.064,0,0
321.29,0.197,-0.323,0,0,0,-0.9659,-0.2588,0,0.5,0,0,12.235,1,0
1035.13,0.19,-0.647,0,0,0,0.2588,-0.9659,0,0.0,0,1,11.196,0,0
6086.61,2.164,1.024,0,0,0,-0.9659,0.2588,0,0.0,0,1,9.365,1,0
1414.89,0.805,-0.216,0,0,0,-0.7071,0.7071,0,0.0,0,2,10.616,1,0
895.46,0.577,-0.32,0,1,0,0.2588,-0.9659,0,0.1,0,1,10.452,0,0
12.66,0.045,-0.94,0,0,0,0.866,-0.5,1,0.3,20,22,2.791,0,1
946.92,0.755,0.0,0,0,0,0.0,-1.0,0,0.0,0,1,8.873,0,0
374.18,0.301,-0.582,0,0,0,1.0,0.0,0,0.0,0,1,10.789,0,0
43.01,0.011,-0.628,0,1,0,0.2588,-0.9659,0,0.5,12,12,2.371,1,1
610.83,0.55,0.0,0,0,0,-0.9659,-0.2588,0,0.0,0,0,13.185,0,0
427.38,0.362,-0.715,0,0,0,0.9659,-0.2588,0,0.3,0,1,11.219,2,0
4245.37,0.998,-0.002,0,0,0,0.0,-1.0,0,0.0,0,0,12.827,1,0
2235.32,0.675,-0.275,0,0,0,-1.0,-0.0,0,0.0,0,0,11.954,1,0
592.51,0.305,-0.731,0,0,0,0.2588,-0.9659,0,0.0,0,1,10.365,1,0
185.69,0.253,-0.334,0,0,0,-0.9659,-0.2588,0,0.0,0,0,11.702,1,0
50102.27,10.107,6.829,0,0,0,0.2588,-0.9659,0,0.0,0,6,8.674,1,1
2846.93,0.738,-0.215,0,0,0,0.2588,-0.9659,0,0.0,0,2,10.12,0,0
501.43,0.322,-0.682,0,0,0,0.7071,-0.7071,0,0.0,0,0,12.146,1,0
1294.56,0.699,-0.297,0,0,0,-0.5,-0.866,1,0.2,0,1,9.88,1,0
2023.36,0.658,-0.261,0,0,0,-0.9659,0.2588,0,0.2,0,0,12.151,0,0
508.62,0.696,-0.231,0,0,0,-1.0,-0.0,0,0.0,0,1,9.344,0,0
1876.12,1.402,9.643,0,0,0,-0.2588,0.9659,0,0.0,0,0,13.014,0,0
1668.53,1.229,0.233,0,0,0,0.7071,-0.7071,0,0.0,0,0,11.417,2,0
252.3,0.369,-0.552,0,0,0,0.2588,-0.9659,0,0.0,0,1,10.989,0,0
3935.79,1.903,2.817,0,0,0,-0.5,-0.866,0,0.0,0,1,10.884,0,0
4519.08,2.422,1.404,0,0,0,-0.866,-0.5,0,0.0,0,2,10.467,0,0
970.02,0.643,-0.686,0,0,0,1.0,0.0,0,0.125,0,0,12.967,1,0
21421.96,26.021,0.0,0,0,0,-0.866,0.5,0,0.0,0,1,9.63,0,0
42.66,0.044,-0.691,0,0,1,0.5,0.866,1,0.2,9,11,2.137,1,1
929.88,0.746,-0.438,0,0,0,-0.866,-0.5,0,0.1,0,1,11.346,1,0
3236.42,0.458,-0.391,0,0,0,-0.7071,-0.7071,0,0.111,0,2,8.212,1,0
138998.23,12.137,5.762,0,0,0,-1.0,-0.0,0,0.0,0,9,8.594,1,0
2497.09,1.273,0.292,0,0,0,0.0,-1.0,0,0.0,0,0,12.699,0,0
176.58,0.415,-0.412,0,0,0,0.866,-0.5,0,0.0,0,0,11.465,0,0
1578.77,1.633,1.052,0,0,0,-0.866,0.5,0,0.0,0,0,14.25,0,0
16195.97,8.367,7.332,0,0,0,-0.7071,0.7071,0,0.0,0,1,8.793,1,0
392.22,0.307,-0.319,0,0,0,-1.0,-0.0,0,0.4,0,36,9.035,2,0
2203.09,0.254,-0.738,0,0,0,-0.7071,0.7071,0,0.0,0,0,11.864,2,0
1140.17,1.687,1.53,0,0,0,-0.7071,0.7071,1,0.1,0,0,11.919,0,0
471.39,0.584,-0.507,0,0,0,-0.2588,0.9659,0,0.1,0,1,10.749,0,0
856.59,1.728,0.298,0,0,0,-0.9659,0.2588,0,0.1,0,0,11.546,1,0
1051.81,0.488,-0.568,0,0,0,-1.0,-0.0,0,0.3,0,4,10.409,0,0
1435.2,0.646,-0.311,0,0,1,0.9659,0.2588,1,0.1,0,2,9.637,0,0
1073.51,0.588,-0.323,0,0,0,-0.9659,-0.2588,0,0.1,0,1,10.094,0,0
1956.09,1.0,0.0,0,0,0,-0.2588,-0.9659,0,0.0,0,0,14.768,1,0
398.25,0.277,-0.908,0,0,0,-0.7071,-0.7071,0,0.0,0,2,10.761,0,0
22406.89,3.976,2.509,0,0,0,-1.0,-0.0,0,0.1,0,0,12.214,1,0
1345.15,0.588,-0.313,0,0,0,-0.7071,-0.7071,0,0.0,0,1,11.208,0,0
5431.0,1.432,0.407,0,0,0,0.0,-1.0,0,0.2,0,1,11.314,0,0
1964.63,0.918,-0.072,0,0,0,0.5,-0.866,0,0.1,0,1,10.979,0,0
1092.0,0.271,-0.527,0,0,0,0.5,-0.866,0,0.0,0,5,10.313,1,0
1273.9,0.546,-0.94,1,0,0,-0.7071,-0.7071,0,0.0,0,0,11.738,0,0
336.17,0.586,-0.347,0,0,0,0.9659,-0.2588,0,0.0,0,2,8.754,1,0
547.51,0.302,-0.511,0,1,0,0.5,-0.866,0,0.1,0,2,9.683,2,0
1428.48,0.512,-0.471,0,0,0,-0.9659,-0.2588,0,0.0,1,1,6.458,0,0
1823.04,0.033,-0.443,0,0,0,-0.5,-0.866,0,0.0,0,0,14.091,1,0
1238.96,0.997,-0.002,0,0,0,-0.7071,-0.7071,0,0.0,0,2,10.711,1,0
2039.69,0.681,-0.597,0,0,0,-1.0,-0.0,0,0.4,0,2,10.333,2,0
981.02,0.501,-0.495,0,0,0,0.2588,-0.9659,0,0.3,0,0,11.455,2,0
2949.1,0.713,-0.303,0,0,0,-0.866,0.5,0,0.0,0,1,11.153,0,0
2870.78,0.868,-0.185,0,0,0,-0.7071,-0.7071,0,0.0,0,2,9.913,0,0
704.88,0.849,-1.175,0,0,0,-0.9659,-0.2588,0,0.0,0,2,8.844,0,0
227.33,0.388,-0.538,0,0,0,-0.7071,0.7071,0,0.0,0,0,12.198,1,0
947.72,0.544,-0.34,0,0,0,-1.0,-0.0,0,0.0,0,3,8.633,1,0
878.38,0.334,-0.616,0,0,0,-0.9659,-0.2588,0,0.0,0,0,12.651,1,0
800.64,1.107,0.151,0,0,0,0.866,-0.5,0,0.0,0,0,12.033,1,0
532.59,0.23,-2.171,0,0,0,0.2588,-0.9659,0,0.0,0,2,11.083,0,0
1100.0,1.236,0.165,0,0,0,0.5,-0.866,0,0.1,0,0,12.24,0,0
972.66,1.058,0.043,0,0,0,-0.2588,-0.9659,0,0.0,0,0,11.952,0,0
2084.11,0.856,-0.224,0,0,0,-0.9659,0.2588,0,0.1,0,0,11.809,0,0
435.96,0.116,-0.742,0,0,0,0.866,-0.5,0,0.1,0,0,12.782,0,0
2369.6,1.053,0.039,0,0,0,-0.5,0.866,0,0.0,0,3,10.46,1,0
100310.15,10.734,5.776,0,0,0,-0.5,-0.866,0,0.1,0,11,8.724,2,1
4181.25,1.611,0.574,0,0,0,-0.2588,0.9659,0,0.1,0,2,11.093,0,0
2167.26,0.504,-0.484,0,0,0,-0.866,-0.5,0,0.0,0,1,9.522,0,0
21.08,0.015,-0.637,0,0,0,0.9659,-0.2588,0,0.1,6,7,0.452,2,1
741.67,0.669,-0.489,0,0,0,-0.2588,0.9659,0,0.0,0,2,8.979,1,1
913.62,0.505,-0.659,0,0,0,-1.0,-0.0,0,0.125,0,2,10.759,1,0
2223.26,1.159,0.346,0,1,0,-0.9659,-0.2588,0,0.25,0,1,10.612,0,0
4899.76,3.124,1.923,0,0,0,-0.866,0.5,0,0.0,0,0,12.439,1,0
5555.41,3.202,1.887,0,0,0,-0.9659,-0.2588,0,0.1,0,0,11.83,1,0
4396.48,0.68,-0.24,0,0,0,-0.5,0.866,0,0.0,0,2,9.4,0,0
1450.45,0.384,-0.693,0,0,0,-0.7071,0.7071,0,0.0,0,0,11.855,0,0
43.39,0.039,-0.649,0,0,0,-0.9659,0.2588,0,0.1,5,6,2.598,1,1
2577.55,0.945,-0.046,0,0,0,0.0,-1.0,0,0.0,0,0,11.749,1,0
1227.54,1.026,0.041,0,0,0,-0.2588,-0.9659,0,0.0,0,1,10.903,0,0
1069.82,0.834,-0.25,0,0,0,-0.9659,0.2588,0,0.1,0,3,10.686,0,0
27.48,0.045,-0.559,0,0,0,-0.9659,0.2588,0,0.4,8,8,3.212,0,1
4231.24,1.17,0.856,0,0,0,-0.7071,-0.7071,0,0.167,0,5,8.236,3,1
822.22,0.183,-0.398,0,0,0,-0.7071,-0.7071,0,0.1,0,4,11.01,0,0
1680.28,0.394,-0.559,0,0,0,-0.5,-0.866,0,0.0,0,4,8.853,1,0
255.93,0.571,-0.523,1,0,0,0.5,-0.866,0,0.2,0,1,9.355,0,0
29.94,0.007,-0.847,0,0,1,0.9659,0.2588,1,0.1,3,4,2.606,0,1
3926.45,3.59,10.052,1,0,1,0.0,1.0,0,0.0,0,0,12.023,2,1
20288.04,8.896,12.064,0,0,0,0.5,-0.866,0,0.0,0,0,11.558,1,0
2378.38,1.145,0.118,0,0,0,-0.7071,0.7071,0,0.0,0,0,13.254,0,0
1345.51,1.0,0.0,0,0,0,0.5,-0.866,0,0.0,0,0,14.768,1,0
707.66,0.379,-0.515,0,0,0,-0.866,0.5,0,0.1,0,1,9.076,0,0
377.23,0.244,0.0,0,0,0,-0.866,-0.5,0,0.0,0,0,12.44,1,0
2398.13,5.922,12.517,0,0,0,-0.866,0.5,0,0.0,0,0,11.599,0,0
424.41,0.242,-0.654,0,0,0,-0.866,-0.5,0,0.0,0,3,9.076,1,0
583.45,0.407,-0.685,0,0,0,-0.2588,0.9659,0,0.1,0,1,10.759,1,0
1357.68,0.439,-0.731,0,0,0,0.0,-1.0,0,0.1,0,1,11.316,0,0
1030.43,1.257,0.596,0,0,0,-0.7071,0.7071,0,0.4,0,0,12.509,0,0
2658.93,1.14,0.14,0,0,0,-0.7071,-0.7071,0,0.1,0,3,9.407,0,0
364.68,0.269,-0.615,0,0,0,-0.7071,0.7071,0,0.1,0,1,10.837,0,0
952.6,0.436,0.0,1,0,0,-0.9659,-0.2588,0,0.0,0,0,13.984,0,0
2681.0,0.369,-0.561,0,0,0,-0.2588,0.9659,0,0.0,0,0,11.812,0,0
427.22,0.355,-0.679,0,0,0,-0.2588,-0.9659,0,0.143,1,1,7.558,0,0
6.76,0.007,-0.582,0,0,0,-0.9659,0.2588,0,0.3,12,13,0.959,1,1
2054.16,0.644,-0.299,0,0,0,0.7071,-0.7071,0,0.1,0,2,9.254,0,0
492.09,0.353,-0.452,0,0,0,1.0,0.0,0,0.2,0,0,12.695,1,0
54.48,0.018,-0.707,0,0,1,0.9659,0.2588,2,0.2,4,6,2.834,0,1
2135.92,1.046,0.048,0,0,0,-0.9659,0.2588,1,0.1,0,0,11.669,0,0
1049.22,0.478,-0.419,0,1,0,-0.5,-0.866,0,0.0,0,0,11.979,1,0
49.56,0.281,-0.338,0,0,0,-0.866,0.5,0,0.4,30,30,0.837,1,0
1797.52,0.9,-0.066,0,0,0,-0.2588,0.9659,0,0.0,0,2,10.635,0,0
9333.05,1.617,1.011,0,0,0,0.0,-1.0,0,0.0,1,1,7.713,3,1
613.01,0.31,-0.71,0,0,0,-0.5,-0.866,0,0.0,0,0,12.076,0,0
425.83,1.0,0.0,0,0,0,-0.5,-0.866,0,0.0,0,0,14.768,0,0
1359.97,1.202,0.567,0,0,0,0.2588,-0.9659,0,0.0,0,2,10.045,1,0
135.64,0.276,-0.693,0,1,0,-0.5,0.866,0,0.1,0,0,12.036,1,0
4200.68,0.965,-0.027,1,0,0,-0.2588,-0.9659,0,0.0,0,2,8.949,0,0
1289.41,1.097,0.162,0,0,0,-0.9659,-0.2588,0,0.0,0,1,8.428,0,0
10626.12,2.3,0.709,0,0,1,0.7071,0.7071,0,0.1,0,4,8.973,2,0
7490.65,6.258,8.324,0,0,0,-0.9659,-0.2588,0,0.0,0,1,10.707,0,0
1858.31,1.115,0.093,0,0,0,-0.9659,-0.2588,0,0.0,0,0,12.108,1,0
21827.28,2.584,1.598,0,0,0,-0.2588,0.9659,0,0.1,0,0,12.046,2,0
14395.39,8.033,15.0,1,1,0,0.5,-0.866,0,0.0,0,0,11.372,4,1
1584.02,0.531,-0.461,0,0,0,0.0,-1.0,0,0.1,0,0,11.738,0,0
462.85,0.302,-0.604,0,0,0,-0.9659,0.2588,0,0.1,0,1,11.048,0,0
2319.94,0.491,-1.087,0,0,0,0.866,-0.5,0,0.0,0,0,12.149,0,0
1164.69,0.691,-0.34,0,0,1,0.9659,0.2588,0,0.2,0,1,10.276,2,0
9307.34,2.481,1.472,0,0,0,0.0,-1.0,0,0.0,1,1,5.801,2,1
1912.37,0.565,-0.365,0,0,0,0.5,-0.866,0,0.0,0,1,10.937,0,0
1442.22,0.361,-0.461,0,0,0,-0.2588,-0.9659,0,0.1,0,1,11.274,0,0
1793.73,0.916,-0.085,0,0,0,-0.9659,0.2588,0,0.1,0,1,9.793,0,0
149.45,0.474,-0.583,0,0,0,-0.5,0.866,0,0.1,0,0,11.395,0,0
37.08,0.027,-0.718,0,0,0,1.0,0.0,0,0.4,10,10,0.614,0,1
3073.82,0.377,-0.492,0,0,0,-0.2588,0.9659,0,0.0,0,1,10.743,0,0
1357.82,1.0,0.0,0,0,0,-0.9659,-0.2588,0,0.0,0,0,14.768,0,0
623.1,1.627,0.892,0,0,0,-0.866,-0.5,0,0.0,0,1,11.234,1,0
3940.18,0.947,-0.039,0,1,1,0.9659,0.2588,1,0.1,0,4,8.539,0,0
1053.87,0.744,0.0,0,0,0,0.0,-1.0,1,1.0,0,0,11.918,0,0
5299.88,10.134,0.0,0,0,0,-1.0,-0.0,1,0.5,0,1,11.17,0,0
1155.4,0.239,-0.574,0,0,0,-0.5,-0.866,0,0.1,0,1,9.761,0,0
5804.33,1.0,0.0,0,0,0,-0.5,0.866,0,0.0,0,0,14.768,1,0
10157.64,1.0,0.0,0,0,0,-0.9659,-0.2588,0,0.0,0,0,14.768,0,0
2529.11,0.621,-0.326,0,0,0,-1.0,-0.0,0,0.1,0,3,8.813,0,0
2195.96,0.572,-0.434,0,0,0,-0.9659,0.2588,0,0.0,0,2,10.0,0,0
1351.92,0.63,-0.303,0,0,0,-0.2588,0.9659,0,0.1,0,1,10.852,0,0
1515.91,0.333,-0.543,0,0,0,-0.2588,0.9659,0,0.0,1,1,5.996,1,0
562.36,0.625,-0.397,0,0,0,0.5,-0.866,0,0.1,0,4,8.747,0,0
1995.33,1.096,0.082,0,0,0,-0.7071,0.7071,0,0.0,0,2,10.354,1,0
666.29,0.192,-0.648,0,0,0,0.5,-0.866,0,0.1,0,0,12.252,0,0
6803.9,10.209,15.0,0,0,0,-0.7071,0.7071,0,0.0,0,0,11.915,1,0
1426.26,4.009,4.083,0,0,0,-0.9659,0.2588,1,0.2,0,2,9.867,0,0
1217.51,1.28,0.241,0,0,0,-0.866,0.5,0,0.0,0,0,12.104,0,0
890.81,0.271,-0.947,0,0,0,0.7071,-0.7071,0,0.0,0,1,11.106,3,0
3534.32,1.326,0.937,0,0,0,-1.0,-0.0,0,0.111,0,1,11.178,0,0
3408.79,0.959,-0.05,0,0,0,0.2588,-0.9659,0,0.1,0,0,12.047,0,0
1460.48,1.0,0.0,0,0,0,-1.0,-0.0,0,0.0,0,0,14.768,1,0
569.4,0.623,-0.28,0,0,0,0.2588,-0.9659,0,0.0,0,1,10.277,1,0
531.54,0.189,-0.724,0,0,0,-0.866,-0.5,0,0.3,0,1,11.145,0,0
1402.08,0.309,-0.585,0,0,0,-0.7071,-0.7071,0,0.0,0,1,10.224,1,0
28.56,0.04,-1.653,0,0,0,-0.866,0.5,0,0.2,6,6,1.411,0,1
614.81,0.779,-0.901,0,0,0,-0.5,-0.866,0,0.2,0,0,12.607,0,0
1360.92,0.698,-0.297,0,0,0,-0.2588,-0.9659,0,0.0,0,1,9.427,0,0
2489.85,0.794,-0.171,0,0,0,-0.866,-0.5,0,0.1,0,0,12.666,0,0
691.4,0.697,-0.651,0,0,0,-0.7071,0.7071,0,0.0,0,3,9.109,1,0
8959.29,1.301,0.563,0,0,0,0.0,-1.0,0,0.2,0,4,8.237,3,1
484.0,0.7,-0.255,0,0,0,-0.5,-0.866,0,0.0,0,3,9.176,0,0
1034.39,0.408,-0.698,0,0,0,0.5,-0.866,0,0.1,0,0,11.995,0,0
3312.4,0.523,-0.327,0,0,0,0.0,-1.0,0,0.1,0,2,11.084,0,0
1403.91,0.455,-0.436,0,0,0,0.0,-1.0,0,0.0,0,0,12.582,0,0
904.01,0.893,-0.219,0,0,0,-0.2588,-0.9659,0,0.1,0,0,13.657,1,0
4906.82,0.728,-0.226,0,0,0,-0.866,-0.5,0,0.0,0,1,11.298,0,0
3257.34,1.478,0.449,0,0,0,0.5,-0.866,0,0.0,0,1,10.841,1,0
31.48,0.077,-0.469,0,0,0,-0.2588,-0.9659,0,0.3,15,15,1.378,0,1
27.93,0.153,-1.148,0,0,0,-0.9659,0.2588,2,0.2,9,10,2.101,0,1
14367.17,6.594,0.0,1,1,0,-0.5,0.866,0,0.0,0,0,14.143,3,1
74211.83,12.198,6.764,0,0,0,0.5,-0.866,0,0.2,0,19,8.766,2,1
863.47,0.474,-0.448,0,0,0,-0.9659,0.2588,1,0.1,0,0,11.674,1,0
12052.11,4.136,2.539,0,0,0,0.5,-0.866,0,0.1,0,2,10.955,0,0
592.45,0.393,-0.324,0,0,0,-1.0,-0.0,0,0.0,0,0,11.56,0,0
840.62,0.528,-0.395,1,0,0,-0.866,0.5,0,0.1,0,0,12.417,0,0
3359.82,1.0,0.0,0,0,0,0.0,-1.0,0,0.0,0,0,14.768,2,0
27582.64,3.329,1.255,0,0,1,0.866,0.5,0,0.0,2,4,3.45,2,1
484.73,1.0,0.0,0,0,0,0.866,-0.5,0,0.0,0,0,14.768,0,0
1443.55,1.102,0.095,0,0,0,-0.2588,0.9659,0,0.0,0,4,8.313,1,0
1383.13,0.833,0.0,1,0,0,-0.9659,-0.2588,0,0.0,0,0,12.72,1,0
111236.56,14.792,6.41,0,0,0,-1.0,-0.0,0,0.3,1,34,8.01,0,1
974.03,0.743,-0.243,0,0,0,-0.9659,-0.2588,0,0.0,0,0,11.93,1,0
1111.06,0.428,-0.986,0,0,0,-1.0,-0.0,0,0.0,0,0,11.524,0,0
4208.18,1.161,0.133,0,0,0,0.0,-1.0,0,0.0,0,0,11.756,0,0
313.38,0.344,-0.304,0,0,0,-0.9659,-0.2588,0,0.2,0,1,10.448,0,0
303.68,0.539,-0.363,0,0,0,-0.7071,0.7071,0,0.0,0,3,10.648,0,0
1435.9,1.186,0.603,0,0,0,-0.2588,0.9659,1,0.1,0,2,9.302,1,0
1437.47,1.623,1.32,0,0,0,-0.9659,0.2588,1,0.333,0,1,11.128,0,0
740.09,0.936,-0.231,0,0,0,0.866,-0.5,1,0.333,0,2,8.588,0,0
485.41,0.453,-0.431,0,0,0,0.7071,-0.7071,0,0.3,0,0,12.151,0,0
894.3,0.394,-0.469,0,0,0,-0.866,-0.5,0,0.0,0,2,11.065,0,0
1618.48,1.604,1.48,0,0,0,1.0,0.0,0,0.0,0,0,12.243,0,0
2025.15,0.504,-0.431,0,0,0,-0.2588,0.9659,0,0.1,0,0,12.102,1,0
2076.87,0.331,-0.566,0,0,0,-0.2588,0.9659,0,0.1,0,2,9.201,1,0
295.95,0.303,-0.57,0,0,0,-0.7071,-0.7071,0,0.1,0,1,10.825,0,0
108.76,0.206,-0.744,0,0,0,0.2588,-0.9659,0,0.1,0,3,9.558,1,0
4970.46,2.097,2.197,0,0,0,-0.5,0.866,1,0.1,0,1,10.275,0,1
5021.57,0.831,-0.137,0,0,0,-0.9659,-0.2588,0,0.0,0,0,12.92,1,0
1015.19,0.82,-0.424,0,0,0,0.5,-0.866,0,0.167,0,0,11.802,1,0
356.95,0.353,-0.29,0,0,0,-0.9659,0.2588,0,0.0,0,1,11.065,0,0
739.99,0.671,-0.223,0,0,0,-0.866,0.5,0,0.1,0,0,11.938,0,1
943.88,0.284,-0.608,0,0,0,-0.5,-0.866,0,0.0,0,2,10.124,0,0
1624.22,0.547,-0.595,0,0,0,1.0,0.0,0,0.0,0,0,12.086,0,0
6819.23,0.816,-0.161,0,0,0,-0.7071,0.7071,0,0.1,0,2,10.336,0,0
1101.98,0.377,-1.29,0,0,0,-0.9659,-0.2588,0,0.1,0,0,12.756,0,0
1871.98,1.245,1.064,0,0,0,0.5,-0.866,1,0.333,0,3,9.374,1,0
4827.01,1.006,0.005,0,0,0,0.0,-1.0,1,0.6,0,0,11.57,0,0
6378.83,1.205,0.222,0,0,0,-0.5,0.866,0,0.0,0,0,11.56,1,0
6850.0,1.964,1.246,0,0,0,0.0,-1.0,0,0.0,1,1,6.189,4,1
13316.45,1.188,0.404,0,0,0,-0.5,0.866,1,0.2,2,4,8.059,3,1
3109.03,0.798,-0.152,0,0,0,0.2588,-0.9659,0,0.1,0,1,11.358,0,0
1331.03,0.796,-0.211,0,0,0,-0.5,0.866,0,0.0,0,0,12.185,1,0
864.88,0.411,-0.535,0,0,0,0.7071,-0.7071,0,0.0,0,1,11.19,1,0
1570.42,0.47,-0.543,0,0,0,0.7071,-0.7071,0,0.1,0,1,10.619,0,0
4984.19,1.653,1.073,0,1,0,-0.866,-0.5,0,0.0,1,2,7.403,0,0
1631.58,0.305,-0.673,1,0,0,-0.9659,0.2588,0,0.0,0,2,10.292,1,0
1716.47,0.537,-0.41,0,0,0,-0.866,-0.5,1,0.3,0,0,11.471,0,1
1599.22,5.506,2.988,0,0,0,-0.2588,-0.9659,0,0.0,0,2,10.1,1,0
1544.12,0.407,-0.765,0,0,0,-0.866,0.5,0,0.0,0,0,11.918,0,0
497.92,0.339,-2.259,0,0,0,0.5,-0.866,0,0.1,0,0,12.336,1,0
1990.03,0.643,-0.275,0,0,0,-0.866,0.5,0,0.0,0,3,9.728,0,0
4285.19,1.432,0.772,0,0,0,-0.2588,0.9659,0,0.0,0,1,11.299,1,0
23.93,0.026,-0.489,0,0,0,0.9659,-0.2588,1,0.2,15,16,3.236,2,1
2264.02,0.862,-0.147,0,0,0,-0.2588,0.9659,0,0.1,0,1,10.398,0,0
1008.07,0.628,-0.345,0,0,0,-0.9659,0.2588,0,0.0,1,2,8.084,1,0
2138.49,0.596,-0.361,0,0,0,-0.7071,0.7071,0,0.1,0,0,11.671,0,0
437.61,1.793,0.0,0,0,0,-0.5,-0.866,0,0.0,0,1,9.954,1,0
682.14,0.875,-0.148,1,0,0,0.0,-1.0,0,0.0,0,3,10.194,1,0
3434.23,1.019,0.014,0,0,0,-1.0,-0.0,0,0.0,0,1,10.595,0,0
827.98,0.789,-0.183,0,0,0,-0.9659,0.2588,0,0.0,0,1,11.278,1,0
13578.65,1.65,0.869,0,0,1,0.866,0.5,1,0.333,2,2,5.778,2,1
310.72,0.409,-1.354,0,0,0,-0.866,0.5,0,0.0,0,0,12.772,0,0
394.79,0.306,-0.538,0,0,0,-1.0,-0.0,0,0.0,0,1,9.973,1,0
1688.6,0.853,-0.229,0,0,0,-0.9659,0.2588,0,0.1,0,1,11.091,0,0
329.16,0.454,-0.259,0,0,0,-1.0,-0.0,0,0.0,0,0,11.513,1,0
1886.03,0.804,-0.331,0,0,0,0.866,-0.5,0,0.0,0,0,11.396,0,0
551.13,0.327,-1.38,0,0,0,0.5,-0.866,0,0.1,0,2,10.511,1,0
279.17,0.328,-0.839,0,0,0,-1.0,-0.0,0,0.0,0,2,11.033,0,0
25.06,0.037,-0.454,0,0,0,0.0,-1.0,0,0.0,28,30,3.644,1,1
603.45,1.11,0.154,0,0,0,0.9659,-0.2588,0,0.2,0,2,8.593,0,0
4208.71,1.933,1.618,0,0,0,0.7071,-0.7071,0,0.0,1,1,6.558,2,1
1141.23,0.532,-0.433,0,0,0,-0.5,-0.866,0,0.3,0,1,11.32,0,0
769.06,0.665,-0.36,0,0,0,0.0,-1.0,0,0.0,0,3,10.375,1,0
729.79,0.603,-0.426,0,0,0,-0.7071,-0.7071,0,0.1,0,1,10.974,1,0
783.0,0.5,-1.038,0,0,0,0.7071,-0.7071,0,0.3,0,1,10.178,1,0
482.18,0.642,-1.118,1,0,0,0.866,-0.5,0,0.167,0,1,10.014,0,0
773.79,0.254,-0.623,0,0,0,-0.7071,-0.7071,0,0.0,0,1,11.181,0,0
562.96,0.202,-1.577,0,0,0,-0.866,0.5,0,0.0,0,0,11.492,0,0
3960.88,1.591,2.041,0,0,0,-0.7071,-0.7071,0,0.0,1,2,6.215,1,0
35.85,0.009,-0.733,0,0,1,0.2588,0.9659,0,0.3,7,7,1.235,0,1
674.78,0.333,-0.928,0,0,0,0.0,-1.0,0,0.0,0,1,10.251,0,0
3052.46,0.969,-0.11,0,0,0,-0.2588,-0.9659,0,0.0,0,1,8.674,0,0
566.54,1.036,0.077,0,0,0,-1.0,-0.0,0,0.2,0,0,13.09,1,0
1840.19,1.0,0.0,0,0,0,0.866,-0.5,0,0.0,0,0,14.768,3,0
7372.72,2.596,1.66,0,0,0,-0.5,0.866,0,0.0,0,0,11.901,0,0
624.47,0.755,-0.188,0,0,0,1.0,0.0,0,0.0,0,1,11.324,0,0
431.66,1.699,0.0,1,0,0,0.0,-1.0,0,0.0,0,1,11.026,1,0
2097.79,4.659,2.9,0,0,0,-0.866,0.5,1,0.1,0,0,11.623,1,0
4100.46,3.183,5.2,0,0,0,0.2588,-0.9659,0,0.0,0,1,11.007,0,0
3221.34,0.469,-0.417,0,0,0,-0.7071,-0.7071,0,0.0,0,0,11.87,0,0
953.51,0.39,-0.619,0,0,0,-0.866,-0.5,0,0.2,0,3,9.101,1,0
409.07,0.608,-0.354,0,0,0,-0.7071,-0.7071,0,0.0,0,2,9.881,1,0
692.28,0.941,-0.159,0,0,0,-0.866,0.5,0,0.0,0,2,10.754,1,0
59.33,0.058,-0.501,0,0,0,0.9659,-0.2588,1,0.2,12,13,3.683,2,1
571.41,0.563,-0.368,0,0,0,-0.2588,-0.9659,0,0.0,0,1,10.679,0,0
2632.4,0.572,-0.301,0,0,0,-0.5,0.866,1,0.1,0,0,12.313,0,0
1707.04,0.782,-0.197,0,0,0,-0.5,0.866,0,0.0,0,0,12.009,1,0
185.86,0.293,-0.687,0,0,0,-0.5,0.866,0,0.1,0,0,11.78,1,0
641.35,1.795,1.949,0,0,0,-0.866,-0.5,0,0.1,0,0,12.44,1,0
968.08,0.236,-0.73,1,0,0,-1.0,-0.0,0,0.0,0,1,10.615,1,0
512.91,0.326,-0.6,0,0,0,0.5,-0.866,0,0.0,0,2,9.454,0,0
523.41,1.0,0.0,0,0,0,-0.9659,0.2588,0,0.0,0,0,14.768,0,0
1124.06,0.939,-0.074,0,0,0,0.7071,-0.7071,0,0.0,0,1,9.48,0,0
251.86,0.512,-0.444,0,1,0,0.7071,-0.7071,1,0.1,0,1,10.604,1,0
181.0,0.203,-0.624,0,0,0,0.2588,-0.9659,0,0.0,0,0,11.777,0,0
2693.77,1.0,0.0,0,0,0,-0.7071,0.7071,0,0.0,0,0,14.768,0,0
1855.63,0.732,-0.378,0,0,0,-0.866,0.5,0,0.0,0,2,10.085,3,1
1213.43,0.693,-0.246,0,0,0,0.2588,-0.9659,0,0.2,0,0,12.218,0,0
1043.36,0.271,-0.58,0,0,0,0.2588,-0.9659,0,0.0,0,0,12.848,0,0
652.95,0.421,-0.516,0,0,0,0.0,-1.0,0,0.0,0,2,11.153,1,0
11135.37,4.229,3.041,0,0,0,-1.0,-0.0,1,0.1,0,1,10.334,0,0
735.28,0.233,-0.576,0,0,0,-0.5,0.866,0,0.0,0,1,10.471,1,0
1438.31,1.062,0.052,0,0,0,-0.5,0.866,0,0.1,0,0,11.569,0,0
3.17,0.003,-0.487,0,0,1,0.0,1.0,0,0.2,11,11,2.812,1,1
25561.5,4.11,2.468,0,1,0,-0.7071,0.7071,0,0.0,0,3,9.464,0,0
932.09,0.418,-0.519,0,0,0,-0.866,-0.5,0,0.0,0,4,10.863,1,0
8445.06,6.573,9.714,0,0,0,0.0,-1.0,0,0.0,0,0,12.546,0,0
2116.0,1.588,0.513,0,0,0,1.0,0.0,0,0.5,0,0,11.814,1,0
52.79,0.063,-0.916,0,0,1,0.9659,0.2588,0,0.4,18,18,3.975,1,1
10546.94,3.506,1.404,0,0,0,-0.866,-0.5,1,0.3,0,7,10.696,1,0
4157.0,1.425,0.275,0,0,0,-0.5,0.866,0,0.1,0,2,8.317,1,0
285.29,0.547,-3.905,0,0,0,-1.0,-0.0,0,0.0,0,0,14.111,0,0
649.6,0.743,-0.498,0,0,1,0.7071,0.7071,0,0.2,0,2,10.706,1,0
679.76,0.706,-0.72,0,0,0,-0.9659,-0.2588,0,0.222,0,0,12.234,0,0
1224.06,0.217,-0.739,0,0,0,0.0,-1.0,0,0.0,1,3,6.792,1,0
315.65,0.677,-0.658,0,0,0,0.2588,-0.9659,0,0.0,0,2,10.821,0,0
579.87,0.86,-0.367,0,0,0,1.0,0.0,0,0.1,1,4,7.7,0,0
21394.37,12.476,15.0,0,0,0,0.0,-1.0,0,0.143,0,0,12.259,1,1
4149.73,7.946,15.0,0,0,0,-0.9659,0.2588,0,0.0,0,1,10.417,1,0
1396.65,0.62,0.0,1,1,0,-0.9659,0.2588,0,0.0,0,0,13.667,1,0
1214.38,1.186,0.184,0,0,0,0.7071,-0.7071,0,0.1,0,1,10.373,0,0
2419.71,0.332,-0.662,0,1,0,-0.2588,0.9659,0,0.0,0,0,12.963,1,0
951.88,0.759,-0.194,0,0,0,-0.2588,-0.9659,0,0.0,0,1,9.125,3,0
1234.77,1.381,0.298,0,0,0,0.0,-1.0,0,0.1,0,3,10.74,1,0
1647.01,0.342,-0.469,0,0,0,0.7071,-0.7071,0,0.1,0,0,11.795,1,0
2812.77,0.924,-0.139,0,0,0,0.2588,-0.9659,0,0.0,0,0,12.261,0,0
217.16,0.233,-0.576,0,0,0,0.2588,-0.9659,0,0.0,0,0,11.734,1,0
31963.38,8.141,6.742,0,0,0,-0.5,0.866,0,0.2,0,2,10.543,0,0
1786.95,1.157,0.492,0,0,0,0.7071,-0.7071,0,0.1,0,1,10.299,0,0
40.96,0.075,-0.56,0,0,0,-0.2588,-0.9659,0,0.3,9,9,2.416,0,1
276.07,0.317,-0.484,0,0,0,-0.9659,0.2588,0,0.1,0,0,11.369,2,0
4500.16,1.232,0.204,0,0,0,-0.2588,-0.9659,1,0.2,0,2,10.622,0,0
1800.76,3.075,1.596,0,0,0,-0.2588,0.9659,0,0.1,0,0,11.849,0,0
6965.96,6.809,4.645,0,1,0,-0.9659,0.2588,0,0.0,0,2,8.718,1,0
12.55,0.149,-0.602,0,0,1,0.7071,0.7071,5,0.6,19,19,0.989,0,1
829.27,0.311,-0.605,0,0,0,-0.9659,-0.2588,0,0.0,0,0,11.555,0,0
799.32,0.266,-0.603,0,0,0,0.5,-0.866,0,0.0,0,0,12.708,0,0
1015.4,0.486,-0.926,0,0,0,-1.0,-0.0,0,0.0,0,1,9.772,0,0
1756.69,2.114,3.826,0,0,0,-0.7071,-0.7071,1,0.25,0,1,9.398,0,0
1034.82,1.279,0.386,0,0,0,-0.2588,0.9659,0,0.0,0,1,11.352,0,0
3006.58,4.628,2.96,0,0,0,0.7071,-0.7071,0,0.0,0,1,10.219,0,0
697.95,0.514,-0.457,0,0,0,0.0,-1.0,0,0.1,0,0,12.658,0,0
2889.78,1.102,0.105,0,0,0,-1.0,-0.0,0,0.0,0,0,11.538,2,0
4491.06,1.986,0.709,0,0,0,-0.866,0.5,0,0.0,0,3,10.006,0,0
2263.62,1.776,0.0,0,0,0,0.5,-0.866,2,0.667,0,0,11.993,1,0
582.3,0.522,-0.505,1,0,0,0.2588,-0.9659,0,0.0,1,1,7.102,0,1
3384.01,1.646,0.546,0,0,0,0.2588,-0.9659,0,0.143,0,3,10.568,0,0
2813.81,0.832,-0.151,0,0,0,-1.0,-0.0,0,0.0,0,2,10.733,1,0
19.46,0.008,-1.802,0,0,1,0.7071,0.7071,0,0.2,5,6,2.818,2,1
5773.17,1.048,0.036,0,0,0,-0.866,-0.5,1,0.1,0,0,11.478,3,0
1047.24,0.816,-0.154,0,0,0,-0.7071,-0.7071,0,0.0,0,0,12.568,0,0
266.29,0.223,-0.674,0,0,0,-0.5,-0.866,0,0.3,0,2,9.853,0,0
1056.32,0.498,-1.804,0,0,0,-0.2588,-0.9659,1,0.1,0,1,11.321,0,0
761.76,0.714,-0.244,0,0,0,-0.9659,0.2588,0,0.0,0,1,10.649,1,0
558.61,1.0,0.0,0,0,0,-0.5,0.866,0,0.0,0,0,14.768,0,0
3825.65,1.729,0.0,0,0,0,-1.0,-0.0,1,0.5,1,1,6.771,2,1
189.26,0.348,-0.533,0,0,0,0.0,-1.0,0,0.0,0,1,11.143,0,0
429.65,0.326,-0.572,0,0,0,0.5,-0.866,0,0.1,0,0,11.919,0,0
1159.5,0.633,-0.321,0,0,0,0.7071,-0.7071,0,0.1,0,1,10.833,1,0
6999.02,1.363,0.346,0,0,0,-0.7071,0.7071,0,0.0,0,3,10.34,1,0
1197.21,0.765,-0.778,0,0,0,0.7071,-0.7071,0,0.125,0,2,10.928,1,0
629.78,1.954,0.0,0,0,0,-0.2588,-0.9659,0,0.0,0,0,11.977,1,0
2049.97,1.116,0.486,0,0,0,0.9659,-0.2588,0,0.0,0,0,11.613,0,0
3369.53,0.61,-0.299,0,0,0,-0.5,0.866,0,0.1,0,0,12.528,3,0
967.85,1.096,0.176,0,0,0,-0.7071,0.7071,0,0.1,0,2,10.819,1,0
9318.62,2.2,1.495,0,0,0,-0.9659,-0.2588,1,0.25,2,2,5.29,3,1
56.28,0.023,-2.038,0,1,1,0.7071,0.7071,0,0.2,4,5,2.661,2,1
484.31,0.699,-0.15,0,0,0,-0.2588,-0.9659,0,0.0,0,1,10.964,1,0
12159.84,3.928,2.368,1,0,0,-0.2588,0.9659,0,0.0,0,5,9.041,1,0
587.08,1.596,1.678,0,0,0,-0.7071,-0.7071,0,0.125,0,0,12.185,0,0
14815.11,3.28,2.005,1,0,0,-0.9659,-0.2588,0,0.0,0,0,12.276,0,0
2523.51,2.115,2.853,0,0,0,0.9659,-0.2588,0,0.0,0,0,12.875,0,0
1450.5,0.66,-0.315,0,0,0,0.0,-1.0,0,0.3,0,1,11.153,0,0
5533.99,0.903,-0.068,0,0,0,0.2588,-0.9659,1,0.1,0,1,10.1,1,0
213.87,0.71,-0.336,0,0,0,-0.7071,0.7071,0,0.0,0,2,10.187,0,0
2292.54,0.803,-0.203,0,0,0,-0.7071,0.7071,0,0.0,0,1,8.556,0,0
1622.5,0.689,-0.213,0,0,0,0.5,-0.866,0,0.0,0,1,11.216,1,0
37.39,0.005,-0.636,0,0,0,-0.2588,0.9659,0,0.1,7,7,2.724,0,1
939.24,0.913,-0.085,0,1,0,-0.2588,-0.9659,1,0.2,0,1,9.702,0,0
475.18,0.525,-0.488,1,0,0,0.0,-1.0,0,0.1,0,0,11.785,0,0
998.27,0.217,-0.69,0,0,0,-0.9659,0.2588,0,0.0,0,1,11.26,0,0
3911.96,1.384,0.787,0,0,0,0.7071,-0.7071,0,0.143,2,4,7.916,2,1
1741.19,0.536,-0.385,0,0,0,0.866,-0.5,0,0.0,0,1,11.106,0,0
120.11,0.155,-0.953,1,0,0,-0.866,-0.5,0,0.0,0,1,10.653,1,0
40.34,0.353,-0.35,0,0,0,-0.9659,0.2588,0,0.1,18,18,2.311,0,1
1104.32,1.551,1.319,0,0,0,0.7071,-0.7071,0,0.0,0,0,11.866,0,0
311.4,0.538,-0.441,0,0,0,-0.9659,0.2588,1,0.1,0,0,11.736,1,0
539.4,0.653,-0.268,0,0,0,0.5,-0.866,0,0.0,1,1,7.307,2,0
983.89,0.315,-0.671,0,0,0,-0.866,0.5,0,0.1,0,1,9.744,1,1
886.17,1.144,0.292,0,0,0,-0.2588,0.9659,0,0.0,0,3,10.481,0,0
6471.69,5.014,5.455,0,0,0,-0.9659,-0.2588,0,0.1,0,0,12.383,1,0
2.35,0.002,-0.77,0,0,0,-0.7071,0.7071,3,0.4,10,11,0.626,0,1
598.92,0.122,-1.247,0,0,0,-0.2588,0.9659,0,0.0,0,0,12.03,1,0
1738.54,1.006,0.005,0,0,0,-0.7071,0.7071,0,0.1,0,4,8.902,0,0
1503.64,0.71,-0.292,0,0,0,-0.5,-0.866,0,0.0,0,1,10.791,0,0
640.74,0.394,-0.621,0,0,0,-0.866,-0.5,0,0.0,0,0,12.2,1,0
4165.33,1.562,0.996,0,0,0,0.7071,-0.7071,0,0.143,2,4,7.291,2,1
1890.53,1.016,0.0,0,0,0,0.866,-0.5,0,0.0,0,1,10.61,0,0
420.89,0.767,-0.209,0,0,0,0.7071,-0.7071,0,0.1,0,1,9.392,0,0
203783.15,12.929,6.389,0,0,0,1.0,0.0,0,0.0,0,14,9.005,1,1
51.0,0.115,-0.395,0,0,0,-0.866,0.5,1,0.3,12,12,1.596,0,1
3998.33,2.45,15.0,0,0,0,-0.9659,0.2588,1,0.333,1,1,6.039,2,1
2148.21,0.872,-0.198,0,0,0,0.7071,-0.7071,0,0.1,0,2,10.547,0,0
1748.03,0.922,-0.045,1,0,0,-0.9659,0.2588,0,0.0,0,0,12.461,1,0
2084.13,0.481,-0.396,1,0,0,-0.7071,-0.7071,0,0.0,0,1,10.001,0,0
5266.17,1.141,0.526,0,0,0,-0.9659,0.2588,0,0.0,0,1,10.16,0,0
1025.72,0.367,-0.715,0,0,0,-0.7071,0.7071,0,0.0,0,3,10.235,0,0
1149.27,0.277,-0.556,0,0,0,-0.5,-0.866,0,0.1,0,2,10.076,0,0
2444.37,0.986,-0.014,0,0,0,-1.0,-0.0,0,0.0,0,3,10.247,0,0
615.67,0.272,-1.139,0,0,0,-0.866,-0.5,0,0.0,0,0,11.712,0,0
375.75,0.381,-0.576,0,0,0,0.2588,-0.9659,0,0.111,0,1,11.2,0,0
4184.57,1.861,3.235,0,0,0,1.0,0.0,0,0.0,0,0,12.825,1,0
1484.99,0.599,-1.434,0,0,0,-0.9659,-0.2588,0,0.0,0,1,10.463,2,0
5260.41,4.713,2.907,0,0,0,0.2588,-0.9659,0,0.1,0,0,11.992,0,0
3183.29,0.688,-0.274,0,0,0,-0.9659,-0.2588,0,0.0,0,2,9.425,0,0
450.14,0.493,-0.53,0,0,0,0.0,-1.0,0,0.1,0,4,9.846,0,0
23.24,0.008,-0.782,0,0,0,-0.866,-0.5,1,0.3,9,10,1.985,0,1
14.39,0.029,-0.626,0,0,0,-0.2588,-0.9659,1,0.5,21,21,3.446,1,1
894.69,0.199,-0.632,0,0,0,-1.0,-0.0,0,0.0,0,1,11.297,3,0
424.68,0.389,-0.443,0,0,0,0.9659,-0.2588,0,0.1,0,1,10.935,0,0
2752.99,1.0,0.0,0,0,0,-0.9659,-0.2588,0,0.0,0,0,14.768,0,0
3734.86,0.624,-0.398,0,0,0,-0.9659,-0.2588,0,0.0,0,0,12.766,0,0
141.93,0.437,-0.607,0,0,0,-0.7071,0.7071,0,0.0,0,2,9.241,0,0
3008.56,0.693,-0.257,0,0,0,-0.5,-0.866,0,0.0,0,1,10.711,0,0
1214.18,0.238,-0.695,0,1,0,-0.9659,0.2588,0,0.0,0,0,12.244,0,0
1669.04,1.497,1.264,0,0,0,0.5,-0.866,0,0.0,0,0,13.597,1,0
185.79,0.681,-0.652,0,0,0,-0.2588,0.9659,0,0.1,0,0,11.546,0,0
3875.93,1.543,0.911,0,0,1,0.0,1.0,0,0.0,1,1,7.353,2,1
197.89,0.198,-0.938,0,0,0,-0.2588,0.9659,0,0.125,0,0,11.373,1,0
7808.81,3.585,2.186,0,0,0,-1.0,-0.0,1,0.222,0,1,11.274,1,0
1048.27,0.389,-0.581,0,0,0,0.0,-1.0,0,0.0,0,2,10.282,0,0
1633.84,0.43,-0.458,0,0,0,0.5,-0.866,0,0.0,0,0,11.98,0,0
145.91,0.351,-0.787,0,0,0,-0.7071,0.7071,0,0.1,0,1,9.202,1,0
794.26,1.0,0.0,0,0,0,-0.7071,0.7071,0,0.0,0,0,14.768,0,1
731.94,0.389,-0.497,0,0,0,0.2588,-0.9659,0,0.0,0,0,12.124,0,0
2025.27,0.515,-0.429,0,0,0,-1.0,-0.0,0,0.0,0,1,9.959,0,0
1326.79,0.643,-0.906,0,0,0,-0.5,-0.866,0,0.0,0,2,10.264,1,0
1116.05,0.887,-0.151,0,0,0,-0.866,-0.5,0,0.0,0,1,10.417,1,0
5.6,0.014,-0.417,0,0,0,-0.866,0.5,0,0.4,14,14,2.996,0,1
1689.53,1.0,0.0,0,0,0,-0.5,-0.866,0,0.0,0,0,14.768,0,0
727.24,0.276,0.0,0,0,0,-0.5,-0.866,0,0.0,0,1,11.224,0,0
674.87,0.303,-0.579,0,0,0,1.0,0.0,0,0.0,0,1,9.698,1,0
2595.17,1.07,0.063,0,0,0,0.2588,-0.9659,0,0.0,0,0,12.059,0,0
7136.39,1.037,0.027,0,0,0,0.2588,-0.9659,0,0.0,0,0,11.589,0,0
461.17,0.932,0.0,0,0,0,-0.7071,-0.7071,0,0.0,0,0,12.373,1,0
959.41,1.112,0.119,0,0,0,0.0,-1.0,0,0.1,0,1,10.919,0,0
1225.98,1.669,1.655,0,0,0,-0.9659,0.2588,0,0.0,0,2,9.252,0,0
1138.62,0.429,-0.357,0,0,0,-1.0,-0.0,0,0.0,0,2,10.344,1,0
948.16,0.31,-0.615,0,0,0,0.5,-0.866,0,0.167,0,0,12.171,1,0
462.59,0.538,-0.648,0,0,0,-1.0,-0.0,0,0.1,0,0,12.716,0,0
8483.58,3.506,2.157,0,0,0,-0.9659,0.2588,0,0.2,0,0,11.875,0,0
197.99,0.173,-0.683,0,0,0,0.0,-1.0,0,0.0,0,1,10.538,0,0
709.15,0.52,-0.392,0,0,0,-0.9659,0.2588,0,0.0,0,0,11.91,1,0
2152.09,0.698,-0.232,0,0,0,-0.866,0.5,0,0.0,0,3,11.042,0,0
3180.44,1.205,0.134,0,0,0,-0.2588,-0.9659,0,0.0,0,2,10.642,1,0
6811.52,3.268,13.265,0,0,0,0.0,-1.0,1,0.333,1,1,7.529,4,1
1050.43,0.166,-0.572,0,0,0,0.5,-0.866,0,0.0,0,1,9.878,0,0
4043.42,2.108,1.677,0,0,0,-0.866,-0.5,0,0.0,1,1,7.032,3,1
662.87,0.825,-0.205,0,0,0,0.866,-0.5,0,0.0,0,1,9.238,0,0
1398.78,0.36,-0.588,0,0,0,-0.5,-0.866,0,0.0,0,2,10.197,0,0
724.03,1.0,0.0,0,0,0,-0.866,-0.5,0,0.0,0,0,14.768,0,0
205.55,0.249,-0.707,0,0,0,-0.866,0.5,0,0.0,0,2,11.177,0,0
367.35,0.276,-1.23,0,0,0,0.0,-1.0,0,0.0,0,0,11.615,2,0
3605.03,2.751,3.259,0,0,0,1.0,0.0,0,0.0,0,2,11.229,1,0
706.63,0.467,-0.408,0,0,0,-0.866,-0.5,1,0.1,0,2,9.095,0,0
2255.45,0.752,-0.218,0,0,0,-0.866,-0.5,0,0.0,0,2,9.568,0,0
667.19,0.422,-0.547,0,0,0,0.5,-0.866,0,0.0,0,2,10.733,1,0
664.72,0.491,-0.354,0,0,0,-0.9659,0.2588,0,0.1,0,1,11.025,1,0
692.38,0.301,-0.646,0,0,0,1.0,0.0,0,0.0,0,1,8.225,1,0
631.14,0.517,-0.728,0,0,0,0.5,-0.866,0,0.0,0,1,10.101,0,0
17.86,0.013,-0.894,0,0,0,-0.5,-0.866,1,0.1,16,16,2.053,2,1
5097.04,1.912,0.902,0,0,0,-0.5,0.866,0,0.0,0,1,11.313,0,0
437.73,1.376,0.259,0,0,0,-0.2588,-0.9659,0,0.2,0,3,10.387,1,0
975.28,2.727,0.0,0,0,0,-0.5,0.866,0,0.0,0,1,10.955,1,0
989.66,1.0,0.0,0,0,0,0.0,-1.0,0,0.0,0,0,14.768,1,0
7314.97,4.543,3.776,0,0,0,-1.0,-0.0,0,0.0,0,1,10.421,0,0
7865.93,1.431,0.373,0,0,0,-0.9659,0.2588,0,0.0,0,0,12.153,0,0
1134.3,0.514,-0.888,0,0,0,-0.5,-0.866,0,0.0,0,0,11.701,1,0
1626.77,0.85,-0.144,0,0,0,-0.5,-0.866,0,0.0,0,1,9.985,0,0
1148.9,0.292,-0.557,0,0,0,-1.0,-0.0,0,0.1,0,1,10.07,0,0
266.98,0.425,-0.441,0,0,0,-0.9659,-0.2588,0,0.5,0,21,9.126,0,0
15608.54,8.066,4.62,0,0,0,-0.9659,0.2588,0,0.0,0,1,9.187,0,0
743.58,0.462,-0.411,0,0,0,0.5,-0.866,0,0.0,0,0,12.715,0,0
8240.25,5.976,4.791,1,0,0,-0.2588,0.9659,0,0.2,0,0,11.654,1,1
10636.12,1.0,0.0,0,0,0,0.0,-1.0,0,0.0,0,0,14.768,0,0
305.51,0.42,-0.485,0,0,0,0.0,-1.0,0,0.0,0,1,10.204,0,0
581.68,0.819,-0.4,0,0,0,0.7071,-0.7071,0,0.0,0,1,9.385,0,0
324.8,0.527,-0.382,0,0,0,0.866,-0.5,0,0.0,0,1,10.669,0,0
15371.63,2.972,1.655,1,0,0,0.5,-0.866,0,0.0,0,2,9.939,0,0
1385.62,0.751,-0.251,0,0,0,0.866,-0.5,0,0.0,0,0,11.925,0,0
3282.86,1.424,0.24,0,0,0,-0.9659,-0.2588,0,0.1,0,0,12.139,1,0
571.88,0.628,-0.3,1,0,0,-0.9659,-0.2588,0,0.1,0,2,10.385,0,0
427.33,0.767,-0.25,0,0,0,0.5,-0.866,0,0.1,0,0,12.303,0,0
4844.31,1.009,0.007,0,0,0,-0.9659,0.2588,0,0.0,0,0,11.903,3,0
47.58,0.01,-0.763,0,0,1,0.5,0.866,0,0.6,13,13,3.362,0,1
470.03,1.303,1.467,0,0,0,-0.2588,0.9659,0,0.222,0,2,9.784,0,0
615.11,0.92,-0.117,0,0,1,0.9659,0.2588,0,0.0,0,0,11.582,0,0
1792.53,0.699,-0.286,0,0,0,-0.9659,0.2588,0,0.2,0,0,11.676,0,0
13563.0,12.328,15.0,0,0,0,-0.866,-0.5,4,0.571,2,4,7.813,4,1
2178.78,1.063,0.044,0,0,0,0.866,-0.5,0,0.0,1,2,8.016,1,0
1008.82,1.478,1.179,0,0,0,0.0,-1.0,1,0.167,0,0,11.615,1,0
744.59,0.87,-5.0,0,0,0,0.5,-0.866,0,0.0,0,0,12.188,1,0
7702.79,2.005,1.14,0,0,0,-0.7071,0.7071,0,0.0,0,2,10.461,0,0
17.76,0.228,-0.52,0,0,1,0.7071,0.7071,0,0.6,20,20,2.836,0,1
703.78,0.117,-0.966,0,0,0,0.2588,-0.9659,0,0.0,0,0,12.69,0,0
742.86,0.281,-0.866,0,0,1,0.9659,0.2588,0,0.2,0,0,11.759,0,0
16.86,0.017,-0.591,0,0,0,0.0,-1.0,0,0.4,16,18,3.005,1,1
3239.9,0.404,-0.388,0,0,0,-0.866,0.5,0,0.0,0,1,9.627,1,0
1606.61,0.582,-0.626,0,0,0,-0.5,-0.866,0,0.0,0,2,10.665,3,0
1633.01,0.719,-0.298,0,0,0,-0.5,-0.866,0,0.0,0,5,9.481,0,0
1327.2,0.69,-0.329,0,0,0,-0.7071,0.7071,0,0.1,0,1,9.862,0,0
19.52,0.006,-0.577,0,0,0,0.2588,-0.9659,0,0.4,14,14,2.163,1,1
8815.33,8.271,15.0,0,0,0,0.0,-1.0,1,0.25,1,1,6.901,3,1
2864.2,1.661,1.703,1,0,0,0.5,-0.866,0,0.1,0,0,12.303,0,0
1866.69,0.652,-0.561,0,0,0,-0.9659,-0.2588,0,0.0,0,0,13.069,2,0
1364.98,1.522,0.911,0,0,0,0.2588,-0.9659,0,0.1,0,2,10.894,0,0
1861.16,0.645,-0.475,0,0,0,0.5,-0.866,0,0.111,0,3,8.774,2,0
1254.75,0.363,-0.578,1,0,0,-0.866,0.5,0,0.0,0,3,10.242,0,0
941.33,0.499,-0.47,0,0,0,-0.866,-0.5,0,0.1,0,0,11.776,0,1
1571.8,1.141,0.286,0,0,0,0.0,-1.0,0,0.1,0,2,8.815,1,0
7293.85,1.43,0.42,0,0,0,-0.5,0.866,0,0.0,0,1,11.131,1,0
36.21,0.025,-0.783,0,0,1,0.7071,0.7071,3,0.5,8,8,1.933,0,1
4613.45,0.499,-0.579,0,0,0,0.9659,-0.2588,0,0.0,0,1,11.042,1,0
570.27,0.525,-0.399,0,0,0,-1.0,-0.0,0,0.0,0,0,11.439,1,0
674.14,0.409,-0.53,0,1,0,-0.866,0.5,0,0.0,0,1,10.935,1,0
1620.66,1.031,0.036,0,0,0,-1.0,-0.0,1,0.1,0,0,12.421,0,0
1767.95,1.114,0.094,0,0,0,0.866,-0.5,0,0.0,0,0,11.779,0,0
970.29,1.383,0.982,0,0,0,0.9659,-0.2588,0,0.111,0,1,11.148,0,0
2649.07,0.7,-1.686,0,0,0,0.0,-1.0,0,0.0,0,1,10.174,0,0
684.54,0.467,-0.451,0,0,0,0.2588,-0.9659,0,0.1,0,0,11.656,0,0
12928.76,6.592,6.268,0,0,0,-0.7071,0.7071,0,0.0,0,0,12.21,0,0
610.4,1.0,0.0,0,0,0,0.0,-1.0,0,0.0,0,0,14.768,0,0
7567.52,2.141,0.897,0,0,0,0.5,-0.866,0,0.1,0,2,10.291,0,0
40.87,0.04,-0.843,0,0,1,0.9659,0.2588,4,0.4,5,6,0.315,0,1
1651.86,2.883,1.793,0,0,1,0.866,0.5,0,0.0,1,1,7.584,0,0
287.24,0.422,-0.485,0,1,0,-0.9659,-0.2588,0,0.0,0,0,12.581,0,0
2398.09,0.556,-0.381,0,0,0,-0.9659,0.2588,0,0.0,0,0,12.108,1,0
425.77,0.291,-0.958,0,0,0,-0.5,0.866,1,0.25,1,1,7.163,0,0
23481.24,7.613,5.407,1,0,0,0.2588,-0.9659,0,0.0,0,8,9.217,1,1
1630.26,1.203,0.23,0,0,0,0.0,-1.0,0,0.0,0,2,11.198,0,0
2006.83,0.835,-0.142,0,0,0,-0.2588,-0.9659,0,0.0,0,0,12.099,0,0
6618.21,1.459,0.358,0,0,0,-0.7071,0.7071,0,0.0,0,3,10.298,0,0
1504.71,1.463,1.135,0,0,0,0.866,-0.5,0,0.0,0,0,14.307,0,0
1243.83,0.756,0.0,0,0,0,-0.7071,-0.7071,0,0.0,0,0,12.41,0,0
1096.16,0.49,0.0,1,0,0,-0.9659,-0.2588,0,0.0,0,0,14.174,0,0
342.11,0.246,-0.407,0,0,0,-0.866,0.5,0,0.0,0,0,12.764,0,0
701.48,0.534,-0.188,1,0,0,-0.866,0.5,0,0.2,0,1,10.721,0,0
5590.24,0.835,-0.129,1,0,0,-0.5,0.866,0,0.0,0,0,11.909,0,0
1323.53,0.961,-0.135,0,0,0,0.0,-1.0,0,0.0,0,0,11.422,1,0
817.33,0.696,-0.508,0,0,0,-0.5,0.866,1,0.1,0,2,10.345,0,0
3688.68,0.652,-0.316,0,0,0,-0.866,-0.5,0,0.0,0,0,11.782,1,0
656.88,0.426,-0.535,0,0,0,-0.7071,0.7071,0,0.0,0,1,11.253,1,0
474.13,0.301,0.0,0,0,0,-0.5,-0.866,0,0.0,0,0,12.059,0,0
309.26,0.879,-0.309,0,0,0,0.0,-1.0,0,0.0,0,1,11.179,1,0
1356.62,0.607,-0.365,0,0,0,0.866,-0.5,0,0.0,0,1,10.534,1,0
369.24,0.367,-0.601,0,1,0,1.0,0.0,0,0.1,0,2,10.764,0,0
1748.4,1.349,0.405,0,0,0,0.5,-0.866,0,0.0,0,0,11.531,1,0
2159.94,0.929,-0.053,1,0,0,0.0,-1.0,0,0.0,0,0,12.426,0,0
24666.4,10.684,5.925,0,0,1,0.866,0.5,0,0.0,1,4,7.029,2,1
46.04,0.015,-0.704,0,0,0,-0.9659,0.2588,1,0.5,18,18,3.413,0,1
27.07,0.011,-0.836,0,0,0,0.866,-0.5,0,0.4,6,8,1.213,1,1
52.36,0.01,-0.821,0,0,1,0.5,0.866,3,0.7,10,10,3.443,0,1
4031.51,1.335,1.255,0,0,0,-1.0,-0.0,0,0.333,2,2,7.222,2,1
6793.19,10.103,4.878,0,0,0,0.0,-1.0,0,0.0,0,0,12.362,1,0
497.77,0.484,-0.457,0,0,0,-0.9659,-0.2588,0,0.0,0,0,12.471,0,0
2875.39,3.917,2.106,0,0,0,-0.5,-0.866,0,0.0,0,0,12.212,0,0
3051.91,0.258,-0.789,0,0,0,-0.2588,-0.9659,0,0.0,0,1,11.123,1,0
643.13,0.535,-0.513,0,0,0,0.5,-0.866,0,0.0,0,1,10.856,1,0
952.36,1.148,0.246,0,0,0,0.7071,-0.7071,0,0.0,0,0,11.939,0,0
1355.8,0.624,-0.369,0,0,0,-0.2588,-0.9659,0,0.0,0,1,10.893,2,0
10071.88,2.229,0.948,0,0,0,-1.0,-0.0,0,0.0,0,1,11.341,0,0
3034.32,0.866,-0.119,0,0,0,-0.866,0.5,0,0.1,0,1,11.288,0,0
4102.78,3.669,3.013,1,0,0,-0.2588,0.9659,0,0.3,0,3,8.355,1,1
3314.12,0.59,-0.324,0,0,0,-0.5,-0.866,0,0.1,0,2,10.678,1,0
13657.71,10.798,15.0,0,0,1,0.866,0.5,1,0.25,1,1,6.846,2,1
2201.4,0.673,-0.253,0,0,0,-0.9659,0.2588,0,0.0,0,1,11.28,0,0
1391.92,2.821,1.626,0,0,0,-0.7071,0.7071,0,0.0,0,0,11.952,0,0
1130.38,0.253,-0.368,0,0,0,-0.2588,0.9659,0,0.1,0,0,11.577,0,0
1839.03,0.866,-0.261,0,0,0,0.2588,-0.9659,0,0.0,0,1,11.096,2,0
584.3,1.603,1.226,0,0,0,-0.9659,-0.2588,0,0.0,0,1,9.566,1,0
811.18,1.015,0.04,0,0,0,-1.0,-0.0,0,0.0,0,0,12.514,1,0
3748.09,3.083,2.2,0,1,0,-0.7071,-0.7071,0,0.1,0,3,9.793,1,0
1459.63,1.187,0.405,0,0,0,-0.866,0.5,0,0.0,0,0,11.708,1,0
288.77,0.357,-0.448,0,0,0,0.2588,-0.9659,0,0.2,0,0,12.767,1,0
693.59,0.923,-0.175,0,0,0,0.7071,-0.7071,1,0.1,0,0,11.807,0,0
234.96,0.302,-0.415,0,0,0,-0.5,0.866,0,0.0,0,0,11.847,1,0
21.76,0.069,-0.955,0,0,1,0.9659,0.2588,1,0.2,6,6,3.947,0,1
1053.96,0.84,-0.244,0,0,0,-0.7071,-0.7071,0,0.1,0,0,11.845,1,0
4723.41,1.02,0.051,0,0,0,-0.866,-0.5,0,0.0,0,4,9.036,0,0
1934.5,0.653,-0.242,0,0,0,0.2588,-0.9659,1,0.1,0,3,9.683,0,0
2541.17,0.576,-0.376,0,0,0,0.9659,-0.2588,0,0.0,0,1,9.208,0,0
1116.83,0.305,-0.666,0,0,0,-0.5,-0.866,0,0.0,0,1,10.962,0,0
664.88,0.496,-0.409,0,0,0,-0.9659,0.2588,0,0.1,0,2,10.493,0,0
476.91,0.526,-0.442,0,0,0,-1.0,-0.0,0,0.1,0,0,11.4,1,0
371.49,0.725,-0.477,0,0,0,0.5,-0.866,0,0.143,0,0,12.499,1,0
3923.33,0.523,-0.419,0,0,0,-0.866,-0.5,0,0.0,0,3,10.379,0,0
9730.1,3.774,3.143,0,0,0,-0.2588,0.9659,0,0.125,0,0,12.978,1,0
2260.65,1.435,0.371,0,0,0,0.2588,-0.9659,0,0.1,0,0,12.188,1,0
3133.25,1.936,0.0,0,0,0,0.2588,-0.9659,0,0.0,0,0,11.795,0,0
395.88,0.266,-0.569,0,0,0,-0.5,-0.866,0,0.2,0,1,11.344,0,0
2344.55,1.121,0.144,0,0,0,-0.5,0.866,0,0.1,0,2,10.266,0,0
2843.01,0.374,-0.514,0,0,0,-0.9659,0.2588,0,0.0,0,1,11.356,0,0
474.54,0.598,-0.551,0,0,0,-0.2588,0.9659,0,0.0,0,1,10.987,0,0
8300.21,1.863,0.795,1,0,0,-0.9659,-0.2588,0,0.1,0,0,11.422,0,0
876.75,0.264,-0.67,0,0,0,-0.9659,-0.2588,0,0.0,0,1,10.363,0,0
773.9,0.413,-0.511,0,0,0,-0.9659,0.2588,0,0.0,0,0,12.897,2,0
4714.43,5.667,5.07,0,0,0,-0.866,-0.5,0,0.2,1,3,7.413,0,0
1691.38,1.17,0.471,0,0,0,1.0,0.0,0,0.0,0,0,13.731,0,0
290.52,0.201,-0.662,0,0,0,-0.5,0.866,0,0.0,0,1,10.778,1,0
2512.72,1.203,0.246,0,0,0,-0.9659,-0.2588,0,0.0,0,0,11.72,0,0
2136.28,0.194,-1.113,0,0,0,0.7071,-0.7071,0,0.0,0,1,11.215,1,0
551.04,0.6,-1.249,0,0,0,-0.5,0.866,0,0.0,0,0,11.695,1,0
911.68,0.492,-0.399,0,0,0,-0.5,0.866,0,0.0,0,1,11.054,0,0
521810.58,14.645,6.495,1,0,1,0.0,1.0,0,0.0,0,10,9.157,0,1
2239.64,0.47,-0.476,0,0,0,0.7071,-0.7071,0,0.1,0,1,10.327,0,0
543.05,0.735,-0.752,0,0,0,-0.7071,0.7071,0,0.167,0,0,12.161,1,0
678.84,0.376,-0.542,0,0,0,0.5,-0.866,0,0.0,0,1,11.28,0,0
5726.6,1.638,1.713,0,0,0,-0.9659,-0.2588,0,0.167,0,1,11.363,0,0
462.86,0.67,-0.767,1,0,0,0.0,-1.0,0,0.0,0,3,10.426,0,0
366.54,0.211,-0.706,0,0,0,-0.866,-0.5,0,0.0,0,2,11.251,1,0
14081.76,6.755,6.439,0,0,0,-1.0,-0.0,0,0.0,0,0,11.689,0,0
2386.98,0.508,-0.371,0,0,0,-1.0,-0.0,0,0.0,0,0,11.676,0,0
13980.65,5.114,3.843,0,0,0,-0.9659,-0.2588,0,0.1,0,0,11.476,2,0
1395.81,0.68,-0.321,0,0,0,-0.7071,0.7071,0,0.1,0,1,10.57,0,0
582.87,0.466,-1.971,0,0,0,0.5,-0.866,0,0.0,0,1,11.044,0,0
689.39,0.494,-1.526,0,0,0,-0.866,0.5,0,0.0,0,0,11.605,0,0
835.02,0.405,-0.346,0,0,0,-0.866,0.5,1,0.4,0,0,12.873,1,0
709.23,0.495,-5.0,1,1,0,-0.9659,-0.2588,0,0.0,0,0,12.53,1,0
3763.66,0.663,-0.282,0,0,0,-0.5,0.866,0,0.0,0,0,11.392,1,0
513.48,0.343,-2.639,0,0,0,-0.2588,0.9659,0,0.0,0,0,12.168,0,0
326.94,0.462,-0.445,0,0,0,-0.9659,0.2588,0,0.0,0,0,11.449,0,0
349.76,0.257,-1.629,0,0,0,-0.5,-0.866,0,0.0,0,0,12.391,0,0
1367.05,0.993,-0.006,0,0,0,0.2588,-0.9659,0,0.0,0,5,9.82,0,0
48.4,0.13,-1.13,0,0,0,0.866,-0.5,1,0.3,7,9,2.771,0,1
662.57,0.882,-0.172,0,0,1,0.866,0.5,0,0.0,0,0,11.704,0,0
529.74,0.412,-0.765,0,0,0,0.0,-1.0,1,0.167,0,2,10.8,1,0
1530.72,0.787,-0.171,0,0,0,-0.7071,0.7071,0,0.0,0,1,11.354,0,0
1903.37,1.0,0.0,0,0,0,-0.866,-0.5,0,0.0,0,0,14.768,0,0
44.56,0.049,-0.561,0,0,1,0.5,0.866,1,0.5,24,24,4.706,0,1
947.87,0.405,-0.785,0,0,0,-0.866,-0.5,0,0.167,0,0,11.608,0,0
982.67,0.625,-0.308,0,0,0,0.0,-1.0,0,0.1,0,2,10.25,1,0
222.88,0.412,-0.259,0,0,0,-0.7071,0.7071,0,0.4,0,0,13.055,0,0
763.69,0.405,-1.414,0,0,0,0.5,-0.866,0,0.1,0,2,11.078,1,0
4908.31,0.586,-0.434,0,1,0,-1.0,-0.0,0,0.0,0,1,11.17,2,0
468.38,0.471,-0.485,0,0,0,-0.866,0.5,0,0.0,0,2,10.191,1,0
55.9,0.035,-0.624,0,0,0,-0.2588,-0.9659,2,0.5,10,10,2.315,1,1
754.19,0.251,-0.747,0,0,0,-0.2588,-0.9659,0,0.0,0,3,10.069,1,0
1173.01,0.586,-0.405,0,0,0,-0.9659,0.2588,1,0.1,0,0,12.947,0,0
817.72,0.501,-0.464,0,0,0,-0.2588,0.9659,0,0.0,0,1,11.27,1,0
691.72,0.722,-0.271,0,0,0,0.7071,-0.7071,0,0.0,0,1,11.175,0,0
3148.89,1.55,1.297,0,0,0,-0.5,0.866,0,0.0,0,2,11.214,0,0
588.16,0.328,-0.57,0,0,0,-1.0,-0.0,0,0.0,0,2,9.884,1,0
351.8,0.676,-0.351,0,0,0,1.0,0.0,0,0.1,0,1,10.934,0,0
59.75,0.037,-0.809,1,1,0,0.0,-1.0,0,0.1,1,3,0.0,1,1
1334.9,1.242,1.368,0,1,0,0.5,-0.866,0,0.0,0,0,11.494,0,0
197.16,0.442,-0.435,0,0,0,-0.7071,0.7071,0,0.1,0,3,9.575,1,0
1.45,0.008,-1.346,0,0,0,-0.9659,0.2588,1,0.1,8,9,2.448,0,1
823.87,0.015,-0.41,0,0,0,0.5,-0.866,0,0.0,0,0,13.658,1,0
887.14,0.714,-0.278,0,0,0,-0.866,0.5,0,0.0,0,1,10.818,1,0
4031.28,4.24,3.083,0,0,0,0.9659,-0.2588,0,0.1,0,2,9.975,0,0
216.61,0.185,-0.808,1,0,0,-0.866,0.5,0,0.0,0,2,10.485,0,0
1512.03,0.738,-0.161,0,0,0,-0.7071,0.7071,0,0.2,0,3,10.064,0,0
2737.02,0.415,-0.488,0,0,0,-1.0,-0.0,0,0.0,0,0,11.831,0,0
3439.3,1.662,3.045,0,0,0,0.866,-0.5,0,0.0,0,0,12.025,0,0
8.18,0.002,-0.853,0,0,0,0.866,-0.5,0,0.0,9,10,3.15,0,1
286.37,0.682,-0.359,0,0,0,0.5,-0.866,0,0.2,0,1,10.333,0,0
8551.92,1.993,1.122,0,0,0,0.9659,-0.2588,0,0.0,2,2,7.039,4,1
3785.03,1.0,0.0,0,0,0,-1.0,-0.0,0,0.0,0,0,14.768,2,0
12393.18,4.337,2.933,0,0,0,-1.0,-0.0,0,0.0,0,1,10.126,2,0
717.04,1.0,0.0,0,0,0,-0.9659,0.2588,0,0.0,0,0,14.768,1,0
1116.05,0.657,-1.026,0,0,0,-0.2588,0.9659,0,0.0,1,2,8.146,2,0
602.52,0.563,-0.286,0,0,0,0.0,-1.0,0,0.0,0,0,11.877,1,0
320.61,1.0,0.0,0,0,0,-0.2588,0.9659,0,0.0,0,0,14.768,0,0
6582.49,1.331,0.195,0,0,0,-0.2588,-0.9659,0,0.0,0,4,9.869,0,0
24869.53,6.891,4.413,0,0,0,0.7071,-0.7071,0,0.1,0,2,9.215,0,0
1163.79,0.429,-0.495,0,0,0,-0.2588,-0.9659,0,0.0,0,2,10.253,0,0
375.2,0.369,0.0,1,0,0,0.2588,-0.9659,0,0.0,0,1,9.668,3,0
733.58,0.803,-0.349,0,0,0,-0.7071,0.7071,0,0.1,0,0,12.24,1,0
963.89,0.853,-0.106,0,0,0,0.7071,-0.7071,0,0.0,0,1,11.021,0,0
10006.08,1.0,0.0,0,0,0,-0.7071,0.7071,0,0.0,0,0,14.768,0,0
834.24,0.807,-0.168,0,0,0,-0.9659,-0.2588,0,0.1,0,0,13.022,1,0
743.1,0.697,-0.205,0,0,0,-0.5,-0.866,0,0.0,0,0,11.424,0,0
2538.69,1.259,0.17,0,0,0,0.0,-1.0,0,0.0,0,1,10.713,1,0
3930.01,1.618,1.224,0,0,0,-0.5,0.866,0,0.0,1,1,7.505,2,1
682.71,0.995,0.0,0,0,0,-0.7071,-0.7071,0,0.0,0,1,8.357,1,0
38.16,0.033,-0.667,0,0,1,0.5,0.866,0,0.5,14,14,2.481,0,1
730.24,1.13,0.311,1,0,0,0.2588,-0.9659,0,0.1,0,2,10.491,1,0
915.23,1.124,0.24,0,0,0,0.9659,-0.2588,0,0.1,0,1,10.84,1,0
2481.79,1.404,0.355,0,0,0,-0.866,0.5,0,0.1,0,1,8.654,1,0
1845.02,0.483,-0.651,0,0,0,0.0,-1.0,0,0.1,0,0,11.727,0,0
1658.28,0.29,-0.563,0,0,0,0.0,-1.0,0,0.0,0,3,9.379,0,0
957.2,1.213,0.44,0,0,0,-0.2588,0.9659,0,0.0,0,0,11.408,0,0
366.58,0.906,-0.153,0,0,0,0.2588,-0.9659,0,0.1,0,2,11.014,1,0
4.27,0.013,-1.423,0,0,0,-0.7071,0.7071,1,0.3,8,10,2.229,1,1
1666.07,2.453,0.0,0,0,0,-0.2588,-0.9659,0,0.0,0,1,11.349,1,0
795.08,0.319,-0.702,0,0,0,-0.866,-0.5,0,0.0,0,1,10.806,2,0
38831.35,6.868,5.917,0,0,0,-0.7071,-0.7071,0,0.0,0,0,12.538,0,0
614.38,1.367,0.884,0,0,0,0.7071,-0.7071,0,0.0,0,1,10.873,1,0
988.7,0.355,-0.782,0,0,0,0.2588,-0.9659,0,0.2,0,0,11.923,0,0
1696.7,1.611,1.011,0,0,0,0.2588,-0.9659,1,0.5,0,0,11.506,0,0
41653.18,6.572,4.589,0,0,0,-0.866,0.5,0,0.0,0,0,12.028,0,0
371.28,0.432,-0.717,0,0,0,0.7071,-0.7071,0,0.2,0,1,11.014,2,0
49.39,0.029,-2.133,0,0,0,0.5,-0.866,0,0.0,2,2,2.767,0,1
1419.1,0.577,-0.666,0,0,0,-0.7071,-0.7071,0,0.1,0,1,9.835,0,0
865.36,0.782,-0.147,0,0,0,-0.2588,0.9659,0,0.4,0,0,11.467,1,0
661.91,0.418,-0.426,0,0,0,-0.866,0.5,0,0.0,0,0,11.592,1,0
297.65,0.809,-0.63,0,0,0,-0.2588,0.9659,0,0.0,0,2,9.714,0,0
2937.17,0.825,-0.258,0,0,0,-0.7071,0.7071,0,0.0,0,0,11.455,1,0
922.39,0.655,-0.736,0,0,0,0.2588,-0.9659,0,0.3,0,0,11.511,1,0
7397.51,1.216,0.126,0,0,0,-0.9659,0.2588,0,0.1,0,1,10.696,1,0
10589.83,2.944,1.661,0,0,0,-0.9659,0.2588,1,0.2,0,0,11.78,0,0
337.52,0.46,-0.524,0,0,0,-0.866,-0.5,0,0.0,0,0,11.746,1,0
1212.91,0.357,-0.589,0,0,0,-0.9659,0.2588,1,0.1,0,0,12.045,0,0
1209.4,0.926,-0.085,0,0,0,0.7071,-0.7071,0,0.0,0,2,9.937,2,0
7424.06,3.18,1.951,0,0,0,-0.9659,0.2588,0,0.2,0,1,11.349,2,0
857.82,0.498,-0.598,0,0,0,1.0,0.0,0,0.0,1,2,7.323,2,0
1101.16,1.101,0.08,0,0,0,0.9659,-0.2588,0,0.0,0,2,8.778,0,0
1297.24,0.34,-0.303,0,0,0,-0.5,0.866,1,0.1,0,4,8.301,1,0
554.99,0.319,-1.299,0,0,0,-0.866,0.5,0,0.125,0,0,12.051,2,0
958.59,0.291,-0.594,0,0,0,-0.9659,0.2588,0,0.0,0,2,9.982,1,0
477.64,0.253,-0.709,0,0,0,0.7071,-0.7071,0,0.0,0,2,11.014,2,0
217.04,0.412,-0.476,0,0,0,0.2588,-0.9659,0,0.0,0,1,10.934,0,0
135.09,0.233,-0.685,0,0,0,0.7071,-0.7071,0,0.2,0,0,12.34,0,0
1760.45,0.933,-0.066,0,0,1,0.9659,0.2588,0,0.2,0,2,9.934,2,0
1413.23,0.616,-0.394,1,0,0,-0.5,-0.866,0,0.1,0,0,11.826,0,0
3305.39,3.182,2.38,0,0,0,0.0,-1.0,0,0.2,0,0,11.858,1,0
1135.72,0.364,-0.806,0,0,0,0.866,-0.5,0,0.0,0,0,12.097,0,0
5072.69,0.789,-0.166,0,0,0,-0.9659,-0.2588,0,0.1,0,1,11.076,1,0
727.94,1.296,0.683,1,0,0,-0.5,-0.866,0,0.0,0,2,10.794,0,0
179.0,0.255,-0.624,0,0,0,0.0,-1.0,0,0.0,0,2,9.749,0,0
4383.07,3.037,2.213,0,0,0,-0.9659,0.2588,0,0.0,0,0,12.158,0,0
454.16,0.791,-0.491,0,0,0,0.9659,-0.2588,0,0.143,0,0,11.686,0,0
604.14,0.115,-0.817,0,0,0,-0.866,0.5,0,0.0,0,1,9.136,0,0
367.75,0.506,-0.65,0,0,0,1.0,0.0,0,0.0,1,2,6.8,1,0
1085.73,0.895,-0.234,0,0,0,0.0,-1.0,0,0.125,0,1,11.31,2,0
3030.07,0.591,-0.398,0,0,0,0.9659,-0.2588,0,0.1,1,4,7.428,1,0
7991.6,9.692,14.181,0,0,0,-0.7071,0.7071,0,0.0,1,2,5.986,0,0
497.15,1.266,0.378,0,0,0,0.5,-0.866,0,0.0,0,1,10.598,0,0
6.75,0.003,-0.83,0,0,0,0.866,-0.5,0,0.4,7,9,2.285,1,1
2824.42,0.736,-0.214,0,0,0,-0.2588,0.9659,0,0.0,0,0,11.652,1,0
1125.18,0.297,-0.588,0,0,0,0.0,-1.0,0,0.0,0,2,10.621,0,0
3660.84,0.979,-0.02,0,0,0,-0.866,0.5,0,0.1,0,1,8.892,0,0
561.81,2.105,2.378,0,0,0,-0.2588,0.9659,0,0.0,0,0,12.145,0,0
5247.2,1.761,1.748,0,0,0,-1.0,-0.0,0,0.0,0,0,12.703,0,0
2819.88,0.412,-0.513,1,0,0,-1.0,-0.0,0,0.0,0,1,8.804,0,0
2554.61,0.592,-0.395,0,0,0,-0.2588,0.9659,0,0.0,0,3,9.405,0,0
847.08,2.464,3.226,0,0,0,-0.9659,0.2588,0,0.0,0,0,11.631,2,0
590.22,0.978,-0.013,0,0,1,0.9659,0.2588,0,0.3,0,0,11.913,0,0
1031.26,0.618,-0.341,0,0,0,-0.866,-0.5,0,0.1,0,0,11.702,1,0
958.26,0.129,-0.786,0,0,0,-0.9659,0.2588,0,0.0,0,0,12.251,0,0
2367.39,2.078,3.236,1,0,0,0.2588,-0.9659,0,0.0,0,0,13.376,0,0
51.16,0.047,-0.747,0,0,1,0.5,0.866,0,0.1,4,6,0.729,1,1
549.88,0.915,-0.107,0,0,0,0.2588,-0.9659,0,0.0,0,1,9.008,1,0
184.05,0.328,-0.643,0,0,0,0.2588,-0.9659,0,0.1,0,3,9.589,0,0
640.82,0.508,-0.526,0,0,0,-0.5,-0.866,0,0.1,0,1,10.851,1,0
18143.6,5.577,3.597,0,0,0,-0.9659,-0.2588,0,0.2,0,10,9.046,1,1
836.67,0.467,-0.432,0,0,0,0.866,-0.5,0,0.1,0,1,11.342,0,0
2588.46,1.156,0.081,0,0,0,-0.9659,-0.2588,0,0.2,0,0,11.704,1,0
23515.82,7.912,15.0,0,0,0,0.2588,-0.9659,0,0.0,0,0,12.709,1,0
1625.99,0.568,-0.471,0,0,0,0.5,-0.866,0,0.0,0,0,11.928,0,0
1531.42,0.8,-0.357,0,0,0,-1.0,-0.0,0,0.0,1,1,7.371,0,0
400.4,0.305,-0.662,0,0,0,-0.866,0.5,0,0.0,0,3,10.376,1,0
1131.43,1.176,0.154,0,0,0,-0.2588,0.9659,1,0.167,0,0,13.219,0,0
1314.62,2.363,3.664,0,0,0,0.0,-1.0,0,0.0,0,2,10.526,0,0
10.19,0.005,-0.744,0,0,0,0.866,-0.5,0,0.3,18,20,1.491,1,1
2874.58,0.374,-0.46,0,0,0,-0.866,-0.5,0,0.2,0,0,12.726,1,0
384.71,1.0,0.0,0,0,0,-0.9659,-0.2588,0,0.0,0,0,14.768,0,0
6226.55,1.411,0.379,1,0,0,-0.7071,-0.7071,0,0.0,0,0,12.015,0,0
2885.64,0.719,-0.344,0,0,0,0.866,-0.5,0,0.0,1,3,7.498,0,0
765.64,0.401,-0.594,0,0,0,-0.9659,-0.2588,0,0.2,0,3,8.709,0,0
2996.78,8.523,0.0,0,0,0,0.5,-0.866,0,0.0,0,1,11.241,1,0
2646.48,4.813,2.888,1,0,0,-0.866,0.5,0,0.2,0,1,10.875,2,0
1689.0,0.834,-0.194,0,0,0,-0.9659,0.2588,0,0.1,0,2,9.906,0,0
468.97,0.919,-0.077,0,0,0,0.9659,-0.2588,1,0.1,0,1,10.893,0,0
692.0,0.685,-0.502,0,0,0,-1.0,-0.0,0,0.0,0,0,13.065,1,0
974.04,0.619,-0.36,0,0,0,0.7071,-0.7071,0,0.2,0,0,11.857,0,0
14.62,0.114,-0.874,0,0,0,-0.9659,0.2588,0,0.2,21,22,4.17,0,1
736.17,0.216,-0.724,0,0,0,-0.7071,-0.7071,0,0.0,0,2,9.461,0,0
9.78,0.004,-0.65,0,0,0,-0.9659,0.2588,0,0.3,25,25,3.434,0,1
3004.03,1.036,0.037,0,0,0,-0.866,0.5,0,0.0,0,0,11.37,0,0
8745.92,2.062,1.413,0,0,0,1.0,0.0,0,0.0,1,1,6.979,2,1
26579.46,4.987,2.491,1,0,0,0.9659,-0.2588,0,0.1,2,7,8.101,1,1
309.07,0.399,-1.21,0,0,0,-1.0,-0.0,0,0.1,0,1,11.074,0,0
14665.77,2.544,1.433,0,0,0,-0.5,0.866,0,0.25,2,2,7.365,3,1
476.12,0.88,-0.108,0,0,0,-0.5,0.866,0,0.0,0,1,11.31,0,0
190.23,0.333,-0.555,0,0,0,-0.9659,-0.2588,0,0.0,0,0,11.577,0,0
359.5,1.0,0.0,0,0,0,0.5,-0.866,0,0.0,0,0,14.768,1,0
436.43,0.154,-0.906,0,0,0,-0.9659,-0.2588,1,0.2,0,0,11.982,1,0
998.64,1.0,0.0,0,0,0,0.7071,-0.7071,0,0.0,0,0,14.768,0,0
3893.04,0.422,-0.619,0,0,0,-0.866,-0.5,0,0.1,0,0,12.443,2,0
1774.48,0.575,-0.392,1,0,0,-0.7071,-0.7071,0,0.1,0,3,10.338,0,0
156.99,0.162,-0.692,0,0,0,0.5,-0.866,0,0.0,0,0,12.244,2,0
1635.97,1.13,0.0,1,1,0,0.0,-1.0,0,0.0,0,0,13.767,2,0
2903.52,8.759,15.0,0,0,0,-0.2588,0.9659,0,0.0,0,0,13.021,0,0
600.92,0.796,0.0,0,0,0,0.2588,-0.9659,0,0.0,0,0,12.588,2,0
1565.05,0.62,-0.404,0,0,0,-0.9659,-0.2588,0,0.1,0,3,10.316,1,0
43.79,0.158,-3.417,0,1,0,-0.9659,0.2588,0,0.0,1,2,0.0,0,1
2075.8,0.82,-0.368,0,0,0,-0.9659,0.2588,0,0.1,0,0,12.952,0,0
730.02,0.684,-0.704,0,0,0,-0.2588,0.9659,0,0.125,1,1,7.429,1,0
9193.95,1.646,1.096,0,0,0,-0.2588,-0.9659,0,0.0,1,1,7.88,4,1
5456.16,0.499,-0.37,0,0,0,-0.866,-0.5,0,0.0,0,0,11.398,1,0
1187.04,0.602,-0.891,0,0,0,0.2588,-0.9659,0,0.0,0,3,10.39,2,0
5082.39,0.637,-0.337,0,0,0,-0.7071,0.7071,0,0.0,0,0,11.889,0,0
622.09,0.383,-1.401,0,1,0,1.0,0.0,0,0.0,0,0,12.916,0,0
157.57,0.317,-0.66,0,0,0,-0.866,0.5,0,0.1,0,0,12.244,0,0
4131.42,1.143,0.246,0,0,0,0.5,-0.866,0,0.0,0,1,9.777,1,0
2462.31,1.285,0.256,0,0,0,-0.7071,-0.7071,0,0.0,0,2,10.192,0,0
2616.02,1.915,1.825,0,0,0,-0.2588,0.9659,0,0.286,0,0,11.47,0,0
469.78,1.142,0.168,0,0,0,-0.9659,-0.2588,0,0.0,0,1,10.062,0,0
7133.08,6.246,9.658,1,0,0,-0.9659,0.2588,0,0.0,0,0,13.715,0,0
1356.07,0.755,-0.209,0,0,0,0.7071,-0.7071,0,0.0,0,1,10.801,0,0
720.09,0.224,-0.645,0,0,0,-0.9659,0.2588,0,0.0,0,1,11.301,0,0
578.28,0.74,-0.139,0,0,0,-0.7071,-0.7071,0,0.1,0,2,10.609,1,0
3236.09,1.0,0.0,0,0,0,-0.7071,0.7071,0,0.0,0,0,14.768,0,0
749.7,0.222,-0.658,0,0,0,-0.9659,0.2588,0,0.0,0,1,11.314,0,0
1282.25,0.641,-1.465,0,1,0,-0.9659,-0.2588,0,0.2,0,1,11.347,0,0
1544.92,2.237,0.613,0,0,0,-0.9659,-0.2588,0,0.1,0,1,10.449,1,0
17872.79,7.803,4.488,0,0,0,0.0,-1.0,0,0.0,1,1,6.159,0,0
1439.0,0.771,-1.102,0,0,0,-1.0,-0.0,0,0.0,0,2,10.693,0,0
435.61,0.754,-0.282,0,0,0,-0.7071,-0.7071,0,0.0,0,2,9.55,1,0
2153.01,0.794,-0.243,0,0,0,0.866,-0.5,0,0.3,0,2,11.005,0,0
6720.08,1.646,1.106,0,0,0,-0.866,-0.5,0,0.2,3,3,6.115,2,1
658.72,0.616,-0.345,0,0,0,-0.7071,0.7071,0,0.0,0,0,11.557,1,0
1720.71,0.258,-0.565,0,0,0,-0.9659,0.2588,1,0.1,0,1,9.326,1,0
487.35,1.035,0.059,1,0,0,-0.866,-0.5,0,0.0,0,1,10.603,0,0
2017.52,1.155,0.667,0,0,0,0.7071,-0.7071,0,0.5,0,0,11.524,0,0
2892.7,0.698,-0.266,0,0,0,-0.7071,0.7071,0,0.2,0,0,12.022,0,0
3278.85,1.123,0.19,0,0,0,-0.866,0.5,0,0.0,0,0,12.365,2,0
4616.67,1.225,0.2,0,0,0,-0.866,-0.5,0,0.1,0,1,8.87,0,0
1964.74,1.032,0.0,1,1,0,0.5,-0.866,0,0.0,0,0,12.848,0,0
664.61,0.649,-0.44,0,0,0,-0.2588,0.9659,0,0.2,0,1,11.059,0,0
585.69,0.182,-0.629,0,0,0,-1.0,-0.0,0,0.1,0,0,12.027,0,0
754.45,0.191,-0.663,0,0,0,-1.0,-0.0,0,0.0,0,1,11.288,1,0
12.06,0.015,-0.549,0,0,0,-0.7071,-0.7071,0,0.5,17,18,3.027,0,1
7692.5,2.279,1.086,0,0,0,-0.2588,0.9659,0,0.8,0,13,9.422,2,0
14.17,0.015,-1.06,0,0,1,0.9659,0.2588,0,0.5,16,16,2.897,1,1
793.3,0.575,-0.616,0,0,0,-0.9659,-0.2588,0,0.1,0,1,9.887,1,0
639.95,1.833,9.934,0,0,0,-0.2588,-0.9659,1,0.333,0,0,11.475,0,0
2029.46,1.052,0.052,0,0,0,0.0,-1.0,0,0.0,0,2,10.254,0,0
2497.06,0.258,-0.899,1,0,0,-0.9659,0.2588,0,0.0,0,0,12.883,1,0
1160.04,0.424,-0.554,0,0,0,-0.866,0.5,0,0.0,0,2,9.787,0,0
10437.59,8.119,11.351,1,0,0,-0.866,0.5,0,0.0,0,2,11.159,1,0
14.25,0.007,-0.652,0,0,1,0.866,0.5,2,0.5,12,12,0.52,1,1
6343.92,1.225,0.227,0,0,0,-0.9659,0.2588,0,0.0,0,1,10.222,1,0
187.53,0.339,-0.714,0,0,0,-0.866,0.5,0,0.0,0,0,11.557,0,0
1329.29,0.14,-0.823,0,0,0,-0.866,-0.5,0,0.0,0,0,12.619,0,0
2911.76,1.054,0.163,0,0,0,-0.2588,0.9659,0,0.1,0,1,9.875,0,0
1138.74,1.344,0.494,0,0,0,-0.9659,0.2588,0,0.0,0,1,8.312,0,0
6244.58,0.719,-0.278,0,0,0,-0.2588,0.9659,1,0.1,0,0,12.215,2,0
344.98,0.494,-0.605,0,0,0,0.0,-1.0,0,0.0,1,3,8.137,1,0
2399.26,1.058,0.066,0,0,0,-0.9659,0.2588,0,0.1,0,0,11.392,2,0
914.45,0.327,-0.361,0,0,0,-0.9659,0.2588,0,0.1,1,7,5.198,1,0
524.52,0.148,-0.704,0,0,0,-0.2588,-0.9659,0,0.0,0,0,12.763,0,0
4169.88,2.094,0.85,0,0,0,0.0,-1.0,0,0.0,0,0,11.923,1,0
325.18,0.406,-2.009,0,0,0,-0.9659,0.2588,0,0.2,0,1,10.296,0,0
341.86,0.434,-0.516,0,0,0,-0.866,0.5,0,0.0,0,3,9.205,0,0
2085.45,0.638,-0.24,0,0,0,0.7071,-0.7071,0,0.0,0,0,11.634,0,0
7442.97,1.957,0.75,0,0,0,-0.7071,0.7071,0,0.2,0,3,10.108,0,0
421.31,1.086,0.261,0,0,0,-1.0,-0.0,0,0.0,0,0,13.016,0,0
574.86,0.481,-0.418,0,0,0,-1.0,-0.0,0,0.0,0,1,8.792,2,0
939.24,0.452,-0.338,0,0,0,-0.9659,0.2588,0,0.0,0,3,9.729,1,0
4368.52,4.86,4.122,0,0,0,-0.5,0.866,0,0.111,0,1,11.155,1,0
286.67,0.202,-0.679,0,0,0,0.2588,-0.9659,0,0.1,0,1,11.173,0,0
392.63,0.632,-0.281,0,0,0,-1.0,-0.0,1,0.6,0,2,9.724,0,0
1626.09,0.386,-0.517,0,0,0,-0.866,-0.5,0,0.0,0,1,10.828,0,0
709.85,0.242,-0.629,0,0,0,0.7071,-0.7071,0,0.0,0,0,12.066,0,0
2188.53,0.586,-0.376,0,0,0,-0.9659,-0.2588,0,0.0,0,3,10.441,0,0
2533.95,0.558,-0.539,0,0,0,-0.866,-0.5,0,0.1,0,0,12.649,0,0
10781.11,9.887,0.0,0,0,0,0.0,-1.0,0,0.0,0,0,12.939,1,0
2780.53,0.814,-0.569,0,0,0,-0.2588,-0.9659,0,0.1,0,2,11.159,0,0
22.13,0.008,-0.636,0,0,0,-0.9659,0.2588,2,0.4,28,28,3.663,0,1
5115.45,6.649,15.0,0,0,0,1.0,0.0,0,0.0,0,0,12.458,0,0
1136.86,0.841,0.0,0,0,0,-0.866,-0.5,0,0.5,0,0,12.723,1,0
2419.44,0.558,-0.424,0,0,0,0.866,-0.5,0,0.0,0,0,11.94,1,0
3540.26,0.431,-0.618,0,0,0,-0.7071,0.7071,0,0.1,0,0,12.628,2,0
47.18,0.008,-0.857,0,0,1,0.5,0.866,0,0.3,5,5,1.885,0,1
490.72,0.359,-1.009,0,0,0,-0.2588,-0.9659,0,0.0,0,0,12.268,0,0
52.29,0.013,-0.774,0,1,1,0.2588,0.9659,2,0.3,6,6,2.672,0,0
233.1,0.863,-0.275,0,0,0,-0.2588,0.9659,0,0.0,0,1,11.269,0,0
175.15,0.154,-1.133,0,0,0,-0.2588,0.9659,0,0.143,0,1,10.933,1,0
924.63,0.644,-0.365,0,0,0,-0.5,-0.866,0,0.2,0,1,11.3,1,0
357.34,0.412,-0.426,0,0,0,-1.0,-0.0,0,0.0,0,1,10.72,0,0
773.73,0.541,-0.353,0,0,0,-0.5,0.866,1,0.1,0,0,12.99,0,0
2300.41,1.151,0.13,1,0,0,0.0,-1.0,0,0.0,0,0,11.547,0,0
625.71,0.717,-0.771,0,0,0,-0.2588,0.9659,0,0.333,0,0,11.595,0,0
8838.37,1.647,1.027,0,0,0,1.0,0.0,0,0.0,2,2,7.601,2,1
367.78,1.365,1.929,0,0,1,0.866,0.5,0,0.0,0,0,12.321,0,0
1102.75,0.403,-0.412,0,0,0,0.5,-0.866,0,0.0,0,0,11.774,1,0
325.11,0.67,-0.32,1,0,0,-0.7071,-0.7071,0,0.1,0,2,11.209,0,0
1088.09,1.013,0.036,0,0,0,0.7071,-0.7071,0,0.0,0,0,12.529,0,0
1175.51,0.492,-0.333,0,0,0,0.9659,-0.2588,0,0.1,0,3,10.615,0,0
220.95,0.261,-0.575,0,0,0,-0.5,-0.866,0,0.0,0,1,11.208,0,0
1825.35,0.773,-1.041,0,0,0,-0.7071,0.7071,0,0.0,0,3,10.72,0,0
423.29,0.419,-1.167,0,0,0,-1.0,-0.0,0,0.0,0,0,12.403,0,0
317.4,0.289,-0.586,0,0,0,1.0,0.0,0,0.1,0,0,12.197,0,0
3457.54,1.164,0.512,0,0,0,-0.9659,0.2588,0,0.2,0,1,11.117,0,0
54.03,0.02,-0.71,0,0,0,-0.2588,-0.9659,0,0.6,8,9,1.369,0,1
943.02,0.129,-0.677,0,0,0,-0.5,0.866,1,0.2,0,2,10.914,0,0
1436.71,0.782,-0.193,0,0,0,-0.7071,0.7071,0,0.0,0,1,9.648,0,1
354.09,0.438,-0.594,0,0,0,0.7071,-0.7071,0,0.0,0,3,10.042,0,0
2421.46,1.135,0.131,0,0,0,0.7071,-0.7071,0,0.0,0,0,11.974,0,0
922.2,0.447,-0.566,0,0,0,-0.866,0.5,0,0.1,0,1,9.114,0,0
13854.61,9.211,3.743,0,0,1,0.866,0.5,1,0.3,2,4,6.158,1,1
4018.25,3.038,2.919,0,0,0,-0.9659,-0.2588,0,0.1,0,0,11.57,1,0
419.6,0.75,-0.249,0,0,0,-0.7071,0.7071,0,0.2,0,0,11.963,0,0
6109.16,0.881,-0.081,0,0,0,-0.866,-0.5,0,0.1,0,1,11.337,1,0
712.46,0.309,-0.626,1,0,0,0.866,-0.5,0,0.0,1,4,7.986,2,0
1610.78,1.441,0.49,0,0,0,0.5,-0.866,0,0.1,0,2,9.985,1,0
3111.73,0.503,-0.371,0,0,0,0.0,-1.0,0,0.1,0,1,11.14,0,0
604.47,0.652,-0.153,0,0,0,-0.2588,0.9659,0,0.0,0,1,10.355,0,0
1050.25,0.543,0.0,0,0,1,0.9659,0.2588,0,0.0,0,0,12.612,2,0
4445.86,2.222,1.851,0,0,1,0.5,0.866,0,0.0,0,2,10.277,0,0
3913.22,0.879,-0.41,0,0,0,-0.5,-0.866,1,0.333,0,2,9.957,0,0
5713.9,1.614,1.129,0,0,0,0.7071,-0.7071,0,0.0,0,0,12.088,1,0
362.41,0.64,-0.38,0,0,0,-0.9659,0.2588,0,0.2,0,2,9.863,0,0
5247.2,1.407,1.058,0,0,0,-0.9659,-0.2588,0,0.0,0,1,10.583,0,0
1834.32,0.784,-0.161,0,0,0,0.2588,-0.9659,0,0.0,0,2,8.287,0,0
5057.12,2.072,1.219,0,0,0,-0.9659,0.2588,0,0.0,0,0,12.03,1,0
756.01,1.331,0.277,0,0,0,0.7071,-0.7071,0,0.0,0,0,12.427,1,0
1649.22,1.0,0.0,0,0,0,0.0,-1.0,0,0.0,0,0,14.768,0,0
3134.35,1.0,0.0,0,0,1,0.866,0.5,0,0.0,0,0,14.768,0,0
3166.95,0.738,-0.114,0,0,0,-0.9659,0.2588,0,0.1,1,1,7.808,1,0
643.73,0.264,-0.711,0,0,0,-0.9659,-0.2588,0,0.0,0,1,10.682,0,0
1484.83,0.462,-0.479,0,0,0,-0.7071,0.7071,0,0.0,0,4,10.546,0,0
70723.26,7.767,2.729,0,0,1,0.7071,0.7071,0,0.0,2,3,6.138,1,1
353.16,0.037,-0.584,0,0,0,-0.866,-0.5,0,0.1,0,10,8.731,2,0
2400.82,1.14,0.123,1,0,0,-0.2588,0.9659,0,0.1,0,1,9.886,0,0
190.63,0.233,-0.604,0,0,0,0.2588,-0.9659,1,0.1,0,1,9.717,0,0
435.34,0.382,-0.745,0,0,0,1.0,0.0,0,0.0,0,0,11.957,0,0
23898.66,4.04,2.341,0,0,0,-0.7071,0.7071,0,0.0,0,0,11.412,0,0
2784.83,0.613,-0.289,0,0,0,-0.2588,0.9659,0,0.0,0,3,10.267,0,0
56.44,0.064,-0.73,0,0,1,0.9659,0.2588,0,0.5,16,17,2.78,0,1
4329.73,1.073,0.063,0,0,0,-0.7071,-0.7071,0,0.1,0,2,11.023,0,0
1121.7,0.764,-0.197,0,0,0,-1.0,-0.0,0,0.0,0,0,13.15,1,0
147217.04,11.488,6.983,0,0,0,-0.2588,0.9659,0,0.0,0,7,9.5,0,1
164.25,0.313,-0.526,0,0,0,-0.7071,0.7071,1,0.1,0,2,10.741,0,0
6837.02,4.434,15.0,1,0,1,0.5,0.866,0,0.0,0,0,13.459,3,1
504.06,0.524,-0.466,0,0,0,-1.0,-0.0,0,0.1,0,4,10.501,0,0
944.93,0.827,-0.287,1,0,0,-0.5,-0.866,1,0.2,0,0,11.699,0,0
2276.9,1.088,0.074,0,0,0,-0.2588,0.9659,0,0.0,0,1,10.256,0,0
954.94,0.458,-0.248,0,0,0,0.0,-1.0,0,0.0,0,0,11.386,1,0
243652.76,14.719,6.863,1,0,0,-0.7071,0.7071,0,0.0,0,9,9.343,0,1
1056.96,1.0,0.0,0,0,0,0.2588,-0.9659,0,0.0,0,0,14.768,0,0
203.27,0.287,-0.654,0,0,0,-0.7071,0.7071,0,0.0,0,1,9.254,0,0
206.7,0.369,-0.52,0,0,0,0.7071,-0.7071,0,0.0,0,1,11.124,0,0
29.99,0.042,-0.574,0,0,0,-0.866,0.5,1,0.25,6,6,3.361,0,1
954.2,1.233,0.136,0,0,0,-0.7071,0.7071,0,0.0,0,2,9.181,1,0
2895.29,6.928,15.0,0,0,0,-0.2588,-0.9659,0,0.0,0,0,12.086,0,0
1449.65,1.015,0.065,0,0,0,-0.866,0.5,0,0.0,0,0,13.107,0,0
1865.85,0.303,-0.48,0,0,0,0.866,-0.5,0,0.1,0,0,12.312,0,0
336.59,0.972,-0.053,0,0,0,-1.0,-0.0,0,0.0,0,1,9.968,2,0
1055.98,0.424,-1.471,0,0,0,-0.7071,0.7071,0,0.0,0,1,11.113,0,0
614.74,2.257,5.007,0,0,0,-0.9659,0.2588,0,0.0,0,0,12.567,0,0
6.65,0.012,-0.497,0,0,0,-0.866,0.5,0,0.3,9,9,2.623,0,1
580.13,0.247,-0.655,0,0,0,-0.9659,0.2588,0,0.0,0,0,13.379,0,0
4003.32,1.059,0.056,0,0,0,0.0,-1.0,0,0.0,0,3,10.991,0,0
2127.22,2.853,1.15,0,0,0,0.9659,-0.2588,0,0.3,0,0,12.474,1,0
872.5,0.322,-0.633,0,0,0,-0.9659,-0.2588,0,0.0,0,1,9.547,1,0
1130.63,0.336,-4.436,0,0,0,-0.866,0.5,0,0.0,0,1,11.072,0,0
945.92,1.258,0.51,0,0,0,-0.7071,-0.7071,0,0.0,0,0,11.636,0,0
343.46,0.631,-0.554,0,0,0,0.0,-1.0,0,0.2,0,0,11.507,0,0
391.33,0.603,-0.342,0,0,0,-0.9659,0.2588,0,0.0,0,1,8.456,1,0
523.32,0.346,-0.611,0,0,0,0.5,-0.866,0,0.1,0,1,10.701,1,0
1406.53,1.962,0.0,0,0,0,-0.9659,0.2588,0,0.0,1,1,5.198,1,0
1209.52,1.036,0.271,0,0,0,-0.7071,-0.7071,0,0.0,0,3,10.728,0,0
2513.25,0.632,-0.277,0,0,0,-0.9659,-0.2588,0,0.1,0,3,9.726,0,0
257.31,0.377,-0.624,0,0,0,0.7071,-0.7071,0,0.0,0,0,12.285,0,0
268.73,0.314,-0.803,0,0,0,-0.2588,-0.9659,0,0.0,0,0,11.707,2,0
747.04,0.565,-0.349,0,0,0,-0.866,-0.5,0,0.0,0,1,11.348,0,0
908.79,2.264,15.0,0,0,0,-0.9659,-0.2588,0,0.0,0,0,11.466,1,0
37.49,0.012,-0.735,0,1,1,0.9659,0.2588,0,0.0,1,3,0.0,0,1
57.3,0.109,-0.597,0,0,0,-0.2588,-0.9659,3,0.6,18,18,3.232,1,1
660.49,0.902,-0.274,0,0,0,-0.5,0.866,0,0.0,0,2,9.331,1,0
13288.88,6.065,15.0,0,0,0,-0.9659,0.2588,0,0.0,0,0,11.762,1,0
1719.91,0.614,-0.286,0,0,0,-0.2588,0.9659,0,0.111,0,0,11.754,0,0
4339.6,1.098,0.081,0,0,0,-0.5,-0.866,0,0.0,0,0,12.474,0,0
2541.53,1.237,0.565,0,0,0,-1.0,-0.0,0,0.0,1,1,8.16,0,0
21853.16,1.0,0.0,0,0,0,-0.2588,0.9659,0,0.0,0,0,14.768,0,0
1119.37,0.935,-0.096,0,0,0,0.0,-1.0,0,0.0,2,4,7.752,0,0
908.3,0.18,0.0,0,0,0,-0.866,-0.5,0,0.5,0,2,8.337,0,0
1070.51,1.821,4.697,0,0,0,-0.9659,0.2588,0,0.0,0,0,11.474,0,0
413.28,0.516,-0.508,0,0,0,0.7071,-0.7071,0,0.0,0,2,10.878,0,0
2649.62,1.0,0.0,0,0,0,-0.9659,0.2588,0,0.0,0,0,14.768,0,0
3476.15,1.11,0.088,0,0,0,0.5,-0.866,1,0.1,0,1,9.375,1,0
9273.45,1.678,1.039,0,0,0,-0.9659,-0.2588,0,0.2,2,3,7.81,3,1
1972.29,0.768,-0.148,0,0,0,0.7071,-0.7071,0,0.2,0,2,10.39,0,0
540.69,0.733,-0.233,0,0,0,-0.866,0.5,0,0.0,0,0,12.671,0,0
7284.16,1.432,0.323,0,0,1,0.9659,0.2588,0,0.0,0,1,10.19,0,1
6804.89,8.335,0.0,1,0,0,-1.0,-0.0,0,0.0,0,0,14.043,2,1
2121.31,0.783,-0.182,0,0,0,1.0,0.0,0,0.143,0,0,12.154,1,0
3178.37,2.657,2.274,0,0,0,0.0,-1.0,0,0.1,0,3,10.917,1,0
2576.65,0.613,-0.357,0,0,0,-1.0,-0.0,0,0.1,0,2,10.963,0,0
11079.05,16.349,15.0,0,0,0,-0.2588,-0.9659,1,0.25,0,2,11.13,0,0
460.67,0.295,-0.608,0,0,0,-0.9659,-0.2588,0,0.0,0,0,11.599,1,0
520.81,0.38,-0.248,0,0,0,-0.9659,-0.2588,0,0.3,0,0,11.494,1,0
458.64,0.654,-0.471,0,0,0,-1.0,-0.0,0,0.0,0,0,12.305,1,0
6852.41,1.496,0.334,0,0,0,-0.2588,-0.9659,0,0.0,0,2,10.933,0,0
3071.11,1.82,1.186,0,0,0,0.0,-1.0,0,0.143,1,3,7.877,0,0
1195.28,3.096,2.114,0,0,0,-0.866,-0.5,0,0.0,0,0,11.436,0,0
1793.14,0.41,-0.567,0,0,0,-0.2588,0.9659,0,0.0,0,1,11.324,0,0
680.18,0.591,-0.494,0,0,0,0.0,-1.0,0,0.0,0,0,12.063,0,0
3432.15,4.629,5.525,0,0,0,0.7071,-0.7071,0,0.0,0,2,10.875,0,0
1754.97,1.068,0.059,0,0,0,0.0,-1.0,0,0.1,0,0,11.479,1,0
1234.4,0.411,-0.439,0,0,0,-0.866,0.5,0,0.0,0,0,11.725,0,0
405.78,0.162,0.0,0,0,0,-1.0,-0.0,0,0.0,0,1,10.232,0,0
1149.82,0.625,-1.161,0,0,0,-0.9659,-0.2588,0,0.0,0,0,12.166,0,0
30.88,0.007,-0.85,0,1,0,-0.9659,0.2588,0,0.2,3,3,1.872,0,1
14065.38,8.093,3.119,0,0,0,0.7071,-0.7071,0,0.2,2,4,5.312,0,1
35.98,0.031,-1.376,0,0,1,0.9659,0.2588,1,0.4,9,9,2.305,1,1
372.29,0.474,-1.676,0,0,0,-0.9659,-0.2588,0,0.0,0,2,10.253,1,0
23929.78,4.979,3.252,0,0,0,-0.866,0.5,0,0.0,0,3,10.827,1,0
1878.44,0.677,-0.226,0,0,0,-0.2588,0.9659,0,0.0,0,1,11.13,1,0
32281.43,13.776,6.407,0,0,1,0.7071,0.7071,0,0.1,1,3,7.497,0,1
3339.29,2.579,4.133,0,0,0,-0.9659,0.2588,1,0.125,0,1,8.377,0,0
666.44,0.394,-0.581,0,0,0,-0.866,-0.5,0,0.0,0,0,11.512,0,0
337.05,0.971,-0.192,0,0,0,-0.2588,-0.9659,0,0.0,0,2,10.594,1,0
198.63,0.293,-0.619,0,0,0,0.5,-0.866,0,0.2,0,0,11.45,0,1
1238.31,0.329,-0.606,0,0,0,-0.866,0.5,0,0.1,0,2,8.462,0,0
2048.87,0.712,-0.308,0,0,0,-0.7071,0.7071,0,0.1,0,2,10.516,1,0
4358.26,0.256,-5.0,1,0,0,0.0,-1.0,0,0.0,0,0,12.801,0,0
341.59,0.644,-0.333,0,0,0,0.866,-0.5,0,0.0,0,2,9.833,0,0
11.47,0.01,-0.705,0,0,0,-0.7071,-0.7071,2,0.2,4,5,2.941,0,1
1215.89,1.187,0.348,0,0,0,0.866,-0.5,0,0.0,0,1,8.997,0,0
1045.12,0.274,-0.743,0,0,0,-1.0,-0.0,0,0.1,0,1,9.984,0,0
2066.79,0.207,-0.819,0,0,0,0.866,-0.5,1,0.167,0,0,12.308,0,1
17290.93,2.863,1.278,0,0,0,-0.5,-0.866,0,0.1,0,2,10.685,1,0
2040.07,1.093,0.418,0,0,1,0.9659,0.2588,0,0.0,0,0,11.876,0,0
506.87,0.333,-0.621,0,0,0,-0.2588,-0.9659,0,0.0,0,0,12.557,0,0
227.2,0.363,-0.574,0,0,0,0.7071,-0.7071,0,0.1,1,1,8.04,1,0
2975.14,0.778,-0.16,0,0,0,0.7071,-0.7071,0,0.0,0,0,12.423,1,0
2831.16,0.955,-0.031,0,0,0,0.2588,-0.9659,0,0.0,0,1,10.64,0,0
86227.73,20.949,15.0,1,0,1,0.9659,0.2588,0,0.0,0,2,9.89,0,1
1065.84,1.942,8.813,0,0,0,0.7071,-0.7071,0,0.25,0,1,11.21,0,0
5643.91,1.013,0.01,0,0,0,-0.9659,-0.2588,0,0.1,0,0,12.249,1,0
1180.71,0.597,-0.874,0,0,0,0.5,-0.866,0,0.1,0,0,12.575,2,0
421.69,0.571,-0.392,0,0,0,-0.866,0.5,0,0.0,0,0,12.965,0,0
5492.4,1.216,0.19,0,0,0,-1.0,-0.0,1,0.1,0,0,12.274,0,0
2646.28,0.445,-0.557,0,0,0,-0.9659,-0.2588,0,0.0,0,1,11.215,0,0
1291.7,1.0,0.0,0,0,0,-0.7071,0.7071,0,0.0,0,0,14.768,0,0
911.98,0.7,-0.245,0,0,0,-0.7071,0.7071,1,0.2,0,0,11.509,0,0
2186.67,0.247,-0.514,0,0,0,-0.9659,0.2588,0,0.0,0,0,11.865,1,0
403.23,1.268,0.723,0,0,0,-0.5,-0.866,0,0.0,0,0,13.091,1,0
1187.52,0.608,-0.341,0,0,0,-0.9659,0.2588,0,0.0,0,0,11.672,1,0
9451.7,7.159,15.0,1,0,0,-0.2588,-0.9659,0,0.0,0,0,12.727,4,1
714.76,1.119,0.144,0,0,0,0.2588,-0.9659,0,0.1,0,1,8.717,3,0
1526.55,1.652,0.424,0,0,0,-0.2588,-0.9659,0,0.2,0,1,10.727,0,0
590.6,0.671,-5.0,0,0,0,-1.0,-0.0,0,0.0,0,0,11.48,1,0
355.67,0.508,-1.121,0,0,0,-0.9659,0.2588,0,0.0,0,1,9.824,0,0
993.07,0.314,-0.62,0,0,0,-0.7071,-0.7071,0,0.1,0,0,12.281,0,0
719.1,1.012,0.006,0,0,0,-0.5,0.866,0,0.0,1,2,7.916,1,0
37.86,0.02,-0.712,0,0,0,-0.2588,-0.9659,1,0.2,4,4,3.209,1,1
1104.34,0.336,-0.514,0,0,0,-0.5,-0.866,0,0.0,0,2,10.213,0,0
2866.22,0.446,-0.571,0,0,0,-0.2588,0.9659,0,0.0,0,2,10.487,0,0
2414.13,0.665,-0.489,0,0,0,-1.0,-0.0,0,0.143,0,0,12.326,1,0
857.35,0.19,-0.356,0,0,0,-0.9659,-0.2588,0,0.2,0,1,10.927,1,1
1716.66,0.599,-0.354,0,0,0,-0.5,-0.866,0,0.0,0,0,11.457,0,0
2212.05,1.0,0.0,0,0,0,0.5,-0.866,0,0.0,0,0,14.768,0,0
1274.48,1.0,0.0,0,0,0,0.2588,-0.9659,0,0.0,0,0,14.768,0,0
1398.49,0.114,-0.983,0,0,0,0.5,-0.866,0,0.0,0,0,11.486,1,0
1377.62,1.869,2.285,0,0,0,1.0,0.0,0,0.143,0,1,10.575,1,1
5306.97,9.63,5.357,0,0,0,-0.7071,-0.7071,0,0.1,0,0,12.977,3,0
1691.14,1.293,0.306,0,0,0,0.866,-0.5,0,0.0,0,1,9.756,2,0
23645.64,2.976,2.116,0,0,0,-0.7071,0.7071,0,0.1,0,1,11.206,2,1
840.21,0.595,-0.387,0,0,0,-0.7071,0.7071,0,0.1,0,1,10.79,1,0
1311.02,0.676,-0.274,0,0,0,0.866,-0.5,0,0.0,0,1,9.137,1,0
9950.5,1.68,0.565,0,0,1,0.5,0.866,0,0.1,0,1,9.408,1,0
4540.21,3.966,3.046,0,0,0,0.7071,-0.7071,0,0.0,0,1,10.984,0,0
616.85,0.296,-0.568,0,0,0,-0.5,0.866,0,0.0,0,0,12.03,0,0
718.06,0.644,-0.565,0,1,0,0.0,-1.0,0,0.0,0,3,9.701,0,0
20690.67,3.629,1.82,0,0,0,-0.7071,0.7071,0,0.1,1,4,6.982,0,0
681.07,1.008,0.005,0,0,0,-0.7071,0.7071,0,0.0,0,1,8.803,0,0
2491.9,0.636,-0.299,0,0,0,-0.2588,-0.9659,0,0.0,0,0,12.134,0,0
2587.06,0.927,-0.068,0,0,0,-0.866,-0.5,0,0.0,0,1,11.272,0,0
12758.17,4.389,2.613,0,0,0,0.2588,-0.9659,0,0.0,0,2,8.642,0,0
2522.78,0.943,-0.064,0,0,0,-0.2588,0.9659,0,0.0,0,1,11.273,0,0
465.44,0.228,-0.679,0,0,0,-0.9659,0.2588,0,0.1,0,2,9.845,1,0
780.21,0.987,-0.011,0,0,0,-0.5,0.866,0,0.1,0,1,10.629,0,0
452.74,0.646,-0.757,1,0,0,-0.5,-0.866,0,0.0,0,1,11.038,1,0
1832.8,1.904,1.089,0,0,0,-0.7071,-0.7071,0,0.0,0,1,8.485,0,0
1460.53,1.113,0.367,0,0,0,-0.7071,0.7071,0,0.2,0,0,11.376,1,0
868.04,1.506,0.0,0,0,0,-0.866,0.5,0,0.0,0,1,9.274,0,0
718.53,0.588,-0.567,0,0,0,0.2588,-0.9659,0,0.1,0,2,8.379,1,0
8940.57,1.788,1.033,0,0,0,0.9659,-0.2588,0,0.0,2,3,7.036,4,1
13971.32,5.196,3.248,0,0,0,-0.7071,0.7071,0,0.0,0,1,11.351,1,0
1542.23,0.444,-0.492,0,0,0,-0.9659,-0.2588,0,0.3,0,1,9.626,0,0
54.37,0.039,-0.871,0,0,0,-0.2588,-0.9659,0,0.2,24,25,3.478,0,1
1453.37,0.346,-0.596,0,0,0,-0.866,0.5,0,0.3,0,0,11.932,0,0
2226.74,0.76,-0.229,0,0,0,-0.7071,0.7071,0,0.1,0,3,9.87,1,0
7391.56,4.964,3.005,0,0,1,0.7071,0.7071,0,0.3,0,0,12.319,0,0
1662.12,1.0,0.0,0,0,0,1.0,0.0,0,0.0,0,0,14.768,1,0
254.83,0.195,-0.58,0,0,0,-0.2588,-0.9659,0,0.0,0,0,12.073,0,0
315.35,0.382,-0.657,0,0,0,-0.7071,-0.7071,0,0.0,0,0,12.362,1,0
199.34,0.196,-0.727,1,0,0,-1.0,-0.0,0,0.0,1,1,5.198,0,0
765.18,0.745,-0.226,0,0,0,-0.866,0.5,0,0.0,0,1,11.125,1,0
329.62,0.133,0.0,1,1,0,0.5,-0.866,0,0.0,0,0,13.155,0,0
2560.74,0.733,-0.823,1,0,0,0.5,-0.866,0,0.1,0,1,8.665,0,0
44.47,0.041,-1.187,0,0,0,-0.5,0.866,0,0.2,7,8,0.969,0,1
1332.43,0.409,-0.528,0,0,0,-0.5,0.866,0,0.0,0,3,9.223,0,0
6870.63,4.32,3.327,0,0,0,-0.866,-0.5,0,0.0,0,1,11.356,0,0
522.5,0.579,-0.329,0,0,0,1.0,0.0,1,0.1,0,2,8.679,1,0
1543.7,0.761,-0.281,0,0,0,-1.0,-0.0,0,0.1,0,3,10.17,0,0
704.75,0.313,-0.564,0,0,0,0.5,-0.866,0,0.0,0,1,10.604,1,0
679.64,0.244,-1.096,0,0,0,0.0,-1.0,0,0.1,0,2,9.963,0,0
4135.61,1.312,0.239,0,0,0,0.0,-1.0,0,0.1,0,2,11.133,0,0
617.95,0.92,-0.196,0,0,0,0.2588,-0.9659,1,0.2,0,0,11.678,0,0
12.37,0.003,-0.841,0,0,0,-0.9659,0.2588,2,0.2,3,3,2.604,0,1
1534.99,0.989,-0.008,0,0,0,0.866,-0.5,0,0.1,0,0,12.564,0,0
681.98,0.267,-0.618,0,0,0,-1.0,-0.0,0,0.0,0,0,12.105,0,0
2114.22,1.347,0.321,0,0,0,0.7071,-0.7071,0,0.0,0,2,10.408,1,0
692.91,2.046,3.021,0,0,0,-0.9659,0.2588,0,0.111,0,2,9.37,2,0
1289.43,0.781,0.0,0,0,0,-0.7071,0.7071,0,0.0,0,0,11.752,0,0
513.44,0.649,-1.256,0,0,0,0.866,-0.5,0,0.0,0,1,9.913,0,0
503.83,0.323,-0.625,0,0,0,-0.5,-0.866,0,0.2,0,2,10.531,0,0
6473.68,1.969,1.42,0,0,0,-0.866,-0.5,0,0.25,2,2,7.222,2,1
1104.28,1.017,0.013,0,0,0,0.9659,-0.2588,0,0.0,0,1,11.171,0,0
512.25,0.528,-0.441,0,0,0,0.7071,-0.7071,0,0.1,0,1,11.031,0,0
1023.1,1.188,0.386,0,0,0,0.5,-0.866,0,0.1,0,0,12.692,1,0
2332.95,1.264,0.262,0,0,0,-0.9659,-0.2588,0,0.0,0,1,11.087,0,0
13430.91,1.41,0.647,0,0,0,-0.9659,-0.2588,0,0.25,2,3,7.349,2,1
458.36,0.98,-0.035,0,0,0,1.0,0.0,0,0.0,0,3,10.439,0,0
2268.07,1.0,0.0,0,0,0,-0.866,0.5,0,0.0,0,0,14.768,2,0
1358.29,0.297,-0.636,0,0,0,0.2588,-0.9659,0,0.0,0,0,11.502,0,0
3825.58,0.781,-0.487,0,0,0,-0.866,0.5,0,0.0,0,2,9.876,0,0
3050.81,2.309,2.205,0,0,0,-0.5,0.866,0,0.0,0,0,13.408,0,0
1946.21,1.106,0.104,0,0,0,0.5,-0.866,0,0.1,0,3,10.147,1,0
734.79,0.392,-0.44,0,0,0,-0.2588,-0.9659,0,0.1,0,2,8.663,2,0
1839.15,0.364,-0.495,0,0,0,-0.866,0.5,0,0.0,0,1,10.972,0,0
1397.91,1.345,0.337,0,0,0,-0.5,-0.866,0,0.1,0,0,11.872,1,0
837.12,0.974,-0.046,0,0,0,-1.0,-0.0,0,0.0,1,2,8.188,0,0
310.02,0.908,-0.216,0,0,0,-0.2588,0.9659,0,0.1,0,0,11.434,0,0
506.0,0.302,-1.616,0,0,0,0.9659,-0.2588,0,0.143,0,0,11.756,1,0
845.92,0.889,-0.102,0,0,0,-0.2588,0.9659,0,0.0,0,0,12.083,1,0
312.31,0.627,-0.4,0,0,0,-0.866,-0.5,0,0.167,0,0,11.664,1,0
94111.21,11.976,6.079,1,0,0,-0.866,-0.5,0,0.0,0,8,9.451,2,1
1365.64,0.693,-0.292,0,0,0,0.866,-0.5,1,0.2,0,0,11.828,1,0
1582.36,0.444,-0.506,0,0,0,-1.0,-0.0,0,0.2,0,1,10.139,1,0
1065.92,0.842,-0.148,0,0,0,-0.5,0.866,0,0.1,0,15,9.403,0,0
1051.03,0.324,-0.516,0,0,0,-0.5,0.866,0,0.0,0,0,12.274,0,0
14474.92,6.037,5.169,1,0,1,0.9659,0.2588,0,0.0,0,2,8.758,0,1
367.65,0.555,0.0,0,0,0,-0.5,-0.866,0,0.0,0,0,13.595,2,0
8139.72,1.169,0.092,1,0,0,-0.2588,0.9659,0,0.1,0,5,8.737,3,0
2947.07,0.906,-0.185,0,0,0,-0.9659,-0.2588,0,0.111,0,1,9.991,0,0
4516.54,5.103,3.406,0,0,0,-0.9659,-0.2588,0,0.0,0,2,10.996,0,0
478.56,0.419,-0.333,0,0,0,-0.866,-0.5,0,0.0,0,0,13.414,1,0
37.76,0.016,-0.564,0,0,0,0.7071,-0.7071,0,0.2,12,12,4.056,0,1
517.35,0.371,0.0,0,0,0,-1.0,-0.0,0,0.0,0,0,12.468,0,0
3884.84,0.943,-0.05,0,0,0,-1.0,-0.0,0,0.0,0,2,8.265,0,0
569.0,0.691,-1.273,0,0,0,-0.5,-0.866,0,0.0,0,1,10.831,0,0
1761.74,2.848,3.662,0,0,0,0.0,-1.0,0,0.0,0,1,11.143,1,0
936.83,0.47,-0.41,0,1,0,-0.9659,0.2588,0,0.0,0,0,12.656,1,0
964.86,0.543,-0.396,0,0,0,-0.866,0.5,0,0.0,0,1,9.608,0,0
2079.1,0.761,-0.206,0,0,0,-0.5,-0.866,0,0.0,0,1,9.78,0,0
941.2,0.375,-0.581,0,0,0,-0.866,0.5,0,0.0,0,0,11.824,0,0
752.43,0.21,-0.682,0,0,0,-0.866,-0.5,0,0.0,0,0,12.131,0,0
663.82,0.349,-0.483,0,0,0,0.9659,-0.2588,0,0.1,0,1,9.552,2,0
707.97,0.344,-0.639,0,0,0,-0.2588,-0.9659,0,0.0,0,0,11.519,1,0
6525.38,9.236,15.0,0,0,0,-1.0,-0.0,1,0.25,0,1,10.734,0,0
7193.35,2.106,0.976,0,0,0,-0.5,0.866,0,0.1,0,1,9.803,0,0
941.02,0.646,-0.657,0,0,0,0.0,-1.0,0,0.0,0,0,11.387,1,0
676.16,0.14,-0.842,0,0,0,0.2588,-0.9659,0,0.0,0,0,12.202,0,0
9307.88,3.651,2.521,0,0,0,-0.9659,0.2588,0,0.1,1,1,8.188,0,0
32.34,0.039,-0.736,0,0,0,-0.9659,-0.2588,0,0.3,23,23,4.527,0,1
1194.09,0.567,-0.421,0,0,0,-0.5,-0.866,0,0.0,1,1,7.678,1,0
557.39,0.932,-0.056,1,0,0,0.7071,-0.7071,0,0.1,0,4,10.381,0,0
2290.14,1.0,0.0,0,0,0,-0.9659,-0.2588,0,0.0,0,0,14.768,1,0
491.09,0.743,-0.247,0,0,0,-0.5,-0.866,0,0.0,0,2,10.742,1,0
1469.07,1.0,0.0,0,0,0,-0.9659,-0.2588,0,0.0,0,0,14.768,1,0
1285.82,1.841,0.0,0,0,0,-0.5,0.866,0,0.0,0,0,13.318,1,0
937.82,1.179,0.378,0,0,0,-0.866,-0.5,0,0.0,0,0,11.826,0,0
1883.79,1.124,0.233,0,0,0,-0.7071,0.7071,0,0.0,0,2,10.316,0,0
785.74,1.14,0.114,0,0,0,-1.0,-0.0,0,0.0,0,2,10.376,0,0
267.17,0.364,-0.65,0,0,0,0.9659,-0.2588,0,0.0,1,2,7.76,0,0
268.37,0.716,-0.33,0,0,0,0.2588,-0.9659,0,0.2,0,1,10.704,0,0
4235.82,1.507,0.963,0,0,0,-1.0,-0.0,0,0.1,0,1,11.312,2,0
1979.28,1.271,0.265,0,0,0,-0.7071,-0.7071,0,0.1,0,1,11.361,1,1
2.4,0.0,-0.829,0,0,1,0.5,0.866,1,0.5,8,8,1.379,0,1
33.94,0.025,-1.772,0,0,1,0.9659,0.2588,1,0.1,4,4,2.671,1,1
1985.68,1.131,0.114,0,0,0,-1.0,-0.0,0,0.1,0,1,9.772,0,0
570.99,0.619,-0.703,1,0,0,0.5,-0.866,0,0.0,0,1,10.987,1,0
1757.18,0.904,-2.395,0,0,0,-0.2588,0.9659,1,0.4,0,1,10.333,0,0
1727.28,1.153,0.109,0,0,0,-0.2588,0.9659,0,0.0,0,0,12.335,1,0
928.29,0.488,-0.5,0,0,0,0.5,-0.866,0,0.0,0,1,11.155,0,0
296.93,0.807,-0.546,0,0,0,0.0,-1.0,0,0.0,0,2,9.524,1,0
1016.33,1.261,1.707,0,1,0,-1.0,-0.0,0,0.0,0,4,9.059,1,0
4035.7,1.843,0.0,0,0,0,-0.7071,-0.7071,1,0.5,1,1,7.247,3,1
19.53,0.005,-0.802,0,1,0,-0.9659,0.2588,0,0.2,6,6,2.999,0,1
1480.63,1.247,0.327,0,0,0,0.7071,-0.7071,0,0.0,0,3,10.389,1,0
456.22,0.174,-0.404,0,0,0,-0.7071,0.7071,0,0.2,0,0,11.512,1,0
1012.21,0.742,-0.517,0,0,0,0.5,-0.866,1,0.2,0,0,12.498,2,0
1598.98,0.547,-3.535,0,0,0,-0.866,-0.5,0,0.0,0,0,12.823,2,0
580.98,0.431,-0.462,0,0,0,0.0,-1.0,0,0.0,0,2,9.218,0,0
1193.6,0.433,0.0,0,0,0,-0.2588,0.9659,0,0.0,0,1,10.856,1,0
2977.45,1.062,0.115,0,0,0,-1.0,-0.0,0,0.1,0,0,11.904,2,0
9070.62,10.175,8.522,1,1,0,-0.7071,-0.7071,0,0.1,0,1,10.781,0,1
776.79,1.472,0.213,1,0,0,-0.9659,-0.2588,0,0.2,0,32,10.938,0,0
944.16,1.087,0.095,0,0,0,-0.7071,0.7071,0,0.1,0,0,13.086,1,0
6839.55,1.583,0.999,0,0,0,0.0,-1.0,0,0.1,0,3,10.494,0,1
179.42,0.186,-0.582,0,0,0,-0.866,0.5,0,0.0,0,3,10.046,2,0
656.74,1.147,0.0,0,0,0,-0.866,-0.5,0,0.5,1,1,7.973,1,0
310.42,0.795,-0.652,1,0,0,-0.7071,0.7071,0,0.0,0,1,11.2,0,0
305.64,0.503,-1.427,0,0,0,0.5,-0.866,0,0.0,0,1,11.312,3,0
30.18,0.018,-0.558,0,0,1,0.866,0.5,3,0.5,26,26,4.153,1,1
1774.53,1.013,0.012,0,0,0,-0.5,0.866,0,0.1,0,3,10.551,0,0
2642.04,0.839,-0.258,0,0,0,0.0,-1.0,0,0.0,1,2,7.617,0,0
1.58,0.0,-0.843,0,0,0,-0.9659,0.2588,5,0.5,6,6,0.97,0,1
721.64,1.374,0.92,1,0,0,0.2588,-0.9659,0,0.0,0,0,11.613,0,0
282.7,0.3,-0.55,0,0,0,0.7071,-0.7071,0,0.0,0,0,11.407,0,0
923.14,0.95,-0.049,1,0,0,0.2588,-0.9659,0,0.0,0,1,11.038,0,0
7467.22,6.613,10.688,0,0,0,0.866,-0.5,0,0.2,0,2,10.792,2,0
1148.17,0.883,-0.141,0,0,0,-0.5,-0.866,0,0.0,0,1,11.02,0,0
1217.05,1.891,3.468,0,0,0,-0.2588,-0.9659,0,0.0,0,3,9.473,0,0
3601.26,1.0,0.0,0,0,0,-1.0,-0.0,0,0.0,0,0,14.768,0,0
1226.22,0.232,-1.015,0,0,0,-0.2588,-0.9659,2,1.0,0,0,11.818,1,0
2628.15,0.823,-0.315,0,0,0,-0.9659,0.2588,0,0.0,0,0,12.709,1,0
2221.45,0.632,-0.337,0,0,0,-0.866,0.5,0,0.1,0,2,10.457,2,0
962.41,0.547,-0.402,0,0,0,-0.866,0.5,0,0.1,0,0,12.41,1,0
2938.32,0.165,0.0,0,0,1,0.9659,0.2588,0,0.0,0,1,9.865,0,1
1475.69,0.551,-0.395,0,0,0,0.5,-0.866,0,0.1,0,3,10.299,1,0
7.9,0.015,-0.531,0,0,0,-0.9659,0.2588,3,0.7,15,15,1.577,0,1
43.51,0.075,-0.577,0,0,1,0.0,1.0,4,0.6,18,18,4.801,0,1
4812.43,1.43,1.179,0,0,0,0.0,-1.0,0,0.0,0,0,11.746,0,0
1834.93,0.506,-0.547,0,0,0,0.866,-0.5,0,0.1,0,0,11.938,0,0
679.68,1.247,0.603,0,0,1,0.5,0.866,0,0.0,0,1,11.289,3,0
1600.87,0.524,-0.47,0,0,0,-0.866,-0.5,0,0.1,0,1,11.127,1,0
314.14,0.842,-0.516,0,0,0,-0.9659,0.2588,0,0.0,0,1,11.117,0,0
6280.27,3.365,7.779,0,0,1,0.5,0.866,1,0.25,1,1,6.439,3,1
1861.4,0.24,-0.702,1,0,0,-1.0,-0.0,0,0.0,0,1,10.306,1,0
881.16,0.503,-0.419,0,0,0,-0.7071,0.7071,0,0.2,0,2,9.01,0,0
5065.34,2.732,1.699,0,0,0,-0.7071,-0.7071,0,0.2,0,1,9.489,2,0
587.99,0.451,-0.459,0,0,0,-0.866,0.5,1,0.3,0,0,12.062,0,0
6287.84,2.453,0.0,0,0,0,-0.2588,-0.9659,0,0.0,0,1,10.17,0,0
6604.69,1.494,0.366,0,0,0,0.0,-1.0,0,0.0,0,0,11.429,0,0
446.7,1.0,0.0,0,0,0,0.866,-0.5,0,0.0,0,0,14.768,0,0
2449.61,0.367,-0.531,0,0,0,-0.5,-0.866,0,0.0,0,0,11.814,0,0
42.69,0.041,-0.71,0,0,0,-0.7071,0.7071,1,0.6,13,14,1.836,0,1
831.59,1.235,0.142,0,0,0,-0.2588,0.9659,0,0.0,0,1,10.912,1,0
533.67,0.322,-0.378,0,0,0,0.2588,-0.9659,0,0.1,0,0,12.711,0,0
484.15,0.175,-2.424,0,1,0,-1.0,-0.0,0,0.0,0,0,14.645,1,0
880.57,0.731,-0.419,0,0,0,0.2588,-0.9659,0,0.0,0,1,11.177,0,0
1522.63,0.692,-0.542,0,0,0,-0.5,0.866,0,0.0,0,0,11.499,0,0
643.29,0.831,-0.829,0,0,0,0.866,-0.5,0,0.2,0,0,11.462,0,0
281.5,0.864,-0.145,0,0,0,-0.9659,0.2588,0,0.0,0,1,11.084,0,0
1084.32,0.665,-0.318,0,0,0,-0.866,0.5,0,0.0,0,0,11.724,0,0
1047.17,0.406,-1.354,0,0,0,-0.866,-0.5,1,0.1,0,1,9.21,0,0
1044.01,0.461,-0.476,0,0,0,0.0,-1.0,0,0.0,0,0,12.256,0,0
2534.42,1.0,0.0,0,0,0,-0.2588,0.9659,0,0.0,0,0,14.768,1,0
683.08,0.658,-0.309,0,0,0,-0.9659,0.2588,0,0.0,0,1,10.664,1,0
3050.45,1.8,0.902,0,0,0,0.7071,-0.7071,0,0.0,0,0,11.472,2,0
1601.65,0.579,-0.31,0,0,0,0.2588,-0.9659,0,0.0,0,0,11.915,0,0
1424.95,1.145,0.12,0,0,0,0.5,-0.866,0,0.1,1,2,7.895,1,0
45.51,0.157,-0.849,0,0,0,0.866,-0.5,0,0.3,18,20,3.176,0,1
1739.2,0.977,-0.025,0,0,0,-0.9659,0.2588,0,0.1,0,2,10.718,0,0
608.63,0.464,-0.694,0,0,0,-1.0,-0.0,0,0.1,0,2,10.224,1,0
340.7,0.506,-0.236,0,0,0,0.2588,-0.9659,0,0.0,0,0,12.918,1,0
707.72,0.84,-0.156,0,0,0,0.9659,-0.2588,0,0.0,0,1,10.93,0,0
2713.26,1.257,0.177,0,0,0,0.5,-0.866,0,0.0,0,1,10.77,0,0
3960.44,1.0,0.0,0,0,0,-0.5,0.866,0,0.0,0,0,14.768,0,0
2525.31,0.728,-0.238,0,0,0,-0.2588,0.9659,0,0.1,0,1,9.112,0,0
4797.75,2.767,1.645,0,0,1,0.7071,0.7071,0,0.1,0,1,10.399,1,0
1246.31,0.361,-0.619,0,0,0,-1.0,-0.0,0,0.0,0,0,11.662,0,0
778.43,0.748,-0.207,0,0,0,0.7071,-0.7071,1,0.1,0,1,11.224,0,0
12885.05,5.747,3.723,0,0,0,-0.2588,-0.9659,0,0.0,0,0,11.381,0,0
3018.38,0.965,-0.029,0,0,0,0.0,-1.0,0,0.0,0,1,11.295,0,0
2490.33,0.578,-0.394,0,0,0,0.7071,-0.7071,0,0.0,0,3,9.901,1,0
6377.46,1.0,0.0,0,0,0,1.0,0.0,0,0.0,0,0,14.768,0,0
20225.62,5.453,7.462,0,0,0,-1.0,-0.0,0,0.0,0,0,12.695,0,0
1496.24,0.59,-0.348,0,0,0,0.9659,-0.2588,0,0.0,0,0,12.664,1,0
3988.43,0.809,-0.164,0,0,0,-0.9659,-0.2588,0,0.111,0,0,11.516,1,0
9716.55,2.276,1.162,0,0,0,0.2588,-0.9659,0,0.2,0,2,10.598,0,0
1283.79,1.513,0.955,0,0,0,1.0,0.0,0,0.0,0,2,11.042,1,0
842.0,0.526,-0.665,0,0,0,-0.2588,0.9659,0,0.0,0,0,12.524,1,0
2291.86,0.466,-0.772,0,0,0,-0.7071,-0.7071,0,0.0,0,0,12.541,0,0
2442.57,0.958,-0.042,0,0,0,-1.0,-0.0,0,0.1,0,2,9.693,0,0
938.88,1.719,0.6,0,1,0,-1.0,-0.0,0,0.0,0,0,12.761,0,0
2199.38,0.625,-0.362,0,1,0,-0.866,-0.5,0,0.0,0,0,11.382,0,0
969.13,1.888,1.853,0,0,0,-1.0,-0.0,0,0.1,0,1,10.545,1,0
5319.91,1.138,0.0,0,0,0,-0.2588,0.9659,0,0.5,0,0,11.887,0,0
25.96,0.026,-0.857,0,0,0,-0.9659,-0.2588,0,0.4,15,15,2.982,0,1
7432.93,5.12,3.852,0,0,0,0.2588,-0.9659,0,0.1,0,1,11.18,1,0
369.44,0.812,-0.446,0,0,0,0.7071,-0.7071,0,0.0,0,1,11.243,1,0
4269.68,0.913,-0.077,0,0,0,-0.866,-0.5,0,0.0,0,2,10.72,0,0
3340.54,1.158,0.184,0,0,0,0.2588,-0.9659,0,0.0,0,1,10.611,3,0
930.1,1.025,0.034,0,0,0,-0.9659,0.2588,0,0.1,0,1,11.095,0,0
2831.02,1.248,0.163,0,0,0,-1.0,-0.0,0,0.0,0,1,9.017,0,0
2009.43,2.189,3.482,0,0,0,0.7071,-0.7071,0,0.0,0,0,11.996,1,0
808.46,0.486,-5.0,0,0,0,0.0,-1.0,0,0.0,0,0,12.267,1,0
1813.34,0.805,-0.146,0,0,0,-0.7071,0.7071,0,0.0,0,3,8.334,1,0
801.43,0.859,-0.132,0,0,0,0.866,-0.5,0,0.0,0,1,10.402,0,0
8654.98,2.528,1.371,0,0,0,-0.866,0.5,0,0.111,0,0,11.689,1,0
5272.48,1.525,1.597,0,0,0,-1.0,-0.0,0,0.0,0,2,8.998,0,0
4428.47,1.477,1.075,0,0,0,0.0,-1.0,0,0.1,0,3,10.236,0,0
857.35,0.446,-0.483,0,0,0,-0.5,-0.866,0,0.0,0,3,9.795,0,0
17852.03,3.352,1.915,0,0,0,-1.0,-0.0,0,0.0,0,0,12.443,1,0
904.96,0.529,-0.418,0,0,0,-0.866,0.5,0,0.0,0,2,8.878,1,0
3402.53,0.55,-0.366,0,0,0,0.5,-0.866,0,0.222,0,0,11.758,1,0
2649.84,5.404,0.0,0,0,0,-0.5,0.866,0,0.0,0,1,10.176,1,0
488.79,0.365,-0.791,0,0,0,-0.9659,0.2588,0,0.1,0,3,10.605,1,0
1301.69,0.442,-0.843,0,0,0,0.0,-1.0,0,0.0,0,0,12.156,3,0
2673.55,1.054,0.042,0,0,0,-0.2588,0.9659,0,0.2,0,1,9.773,0,0
42.56,0.24,-0.51,0,0,0,-0.9659,0.2588,0,0.2,10,10,3.477,0,1
526.69,0.12,-0.821,0,0,0,-0.866,-0.5,1,0.2,0,2,10.652,0,0
10260.16,1.0,0.0,0,0,0,-0.5,-0.866,0,0.0,0,0,14.768,0,0
1593.06,0.324,-0.72,0,1,0,-0.866,-0.5,0,0.0,0,2,10.042,0,0
2427.98,8.614,15.0,0,0,0,-0.2588,-0.9659,0,0.0,0,0,12.681,0,0
4148.83,1.516,0.888,0,0,0,-0.9659,0.2588,0,0.0,2,2,4.641,2,1
5939.87,1.546,0.406,0,0,0,0.2588,-0.9659,0,0.3,0,3,9.331,0,0
1436.97,0.968,-0.027,0,0,0,-0.5,-0.866,1,0.3,0,1,8.296,0,0
2377.27,1.244,0.326,0,0,0,-0.5,0.866,0,0.1,0,3,10.021,0,0
355.06,0.69,-0.582,0,0,0,-0.9659,0.2588,0,0.111,0,0,11.835,1,0
1727.35,0.384,-0.573,0,0,0,1.0,0.0,0,0.1,0,3,10.902,1,0
793.8,0.599,-0.497,0,0,0,-0.2588,-0.9659,0,0.1,0,1,9.899,1,0
1132.38,1.006,0.004,0,0,0,0.2588,-0.9659,0,0.0,0,1,10.95,1,0
476.0,0.49,-0.642,0,0,0,-0.7071,0.7071,0,0.2,0,0,11.421,0,0
2294.8,0.619,-0.38,0,0,0,-0.2588,0.9659,0,0.1,0,2,11.139,0,0
1031.66,1.011,0.023,0,0,0,0.0,-1.0,0,0.0,0,0,12.308,1,0
1026.45,1.0,0.0,0,0,0,0.2588,-0.9659,0,0.0,0,0,14.768,0,0
5382.2,1.238,0.187,0,0,0,0.2588,-0.9659,0,0.0,0,3,9.018,1,0
326.43,0.467,-0.451,0,0,0,-0.9659,0.2588,0,0.0,0,1,8.297,0,0
842.44,0.917,0.0,0,0,0,-0.5,-0.866,0,0.0,0,0,12.957,1,0
321.01,0.534,-0.448,0,0,0,0.5,-0.866,0,0.0,0,0,11.697,0,0
3440.07,3.566,2.497,0,0,0,-0.7071,-0.7071,0,0.1,0,1,9.258,1,0
560.3,0.964,-0.038,0,0,0,-0.7071,-0.7071,0,0.0,0,1,10.955,1,0
3751.31,1.199,0.593,0,0,0,-0.5,-0.866,0,0.111,0,1,10.263,0,0
40.25,0.025,-1.08,0,0,1,0.7071,0.7071,1,0.3,15,16,0.834,2,1
4596.47,0.875,-0.088,0,0,0,0.2588,-0.9659,0,0.0,0,0,13.059,0,0
771.72,0.478,-0.386,0,0,0,-0.5,-0.866,1,0.1,0,0,11.651,1,0
3185.59,1.702,1.851,0,0,0,1.0,0.0,0,0.0,0,2,8.535,1,0
2468.57,1.533,0.968,0,0,0,-0.7071,0.7071,0,0.1,0,2,8.575,2,0
17887.31,4.675,2.777,0,0,0,-0.9659,0.2588,0,0.1,0,0,11.669,0,0
1221.17,0.768,-0.184,0,0,0,-0.866,0.5,0,0.0,0,2,9.936,1,0
333.0,0.159,-1.855,0,0,0,-0.866,-0.5,0,0.125,0,2,9.482,0,0
883.75,0.87,-0.167,0,0,0,-0.9659,0.2588,0,0.0,0,3,10.077,1,0
57851.1,19.296,8.47,1,0,1,0.7071,0.7071,0,0.1,0,27,9.561,0,1
252.6,0.248,-0.597,0,0,0,0.866,-0.5,0,0.0,0,1,10.09,0,0
3413.65,3.662,2.033,0,0,0,0.5,-0.866,0,0.1,0,1,9.254,0,0
1688.73,0.295,-0.799,0,0,0,-0.9659,0.2588,0,0.0,0,1,10.929,1,0
1093.16,0.192,-0.926,0,0,0,0.2588,-0.9659,0,0.0,0,0,13.042,0,0
292.92,0.33,-0.692,0,0,0,-0.2588,-0.9659,0,0.1,0,1,11.214,1,0
350.1,1.0,0.0,0,0,0,-0.7071,0.7071,0,0.0,0,0,14.768,1,0
938.91,0.651,-0.263,0,0,0,-0.7071,0.7071,0,0.1,0,2,9.044,0,0
730.88,1.36,0.272,0,0,0,0.5,-0.866,0,0.2,0,0,11.807,0,0
13.97,0.025,-0.589,0,0,1,0.0,1.0,0,0.6,19,19,3.578,0,1
315.05,0.375,-0.487,0,0,0,0.7071,-0.7071,0,0.0,0,0,11.379,2,0
583.29,0.175,-0.924,0,0,0,-0.866,0.5,0,0.0,0,2,9.717,0,0
2166.46,1.415,0.361,0,0,0,0.0,-1.0,0,0.0,0,3,8.966,1,0
573.57,0.74,-0.249,0,0,0,-0.9659,0.2588,1,0.1,0,3,9.384,1,0
21.12,0.12,-0.564,0,0,0,-0.7071,-0.7071,0,0.3,26,26,3.985,1,1
875.09,0.574,-1.27,0,0,0,0.5,-0.866,0,0.0,0,1,10.732,0,0
10.29,0.001,-0.667,0,0,0,-0.2588,0.9659,0,0.1,6,6,2.468,0,1
1342.74,0.661,-0.414,0,0,0,-0.866,0.5,0,0.3,0,2,9.139,0,0
903.1,0.501,-0.911,0,0,0,0.0,-1.0,0,0.0,0,3,9.45,0,0
1023.1,1.102,0.096,0,0,0,-0.7071,0.7071,0,0.0,0,2,10.179,1,0
1890.31,5.004,0.0,1,0,0,-0.9659,0.2588,0,0.0,0,0,12.876,0,0
371.96,0.589,-0.377,0,0,1,0.9659,0.2588,0,0.0,0,2,10.986,0,0
12649.44,5.342,4.347,0,0,0,-0.5,-0.866,0,0.0,0,0,12.491,2,0
268.05,0.34,-1.108,0,0,0,-0.7071,0.7071,0,0.0,0,4,10.519,0,0
721.91,0.999,-0.001,0,0,0,0.7071,-0.7071,0,0.0,0,1,10.785,1,0
788.37,0.303,0.0,0,0,0,-0.7071,0.7071,0,0.0,0,0,13.772,0,0
166.52,0.394,-0.761,0,0,0,0.866,-0.5,0,0.1,0,1,11.22,1,0
2988.58,1.636,2.758,0,0,0,-0.866,0.5,0,0.0,0,0,11.429,0,0
256.75,0.548,-1.114,0,0,1,0.9659,0.2588,0,0.0,0,0,11.555,1,0
4300.03,1.307,0.23,0,0,0,-0.866,-0.5,0,0.0,0,2,10.116,0,0
799.45,0.2,-0.669,0,0,0,0.0,-1.0,0,0.1,0,1,11.01,0,0
963.42,0.495,-0.681,0,0,0,-1.0,-0.0,0,0.1,1,2,5.603,0,0
431.94,0.368,-0.507,0,0,0,-0.9659,0.2588,0,0.1,0,2,11.245,0,0
2.56,0.011,-0.734,0,0,0,-0.7071,-0.7071,0,0.4,15,15,1.155,1,0
6066.92,1.159,0.111,0,0,0,-0.9659,0.2588,1,0.2,0,0,11.931,1,0
1073.19,0.578,-0.413,0,0,0,0.2588,-0.9659,0,0.1,0,1,10.993,1,0
1153.82,0.597,-0.291,0,0,0,0.7071,-0.7071,0,0.2,0,0,12.15,2,0
501.69,0.661,-0.564,0,0,0,-0.5,-0.866,0,0.0,0,0,11.886,0,0
1400.12,0.609,-0.353,0,0,0,0.9659,-0.2588,0,0.1,0,0,12.486,1,0
946.01,0.876,-0.223,0,1,0,0.7071,-0.7071,0,0.2,0,1,10.397,0,0
4686.04,0.587,-0.305,0,0,0,-0.866,-0.5,0,0.1,0,0,12.043,0,0
6435.69,1.85,1.193,0,0,0,-1.0,-0.0,0,0.0,2,2,7.889,4,1
3275.07,1.566,0.534,0,0,0,0.5,-0.866,0,0.0,0,1,11.314,0,0
22642.56,7.108,12.431,0,0,0,0.0,-1.0,0,0.0,0,0,12.646,0,0
1311.8,0.966,-0.034,0,0,0,-1.0,-0.0,0,0.0,0,1,10.628,1,0
807.64,0.328,-0.501,0,0,0,-0.866,0.5,0,0.0,0,1,10.26,2,0
2325.72,1.051,0.037,0,0,0,-0.866,0.5,0,0.0,0,0,11.423,1,0
585.74,0.179,-0.836,0,0,0,-0.7071,0.7071,0,0.1,0,0,11.676,0,0
522.89,0.287,-0.633,0,0,0,-0.9659,-0.2588,0,0.1,0,0,13.018,0,0
4021.26,1.335,0.663,0,0,0,-0.2588,0.9659,0,0.0,0,0,12.647,0,0
172.63,0.281,-0.552,0,0,0,-0.866,0.5,0,0.2,0,2,9.188,0,0
35.67,0.028,-0.849,0,0,0,-0.5,-0.866,0,0.2,19,19,4.922,2,1
1030.48,0.26,0.0,0,0,0,-1.0,-0.0,0,0.0,0,1,10.293,0,0
9004.25,1.812,1.068,0,0,0,0.0,-1.0,0,0.2,3,3,6.002,3,1
3269.92,1.074,0.159,0,0,0,0.0,-1.0,0,0.0,0,3,9.439,0,0
2689.03,0.802,-0.235,0,0,0,-0.5,-0.866,0,0.2,0,1,10.531,0,0
511.19,1.014,0.013,0,0,0,-1.0,-0.0,0,0.1,1,1,5.317,1,0
1673.52,0.628,-0.334,0,0,0,-0.5,0.866,0,0.0,0,1,11.305,1,0
13206.09,17.729,14.478,0,0,0,0.7071,-0.7071,1,0.3,0,0,12.745,0,0
28049.17,6.331,6.12,0,0,0,-0.5,0.866,0,0.0,0,1,10.397,0,0
2077.72,0.748,-0.187,0,0,0,-0.5,-0.866,0,0.0,0,1,9.925,0,0
1971.38,0.284,-0.63,0,0,0,-1.0,-0.0,0,0.0,0,0,12.293,0,0
1251.53,0.342,-0.551,0,0,0,0.7071,-0.7071,0,0.0,0,2,10.544,0,0
848.58,1.132,0.092,0,0,0,-0.7071,0.7071,0,0.2,0,2,8.942,1,0
1404.94,1.139,0.192,0,0,0,0.866,-0.5,0,0.0,0,1,11.137,2,0
688.89,0.528,-0.213,0,0,0,-0.9659,0.2588,0,0.2,0,1,11.104,0,0
399.13,0.182,-0.938,0,0,0,-0.2588,0.9659,0,0.0,0,1,11.087,0,0
9004.37,6.884,15.0,0,0,0,0.0,-1.0,1,0.333,1,1,6.6,2,1
2547.12,1.0,0.0,0,0,0,-0.866,-0.5,0,0.0,0,0,14.768,2,0
260.41,0.357,-0.293,0,0,0,-0.2588,0.9659,0,0.0,0,0,12.556,1,0
1647.27,0.971,-0.08,1,0,0,0.2588,-0.9659,0,0.0,0,1,11.234,0,0
3035.16,1.0,0.0,0,0,0,-0.9659,-0.2588,0,0.0,0,0,14.768,0,0
5300.5,5.682,3.483,0,0,0,-0.2588,0.9659,0,0.0,0,1,10.558,1,0
2777.02,2.121,3.216,0,0,0,-1.0,-0.0,0,0.0,0,1,10.333,0,0
4415.93,0.55,-0.322,0,0,0,-0.2588,0.9659,0,0.2,0,0,12.411,0,0
1009.83,0.446,-0.497,0,0,0,0.7071,-0.7071,0,0.0,0,3,9.413,0,0
1828.64,0.436,-0.969,0,0,0,-0.2588,-0.9659,0,0.0,0,1,11.095,0,0
2049.56,2.482,14.357,0,0,0,-0.9659,0.2588,0,0.0,0,1,9.742,0,0
668.81,0.3,-0.634,0,0,0,0.7071,-0.7071,0,0.1,0,1,11.195,0,0
461.77,0.508,-0.39,0,0,0,1.0,0.0,0,0.0,0,2,10.918,0,0
829.86,1.01,0.036,0,0,0,0.2588,-0.9659,0,0.0,0,0,13.151,0,0
3936.59,0.594,-0.311,0,0,0,-0.9659,-0.2588,0,0.1,0,5,8.892,0,0
8632.38,2.951,1.55,0,0,0,0.866,-0.5,0,0.1,0,1,10.939,0,0
5693.63,3.087,3.78,0,0,0,-0.866,-0.5,0,0.0,0,1,11.326,2,0
681.41,0.738,-0.271,0,0,0,-1.0,-0.0,0,0.111,0,1,9.193,0,0
1094.41,1.762,1.55,0,0,0,-0.2588,0.9659,0,0.0,0,2,9.987,1,1
429.3,0.22,-0.581,1,0,0,0.5,-0.866,0,0.1,0,0,12.369,1,0
4352.52,1.086,0.076,0,0,0,-1.0,-0.0,0,0.1,0,0,11.683,0,0
1517.4,0.551,-0.399,0,0,0,-0.2588,0.9659,0,0.0,0,1,11.046,1,0
2391.1,1.212,0.202,0,0,0,-0.2588,-0.9659,0,0.0,0,1,10.849,0,0
28810.8,19.723,9.185,1,0,0,-0.5,0.866,0,0.0,0,8,9.064,0,1
334.08,0.499,-1.301,1,0,0,0.2588,-0.9659,0,0.0,0,0,12.277,1,0
5952.73,2.238,1.235,0,0,0,0.5,-0.866,0,0.0,0,1,10.433,0,0
1037.7,1.501,1.183,0,0,0,-0.866,-0.5,0,0.0,0,1,10.905,0,0
3406.96,0.538,0.0,0,0,0,0.5,-0.866,0,0.0,0,0,11.609,1,0
2550.15,0.596,-0.333,0,0,0,-0.7071,-0.7071,0,0.0,0,1,10.981,0,0
2296.2,0.895,-0.068,0,0,0,0.7071,-0.7071,0,0.3,0,1,11.052,0,0
2065.87,0.379,-0.41,0,0,0,-0.866,-0.5,0,0.0,0,0,11.474,0,0
661.91,0.979,-0.035,1,0,0,-0.9659,0.2588,0,0.1,0,0,12.547,2,0
935.82,0.698,-0.208,0,0,0,0.5,-0.866,0,0.2,0,0,11.768,1,0
701.89,0.459,-0.413,0,0,0,-0.9659,-0.2588,0,0.2,0,1,9.821,0,1
1018.12,0.431,-0.406,0,0,0,0.866,-0.5,0,0.0,0,2,10.382,1,0
507.89,0.254,-1.383,0,0,0,-0.5,-0.866,0,0.0,0,0,11.814,0,0
1365.87,0.794,-0.171,0,0,0,-0.866,-0.5,0,0.0,0,1,10.798,1,0
1552.72,0.45,-3.286,0,0,0,-1.0,-0.0,0,0.0,0,2,11.244,0,0
1395.27,0.386,-0.46,0,0,0,-0.9659,0.2588,0,0.2,0,1,8.913,0,0
2568.74,0.782,-0.214,0,0,0,-0.2588,0.9659,0,0.2,0,0,11.499,1,0
7310.4,2.179,1.111,0,0,0,-1.0,-0.0,0,0.0,0,3,9.283,0,0
1464.93,1.747,0.0,1,1,0,0.5,-0.866,0,0.0,0,0,13.004,0,0
51.46,0.042,-0.67,0,0,1,0.7071,0.7071,0,0.6,18,18,3.664,0,1
980.11,0.916,0.0,0,0,0,-0.7071,-0.7071,0,0.0,0,1,10.598,1,0
5587.59,0.726,-0.216,0,0,0,-0.5,0.866,0,0.1,0,2,10.368,0,0
294.42,0.203,-0.713,0,0,0,0.0,-1.0,0,0.1,0,1,10.799,0,0
3698.6,1.411,0.277,0,0,0,-1.0,-0.0,0,0.0,0,2,10.699,1,0
4592.1,2.268,0.896,0,0,0,-0.7071,0.7071,0,0.3,0,0,11.752,0,0
4.41,0.016,-0.826,0,0,0,-0.7071,-0.7071,0,0.1,7,7,3.163,1,1
19094.28,3.912,1.697,1,0,0,1.0,0.0,0,0.1,0,5,9.425,0,1
801.89,0.36,-0.593,0,0,0,-0.9659,0.2588,0,0.0,0,1,9.166,0,0
2484.74,0.159,0.0,0,0,0,-0.2588,0.9659,0,0.0,0,1,9.454,1,0
14303.31,14.287,0.0,1,1,0,-0.9659,-0.2588,0,0.0,0,0,14.285,2,1
897.03,0.541,-0.388,0,0,0,-1.0,-0.0,0,0.0,0,2,10.382,0,0
3330.47,0.831,-0.152,0,0,0,-0.5,0.866,0,0.0,0,1,9.169,0,0
40.18,0.047,-0.645,0,0,0,-1.0,-0.0,1,0.3,6,6,1.03,0,1
2451.36,1.206,0.842,0,0,0,-0.2588,0.9659,0,0.0,0,0,11.618,0,0
1680.22,0.826,-0.427,0,0,0,-0.5,0.866,0,0.0,0,2,10.431,0,0
5118.71,1.205,0.334,0,0,0,-0.2588,-0.9659,0,0.0,0,0,12.439,0,0
134.85,0.087,-0.687,0,0,0,0.0,-1.0,0,0.1,0,1,9.985,0,0
1385.37,0.742,-0.225,0,0,0,-0.866,0.5,0,0.0,0,0,11.502,0,0
1039.01,0.353,-0.453,0,0,0,-0.2588,-0.9659,0,0.1,0,3,10.599,0,0
1559.23,0.637,-0.273,0,0,0,-0.866,0.5,0,0.0,0,0,12.767,2,0
409.75,0.711,-0.614,0,0,0,0.0,-1.0,0,0.0,0,1,10.251,0,0
5193.94,0.799,-0.149,1,0,0,-0.2588,0.9659,0,0.0,0,1,8.615,2,0
556.16,1.0,0.0,0,0,0,1.0,0.0,0,0.0,0,0,14.768,1,0
3364.08,1.436,0.417,0,0,0,-0.5,-0.866,0,0.0,0,2,9.513,0,0
2052.97,1.987,0.435,0,0,0,-0.866,0.5,0,0.0,1,3,6.589,0,0
386.61,0.234,-0.826,0,0,0,0.866,-0.5,0,0.0,0,1,10.073,1,0
454.96,1.28,0.741,0,0,0,-0.2588,-0.9659,0,0.0,0,1,9.348,1,0
575.31,0.529,-0.209,0,0,0,-0.2588,0.9659,0,0.0,0,1,11.212,0,0
1256.21,0.872,-0.116,0,0,0,-0.866,-0.5,0,0.1,0,1,9.471,0,0
2874.88,0.674,-0.143,0,0,0,-0.7071,0.7071,0,0.1,0,2,11.203,1,0
3035.07,0.796,-0.194,0,0,0,0.5,-0.866,0,0.0,0,0,11.676,3,0
646.15,1.01,0.017,0,0,0,0.9659,-0.2588,0,0.0,0,0,12.905,0,0
2893.67,1.059,0.037,0,0,0,-0.7071,-0.7071,0,0.0,0,0,11.555,1,0
2263.57,0.563,-0.616,0,0,0,-1.0,-0.0,0,0.0,0,3,8.944,1,0
1164.08,0.869,-0.147,0,0,0,0.2588,-0.9659,0,0.0,0,0,11.445,2,0
28.19,0.019,-0.668,0,1,0,0.9659,-0.2588,0,0.0,4,5,0.372,2,1
1191.28,0.471,-0.461,0,0,0,-0.9659,0.2588,1,0.2,0,2,10.811,0,1
2997.27,0.466,-0.436,0,0,0,-0.866,0.5,0,0.0,0,2,10.223,1,0
1792.95,0.582,-0.727,0,0,0,0.0,-1.0,0,0.0,0,0,12.15,0,0
8044.66,1.053,0.041,0,0,0,-0.7071,-0.7071,0,0.0,0,0,11.715,0,0
21589.35,6.787,7.298,0,0,0,0.0,-1.0,0,0.0,0,0,11.897,3,0
11436.84,6.632,12.857,0,0,0,-0.866,-0.5,0,0.0,1,3,6.751,0,0
1659.08,1.0,0.0,0,0,0,0.5,-0.866,0,0.0,0,0,14.768,1,0
2146.2,0.276,0.0,0,0,0,-0.5,-0.866,0,0.0,0,0,11.893,0,0
594.24,0.748,0.0,0,0,0,-0.2588,0.9659,0,0.0,0,0,11.427,0,0
619.55,0.368,-1.387,0,0,0,-0.5,-0.866,0,0.3,0,1,9.297,1,0
5004.68,2.092,2.677,0,0,0,0.5,-0.866,0,0.0,0,2,10.653,0,0
2499.63,1.355,0.753,0,0,0,0.5,-0.866,0,0.1,0,1,10.198,1,0
956.18,0.196,-0.558,0,0,0,0.9659,-0.2588,0,0.0,0,2,10.59,0,0
1602.03,0.428,-0.763,0,0,0,-0.5,-0.866,0,0.0,0,0,12.139,0,0
24493.58,1.963,0.0,0,0,0,0.2588,-0.9659,1,1.0,0,0,11.666,1,0
9822.69,1.553,0.414,0,0,0,-0.7071,0.7071,0,0.1,0,0,12.044,1,0
590.4,0.484,-0.901,0,0,0,0.2588,-0.9659,0,0.1,0,1,10.703,1,1
1445.71,0.499,-0.535,0,0,0,-0.5,-0.866,0,0.0,0,0,12.604,0,0
2699.6,0.62,-0.296,0,0,0,-0.7071,-0.7071,1,0.2,0,2,8.707,0,0
607.01,1.0,0.0,0,0,0,0.7071,-0.7071,0,0.0,0,0,14.768,1,0
248.13,0.305,-0.61,0,0,0,-0.9659,0.2588,0,0.1,0,1,10.392,0,0
4264.41,0.776,-0.165,0,0,0,0.2588,-0.9659,0,0.1,0,1,10.763,1,0
1366.86,0.179,-0.749,0,0,0,-1.0,-0.0,0,0.0,0,0,12.15,0,0
3290.1,0.425,-0.503,0,0,1,0.9659,0.2588,1,0.1,0,0,12.27,1,0
1720.68,0.404,-0.509,0,0,0,0.0,-1.0,0,0.1,0,2,11.016,0,0
1651.34,0.445,-0.655,0,0,0,-0.9659,0.2588,0,0.1,0,4,9.732,0,0
991.2,0.56,-0.374,0,0,0,-0.866,0.5,0,0.0,0,0,11.413,0,0
8214.86,2.395,2.57,0,0,0,0.7071,-0.7071,0,0.1,0,2,9.817,1,0
4933.05,1.319,0.233,0,0,0,-0.866,0.5,0,0.4,0,12,11.356,0,0
2322.46,1.474,0.232,0,0,0,1.0,0.0,0,0.2,1,1,6.18,0,0
1583.34,0.275,-0.545,0,0,0,0.7071,-0.7071,0,0.1,0,4,9.271,1,0
1521.5,0.768,-0.212,0,0,0,-0.5,0.866,0,0.0,0,0,11.579,1,0
3204.78,0.962,-0.068,0,0,0,-0.866,0.5,0,0.1,0,3,10.445,0,0
466.54,0.975,-0.012,0,0,0,-0.866,0.5,0,0.2,0,0,13.765,0,0
677.58,0.791,-0.145,0,0,0,0.2588,-0.9659,0,0.3,0,3,10.806,0,0
1869.87,4.338,11.289,0,0,0,0.9659,-0.2588,0,0.2,0,0,11.43,0,0
802.17,0.852,0.0,0,0,0,-1.0,-0.0,0,0.0,0,0,11.764,1,0
42131.03,7.992,7.51,0,0,0,-0.9659,-0.2588,0,0.0,0,1,8.482,0,0
1129.74,0.624,-0.304,0,0,0,0.866,-0.5,0,0.1,0,0,11.888,0,0
1389.82,0.549,-0.349,0,0,0,-0.5,-0.866,0,0.0,0,0,12.656,0,0
1814.32,0.914,-0.127,0,0,0,-0.5,0.866,0,0.1,0,1,9.945,0,0
1878.59,1.024,0.017,0,0,0,-0.5,-0.866,0,0.1,0,0,11.767,2,0
468.17,0.225,-0.69,0,0,0,0.2588,-0.9659,0,0.1,0,3,10.417,0,0
722.37,1.135,0.141,0,0,0,0.9659,-0.2588,0,0.0,0,2,10.784,2,0
50.8,0.018,-0.494,0,0,0,0.2588,-0.9659,0,0.3,20,20,4.629,1,1
4767.1,2.788,1.552,0,0,0,-0.7071,-0.7071,0,0.0,1,4,7.621,1,0
390.76,0.551,-0.213,0,0,0,-0.2588,0.9659,0,0.1,0,0,12.382,1,0
4751.16,5.355,3.478,0,1,0,0.866,-0.5,0,0.1,0,0,11.499,1,0
3780.12,2.193,0.0,1,0,0,0.9659,-0.2588,0,0.0,0,1,10.808,1,0
410.02,0.148,-0.693,0,0,0,0.7071,-0.7071,0,0.2,1,3,7.937,0,0
1088.44,0.489,-0.392,0,0,0,-0.7071,0.7071,0,0.0,0,1,11.061,2,0
578.1,0.692,-0.251,0,0,0,-0.866,0.5,0,0.0,0,1,8.36,0,0
14616.11,2.312,1.287,0,0,0,-0.9659,-0.2588,0,0.167,2,3,7.112,2,1
710.25,0.749,-0.233,0,0,0,-0.9659,0.2588,0,0.0,0,1,11.311,1,0
289.14,0.098,-0.65,0,0,0,-0.9659,0.2588,0,0.0,0,1,10.832,1,0
978.57,0.369,-0.54,0,1,0,-0.9659,0.2588,0,0.1,0,1,11.307,1,0
58.67,0.089,-0.622,0,0,0,-0.2588,-0.9659,0,0.2,6,6,1.568,0,1
29.69,0.024,-1.549,0,0,1,0.9659,0.2588,0,0.1,5,5,1.536,1,1
4085.06,1.573,0.925,0,0,0,-0.866,-0.5,0,0.2,3,3,6.718,3,1
760.26,0.675,-0.215,0,0,0,-0.7071,0.7071,0,0.5,0,0,12.384,1,0
2047.77,2.38,4.757,0,0,0,-0.866,0.5,0,0.0,0,0,14.516,0,0
35.45,0.035,-0.848,0,1,1,0.9659,0.2588,3,0.3,4,5,2.935,0,1
4956.97,0.236,-0.988,0,0,0,-1.0,-0.0,0,0.0,0,1,11.173,0,0
5605.9,1.877,1.792,0,0,0,-1.0,-0.0,0,0.0,0,1,10.351,0,0
743.55,0.837,-0.123,0,0,0,0.2588,-0.9659,0,0.0,0,0,11.541,0,0
850.39,0.346,-0.352,0,0,0,-1.0,-0.0,0,0.0,0,1,9.917,0,0
1259.2,1.307,0.884,0,0,0,-1.0,-0.0,0,0.0,0,0,12.076,1,0
59.94,0.016,-0.807,0,1,0,-0.9659,0.2588,0,0.5,7,7,2.801,0,1
689.81,0.637,-0.296,0,0,0,-0.2588,-0.9659,0,0.0,0,1,9.318,0,0
1070.45,1.0,0.0,0,0,0,-0.7071,-0.7071,0,0.0,0,0,14.768,1,1
26.98,0.012,-1.606,0,0,1,0.7071,0.7071,2,0.4,8,9,1.756,2,1
894.75,1.716,0.0,0,0,0,-1.0,-0.0,0,0.0,0,0,13.6,1,0
1920.47,5.076,2.705,1,0,0,0.2588,-0.9659,0,0.3,0,1,10.934,1,0
868.17,0.363,-0.631,0,0,0,-0.2588,0.9659,0,0.0,0,1,10.479,0,0
8851.49,2.124,1.312,0,0,0,0.0,-1.0,0,0.0,1,1,6.878,2,1
565.91,0.129,-0.829,0,0,0,-0.7071,-0.7071,0,0.143,0,0,12.174,0,0
917.66,1.0,0.0,0,0,0,-0.2588,-0.9659,0,0.0,0,0,14.768,0,0
1180.11,0.221,-0.564,0,0,0,-0.866,-0.5,0,0.2,0,1,10.545,1,0
711.33,0.692,-0.255,0,0,0,0.5,-0.866,0,0.0,0,1,11.302,1,0
490.36,0.543,-0.359,0,0,0,0.2588,-0.9659,0,0.0,0,0,11.506,2,0
2535.26,0.66,-0.299,0,0,0,-0.5,0.866,0,0.0,1,4,8.163,0,0
1338.62,3.186,1.539,1,0,0,0.7071,-0.7071,0,0.0,0,2,9.967,0,0
1658.31,0.756,-0.25,0,0,0,-0.2588,-0.9659,0,0.0,0,0,11.603,1,0
1907.41,0.604,-0.339,0,0,0,-0.9659,0.2588,0,0.0,0,0,11.77,0,0
1506.87,0.601,-0.343,0,0,0,0.2588,-0.9659,0,0.0,0,2,11.047,0,0
58.81,0.034,-1.118,0,0,1,0.7071,0.7071,0,0.2,13,14,1.263,2,1
871.71,0.479,-0.453,0,0,0,-0.866,0.5,0,0.1,0,0,12.602,1,0
6867.4,14.006,0.0,0,0,0,-1.0,-0.0,1,0.5,1,1,6.524,2,1
1435.29,1.16,0.217,0,0,0,0.9659,-0.2588,0,0.0,0,4,11.027,2,0
1536.15,0.492,-0.393,0,0,0,1.0,0.0,0,0.0,0,0,12.917,0,0
2753.56,0.85,-0.128,0,0,0,-1.0,-0.0,0,0.0,0,1,10.83,1,0
1003.33,0.42,-0.559,0,0,0,-0.866,-0.5,0,0.1,0,1,11.005,0,0
456.11,0.814,-0.198,0,0,0,0.7071,-0.7071,0,0.1,0,1,10.336,0,0
2921.77,1.808,0.639,0,0,0,0.5,-0.866,0,0.1,0,0,12.231,1,0
2131.32,0.978,-0.025,0,0,0,0.7071,-0.7071,0,0.0,0,1,10.972,0,0
1141.33,0.635,-0.524,0,0,0,0.9659,-0.2588,0,0.167,0,2,10.92,0,0
2179.07,0.451,-0.414,0,0,0,0.7071,-0.7071,0,0.0,0,1,11.037,0,0
9006.86,6.676,11.137,1,1,0,0.0,-1.0,0,0.0,0,0,11.432,3,1
1107.57,0.786,-0.219,0,0,0,-0.866,-0.5,0,0.2,0,0,11.87,1,0
6670.11,2.285,0.889,0,0,0,-1.0,-0.0,0,0.1,0,2,10.575,1,0
5297.33,0.423,-0.507,0,0,0,-1.0,-0.0,0,0.0,0,0,11.908,0,0
924.71,1.135,0.086,0,0,0,0.2588,-0.9659,0,0.0,0,0,12.062,3,0
9418.62,1.542,0.824,0,0,0,-0.2588,-0.9659,0,0.0,2,2,3.479,4,1
1338.21,1.02,0.026,0,0,0,-0.9659,0.2588,0,0.1,0,1,9.695,1,0
1979.61,1.165,0.286,0,0,0,-0.9659,-0.2588,0,0.143,0,0,13.565,2,0
4750.82,0.624,-0.329,0,0,0,-0.9659,-0.2588,0,0.0,0,2,8.9,0,0
1154.63,0.263,-1.093,0,0,0,-0.866,-0.5,0,0.0,0,1,9.925,1,0
1973.68,0.335,-0.521,0,0,0,-0.9659,-0.2588,0,0.0,0,1,11.331,0,0
497.01,0.733,-0.228,0,0,0,-1.0,-0.0,0,0.1,0,0,11.885,2,0
31.28,0.028,-1.022,1,1,1,0.0,1.0,0,0.0,1,1,0.0,0,1
1423.49,1.811,1.896,0,0,0,0.7071,-0.7071,0,0.2,0,0,12.258,0,0
714.36,0.953,-0.113,0,0,0,-0.9659,-0.2588,0,0.0,0,0,12.316,2,0
1370.16,0.643,-0.332,0,0,0,-0.866,-0.5,0,0.0,0,2,11.056,0,0
335.77,0.646,-0.327,0,0,0,0.5,-0.866,0,0.1,0,2,9.746,1,0
967.43,0.522,-0.399,0,0,0,0.2588,-0.9659,0,0.1,0,1,10.541,1,0
624.59,0.492,-0.235,0,0,0,-1.0,-0.0,0,0.0,0,1,11.218,0,0
711.65,0.463,-3.932,0,0,0,0.7071,-0.7071,0,0.0,0,0,11.484,0,0
1613.14,0.995,-0.004,0,0,0,-0.7071,0.7071,0,0.4,0,1,9.834,0,0
5510.9,1.545,1.029,0,0,0,0.9659,-0.2588,0,0.0,0,0,11.921,1,0
4043.12,1.076,0.057,0,0,0,-0.5,0.866,0,0.3,0,1,11.339,0,0
806.42,1.0,0.0,0,0,0,-0.2588,-0.9659,0,0.0,0,0,14.768,0,0
255.34,0.39,-0.639,0,0,0,-0.5,-0.866,0,0.0,0,0,12.275,0,0
47.4,0.039,-0.568,0,0,0,0.9659,-0.2588,0,0.1,8,9,3.412,2,1
356.28,0.575,-0.782,0,0,0,0.2588,-0.9659,0,0.0,0,2,8.76,0,0
3410.6,1.174,0.14,0,0,0,-0.9659,-0.2588,0,0.1,0,0,12.458,0,1
575.98,0.166,-0.719,0,0,0,-0.9659,0.2588,0,0.1,0,1,10.566,0,0
1042.98,0.876,-0.108,0,0,0,-0.2588,0.9659,0,0.0,0,2,10.801,1,0
165.98,0.157,-0.384,0,0,0,-0.866,0.5,0,0.0,0,3,10.691,0,0
1015.84,1.0,0.0,0,0,0,-0.866,0.5,0,0.0,0,0,14.768,0,0
2142.71,0.268,-0.522,0,0,0,-0.866,0.5,0,0.1,0,2,9.759,0,0
31.35,0.048,-0.753,0,0,0,0.2588,-0.9659,1,0.4,12,16,2.499,1,1
1128.91,0.89,-0.083,0,0,0,-0.2588,0.9659,0,0.0,0,1,10.47,1,0
380.01,0.447,-0.422,0,0,0,0.9659,-0.2588,0,0.0,0,1,11.152,0,0
293.14,0.557,-0.405,0,0,0,-0.5,0.866,0,0.0,0,0,11.991,1,0
203.87,0.276,-0.681,0,0,1,0.9659,0.2588,0,0.0,0,0,11.412,0,0
6572.31,1.608,0.282,0,0,0,-0.2588,0.9659,0,0.3,0,1,9.736,0,0
694.38,1.02,0.01,0,0,0,-0.2588,-0.9659,0,0.1,0,0,11.643,1,0
7645.72,3.662,2.356,1,0,0,1.0,0.0,0,0.2,0,2,9.873,0,0
110.76,0.371,-2.04,0,0,0,-0.9659,0.2588,0,0.0,0,0,11.701,0,0
293.58,0.614,-0.194,0,0,0,-0.2588,0.9659,0,0.1,0,0,11.515,0,0
1198.99,0.561,-0.683,0,0,0,0.0,-1.0,0,0.0,0,0,11.578,0,0
6523.97,5.258,4.201,0,0,0,-0.7071,-0.7071,0,0.0,0,2,10.051,1,0
17720.04,4.277,2.194,0,0,0,-0.2588,0.9659,0,0.3,2,4,7.812,1,1
1947.31,0.58,-0.348,0,0,0,0.5,-0.866,0,0.1,0,1,9.738,0,0
2867.54,1.517,0.537,0,0,0,0.866,-0.5,0,0.1,0,1,10.667,1,0
1347.27,0.895,-0.104,0,0,0,0.866,-0.5,0,0.2,0,0,12.148,1,0
481.39,0.286,-0.619,0,0,0,-0.866,0.5,0,0.0,0,0,11.757,1,0
299.63,0.476,-0.483,0,0,0,0.5,-0.866,0,0.1,0,1,11.169,0,0
448.79,0.583,-0.941,0,0,0,-1.0,-0.0,0,0.1,0,0,12.552,0,0
310.57,0.738,-0.452,1,0,0,0.0,-1.0,0,0.0,0,2,10.512,1,0
606.48,1.0,0.0,0,0,0,0.5,-0.866,0,0.0,0,0,14.768,0,0
1341.65,0.537,-2.099,1,0,0,0.5,-0.866,2,1.0,0,1,9.457,1,0
4233.41,2.931,1.712,0,0,0,0.7071,-0.7071,0,0.167,0,3,8.983,0,0
1713.27,0.369,-0.501,0,0,0,0.9659,-0.2588,0,0.1,0,0,11.37,1,0
1044.86,1.0,0.0,0,0,0,-0.7071,-0.7071,0,0.0,0,0,14.768,2,0
1211.13,1.025,0.082,0,0,0,-0.7071,-0.7071,0,0.0,0,1,8.726,1,0
1286.53,1.012,0.0,0,0,0,-0.9659,-0.2588,0,0.0,0,1,10.877,0,0
908.33,0.774,-0.174,0,0,0,1.0,0.0,1,0.2,0,4,9.491,0,0
793.43,0.299,-0.704,0,0,0,0.866,-0.5,0,0.0,0,0,12.929,0,0
2010.69,0.829,-0.126,1,0,0,0.2588,-0.9659,0,0.0,0,0,12.743,0,0
1353.54,0.553,-0.701,0,0,0,0.0,-1.0,0,0.1,0,3,8.882,0,0
19.41,0.041,-0.598,0,0,0,-0.2588,-0.9659,2,0.6,27,27,3.488,1,1
3389.89,0.881,-0.1,0,0,0,-0.2588,-0.9659,0,0.0,0,2,10.367,0,0
444.7,0.731,-0.275,0,0,0,0.0,-1.0,0,0.0,0,0,11.743,1,0
2665.25,0.616,-0.324,0,0,0,0.5,-0.866,0,0.0,0,1,10.452,1,0
2572.52,0.581,-0.688,0,0,0,-0.5,0.866,0,0.0,0,1,11.272,0,0
1308.09,0.694,0.0,1,0,0,-1.0,-0.0,0,0.0,0,0,11.953,0,0
8979.5,2.051,1.327,0,0,0,-0.9659,-0.2588,0,0.25,2,2,6.835,3,1
1294.61,0.543,-0.417,1,0,0,-0.5,0.866,0,0.0,0,1,10.963,0,0
440.85,0.944,-0.061,0,0,0,-1.0,-0.0,0,0.143,0,0,11.762,1,0
1552.53,0.719,-0.324,0,0,0,-0.5,0.866,0,0.1,0,2,9.797,0,0
1169.48,0.939,-0.094,0,0,0,-0.2588,-0.9659,0,0.1,0,1,9.931,1,0
418.25,0.772,-0.544,0,0,0,-1.0,-0.0,0,0.222,0,0,12.395,1,0
2535.62,0.599,-0.335,0,0,0,0.866,-0.5,0,0.0,0,1,11.14,1,0
16028.59,14.286,7.433,1,0,0,-0.9659,0.2588,0,0.1,0,7,8.678,0,1
1757.65,1.662,0.0,0,0,0,0.2588,-0.9659,0,0.0,0,0,12.034,1,0
2301.41,1.0,0.0,0,0,0,-0.866,-0.5,0,0.0,0,0,14.768,2,0
19.42,0.005,-0.9,1,0,0,-0.866,0.5,1,0.1,1,2,0.0,1,1
3251.98,2.447,1.628,0,0,0,0.5,-0.866,0,0.0,0,1,11.191,0,0
2749.72,0.815,-0.202,0,0,0,-0.866,0.5,0,0.0,0,1,10.895,0,0
1395.53,0.664,-0.295,0,0,0,-0.2588,-0.9659,0,0.0,0,2,10.49,1,0
1643.84,1.28,0.317,0,0,0,0.2588,-0.9659,0,0.0,0,2,9.201,1,0
5570.72,2.997,1.756,0,0,0,-1.0,-0.0,0,0.0,0,0,11.547,0,0
2950.38,1.826,0.855,0,0,0,-0.2588,0.9659,0,0.2,0,0,12.545,0,0
356.91,2.053,0.681,0,0,0,-0.7071,-0.7071,0,0.3,0,1,10.887,1,0
2752.72,1.324,0.435,0,0,0,0.0,-1.0,0,0.3,0,0,11.678,2,0
13960.23,1.768,0.977,0,0,0,-0.866,-0.5,0,0.0,2,2,7.024,4,1
8294.38,3.032,1.221,0,0,0,-0.9659,0.2588,1,0.1,0,0,11.428,1,0
298.2,1.0,0.0,0,0,0,-0.866,0.5,0,0.0,0,0,14.768,0,0
969.46,1.45,0.209,0,0,0,-0.2588,-0.9659,0,0.1,0,0,11.807,1,0
886.63,0.306,-0.532,0,0,0,0.0,-1.0,0,0.0,0,0,11.5,0,1
683.12,1.529,1.807,0,0,0,-0.2588,-0.9659,0,0.0,0,0,11.732,1,0
1350.92,0.817,-0.16,0,0,0,-0.866,0.5,0,0.0,0,0,11.603,0,0
1355.93,0.585,-0.395,0,0,0,-1.0,-0.0,0,0.0,0,0,11.451,0,0
1920.95,0.788,-0.293,0,0,0,0.0,-1.0,0,0.0,0,4,8.515,2,0
319.49,0.619,-0.661,0,0,1,0.9659,0.2588,0,0.0,0,6,8.721,0,0
4400.01,1.36,1.916,0,0,0,0.9659,-0.2588,0,0.0,0,0,11.887,0,0
1207.49,0.487,-0.95,1,0,0,0.2588,-0.9659,0,0.0,0,1,10.992,1,0
4728.86,3.408,5.547,0,0,0,0.5,-0.866,1,0.143,0,2,10.695,1,0
1209.4,0.648,-0.314,0,0,0,0.0,-1.0,0,0.0,0,1,9.274,1,0
9340.64,2.49,1.481,0,0,0,0.0,-1.0,1,0.25,2,2,6.54,2,1
591.87,0.547,-0.479,0,0,0,1.0,0.0,0,0.0,0,0,11.951,0,0
1436.93,1.704,3.579,0,0,0,-0.9659,-0.2588,0,0.0,0,0,13.581,0,0
314.03,0.462,-0.427,0,0,0,0.0,-1.0,0,0.1,0,1,10.888,0,0
282.05,0.484,-0.482,0,0,0,0.866,-0.5,0,0.1,0,1,9.891,0,0
2853.21,0.83,-0.152,0,0,0,-0.5,0.866,0,0.0,0,2,9.988,0,0
1382.13,0.633,-1.398,0,0,1,0.7071,0.7071,0,0.0,0,0,12.445,0,0
513.72,0.529,-0.356,0,0,0,-0.7071,-0.7071,0,0.0,0,1,10.081,0,0
585.54,0.875,-0.303,0,0,0,0.2588,-0.9659,0,0.0,0,0,12.002,0,0
3723.83,1.301,0.506,1,0,0,-1.0,-0.0,0,0.1,0,1,11.333,1,0
3456.22,1.374,0.433,0,0,0,-0.866,-0.5,0,0.0,0,0,12.603,1,0
2231.6,1.567,1.292,0,0,0,0.866,-0.5,0,0.333,1,5,5.343,1,0
1818.74,3.293,2.605,1,0,0,-0.2588,-0.9659,0,0.1,0,2,8.358,0,0
4194.47,1.53,1.098,0,0,0,0.7071,-0.7071,0,0.143,1,4,6.193,3,1
1293.33,0.886,-0.681,0,0,0,-0.7071,0.7071,0,0.0,0,1,8.798,0,0
1891.87,0.959,-0.03,0,0,0,-0.2588,-0.9659,0,0.0,0,2,8.533,2,0
2035.61,1.461,1.918,0,0,0,-0.2588,-0.9659,0,0.0,0,2,9.187,1,0
1759.97,0.547,-1.115,0,0,0,-0.7071,-0.7071,0,0.1,0,1,10.629,1,0
317.6,0.159,-1.212,0,0,0,-0.2588,-0.9659,0,0.0,0,0,13.04,0,0
29.99,0.008,-0.878,0,0,0,-0.866,0.5,0,0.1,2,3,1.744,1,1
54.16,0.038,-0.995,0,0,0,-0.866,0.5,0,0.1,10,11,2.879,0,1
877.81,0.475,-0.444,0,0,0,-0.9659,0.2588,0,0.1,0,0,12.886,0,0
9082.17,14.87,15.0,0,0,0,0.9659,-0.2588,3,0.6,1,3,7.784,4,1
1024.69,0.168,-0.703,0,0,0,-0.2588,0.9659,0,0.1,0,2,10.177,1,0
1039.47,1.0,0.0,0,0,0,-1.0,-0.0,0,0.0,0,0,14.768,1,0
240.94,0.182,-0.506,0,0,0,-0.7071,-0.7071,0,0.0,0,0,13.443,1,1
224.31,0.151,-0.404,0,0,0,-0.7071,-0.7071,0,0.6,0,24,9.573,0,0
1140.11,0.765,0.0,1,1,0,0.2588,-0.9659,0,0.0,0,0,12.049,0,0
461.79,1.283,0.818,0,0,0,0.5,-0.866,0,0.0,0,0,11.673,1,0
1064.94,0.231,-0.706,0,0,0,-0.866,-0.5,0,0.1,0,1,10.758,0,0
558.47,0.213,-0.765,0,0,0,-1.0,-0.0,1,0.2,0,1,11.287,0,0
2879.17,1.354,0.0,0,0,0,-1.0,-0.0,0,0.5,0,1,10.461,0,0
1061.5,0.31,-0.511,0,0,0,1.0,0.0,0,0.4,0,0,11.966,0,0
221.88,0.387,-0.479,0,0,0,-0.9659,-0.2588,0,0.0,0,2,11.0,1,0
3856.15,2.296,1.039,0,0,0,-1.0,-0.0,0,0.0,0,3,11.216,1,0
1883.93,1.583,1.228,0,0,0,-0.7071,-0.7071,0,0.111,0,0,11.932,0,0
1307.32,0.486,-0.328,0,0,0,0.2588,-0.9659,0,0.0,0,2,10.363,0,0
641.39,0.583,-0.344,0,0,0,-0.2588,0.9659,0,0.0,0,1,10.069,1,0
3802.96,1.19,0.176,0,0,0,-0.5,0.866,0,0.0,0,2,10.793,0,0
505.35,0.745,-0.308,0,0,0,0.7071,-0.7071,0,0.0,0,0,11.656,3,0
400.18,1.388,1.336,0,0,0,-0.9659,0.2588,0,0.2,0,0,13.927,1,0
1330.7,1.0,0.0,0,0,0,-0.5,0.866,0,0.0,0,0,14.768,0,0
2283.77,0.916,-0.098,0,0,0,0.0,-1.0,0,0.1,0,1,11.118,0,0
137.94,0.329,-0.861,0,0,0,-0.866,-0.5,0,0.0,0,2,9.33,0,0
9424.32,2.837,1.559,0,0,0,0.0,-1.0,1,0.1,0,0,12.174,0,0
1479.63,0.088,-0.285,0,0,0,0.7071,-0.7071,0,0.0,0,0,12.651,2,0
952.34,2.344,2.581,0,0,0,1.0,0.0,0,0.0,0,0,11.418,0,0
13103.77,3.357,2.443,0,0,0,-0.866,0.5,0,0.0,0,2,10.184,0,0
299.55,0.508,-0.237,0,0,0,-0.5,-0.866,1,0.1,0,0,11.997,1,0
8112.33,3.771,6.521,1,0,0,0.9659,-0.2588,0,0.1,0,1,8.72,1,0
1195.81,0.424,-0.365,1,0,0,0.0,-1.0,0,0.2,0,0,12.147,1,0
16.03,0.003,-0.902,0,1,1,0.5,0.866,1,0.3,4,4,2.51,0,1
5.37,0.025,-0.723,0,0,0,-0.9659,0.2588,0,0.125,6,6,2.384,0,1
373.83,0.216,-0.696,0,0,0,-0.5,0.866,0,0.1,0,0,11.497,1,0
1358.46,0.607,-0.966,0,0,0,-0.7071,-0.7071,0,0.0,0,3,8.413,2,0
1095.62,0.53,-0.458,0,0,0,0.5,-0.866,0,0.0,0,1,10.94,0,0
391.12,0.818,-0.096,0,0,0,-0.2588,0.9659,0,0.0,0,1,11.175,0,0
1541.01,2.674,0.0,0,0,0,-0.5,0.866,1,0.75,0,0,12.426,0,1
670.91,0.48,-0.42,0,0,0,-0.7071,0.7071,0,0.1,1,1,5.198,0,0
12290.74,3.363,2.469,0,0,0,-0.866,0.5,0,0.167,0,0,12.877,0,0
28960.33,7.737,5.026,0,0,0,0.866,-0.5,0,0.1,0,8,8.875,0,1
1292.73,1.001,0.003,0,0,1,0.9659,0.2588,0,0.0,0,0,13.207,0,0
9382.52,2.956,6.465,0,0,0,0.5,-0.866,0,0.167,0,0,11.439,0,0
1831.22,0.625,-0.311,0,0,0,-0.866,0.5,0,0.1,0,0,12.115,0,1
205.48,0.302,-0.606,0,0,0,-0.866,-0.5,0,0.0,1,2,6.362,0,0
28.16,0.235,-0.423,0,0,0,-0.9659,0.2588,0,0.2,17,17,2.219,0,1
279.05,0.374,-0.469,0,0,0,-0.866,0.5,0,0.0,0,0,11.975,0,0
19.31,0.004,-0.472,0,0,0,-0.2588,0.9659,0,0.6,26,26,2.16,0,1
42.84,0.018,-0.725,0,0,1,0.866,0.5,0,0.0,1,1,0.0,1,1
5269.28,2.895,1.898,0,0,0,0.866,-0.5,0,0.2,0,1,10.352,1,0
6337.76,1.973,1.354,0,0,0,-1.0,-0.0,0,0.0,1,1,7.251,4,1
963.25,0.877,-0.122,0,0,0,0.2588,-0.9659,0,0.1,0,2,10.324,0,0
2093.07,0.594,0.0,0,0,0,-0.9659,-0.2588,0,0.0,0,1,10.759,2,0
968.98,0.336,-0.628,0,0,0,-0.9659,-0.2588,0,0.2,0,0,12.306,1,0
31.86,0.031,-0.851,0,0,1,0.9659,0.2588,5,0.5,6,7,2.013,0,1
2446.09,0.528,-0.33,0,0,0,-0.5,-0.866,0,0.0,0,0,12.319,1,0
894.13,0.106,-1.01,0,0,0,0.2588,-0.9659,0,0.0,0,2,11.069,1,0
585.04,0.311,-0.683,0,0,0,0.5,-0.866,0,0.2,0,0,12.622,2,0
24.03,0.016,-1.073,0,0,0,-0.866,0.5,0,0.1,9,10,3.259,0,1
1740.49,0.559,-0.368,0,0,0,-0.9659,0.2588,0,0.0,0,2,9.888,0,0
963.56,0.849,-0.114,1,0,0,-0.2588,-0.9659,0,0.0,0,2,10.34,0,0
21.25,0.033,-0.833,0,0,0,-0.2588,0.9659,2,0.4,16,19,3.202,1,1
948.91,0.35,-0.714,0,0,0,-0.7071,0.7071,0,0.0,0,0,12.707,0,0
4595.16,4.368,8.294,0,0,0,0.0,-1.0,0,0.1,0,1,11.106,1,0
2557.06,1.242,0.281,0,1,0,-0.7071,0.7071,0,0.1,0,4,8.599,0,0
2051.83,1.803,1.089,0,0,0,0.5,-0.866,0,0.1,0,1,9.273,1,0
4926.23,0.959,-0.033,0,0,0,-0.2588,-0.9659,0,0.0,0,0,11.393,0,0
791.84,0.194,-0.588,0,0,0,0.866,-0.5,0,0.1,0,3,9.629,0,0
353.07,0.122,-0.86,0,0,0,0.9659,-0.2588,0,0.1,0,1,10.887,0,0
275.27,0.474,-0.415,1,1,0,-1.0,-0.0,0,0.1,0,1,11.022,0,0
14089.56,1.869,0.925,0,0,0,-0.866,-0.5,0,0.0,1,1,5.743,4,1
7687.33,6.798,4.521,0,0,0,0.7071,-0.7071,0,0.3,0,1,10.717,0,0
3857.66,2.065,1.408,0,0,0,-0.7071,-0.7071,0,0.0,1,1,6.727,3,1
4170.12,2.1,1.545,0,0,0,0.7071,-0.7071,1,0.2,2,2,7.509,2,1
970.27,0.718,-0.316,0,0,0,-0.2588,-0.9659,0,0.0,0,1,8.884,0,0
1680.95,0.819,-0.173,0,0,0,-0.5,-0.866,0,0.0,0,0,11.863,1,0
65873.44,9.152,5.145,0,0,0,-0.7071,-0.7071,0,0.1,0,10,9.511,0,1
4375.92,2.605,1.444,0,0,0,0.5,-0.866,0,0.0,0,0,12.813,1,0
1051.33,1.763,1.904,0,0,0,0.2588,-0.9659,0,0.111,0,0,12.157,0,0
8710.8,8.16,15.0,0,0,0,-0.2588,0.9659,1,0.2,0,0,12.618,0,0
1488.15,0.391,-0.761,0,0,0,-0.5,-0.866,0,0.0,0,0,13.033,0,0
3186.8,0.748,-0.192,0,0,0,-0.9659,-0.2588,0,0.0,0,1,11.095,3,0
497.95,1.418,0.31,0,0,0,-0.2588,-0.9659,0,0.0,0,0,12.074,1,0
4240.11,0.646,-0.301,0,0,0,0.2588,-0.9659,0,0.143,0,2,9.472,1,0
59831.42,12.298,7.961,0,0,0,-0.9659,-0.2588,0,0.3,0,10,9.545,0,1
1401.17,1.056,0.06,0,0,0,0.5,-0.866,0,0.0,0,0,11.582,1,0
889.29,0.629,-0.299,0,0,0,-0.9659,-0.2588,0,0.1,0,0,12.011,0,0
1965.43,1.125,0.14,0,0,0,-1.0,-0.0,0,0.0,0,0,12.439,1,0
661.01,1.417,1.549,0,0,0,0.866,-0.5,0,0.2,0,0,13.051,0,0
2160.81,0.675,-0.562,0,0,0,0.0,-1.0,0,0.143,0,0,12.003,0,0
1129.15,3.077,15.0,0,0,0,0.9659,-0.2588,0,0.0,0,0,11.725,0,0
1166.21,0.74,-0.315,0,0,0,-0.866,-0.5,0,0.1,0,0,12.321,0,0
27.48,0.018,-1.024,1,1,0,-0.7071,0.7071,0,0.1,1,2,0.0,0,1
1160.35,4.248,3.168,0,0,0,0.0,-1.0,0,0.3,0,3,10.979,1,0
336.22,0.342,-0.614,0,0,0,0.7071,-0.7071,0,0.0,0,0,11.814,0,0
1906.23,0.673,-0.23,0,0,0,0.0,-1.0,0,0.2,0,1,10.95,0,0
759.37,2.656,4.467,0,0,0,-0.9659,0.2588,0,0.0,0,0,12.183,1,0
23011.71,5.847,3.694,0,0,0,-0.5,0.866,0,0.1,0,0,12.003,0,0
1825.79,0.414,-0.613,0,0,0,-0.2588,0.9659,0,0.0,0,2,10.974,0,0
690.6,0.422,-0.504,0,0,0,-0.9659,-0.2588,0,0.2,0,1,10.99,0,0
4528.82,0.973,-0.056,0,0,0,-0.9659,-0.2588,0,0.0,0,0,11.901,1,0
879.39,1.264,0.238,0,0,0,-0.2588,0.9659,0,0.0,0,4,10.513,0,0
26.5,0.055,-0.598,0,0,0,-0.2588,-0.9659,0,0.5,23,23,4.09,1,1
3363.44,0.581,-0.303,0,0,0,0.5,-0.866,0,0.1,0,1,11.163,1,0
1882.92,0.954,-1.149,0,0,0,-0.9659,0.2588,0,0.333,0,0,13.465,0,0
556.26,1.012,0.012,0,0,0,0.7071,-0.7071,0,0.0,0,2,11.163,1,0
29.67,0.263,-0.628,0,0,1,0.7071,0.7071,0,0.5,10,10,1.152,0,1
1095.6,0.455,-0.407,0,0,0,-0.5,-0.866,0,0.2,0,0,12.003,0,0
580.76,0.386,-0.446,0,0,0,-0.7071,-0.7071,0,0.0,0,1,10.022,1,0
3235.02,1.741,1.606,0,0,0,0.2588,-0.9659,0,0.25,0,1,8.874,0,0
901.8,1.13,0.291,0,0,0,0.866,-0.5,0,0.2,0,1,9.186,0,0
1620.13,0.776,-0.23,0,0,0,0.7071,-0.7071,0,0.0,0,0,12.202,1,0
787.45,0.57,-0.522,0,0,0,-0.7071,0.7071,0,0.1,0,0,12.738,0,0
48.65,0.022,-1.486,0,1,0,-0.2588,-0.9659,0,0.1,4,5,0.65,0,1
615.05,0.223,-0.686,0,0,0,-1.0,-0.0,0,0.3,0,1,11.243,0,0
1190.65,0.751,-0.205,0,0,0,-0.9659,-0.2588,0,0.0,0,2,10.973,1,0
814.11,0.392,-0.584,1,0,0,1.0,0.0,0,0.1,0,1,11.151,0,0
1185.82,0.352,-0.605,0,0,0,-0.2588,0.9659,0,0.2,0,1,10.288,1,0
807.06,0.564,-0.464,0,0,0,0.7071,-0.7071,0,0.1,0,0,11.698,1,0
583.9,0.55,-0.89,0,0,0,-0.9659,0.2588,0,0.25,0,1,10.92,1,0
769.56,1.068,0.07,0,0,0,0.866,-0.5,0,0.0,0,3,10.574,0,0
1011.54,1.677,0.406,0,0,0,0.866,-0.5,0,0.3,0,1,10.615,0,0
808.04,0.973,-0.021,0,0,0,-0.2588,0.9659,0,0.2,1,3,7.107,0,0
1263.95,1.019,0.039,0,0,0,-0.7071,-0.7071,0,0.1,0,0,13.148,0,0
16526.35,7.127,6.198,1,0,1,0.5,0.866,0,0.1,0,1,10.945,1,1
3248.25,0.822,-0.136,0,0,0,0.866,-0.5,0,0.1,0,2,9.083,0,0
3462.48,1.0,0.0,0,0,0,-0.9659,0.2588,0,0.0,0,0,14.768,0,0
661.96,1.22,0.584,0,0,0,0.2588,-0.9659,0,0.0,0,1,10.383,3,0
1507.3,1.289,0.0,0,0,0,-0.5,-0.866,0,0.0,1,1,5.997,0,0
6501.96,5.502,3.796,0,1,0,-0.9659,-0.2588,0,0.1,1,2,7.197,0,0
462.49,0.357,-0.608,1,0,0,-0.5,0.866,0,0.0,0,0,11.536,1,0
218.72,0.509,-0.535,0,0,0,-0.5,-0.866,1,0.2,0,1,11.249,0,0
7157.96,6.754,4.484,0,0,0,0.2588,-0.9659,0,0.0,0,0,11.384,0,0
976.24,0.315,-0.65,0,0,0,-1.0,-0.0,0,0.2,0,1,10.454,1,0
843.51,0.515,-0.499,0,0,0,-0.9659,-0.2588,0,0.0,0,1,10.636,0,0
2708.61,0.379,-0.47,0,0,0,-0.2588,-0.9659,0,0.0,1,1,5.87,0,0
1873.86,1.18,0.541,0,0,0,0.5,-0.866,0,0.0,0,0,11.581,0,1
704.67,0.312,-0.699,0,0,0,0.0,-1.0,0,0.1,1,1,7.663,0,0
10074.11,9.387,3.542,0,0,0,-0.2588,0.9659,0,0.6,1,23,6.01,1,1
2517.54,1.237,0.218,0,0,0,-0.866,-0.5,0,0.0,0,0,11.563,0,0
26526.69,17.636,7.583,0,0,1,0.866,0.5,0,0.2,2,3,7.131,1,1
7011.77,10.134,3.544,0,0,1,0.7071,0.7071,0,0.2,2,27,6.749,1,1
6248.48,6.421,5.216,0,0,0,-0.866,0.5,0,0.1,0,3,8.697,0,0
453.01,0.53,-0.661,0,0,0,-0.866,0.5,0,0.1,0,1,9.107,0,0
2924.7,1.0,0.0,0,0,0,-0.5,-0.866,0,0.0,0,0,14.768,2,0
2211.68,1.636,0.0,0,0,0,-1.0,-0.0,1,0.667,0,0,13.287,1,0
2705.7,0.489,-0.387,0,0,0,0.2588,-0.9659,0,0.0,0,2,10.308,1,0
512.73,0.181,-0.558,0,0,0,0.0,-1.0,0,0.0,0,0,11.93,0,0
1148.51,0.383,-0.704,0,0,0,-0.5,0.866,0,0.0,0,1,10.601,0,0
1424.52,1.088,0.065,0,0,0,-0.2588,0.9659,0,0.2,0,3,9.967,1,0
969.89,1.219,0.543,0,0,0,-1.0,-0.0,0,0.0,0,0,11.438,0,1
312.76,0.349,-0.641,0,0,0,-0.9659,0.2588,0,0.0,0,1,8.985,0,0
528.92,0.328,-0.497,0,0,0,-1.0,-0.0,0,0.0,1,1,8.15,1,0
230.77,0.411,-5.0,0,0,0,-0.2588,0.9659,0,0.0,0,2,10.259,0,0
2004.53,0.552,-0.401,0,0,0,-0.5,-0.866,0,0.0,1,3,7.256,0,0
7962.54,4.228,15.0,0,0,0,-0.5,0.866,0,0.333,0,0,11.954,1,0
407.85,0.125,-0.747,0,1,0,0.866,-0.5,0,0.1,0,2,9.081,0,0
1061.96,0.377,-0.581,0,0,0,-0.866,-0.5,0,0.1,0,2,10.008,1,0
2530.01,0.986,-0.009,0,0,0,-0.2588,-0.9659,1,0.3,0,0,12.542,0,0
162.73,0.493,-3.455,0,0,0,-0.7071,0.7071,0,0.25,0,0,12.651,1,0
282.03,1.039,0.204,0,0,0,0.0,-1.0,0,0.0,0,1,9.851,1,0
3380.6,1.255,0.645,0,0,0,-0.9659,-0.2588,0,0.1,0,0,11.943,0,0
167.52,0.361,-0.767,0,0,0,1.0,0.0,0,0.1,0,2,10.893,1,0
763.06,0.491,-0.387,0,0,0,0.7071,-0.7071,0,0.1,1,3,7.864,0,1
15.73,0.007,-0.724,0,0,0,0.866,-0.5,1,0.3,22,24,3.278,1,1
441.71,0.143,-1.661,0,0,0,-0.5,0.866,0,0.0,0,0,13.267,0,0
270.02,0.39,-0.538,0,0,0,0.5,-0.866,1,0.2,0,0,11.696,0,0
731.69,1.337,0.162,0,0,0,-0.2588,0.9659,0,0.3,0,0,11.454,1,0
465.75,0.893,-0.191,0,0,0,-1.0,-0.0,0,0.125,0,1,11.14,1,0
6174.25,0.953,-0.041,0,0,0,-0.5,-0.866,0,0.125,0,0,11.844,1,0
1018.98,0.365,-0.557,0,0,0,-0.2588,0.9659,0,0.0,0,3,10.829,0,0
493.85,0.267,-0.545,0,0,0,0.5,-0.866,0,0.1,0,1,11.008,2,0
3203.39,0.87,-0.124,0,0,0,-0.5,-0.866,0,0.0,0,3,10.61,3,0
771.67,0.66,-0.153,0,0,0,-0.866,0.5,0,0.0,1,1,5.225,2,0
1361.55,1.48,0.388,0,0,0,1.0,0.0,0,0.1,0,1,11.104,0,0
51.89,0.05,-1.102,0,0,0,-0.5,0.866,2,0.4,10,11,2.877,0,1
1540.39,0.653,-0.331,0,0,0,-1.0,-0.0,1,0.2,0,2,11.231,0,0
649.75,0.209,-0.627,0,0,0,-0.866,0.5,0,0.2,1,1,7.796,0,0
3346.91,1.133,0.104,0,0,0,-0.7071,0.7071,0,0.0,0,3,10.42,0,0
1076.39,1.408,0.932,1,0,0,-0.7071,0.7071,0,0.1,0,0,12.615,1,0
1099.44,0.802,-0.188,0,0,0,0.866,-0.5,0,0.2,0,0,11.867,1,0
1535.32,0.458,-0.466,0,0,0,-0.5,-0.866,0,0.0,0,1,10.924,0,0
2751.5,0.679,-0.142,0,0,0,-0.9659,0.2588,0,0.0,0,2,9.841,1,0
1477.07,0.745,-0.314,0,0,0,-0.9659,-0.2588,0,0.1,0,1,10.922,0,0
2561.38,0.79,-0.176,0,0,0,0.9659,-0.2588,0,0.0,0,2,11.003,0,0
42.73,0.011,-0.756,0,0,0,-0.9659,0.2588,1,0.3,10,10,3.72,0,1
18969.05,12.625,15.0,1,0,0,-0.866,-0.5,0,0.0,0,1,9.59,3,0
1525.11,1.192,0.235,0,0,0,-0.866,-0.5,0,0.0,0,0,11.637,1,0
435.58,0.455,-0.441,0,0,0,-0.2588,-0.9659,0,0.1,0,2,9.635,0,0
10294.49,1.0,0.0,0,0,0,-1.0,-0.0,0,0.0,0,0,14.768,0,0
773.04,0.222,-0.765,0,0,0,-0.2588,-0.9659,0,0.0,0,2,9.511,0,0
1701.23,1.196,0.395,0,0,0,0.0,-1.0,0,0.1,0,0,12.71,1,0
1392.05,4.655,4.251,0,0,0,-0.866,0.5,0,0.0,0,0,11.926,0,0
675.39,0.643,-0.467,0,0,0,-1.0,-0.0,0,0.0,0,0,12.095,0,0
3319.06,0.822,-0.148,0,0,0,0.866,-0.5,0,0.0,0,2,8.948,1,0
8.77,0.004,-0.6,0,0,1,0.9659,0.2588,1,0.3,13,15,3.54,0,1
424.94,0.627,-0.293,0,0,0,0.0,-1.0,0,0.1,0,2,9.5,0,0
1338.63,1.048,0.138,0,0,0,-0.2588,0.9659,1,0.1,0,2,10.11,1,0
1405.31,0.919,0.0,1,1,0,-0.7071,0.7071,0,0.0,0,0,12.836,1,0
482.07,1.009,0.243,0,0,0,-0.2588,-0.9659,0,0.0,0,0,12.262,1,0
521.31,1.0,0.0,0,0,0,-0.866,0.5,0,0.0,0,0,14.768,1,0
4834.69,2.381,1.333,0,0,0,-0.866,0.5,0,0.0,0,2,9.923,1,0
168.51,0.617,-2.195,0,0,0,-0.7071,-0.7071,0,0.0,0,1,11.148,1,0
16310.35,4.569,2.906,0,0,0,-1.0,-0.0,0,0.0,0,0,11.991,1,0
418.98,0.624,-0.334,0,0,0,-0.2588,-0.9659,0,0.0,0,2,10.954,0,0
1166.33,0.798,-0.139,0,0,0,0.0,-1.0,0,0.2,0,3,9.649,1,0
936.3,0.804,-0.263,1,0,0,0.7071,-0.7071,0,0.0,0,0,11.781,0,1
59.87,0.054,-1.024,0,0,0,0.5,-0.866,0,0.2,9,9,3.448,0,1
1381.63,0.723,-0.238,0,0,0,-1.0,-0.0,0,0.0,0,1,9.693,1,1
4137.0,1.098,0.071,0,0,0,0.0,-1.0,0,0.1,0,0,12.839,0,0
9229.65,5.553,15.0,1,0,0,0.9659,-0.2588,0,0.0,0,0,13.093,4,1
2374.69,0.846,-0.606,0,0,0,-0.9659,0.2588,0,0.0,0,2,9.421,2,0
13.68,0.009,-0.817,0,0,1,0.5,0.866,1,0.2,6,6,1.761,0,1
3055.05,0.307,-0.716,0,0,0,0.7071,-0.7071,0,0.0,0,0,12.165,0,0
6841.08,1.421,0.717,0,0,0,-1.0,-0.0,0,0.0,2,2,5.181,2,1
2445.24,0.989,-0.007,0,0,0,-0.2588,0.9659,0,0.0,0,1,8.285,1,1
2298.75,1.117,0.129,0,0,0,-1.0,-0.0,0,0.1,0,2,10.498,0,0
2681.36,2.819,1.736,0,0,0,0.2588,-0.9659,0,0.2,0,2,9.346,0,0
6961.96,4.786,2.89,0,0,0,0.5,-0.866,0,0.0,0,2,11.02,0,0
1216.6,0.446,-0.607,0,0,0,0.0,-1.0,0,0.1,0,3,9.627,0,0
2177.45,0.688,-0.345,0,0,0,-0.9659,0.2588,0,0.0,0,1,8.806,0,0
2593.19,1.139,0.093,0,0,0,-0.2588,0.9659,0,0.0,0,0,12.294,0,0
21145.19,6.011,4.875,0,0,0,-0.2588,-0.9659,0,0.0,0,1,10.984,3,0
1730.16,0.723,-0.257,0,1,0,0.5,-0.866,0,0.0,0,2,10.92,0,0
1487.18,1.0,0.0,0,0,0,-0.2588,-0.9659,0,0.0,0,0,14.768,1,0
1038.6,0.449,-0.486,0,0,0,0.866,-0.5,0,0.0,0,2,9.182,0,0
729.38,0.36,-0.619,0,0,0,0.2588,-0.9659,0,0.1,0,2,11.08,0,0
2570.52,0.335,-0.476,0,0,0,-0.9659,0.2588,0,0.1,0,0,12.13,0,0
467.49,1.276,0.608,0,0,0,0.2588,-0.9659,0,0.0,0,1,11.057,0,0
257.33,0.117,-0.804,0,0,0,-0.9659,-0.2588,0,0.0,0,1,9.991,1,0
722.92,0.142,-0.787,0,0,0,-0.9659,0.2588,0,0.1,0,0,12.078,0,0
1023.75,0.328,-0.771,0,0,0,-0.2588,-0.9659,0,0.0,0,0,12.195,0,0
1119.32,0.462,-0.541,0,0,0,0.0,-1.0,0,0.0,0,1,10.726,0,0
1016.43,1.0,0.0,0,0,0,0.7071,-0.7071,0,0.0,0,0,14.768,0,0
1676.76,2.172,4.302,0,0,0,0.0,-1.0,0,0.0,0,2,9.29,1,0
1.77,0.003,-0.77,0,0,0,-0.2588,0.9659,0,0.3,21,24,4.113,1,1
298.97,0.221,-1.416,0,0,0,-0.2588,-0.9659,0,0.0,0,0,11.475,0,0
2057.55,0.335,-0.548,0,0,0,-0.7071,0.7071,0,0.1,0,0,11.624,1,0
1077.33,0.507,-1.165,0,0,0,-0.866,-0.5,0,0.0,0,0,12.256,2,0
504.43,1.146,0.431,0,0,0,0.5,-0.866,0,0.0,0,0,12.522,1,0
361.57,0.935,-0.065,0,0,0,-0.2588,-0.9659,0,0.1,0,0,11.488,0,0
9196.65,1.656,0.991,0,0,1,0.5,0.866,0,0.143,3,4,7.646,2,1
833.64,1.061,0.065,0,0,0,0.866,-0.5,0,0.1,0,2,10.688,0,0
941.46,0.846,-0.102,0,0,0,-0.2588,0.9659,0,0.4,0,0,12.012,1,0
270.13,1.0,0.0,0,0,0,-0.2588,0.9659,0,0.0,0,0,14.768,0,0
1732.18,1.138,0.129,0,0,0,-0.7071,-0.7071,0,0.0,0,2,10.179,1,0
1746.31,0.558,-0.528,0,0,0,-0.2588,0.9659,0,0.0,0,0,11.423,0,0
1281.95,0.651,-0.332,0,0,0,-0.2588,-0.9659,0,0.1,0,0,11.875,0,0
486.75,0.391,-0.647,0,0,0,-0.2588,-0.9659,0,0.1,0,1,11.173,1,0
609.21,0.983,-0.016,0,0,0,-0.866,0.5,0,0.0,0,0,11.44,1,0
23896.2,6.675,10.095,0,0,0,0.9659,-0.2588,0,0.1,1,3,6.836,1,0
686.0,0.678,-0.399,0,0,0,-0.866,0.5,0,0.222,0,1,10.529,0,0
10042.59,9.239,5.646,0,0,0,0.2588,-0.9659,0,0.1,0,29,8.779,0,1
6.77,0.002,-0.678,0,1,1,0.9659,0.2588,0,0.2,6,8,2.31,0,1
387.54,0.514,-0.521,0,0,0,-0.9659,-0.2588,0,0.1,0,1,10.901,0,0
1418.36,0.305,-0.539,0,0,0,0.7071,-0.7071,0,0.0,0,0,12.099,0,0
31.73,0.022,-0.807,0,0,1,0.5,0.866,2,0.3,7,7,3.165,0,1
643.36,1.191,0.465,0,0,0,0.7071,-0.7071,0,0.0,0,0,12.138,3,0
636.85,0.487,-1.548,1,0,0,-0.2588,0.9659,0,0.1,0,1,11.269,0,0
4142.02,1.99,1.334,0,0,0,-0.866,-0.5,0,0.25,2,2,6.782,3,1
18061.66,7.041,3.244,0,0,1,0.7071,0.7071,1,0.2,1,6,7.91,0,1
366.29,0.358,-0.592,0,0,0,-0.5,0.866,0,0.1,0,1,9.663,1,0
15593.17,8.577,4.347,0,0,0,-0.9659,0.2588,0,0.0,2,4,6.532,1,1
2890.32,0.979,-0.017,0,0,0,-0.2588,0.9659,0,0.0,0,1,11.061,0,0
3615.43,0.563,-0.439,0,0,0,-0.866,0.5,0,0.0,1,5,7.325,0,0
5744.06,1.323,0.458,0,0,0,-1.0,-0.0,0,0.0,0,3,8.65,0,0
547.79,0.918,-0.068,0,0,0,0.0,-1.0,0,0.1,0,5,9.917,1,0
2214.79,0.546,-0.351,1,0,0,-0.7071,0.7071,0,0.0,1,2,7.326,3,0
2987.58,0.91,-0.129,0,0,0,-0.866,-0.5,0,0.2,0,2,10.448,0,0
947.24,1.415,0.208,0,0,0,0.7071,-0.7071,0,0.1,0,0,11.542,1,0
2998.98,0.846,-0.125,0,0,0,-0.9659,0.2588,0,0.1,0,1,10.774,0,0
3105.51,7.723,15.0,0,0,0,0.7071,-0.7071,0,0.0,0,0,11.823,0,0
380.03,0.587,-0.469,0,0,0,0.2588,-0.9659,0,0.0,0,1,10.903,2,0
55.82,0.07,-0.696,0,0,0,-0.9659,-0.2588,0,0.3,24,24,3.772,0,1
191.09,0.51,0.0,1,0,0,0.7071,-0.7071,0,0.0,0,1,11.146,0,0
1195.27,0.168,-0.683,0,0,0,-0.5,-0.866,0,0.0,0,1,10.467,0,0
3244.3,0.701,-0.23,0,0,0,-0.866,-0.5,0,0.1,0,1,10.373,0,0
2832.09,1.13,0.111,0,0,0,-0.7071,-0.7071,0,0.0,0,1,10.317,0,0
1291.09,0.252,-0.326,0,0,0,-0.2588,0.9659,1,0.2,0,1,10.859,1,0
6.15,0.003,-0.611,0,0,0,-0.866,-0.5,0,0.2,23,24,4.13,0,1
2108.94,1.623,0.0,1,1,0,0.2588,-0.9659,0,0.0,0,0,13.562,0,0
1747.21,3.473,5.97,1,0,0,0.2588,-0.9659,0,0.0,0,0,12.289,0,0
189.19,0.477,-0.387,0,0,0,-1.0,-0.0,0,0.0,0,1,10.322,1,0
210.6,0.396,-0.663,0,0,0,0.7071,-0.7071,0,0.1,0,1,11.245,0,0
2336.93,1.0,0.0,0,0,0,0.7071,-0.7071,0,0.0,0,0,14.768,1,0
314.01,1.0,0.0,0,0,0,0.5,-0.866,0,0.0,0,0,14.768,0,0
10960.9,1.846,0.881,0,0,0,-0.866,0.5,0,0.1,0,0,11.854,0,0
41.16,0.022,-0.605,0,0,1,0.866,0.5,0,0.3,15,15,2.163,1,1
2141.92,0.878,-0.168,0,0,0,-1.0,-0.0,0,0.0,0,0,13.145,0,0
16.07,0.013,-0.691,0,0,1,0.7071,0.7071,1,0.7,19,19,3.224,0,1
776.29,0.548,-0.884,0,0,0,0.9659,-0.2588,0,0.0,0,2,8.716,1,0
961.35,0.756,-0.295,0,0,0,-0.2588,-0.9659,0,0.1,0,0,11.672,0,0
1987.65,3.569,2.242,0,0,0,0.2588,-0.9659,0,0.0,0,1,11.214,0,1
1382.72,1.182,0.291,0,0,0,-0.2588,-0.9659,0,0.0,0,1,10.326,0,0
515.31,0.456,-0.935,0,0,0,0.0,-1.0,0,0.0,0,1,9.727,1,0
5163.86,1.0,0.0,0,0,0,-0.2588,-0.9659,0,0.0,0,0,14.768,0,0
14193.9,4.57,2.874,0,0,0,0.0,-1.0,0,0.0,0,0,11.819,1,0
3729.72,1.047,0.088,0,0,0,0.866,-0.5,0,0.0,0,1,11.057,1,0
497.45,1.593,0.58,0,0,0,-0.5,-0.866,0,0.2,0,0,11.534,1,0
9982.07,3.545,2.374,0,0,0,-0.866,-0.5,1,0.2,0,2,10.121,1,0
437.99,1.059,0.09,0,0,0,-0.5,-0.866,0,0.2,0,0,12.593,1,0
2353.17,1.729,0.821,0,0,0,-0.866,-0.5,0,0.1,0,0,11.461,1,0
650.68,1.395,0.804,0,0,0,0.866,-0.5,1,0.1,0,3,9.399,0,0
10584.03,2.911,1.714,0,0,0,-0.9659,0.2588,0,0.0,0,1,8.386,0,0
279.54,0.157,-0.68,0,0,0,0.0,-1.0,0,0.0,0,0,11.39,0,0
45.13,0.027,-0.824,0,0,0,1.0,0.0,0,0.3,7,7,0.415,0,1
2390.75,1.356,1.044,0,0,0,-0.7071,0.7071,0,0.0,0,1,9.603,0,0
1105.65,1.16,0.444,0,0,0,-1.0,-0.0,0,0.0,0,0,12.578,1,0
2028.81,0.806,-0.352,0,0,0,0.0,-1.0,0,0.0,0,0,11.829,0,0
178.28,0.107,-0.672,0,0,0,0.0,-1.0,0,0.1,0,3,10.461,1,0
1171.82,0.382,-0.548,0,0,0,-0.9659,0.2588,0,0.0,0,2,9.223,0,0
47.29,0.061,-1.916,0,1,0,-0.866,0.5,0,0.3,4,4,1.256,0,0
689.19,1.05,0.041,0,0,0,0.5,-0.866,0,0.1,0,0,11.523,0,0
52.3,0.014,-0.73,0,1,1,0.2588,0.9659,1,0.4,8,8,1.853,0,1
1673.39,0.369,-0.59,0,0,0,0.2588,-0.9659,0,0.0,0,1,9.388,0,0
1198.0,1.661,0.286,0,0,0,-1.0,-0.0,0,0.0,0,0,12.015,1,1
399.15,0.536,-1.233,0,0,0,-0.5,-0.866,0,0.0,0,2,10.894,0,0
1132.01,0.546,-0.439,0,0,0,-0.9659,-0.2588,0,0.1,0,4,9.83,0,0
623.67,0.235,-0.53,0,0,0,-0.866,0.5,0,0.0,0,2,10.435,1,0
1637.64,1.119,0.11,1,0,0,0.2588,-0.9659,0,0.1,0,2,8.627,1,0
1539.82,0.704,-0.261,0,0,0,0.5,-0.866,0,0.1,0,1,10.993,1,0
316.87,0.366,-0.7,0,0,0,-0.2588,0.9659,0,0.2,0,1,10.178,0,0
6810.72,2.374,1.741,0,0,1,0.5,0.866,0,0.0,1,1,7.595,3,1
41.33,0.033,-0.818,0,0,1,0.7071,0.7071,0,0.3,26,27,4.679,2,1
1001.38,0.774,-0.316,0,0,0,-0.7071,-0.7071,0,0.1,0,0,12.832,1,0
2598.32,0.581,-0.317,0,0,0,0.9659,-0.2588,0,0.0,0,0,11.817,0,0
2170.71,0.732,-0.28,0,0,0,-0.7071,0.7071,0,0.111,0,4,8.999,1,0
1309.34,1.242,0.19,0,0,0,0.5,-0.866,0,0.2,0,0,11.955,0,0
1544.66,0.62,-0.344,0,0,0,-0.2588,-0.9659,0,0.0,0,1,11.278,1,0
679.65,0.355,-0.721,0,0,0,0.5,-0.866,0,0.1,0,1,9.588,0,0
1265.41,0.417,-0.482,0,0,0,-0.7071,-0.7071,0,0.2,0,1,10.303,0,0
1854.54,1.056,0.247,0,0,0,-1.0,-0.0,0,0.0,0,0,13.133,0,0
866.8,0.701,-0.443,0,0,0,0.2588,-0.9659,0,0.0,0,2,10.683,0,0
851.5,0.415,-0.882,0,0,0,0.7071,-0.7071,0,0.0,0,0,14.294,1,0
539.03,0.061,-1.008,0,0,0,0.9659,-0.2588,0,0.111,0,2,10.472,1,0
1169.75,0.253,-0.646,0,0,0,-0.866,-0.5,0,0.0,0,0,12.654,0,0
671.38,0.893,-0.106,0,0,0,0.2588,-0.9659,0,0.0,0,1,10.31,0,0
288.51,0.485,-0.534,0,0,0,0.7071,-0.7071,0,0.2,0,0,11.978,0,0
6213.74,6.221,4.627,0,0,0,1.0,0.0,0,0.0,0,0,12.314,0,0
2326.99,0.822,-0.157,0,0,0,0.2588,-0.9659,0,0.0,0,1,9.534,0,0
1838.19,1.471,0.211,0,0,0,-0.7071,0.7071,0,0.1,0,1,10.964,0,0
17.37,0.007,-0.846,1,0,0,-0.2588,-0.9659,0,0.2,1,1,0.0,1,0
794.2,1.0,0.0,0,0,0,-0.866,0.5,0,0.0,0,0,14.768,0,0
21.67,0.01,-0.773,0,1,0,-0.2588,-0.9659,0,0.2,2,2,2.569,1,1
443.14,1.15,0.0,0,0,0,0.7071,-0.7071,1,1.0,0,0,12.548,0,0
1217.21,0.579,-0.472,0,0,0,-1.0,-0.0,0,0.0,0,3,10.527,0,0
696.77,0.388,-0.543,0,0,0,0.2588,-0.9659,0,0.0,0,0,12.665,1,0
3585.3,0.945,-0.046,0,0,0,-0.7071,0.7071,0,0.3,0,1,11.178,0,0
1580.7,0.672,-0.291,0,0,0,0.5,-0.866,0,0.0,0,0,12.156,0,0
489.54,0.502,-0.635,0,0,0,-0.2588,-0.9659,0,0.1,0,0,11.414,0,0
1022.82,1.407,0.32,0,0,0,-0.9659,0.2588,0,0.0,0,1,11.269,0,0
428.9,0.433,-0.55,0,0,0,0.866,-0.5,0,0.0,0,2,11.189,0,0
28.12,0.085,-0.41,0,0,0,-0.2588,-0.9659,0,0.5,24,24,5.282,0,1
1674.38,0.502,-0.414,0,0,0,0.2588,-0.9659,0,0.0,0,1,10.901,0,0
6495.43,1.689,1.08,0,0,0,-1.0,-0.0,0,0.0,1,1,6.7,4,1
1066.38,0.65,-0.35,0,0,0,-0.5,-0.866,0,0.2,0,0,12.055,1,0
1670.32,1.14,0.11,0,0,0,-1.0,-0.0,0,0.0,0,5,9.57,0,0
1833.51,0.814,-0.216,0,0,0,-0.2588,0.9659,0,0.0,0,1,10.75,0,0
5037.91,1.935,0.829,0,0,0,-0.866,0.5,0,0.0,0,1,11.135,0,1
1442.48,0.427,-0.432,0,0,0,-0.2588,0.9659,0,0.0,0,2,10.625,0,0
2893.37,0.786,-0.099,0,0,0,-0.866,0.5,0,0.1,0,0,12.451,1,0
960.76,0.678,-0.267,0,0,0,-0.7071,-0.7071,0,0.0,0,1,9.999,1,0
14458.58,2.766,1.45,0,0,0,0.5,-0.866,0,0.0,1,1,6.931,4,1
2181.77,1.184,0.448,0,0,0,-1.0,-0.0,0,0.167,0,0,11.878,0,0
414.27,0.117,-0.772,0,0,0,-0.5,-0.866,0,0.0,0,0,11.43,0,0
383.0,0.703,-0.228,0,0,0,0.7071,-0.7071,0,0.2,0,1,10.507,1,0
1440.38,0.81,-0.169,0,0,0,-0.9659,0.2588,0,0.0,0,3,10.49,1,0
6606.8,2.611,1.435,0,0,0,-0.7071,0.7071,0,0.1,0,0,12.654,0,0
959.76,0.532,-1.103,0,0,0,0.866,-0.5,0,0.333,0,0,11.64,1,0
2451.9,1.167,0.172,0,0,0,-0.9659,-0.2588,0,0.1,0,2,8.755,0,0
1003.7,0.987,-0.011,0,0,0,-0.5,0.866,1,0.1,0,1,8.442,0,0
2887.39,0.836,-0.606,0,0,0,-0.7071,0.7071,0,0.0,0,0,12.807,0,0
644.49,0.325,-0.552,0,0,0,-0.7071,0.7071,0,0.1,0,1,11.176,0,0
744.7,0.277,-0.546,0,0,0,-0.866,-0.5,0,0.0,0,1,11.323,2,0
18.24,0.026,-0.807,0,0,0,-0.2588,-0.9659,0,0.0,4,4,1.724,1,1
351.57,0.54,-0.969,0,0,0,-0.9659,-0.2588,0,0.0,0,2,10.499,0,0
1312.88,0.54,-0.492,0,0,0,-1.0,-0.0,0,0.0,0,0,12.457,0,0
1928.59,0.5,-0.441,0,0,0,-1.0,-0.0,0,0.1,0,1,10.734,1,0
162.59,0.462,-1.331,0,0,0,-0.7071,0.7071,0,0.1,0,0,12.715,0,0
16703.44,8.165,13.028,0,0,0,-0.866,0.5,0,0.1,0,0,12.278,0,0
1612.23,0.879,0.0,1,0,0,-1.0,-0.0,0,0.0,0,1,10.733,1,0
219.91,0.474,-0.472,0,0,0,-0.866,-0.5,0,0.2,0,0,11.596,0,0
578.21,0.156,-0.818,0,0,0,0.0,-1.0,0,0.0,0,1,10.443,0,0
5376.14,0.777,-0.166,0,0,0,-0.5,0.866,0,0.0,0,1,10.566,0,0
36.85,0.021,-1.145,0,0,0,-0.5,-0.866,0,0.0,5,5,2.408,2,1
23.8,0.031,-0.69,0,0,1,0.9659,0.2588,0,0.2,22,23,3.562,0,1
679.13,0.522,-0.497,0,0,0,0.5,-0.866,0,0.0,0,0,12.965,0,0
1058.47,0.298,-0.549,0,0,0,-0.866,0.5,0,0.0,0,3,8.626,1,0
958.09,1.221,0.0,0,0,0,-0.7071,0.7071,0,0.0,1,1,7.387,1,0
665.75,0.362,-0.758,0,0,0,0.7071,-0.7071,0,0.0,0,2,10.42,2,0
535.77,0.418,-0.46,0,0,0,-0.5,0.866,0,0.0,0,0,11.577,0,0
6642.34,0.928,-0.064,0,0,0,-0.2588,0.9659,0,0.0,0,1,9.231,0,0
402.38,1.341,0.384,0,0,0,-0.7071,0.7071,0,0.0,0,2,10.252,0,0
504.27,0.455,-2.575,0,0,0,0.7071,-0.7071,0,0.0,0,0,11.796,2,0
270.68,0.64,-1.064,0,0,0,-0.7071,-0.7071,0,0.0,0,0,12.434,0,0
2475.16,0.443,0.0,0,0,0,-0.866,-0.5,0,0.0,0,1,9.185,2,0
932.29,0.335,-0.68,0,0,0,-0.9659,-0.2588,0,0.0,0,0,12.487,0,0
198.37,0.322,-0.654,0,0,0,-0.5,0.866,0,0.143,0,0,11.76,0,0
1205.85,0.523,-0.517,0,0,0,-0.866,-0.5,0,0.0,0,0,12.966,0,0
1071.07,1.157,0.161,0,0,0,0.0,-1.0,0,0.1,0,0,11.738,1,0
1073.05,0.603,-0.354,0,1,0,0.9659,-0.2588,0,0.0,0,2,10.522,1,0
8809.17,14.423,15.0,1,1,0,0.9659,-0.2588,0,0.0,0,0,13.367,4,1
3580.13,1.316,0.263,0,0,0,0.0,-1.0,0,0.0,0,1,10.5,0,0
1508.78,0.835,-0.166,0,0,0,0.2588,-0.9659,0,0.0,0,0,12.997,1,0
1669.67,0.813,-0.16,0,0,0,-0.5,0.866,0,0.0,0,1,11.341,0,0
3071.27,1.176,0.11,0,0,0,1.0,0.0,0,0.0,0,2,10.777,1,0
834.39,0.495,-0.419,0,0,0,-0.9659,-0.2588,0,0.0,0,2,9.419,0,0
3989.11,1.423,0.706,0,0,0,-0.9659,0.2588,0,0.0,2,2,6.314,2,1
4064.5,1.14,0.112,0,0,0,-0.2588,-0.9659,0,0.1,0,0,12.555,0,0
202.48,0.44,-0.98,0,0,0,0.5,-0.866,0,0.0,0,3,9.726,0,0
3359.84,1.259,0.724,0,0,0,0.866,-0.5,2,0.333,0,0,11.474,1,0
990.58,0.722,-0.388,0,0,0,-0.9659,-0.2588,0,0.1,0,0,11.953,1,0
2364.35,0.963,-0.04,0,0,0,-0.9659,0.2588,0,0.1,0,3,10.522,1,0
708.15,0.282,0.0,0,0,0,0.7071,-0.7071,0,0.0,0,0,12.229,0,0
1234.42,0.695,-0.322,0,0,0,-0.2588,-0.9659,0,0.0,0,1,11.033,0,0
2488.59,1.188,0.175,0,0,0,-0.5,-0.866,0,0.0,0,1,10.216,0,0
1008.86,1.225,0.211,0,0,0,0.7071,-0.7071,0,0.0,0,1,9.166,0,0
542.86,0.683,-1.643,0,0,0,-0.866,0.5,0,0.0,0,0,11.555,1,0
1323.29,0.633,-0.309,0,0,0,-0.7071,-0.7071,1,0.1,0,0,12.722,0,0
3817.09,1.081,0.062,0,0,0,-0.866,0.5,0,0.0,0,2,9.377,1,0
821.44,0.792,-0.184,0,0,0,-0.7071,0.7071,0,0.1,0,0,12.061,0,0
487.09,0.944,-0.058,0,0,0,0.5,-0.866,0,0.0,0,0,12.764,1,0
51.87,0.066,-0.521,0,0,0,-0.7071,-0.7071,1,0.6,18,19,2.303,0,1
1143.85,1.354,0.38,0,0,0,0.0,-1.0,1,0.1,0,0,11.497,0,0
2557.78,0.529,-0.393,0,0,0,-0.2588,-0.9659,1,0.1,0,1,10.262,1,0
518.46,1.0,0.0,0,0,0,-0.5,0.866,0,0.0,0,0,14.768,0,0
852.44,1.041,0.032,0,0,0,0.7071,-0.7071,0,0.0,0,2,10.588,0,0
510.0,0.08,0.0,0,0,0,-0.866,-0.5,0,0.0,0,0,12.286,0,0
1641.96,0.635,-0.312,0,0,0,-0.2588,-0.9659,0,0.0,0,2,8.879,1,0
16005.95,4.375,2.998,0,0,1,0.866,0.5,0,0.7,0,14,8.915,2,1
1252.76,0.333,-0.296,0,0,0,-1.0,-0.0,0,0.1,0,1,11.058,1,0
834.01,1.684,0.636,0,0,0,-0.7071,-0.7071,0,0.1,0,0,12.102,0,0
341.97,0.499,-0.473,0,0,0,1.0,0.0,0,0.1,0,0,11.632,0,0
433.15,0.641,-0.8,0,0,0,-0.5,0.866,0,0.0,0,1,10.88,0,0
514.26,0.7,-0.323,0,0,0,0.5,-0.866,0,0.1,0,2,8.797,0,0
379.26,0.334,0.0,0,0,0,-0.2588,0.9659,0,0.0,0,0,12.174,1,0
732.78,0.587,-0.571,0,0,0,0.0,-1.0,0,0.1,0,1,9.484,1,0
1170.58,0.476,-0.386,0,0,0,-0.866,-0.5,0,0.0,0,0,11.712,0,0
1913.99,0.51,-0.436,0,0,0,-0.2588,0.9659,0,0.2,0,0,11.813,0,0
5152.62,4.05,2.475,0,0,0,-0.866,0.5,0,0.0,0,2,10.457,1,0
462.12,0.268,-1.538,0,0,0,-0.2588,-0.9659,0,0.222,0,3,10.291,1,0
1010.71,0.421,-0.617,0,0,0,0.5,-0.866,0,0.0,0,1,10.721,0,0
10894.63,5.494,4.448,0,0,0,-0.7071,-0.7071,0,0.1,0,0,11.466,1,0
1404.58,1.0,0.0,0,0,0,0.7071,-0.7071,0,0.0,0,0,14.768,0,0
672.18,0.213,-1.89,0,0,0,0.866,-0.5,0,0.1,0,0,12.473,0,0
14.77,0.006,-0.627,0,0,1,0.9659,0.2588,0,0.3,10,12,3.561,0,1
683.72,3.92,0.0,0,0,0,0.7071,-0.7071,0,0.0,0,0,12.702,0,0
349.74,0.878,-0.151,0,0,0,-0.9659,0.2588,0,0.2,0,1,9.517,0,0
2543.81,1.27,0.212,0,0,0,-0.9659,-0.2588,0,0.0,0,3,10.449,0,0
1994.2,2.792,1.846,1,0,0,0.2588,-0.9659,0,0.1,0,0,11.383,1,0
582.29,0.68,-0.293,0,0,0,0.7071,-0.7071,0,0.2,0,2,10.312,0,0
51242.14,10.052,5.184,1,0,0,-0.5,-0.866,0,0.2,0,21,9.448,1,1
2674.31,1.425,0.72,0,0,0,0.7071,-0.7071,1,0.2,0,0,12.265,0,0
2163.31,1.117,0.142,0,0,1,0.866,0.5,0,0.0,0,3,11.161,0,0
271.02,0.72,-0.563,0,0,0,0.0,-1.0,0,0.0,0,0,11.861,1,0
186578.02,11.975,5.875,0,0,0,-0.7071,0.7071,0,0.0,0,24,8.774,1,1
487.74,0.104,0.0,0,0,0,-0.9659,-0.2588,0,0.0,0,1,10.81,3,0
295.02,0.308,-0.621,0,0,0,-0.2588,0.9659,0,0.1,0,0,12.336,1,0
40.36,0.091,-1.255,0,0,0,-0.9659,0.2588,0,0.25,2,2,2.858,0,1
810.79,1.08,0.169,0,0,0,-0.866,-0.5,0,0.0,0,0,12.215,0,0
358.73,0.13,-0.672,1,0,0,-0.866,0.5,0,0.0,0,0,12.134,2,0
288.15,0.694,-0.948,0,0,0,0.866,-0.5,0,0.1,0,1,11.293,0,0
166672.66,13.912,5.98,1,0,0,-0.2588,-0.9659,0,0.0,0,9,8.368,1,1
822.81,0.438,-0.525,0,0,0,0.5,-0.866,0,0.1,0,0,12.216,0,0
54.69,0.053,-1.363,0,0,0,-0.2588,0.9659,0,0.0,2,5,1.88,1,1
559.92,0.96,-0.036,0,0,0,0.2588,-0.9659,0,0.0,0,1,10.216,1,0
454.83,0.247,-0.734,0,0,0,1.0,0.0,0,0.1,0,1,10.975,2,0
1461.82,0.98,-0.016,0,0,0,-0.5,-0.866,0,0.0,0,1,10.702,1,0
3785.09,0.685,-0.21,0,0,0,-0.866,0.5,0,0.1,0,1,9.521,1,0
1659.95,0.456,-1.048,0,0,0,-0.2588,-0.9659,0,0.0,0,1,11.092,1,0
28495.26,8.946,8.564,0,0,0,-0.7071,0.7071,0,0.0,1,3,8.144,0,0
1161.33,0.393,-0.537,0,0,0,0.0,-1.0,0,0.0,0,1,10.486,0,0
1015.39,0.222,-1.418,0,0,0,0.0,-1.0,0,0.0,0,0,12.143,0,0
8687.49,7.419,13.528,0,0,0,-0.866,-0.5,0,0.0,0,0,12.94,0,0
33.31,0.009,-0.739,0,0,0,-0.9659,0.2588,0,0.4,12,12,1.379,0,1
4070.03,0.815,-0.158,0,0,0,-0.866,0.5,0,0.2,0,0,11.863,0,0
2081.46,1.668,0.713,0,0,0,0.5,-0.866,0,0.0,0,1,11.172,1,0
605.5,0.404,-0.769,0,0,0,0.5,-0.866,0,0.333,0,0,11.766,0,0
1135.55,1.053,0.212,0,0,0,-1.0,-0.0,0,0.0,0,1,10.392,0,0
1103.78,0.883,-0.159,0,0,0,-0.7071,-0.7071,0,0.0,0,2,10.036,1,0
936.94,0.654,-1.711,0,0,0,-0.9659,-0.2588,0,0.0,0,0,12.504,0,0
2862.31,1.948,0.846,0,0,0,0.5,-0.866,0,0.1,0,2,9.448,0,0
2353.59,1.136,0.323,0,0,0,-0.9659,-0.2588,0,0.0,0,0,11.453,0,0
9281.2,1.648,0.563,0,0,0,-0.9659,-0.2588,0,0.0,0,0,12.149,0,0
2054.98,3.14,1.988,0,0,0,0.9659,-0.2588,0,0.2,0,1,11.056,0,0
717.31,0.99,-0.008,1,0,0,-0.866,-0.5,0,0.0,0,1,10.656,0,0
2391.27,0.47,-0.783,0,0,0,0.0,-1.0,0,0.111,0,1,9.642,0,0
415.27,0.491,-0.779,0,0,0,-0.9659,0.2588,0,0.0,0,0,12.299,0,0
5720.0,0.788,-0.157,0,0,0,-0.5,-0.866,0,0.0,0,0,11.896,0,1
2446.54,0.572,-0.348,0,0,0,-0.7071,0.7071,0,0.0,0,1,9.807,0,0
440.54,1.243,1.145,0,0,0,-1.0,-0.0,0,0.0,0,0,13.671,0,0
174.51,0.122,-0.482,0,0,0,-0.866,0.5,0,0.0,0,1,10.997,0,0
316.63,0.45,-0.291,0,0,0,-0.7071,0.7071,0,0.0,0,1,11.064,1,0
1285.75,1.673,0.511,0,0,0,0.0,-1.0,0,0.0,0,1,10.539,2,0
1890.65,1.445,0.672,0,0,0,-0.5,-0.866,0,0.0,0,1,11.164,0,0
1653.9,0.24,-1.092,0,0,0,0.866,-0.5,0,0.0,0,0,11.525,0,0
319.87,0.542,-0.409,0,0,0,0.9659,-0.2588,0,0.2,0,2,10.473,0,0
5372.76,1.315,0.263,0,0,0,-0.7071,0.7071,0,0.1,0,2,11.265,0,0
1588.45,0.437,-0.473,0,0,0,0.0,-1.0,0,0.0,0,1,9.163,0,0
9259.61,1.255,0.616,0,0,0,1.0,0.0,0,0.2,1,4,7.597,2,1
270.01,0.988,-0.04,0,0,0,-0.5,0.866,0,0.0,0,0,11.393,0,0
127.69,0.073,-1.058,0,0,0,-0.2588,0.9659,0,0.1,0,0,12.342,0,0
1892.79,0.676,-0.381,0,0,0,-0.2588,-0.9659,0,0.0,0,0,12.96,1,0
876.47,1.136,0.124,0,0,0,-1.0,-0.0,0,0.0,0,0,11.529,1,0
1699.43,0.541,-0.41,0,0,0,0.7071,-0.7071,0,0.0,0,5,10.088,0,0
512.55,0.578,-0.515,0,0,0,-0.2588,0.9659,0,0.1,1,1,8.115,0,0
750.53,0.465,-0.509,0,0,0,-0.9659,-0.2588,0,0.0,0,1,10.905,0,0
730.39,1.798,2.001,0,0,0,0.7071,-0.7071,0,0.0,0,0,13.315,1,0
1538.36,1.034,0.068,0,0,0,0.0,-1.0,0,0.2,0,0,11.627,1,0
350.68,1.398,0.0,0,0,0,-0.5,-0.866,0,0.0,0,0,11.832,1,0
2461.83,2.059,2.065,0,0,0,-0.9659,-0.2588,0,0.143,0,0,12.432,2,0
456.43,0.646,-0.592,0,0,1,0.5,0.866,1,0.1,0,1,9.794,1,0
2699.63,2.284,1.573,0,0,0,0.2588,-0.9659,0,0.0,0,2,10.594,1,0
6581.88,1.579,0.981,0,0,0,-0.866,-0.5,0,0.0,2,2,6.913,2,1
2835.18,0.227,-1.237,0,0,0,0.5,-0.866,0,0.0,0,0,12.397,0,0
12082.18,7.02,5.151,0,0,0,-0.9659,-0.2588,0,0.0,0,0,13.222,2,0
460.25,0.618,-0.271,0,0,0,-0.9659,-0.2588,0,0.1,0,0,12.621,1,0
93751.25,11.307,5.373,0,0,1,0.7071,0.7071,0,0.0,0,9,9.208,0,1
994.93,0.558,-0.381,0,0,0,-0.5,-0.866,0,0.0,0,0,11.561,0,0
3289.39,1.199,0.291,0,0,0,-0.2588,0.9659,0,0.0,0,0,11.837,0,0
1265.51,0.568,-0.307,0,0,0,-0.2588,0.9659,0,0.1,0,2,10.318,1,0
880.25,0.334,-0.589,0,0,0,0.2588,-0.9659,0,0.2,1,1,8.176,1,0
4179.58,3.408,4.066,1,0,0,0.5,-0.866,0,0.0,0,2,8.999,0,0
2712.42,0.384,-0.442,0,0,0,0.5,-0.866,0,0.1,0,1,10.81,0,0
2819.29,2.167,2.331,0,0,0,-0.866,-0.5,0,0.1,0,1,10.937,2,0
1999.45,0.552,-0.383,0,0,0,-0.866,0.5,0,0.1,0,4,8.21,0,0
392.56,0.221,-0.655,0,0,0,-0.866,-0.5,0,0.1,0,0,12.602,1,0
7575.69,2.493,1.259,0,0,0,-0.5,-0.866,0,0.0,0,0,11.57,0,0
1415.18,1.0,0.0,0,0,0,0.0,-1.0,0,0.0,0,0,14.768,1,0
885.3,0.352,-5.0,0,0,0,-1.0,-0.0,0,0.0,0,1,9.681,1,0
3453.63,0.901,-0.08,0,0,0,0.5,-0.866,0,0.1,0,0,11.46,0,0
553.59,0.607,-0.402,0,0,0,0.7071,-0.7071,0,0.0,0,0,12.227,0,0
634.92,0.888,-0.093,0,0,0,-0.5,-0.866,0,0.0,0,2,10.582,0,0
682.64,1.611,0.912,0,0,0,-0.7071,-0.7071,1,0.1,0,3,9.839,1,0
20.64,0.018,-0.795,0,0,0,-0.7071,0.7071,0,0.1,6,7,3.314,0,1
3662.44,1.045,0.04,0,0,0,-0.9659,0.2588,1,0.1,0,1,10.9,0,0
1379.83,1.301,0.811,0,0,0,0.5,-0.866,0,0.0,0,3,10.975,0,0
1457.86,0.64,-0.371,0,0,0,0.2588,-0.9659,0,0.1,0,2,9.338,0,0
17077.81,3.662,2.381,0,0,0,-0.7071,-0.7071,0,0.0,0,2,9.271,0,1
518.29,0.336,0.0,1,1,0,-1.0,-0.0,0,0.0,0,0,13.88,3,1
46.31,0.012,-0.589,0,0,0,-0.9659,-0.2588,1,0.2,3,3,2.822,1,1
3465.14,2.049,0.995,0,0,0,0.5,-0.866,0,0.0,0,0,11.77,1,0
1783.89,0.847,-0.144,0,0,0,-0.2588,0.9659,0,0.0,0,0,11.489,0,0
29.42,0.058,-0.755,1,1,1,0.9659,0.2588,0,0.0,1,3,0.0,0,1
8005.09,6.751,4.453,0,0,0,0.2588,-0.9659,0,0.0,0,0,12.305,0,0
2866.87,0.435,-0.459,0,0,0,0.5,-0.866,0,0.2,0,1,11.13,0,0
1891.89,1.688,2.24,0,0,0,-0.2588,0.9659,0,0.0,0,2,9.514,1,0
1389.77,0.765,-0.204,0,0,0,-1.0,-0.0,0,0.0,0,0,12.26,0,0
972.54,0.286,-0.581,0,0,0,-0.7071,-0.7071,0,0.0,0,4,9.374,0,0
1072.33,0.563,-1.41,0,0,0,0.2588,-0.9659,0,0.0,0,2,10.266,1,0
4028.04,3.595,0.0,1,1,0,-1.0,-0.0,0,0.0,0,0,13.004,2,1
664.09,0.781,-1.367,0,0,0,-1.0,-0.0,0,0.0,0,1,11.284,1,0
2679.54,1.201,0.155,0,0,0,0.7071,-0.7071,0,0.0,0,0,11.736,0,0
472.23,0.155,-0.808,0,0,0,-0.2588,-0.9659,0,0.0,0,1,9.233,1,0
542.11,0.594,-0.728,0,0,0,-0.2588,0.9659,0,0.0,0,1,10.325,0,0
1943.7,0.705,-0.277,0,0,0,-0.9659,-0.2588,0,0.0,0,2,10.777,1,0
313.09,0.183,-0.712,1,0,0,-0.5,-0.866,0,0.0,0,2,10.877,1,0
4049.18,0.893,-0.081,0,0,0,-0.5,0.866,0,0.0,0,1,10.623,0,0
825.99,0.786,-0.125,0,0,0,-0.866,0.5,0,0.0,0,0,11.715,1,0
4990.29,1.402,0.352,0,0,0,-0.2588,0.9659,0,0.0,0,1,10.338,1,0
14.69,0.042,-0.442,0,0,0,-0.2588,-0.9659,0,0.4,22,22,1.525,0,1
455.6,2.477,1.043,0,0,0,-0.2588,-0.9659,0,0.2,0,1,8.804,1,0
1590.41,0.311,-0.606,1,0,0,0.5,-0.866,0,0.0,0,1,11.366,1,0
1014.31,0.584,-0.256,0,0,0,-1.0,-0.0,1,0.1,0,4,10.479,1,0
17086.98,5.049,3.749,0,0,0,-0.2588,0.9659,0,0.0,0,1,9.8,0,0
9671.93,7.952,7.399,0,0,0,-0.7071,0.7071,0,0.0,0,2,10.77,1,0
875.98,0.965,-0.755,0,0,0,0.866,-0.5,0,0.0,0,0,12.764,0,0
497.15,0.205,0.0,1,1,0,0.5,-0.866,0,0.0,0,0,13.588,0,0
651.93,0.591,-0.439,0,0,0,-0.2588,-0.9659,0,0.0,0,2,10.485,1,0
1.65,0.001,-0.689,0,0,1,0.5,0.866,1,0.6,15,15,1.511,0,1
420.39,0.239,-0.746,0,0,0,-0.7071,-0.7071,0,0.2,0,2,10.529,1,0
300.8,0.44,-0.393,0,0,0,-0.9659,0.2588,0,0.1,0,0,11.43,0,0
572.45,0.275,-0.819,0,0,1,0.866,0.5,0,0.0,0,2,11.251,1,0
798.52,0.191,-1.087,0,0,0,-0.5,-0.866,0,0.0,0,0,11.414,0,0
58.58,0.694,-0.216,0,0,1,0.7071,0.7071,2,0.5,16,16,2.032,0,1
2137.84,0.596,-2.498,0,0,0,0.7071,-0.7071,1,0.333,0,1,11.082,0,0
1332.18,1.0,0.0,0,0,0,-0.866,-0.5,0,0.0,0,0,14.768,0,0
892.93,1.143,0.423,0,0,0,-0.5,0.866,0,0.222,0,1,11.122,0,0
1299.15,1.359,0.783,0,0,0,-1.0,-0.0,0,0.0,0,1,10.199,0,0
1005.91,0.647,-0.388,0,0,0,-0.2588,-0.9659,1,0.1,0,1,8.942,1,0
5044.67,1.193,0.157,0,0,0,-0.2588,0.9659,0,0.0,0,2,10.407,0,0
1127.99,0.743,-0.202,0,0,0,-1.0,-0.0,0,0.0,0,2,10.48,1,0
39930.17,9.098,3.759,0,0,0,-0.2588,0.9659,1,0.1,3,6,3.331,0,1
303.18,0.117,-1.087,0,0,0,0.5,-0.866,0,0.0,0,2,10.426,3,0
2075.43,1.39,0.374,0,0,0,0.2588,-0.9659,0,0.2,0,1,11.28,0,0
1931.93,0.466,-0.447,0,0,0,-0.866,0.5,1,0.1,0,1,8.99,0,0
4085.96,0.907,-0.071,0,0,0,-0.866,0.5,0,0.1,0,0,12.098,3,0
4064.95,0.468,-0.447,0,0,0,0.7071,-0.7071,0,0.0,0,1,10.665,1,0
1702.31,0.897,-0.09,0,0,0,-0.866,0.5,0,0.0,0,1,10.607,0,0
8.1,0.007,-1.07,0,0,0,-0.9659,-0.2588,0,0.4,7,7,1.291,0,1
143.68,0.061,-1.021,0,0,0,-0.7071,0.7071,0,0.0,0,1,10.765,0,0
46.44,0.037,-0.696,0,0,1,0.7071,0.7071,1,0.7,15,15,4.244,0,1
429.32,0.287,-0.6,0,0,0,-0.7071,-0.7071,0,0.0,0,2,9.93,1,0
360.67,1.0,0.0,0,0,0,-0.866,0.5,0,0.0,0,0,14.768,1,0
13738.62,5.371,3.74,0,0,0,0.2588,-0.9659,1,0.1,0,0,12.721,1,0
7.64,0.015,-0.649,0,0,0,-0.2588,-0.9659,0,0.5,19,19,2.502,1,1
491.81,0.892,-0.223,0,0,0,-0.866,-0.5,1,0.2,0,1,10.519,1,0
7457.38,9.793,15.0,0,0,0,-0.2588,0.9659,0,0.25,0,0,12.103,0,0
525.01,1.283,0.657,0,0,0,-0.866,0.5,0,0.1,0,0,12.522,2,0
1973.33,0.384,-0.685,0,0,0,0.866,-0.5,0,0.0,0,1,9.096,0,0
1844.23,0.887,-0.105,0,0,0,-0.7071,-0.7071,0,0.0,0,2,10.379,1,0
1073.19,0.489,-0.459,0,1,0,-0.5,-0.866,0,0.0,0,1,11.362,1,0
3127.92,5.443,15.0,0,0,0,-0.7071,-0.7071,0,0.3,0,0,12.287,0,0
2130.35,0.3,-0.589,0,0,0,-0.866,-0.5,1,0.2,0,1,10.964,0,0
1152.81,0.432,-1.429,0,0,0,-0.7071,-0.7071,0,0.0,0,0,11.838,0,0
1054.41,0.834,-0.135,0,0,0,-0.866,0.5,0,0.0,0,1,9.439,0,0
39.37,0.065,-0.548,0,1,0,-0.9659,0.2588,1,0.5,9,9,2.213,0,1
37.84,0.046,-2.192,0,1,0,-0.866,0.5,2,0.4,3,3,3.563,0,1
1055.81,0.42,-0.516,0,0,0,-0.5,-0.866,0,0.2,0,0,12.153,1,0
3080.61,1.414,0.372,0,0,0,-0.9659,-0.2588,0,0.0,0,1,10.914,2,0
1937.63,1.397,1.178,0,0,0,-1.0,-0.0,0,0.0,0,0,12.288,0,0
57.83,0.082,-0.439,0,0,0,0.0,-1.0,0,0.0,27,29,4.256,1,1
1152.57,0.483,-0.858,0,0,0,0.7071,-0.7071,0,0.0,0,1,11.035,0,0
920.23,0.85,-0.131,0,0,0,-0.866,-0.5,0,0.0,0,2,10.371,2,0
2113.61,1.0,0.0,0,0,0,0.5,-0.866,0,0.0,0,0,14.768,1,0
801.18,0.266,-0.564,0,0,0,-1.0,-0.0,0,0.2,0,1,9.978,0,0
1471.79,0.75,-0.21,0,0,0,-0.866,-0.5,0,0.1,0,1,11.017,1,0
718.17,0.553,-0.579,0,0,0,0.0,-1.0,0,0.0,0,0,12.638,0,0
967.9,0.568,-0.338,0,0,0,0.9659,-0.2588,0,0.0,0,1,9.303,0,0
545.94,0.29,-0.675,0,0,0,0.0,-1.0,0,0.1,0,0,12.339,0,0
589.72,0.507,-0.429,0,0,0,0.9659,-0.2588,0,0.0,0,1,9.252,0,0
1678.93,1.0,0.0,0,0,0,0.0,-1.0,0,0.0,0,0,14.768,1,0
13351.5,11.066,15.0,0,0,0,1.0,0.0,0,0.0,0,0,12.112,1,0
17.2,0.115,-0.973,0,0,0,-0.9659,0.2588,0,0.4,15,16,2.16,0,1
470.44,0.516,-0.485,0,0,0,-0.7071,0.7071,0,0.111,0,0,12.337,1,1
1163.02,0.854,-0.248,0,0,0,0.7071,-0.7071,0,0.0,0,0,11.452,0,0
284.48,0.301,-0.879,0,0,0,-1.0,-0.0,0,0.1,0,0,12.167,0,0
827.01,0.565,-0.56,0,0,0,-0.2588,-0.9659,0,0.1,0,2,9.793,1,0
1057.19,0.452,-0.542,0,0,0,-0.866,0.5,1,0.1,0,1,10.679,0,0
1418.37,0.255,-0.732,1,0,0,-0.9659,0.2588,0,0.0,0,2,10.942,1,0
1152.49,0.99,-0.007,0,0,0,0.5,-0.866,1,0.2,0,1,11.364,0,0
670.61,1.125,0.15,0,0,0,-0.7071,-0.7071,0,0.0,0,0,12.503,1,0
8231.01,3.234,2.049,0,0,0,-0.866,0.5,0,0.2,0,1,10.566,0,0
2273.12,0.836,-0.144,0,0,0,-0.866,-0.5,0,0.3,0,0,12.343,0,0
1037.98,1.177,0.145,0,0,0,-0.2588,0.9659,0,0.0,0,3,8.932,0,0
860.84,0.902,-0.577,0,0,0,-0.866,-0.5,0,0.333,0,0,11.626,1,0
933.06,1.229,0.499,0,0,0,-0.9659,-0.2588,0,0.1,0,1,11.3,0,0
7889.22,6.156,7.265,0,0,0,-0.2588,-0.9659,0,0.1,0,1,10.841,1,0
1343.84,0.682,-0.427,1,0,0,-0.7071,0.7071,0,0.1,0,1,10.536,1,0
2005.42,0.756,-0.283,0,0,0,-0.866,0.5,0,0.0,0,0,12.173,0,0
1041.98,0.623,-2.384,0,0,0,0.2588,-0.9659,0,0.0,0,0,11.504,0,0
660.71,1.502,1.436,0,0,0,0.7071,-0.7071,0,0.0,0,2,10.932,0,0
337.8,0.127,0.0,0,0,0,0.2588,-0.9659,0,0.5,0,1,11.12,0,0
775.7,0.394,-0.594,0,0,0,-0.866,0.5,0,0.1,1,1,7.81,0,0
35.77,0.183,-0.578,0,1,0,-0.9659,0.2588,0,0.3,9,9,2.786,0,1
1683.56,1.792,1.992,0,0,0,0.2588,-0.9659,0,0.0,0,1,11.213,0,0
526.07,0.958,-0.043,0,0,0,-0.7071,0.7071,0,0.2,0,1,10.998,0,0
1.53,0.002,-0.61,0,0,0,-0.9659,0.2588,0,0.2,4,4,2.65,0,1
349.15,0.709,-0.43,1,0,0,0.9659,-0.2588,0,0.0,0,1,10.972,1,0
272.53,0.416,-0.537,0,0,0,-0.2588,-0.9659,0,0.0,0,2,8.232,1,0
1.86,0.002,-0.95,0,0,1,0.0,1.0,0,0.0,2,2,2.172,0,1
2248.83,1.0,0.0,0,0,0,-0.2588,-0.9659,0,0.0,0,0,14.768,1,0
7717.95,3.659,2.335,0,0,0,0.866,-0.5,0,0.1,0,1,10.268,0,0
1997.58,0.559,-0.806,0,0,0,0.866,-0.5,0,0.0,0,2,10.619,1,0
959.23,0.517,-0.441,0,0,0,0.2588,-0.9659,0,0.0,1,2,7.925,1,0
4260.27,3.237,6.085,0,1,0,1.0,0.0,0,0.1,0,2,9.115,1,0
575.64,0.167,-0.768,0,0,0,-0.9659,-0.2588,0,0.0,1,3,8.118,2,0
676.71,0.446,-0.411,0,0,0,-0.5,0.866,1,0.1,0,1,10.449,1,0
1498.71,0.464,-0.447,0,0,0,-1.0,-0.0,0,0.1,0,1,10.571,0,0
75308.18,15.818,12.98,1,0,1,0.5,0.866,0,0.0,0,1,10.999,1,1
2353.01,0.566,-0.366,0,0,0,-0.2588,0.9659,0,0.0,0,0,11.426,0,0
2313.96,0.3,-0.606,0,0,0,-0.2588,-0.9659,0,0.222,0,1,10.514,0,0
4288.58,1.142,0.498,0,0,0,-1.0,-0.0,0,0.25,0,1,9.906,0,0
2685.3,3.057,2.173,1,0,1,0.9659,0.2588,0,0.0,0,0,11.89,1,0
15.74,0.077,-1.461,0,0,0,-0.9659,0.2588,0,0.0,5,6,2.226,0,1
221.01,0.375,-0.709,0,0,0,-0.9659,-0.2588,0,0.143,0,1,10.505,1,0
524.07,0.906,-0.086,0,0,0,0.0,-1.0,0,0.0,0,4,10.027,1,0
934.23,0.625,-0.282,0,0,0,-0.866,0.5,0,0.1,0,1,11.275,0,0
1195.98,0.409,-0.41,0,0,0,-0.5,-0.866,0,0.0,0,0,12.321,0,0
3179.02,0.525,-0.377,0,0,0,-0.866,-0.5,1,0.1,0,2,10.962,1,0
1288.68,1.0,0.0,0,0,0,-1.0,-0.0,0,0.0,0,0,14.768,0,0
6716.38,4.908,2.951,0,0,0,-0.2588,0.9659,0,0.2,0,0,11.376,0,0
835.6,0.397,-0.524,0,0,0,0.7071,-0.7071,0,0.2,0,1,11.135,0,0
2778.83,0.938,-0.122,0,0,0,-0.9659,0.2588,1,0.1,0,1,11.232,0,0
3043.67,0.72,-0.536,0,0,0,0.7071,-0.7071,0,0.0,0,1,10.719,0,0
461.08,0.639,-0.372,0,0,0,0.5,-0.866,0,0.0,0,2,10.274,0,0
1702.31,0.789,-0.521,0,0,0,-0.866,0.5,0,0.0,0,1,11.071,0,0
614.66,0.483,-0.539,0,0,0,-0.7071,-0.7071,0,0.0,0,4,9.799,1,0
1097.52,0.641,-0.317,0,0,0,-0.866,-0.5,0,0.0,0,1,10.543,1,0
407.5,0.204,-0.736,0,0,0,0.0,-1.0,0,0.0,0,1,9.374,0,0
1018.25,0.304,-0.599,0,0,0,-0.5,-0.866,1,0.1,0,2,8.953,0,0
6452.88,1.761,1.083,0,0,1,0.5,0.866,0,0.167,2,3,7.245,3,1
1511.69,0.57,-0.405,0,0,0,-0.5,0.866,0,0.0,0,0,12.122,0,0
7581.53,4.447,2.932,0,0,0,-0.9659,-0.2588,0,0.0,0,2,9.617,1,0
4238.48,0.468,-0.53,0,0,0,-1.0,-0.0,0,0.0,0,1,11.01,0,0
30.19,0.045,-0.765,0,0,0,-0.2588,-0.9659,0,0.0,5,5,1.655,1,1
1262.2,1.291,0.207,0,0,0,-0.5,0.866,0,0.0,0,0,12.711,0,0
2221.15,1.886,7.615,0,0,0,0.5,-0.866,0,0.0,0,0,12.144,0,0
1045.71,0.705,-0.601,0,0,0,0.5,-0.866,0,0.1,0,0,12.344,1,1
55.45,0.03,-0.588,0,0,1,0.866,0.5,0,0.3,17,17,4.248,1,1
2329.65,0.503,-0.372,0,0,0,-0.866,0.5,0,0.0,0,4,10.618,0,0
2422.3,0.388,-0.728,0,0,0,-0.9659,0.2588,0,0.0,0,0,12.761,0,0
3341.18,0.882,-0.104,0,0,0,-0.866,-0.5,1,0.1,0,0,11.984,0,0
662.71,1.0,0.0,0,0,0,-0.2588,-0.9659,0,0.0,0,0,14.768,2,0
305.21,0.563,-1.134,0,0,0,-0.5,-0.866,0,0.2,0,2,10.044,1,0
2526.13,0.744,-0.271,1,0,0,0.866,-0.5,0,0.0,0,0,12.391,0,0
2611.55,1.0,0.0,0,0,0,-1.0,-0.0,0,0.0,0,0,14.768,0,0
555.61,0.94,-0.056,0,0,0,0.866,-0.5,0,0.1,0,0,11.765,0,0
758.25,1.382,1.553,0,0,0,0.7071,-0.7071,1,0.3,0,0,12.229,0,0
1449.26,0.608,-0.372,0,0,0,-0.2588,0.9659,0,0.0,0,4,9.691,0,0
658.28,0.605,-0.342,0,0,0,0.5,-0.866,0,0.0,0,1,11.134,0,0
22233.88,4.81,3.288,0,0,0,0.2588,-0.9659,0,0.0,1,1,6.076,1,0
1391.11,0.688,-0.279,0,0,0,0.5,-0.866,0,0.0,0,0,12.046,1,0
1909.72,0.79,-0.195,0,0,0,-1.0,-0.0,0,0.0,0,0,11.54,0,0
6476.35,0.814,-0.191,0,0,0,-0.866,0.5,0,0.0,0,0,12.394,2,0
1167.74,0.463,-1.183,0,0,0,-0.9659,0.2588,0,0.1,0,2,11.097,0,0
564.42,0.113,-0.76,0,0,0,-0.2588,0.9659,0,0.2,0,1,11.239,0,0
1216.88,0.243,-0.73,0,0,0,0.866,-0.5,1,0.1,0,1,9.707,1,0
14196.98,28.851,15.0,0,0,1,0.866,0.5,1,0.2,1,3,7.483,0,1
5582.37,4.526,8.85,0,0,0,-0.2588,-0.9659,0,0.0,0,0,12.594,1,1
797.44,1.0,0.0,0,0,0,-1.0,-0.0,0,0.0,0,0,14.768,2,0
2292.33,0.444,0.0,0,0,0,0.5,-0.866,0,0.0,0,0,11.712,0,0
720.55,0.8,-0.154,0,0,0,0.2588,-0.9659,0,0.0,0,1,11.045,0,0
4654.34,1.698,0.593,0,0,0,-0.7071,0.7071,0,0.1,0,0,11.946,0,0
2316.77,1.818,0.0,0,0,0,0.866,-0.5,1,0.5,0,1,9.901,1,0
11.97,0.009,-0.732,0,0,0,1.0,0.0,1,0.5,11,11,2.601,0,1
597.97,0.624,-0.285,0,0,0,0.0,-1.0,0,0.1,0,1,11.324,0,0
8781.57,1.294,0.627,0,0,0,-0.2588,-0.9659,0,0.0,1,2,7.383,4,1
920.16,0.753,-0.352,0,0,0,-0.7071,-0.7071,1,0.1,0,1,11.19,2,0
813.89,1.104,0.274,0,0,0,0.9659,-0.2588,1,0.25,0,1,11.143,1,0
1684.75,0.33,-0.493,0,0,0,-0.2588,0.9659,0,0.0,0,0,11.916,0,0
59.22,0.02,-0.477,0,0,0,-0.9659,-0.2588,0,0.3,8,8,2.403,1,1
348.86,0.428,-0.576,1,0,0,0.2588,-0.9659,0,0.0,0,3,8.863,2,0
1179.53,0.935,-0.08,0,0,0,0.5,-0.866,0,0.1,0,1,10.988,0,0
449.1,0.189,-0.795,0,0,0,-0.2588,0.9659,0,0.0,0,1,9.782,0,0
43.53,0.073,-0.498,0,0,0,-1.0,-0.0,0,0.4,14,14,2.513,0,1
2497.75,1.288,0.765,0,0,0,-0.866,0.5,0,0.0,0,0,11.83,0,0
1454.9,1.062,0.127,0,0,0,-0.5,-0.866,1,0.4,0,2,10.637,1,0
3864.71,2.916,1.558,0,0,0,-0.2588,0.9659,0,0.1,1,3,7.944,0,0
2046.23,1.382,0.786,1,0,1,0.866,0.5,0,0.0,0,0,12.28,1,0
376.31,0.993,-0.008,0,0,0,0.2588,-0.9659,0,0.1,0,1,10.468,0,0
329.43,0.993,-0.015,0,0,0,-0.5,0.866,0,0.0,0,1,11.286,0,0
3643.72,0.908,-0.085,0,1,0,-0.9659,0.2588,0,0.3,0,1,10.741,0,0
44.47,0.017,-0.631,0,0,0,-0.9659,0.2588,1,0.4,27,27,2.179,0,1
2403.68,0.488,-0.438,0,0,0,0.2588,-0.9659,1,0.1,1,1,8.183,1,0
3224.56,1.0,0.0,0,0,0,-0.7071,-0.7071,0,0.0,0,0,14.768,1,0
2530.01,1.881,0.818,0,0,0,0.5,-0.866,0,0.3,0,3,9.874,1,0
1744.11,0.352,-0.604,0,0,0,-0.2588,-0.9659,0,0.0,0,0,11.48,1,0
436.26,2.288,9.917,0,0,0,0.7071,-0.7071,0,0.0,0,2,9.883,0,0
2053.37,0.961,-0.025,0,0,0,-1.0,-0.0,0,0.1,0,1,9.95,0,0
433.32,0.715,-0.224,0,0,0,-0.7071,0.7071,0,0.2,0,2,8.751,0,0
837.25,0.568,-0.471,0,0,0,-0.5,-0.866,0,0.0,0,2,10.822,0,0
1690.94,0.62,-0.634,0,0,0,-0.9659,0.2588,0,0.111,0,1,11.11,0,0
6020.15,1.356,0.309,0,0,0,-0.866,-0.5,0,0.2,0,1,10.561,0,0
282.64,0.283,-0.591,0,0,0,0.5,-0.866,0,0.2,0,2,10.588,0,0
1388.93,0.485,-0.425,0,0,0,0.5,-0.866,0,0.1,0,2,10.611,1,0
289.98,0.413,-0.534,0,0,0,0.2588,-0.9659,0,0.0,0,2,10.054,1,0
2255.61,0.631,-0.528,0,0,0,-0.866,0.5,0,0.0,0,1,10.559,1,0
312.98,1.0,0.0,0,0,0,-0.866,-0.5,0,0.0,0,0,14.768,0,0
29379.49,7.916,5.837,0,0,0,1.0,0.0,0,0.0,1,5,8.153,0,1
25.51,0.058,-0.497,0,0,0,-0.2588,-0.9659,0,0.3,14,14,3.27,0,1
3.93,0.001,-0.745,0,0,0,-0.9659,0.2588,1,0.5,15,15,3.728,0,1
801.82,1.0,0.0,0,0,0,-0.866,0.5,0,0.0,0,0,14.768,1,0
816.74,1.048,0.113,1,0,0,-0.9659,0.2588,0,0.0,0,3,9.913,0,0
4818.18,1.648,1.325,0,0,0,-0.866,0.5,0,0.1,0,0,11.666,0,0
10078.74,1.67,0.675,0,0,0,-0.2588,0.9659,0,0.0,0,2,10.812,0,0
10283.93,5.378,6.356,0,0,0,-0.866,0.5,0,0.0,0,0,11.824,0,0
3413.33,0.532,-0.454,0,0,0,-0.5,-0.866,0,0.1,0,1,11.259,1,0
9069.88,1.682,0.579,0,0,0,-0.866,-0.5,0,0.0,0,0,12.518,0,0
569.08,0.208,-0.99,0,0,0,-0.2588,-0.9659,0,0.0,0,0,11.495,1,0
1931.01,0.362,-0.279,0,0,0,-0.2588,0.9659,0,0.1,0,1,11.113,1,0
5312.02,1.324,0.244,0,0,0,-0.866,0.5,0,0.0,0,1,9.157,0,0
763.72,0.27,-0.694,0,0,0,-0.5,0.866,0,0.2,0,1,10.838,0,0
1872.07,0.837,-0.146,0,0,0,-0.866,0.5,0,0.111,0,0,13.394,0,0
1211.04,1.222,0.151,0,0,0,-0.866,0.5,0,0.1,0,0,12.128,0,0
1860.61,1.0,0.0,0,0,0,0.2588,-0.9659,0,0.0,0,0,14.768,0,0
842.35,0.647,-0.616,0,0,0,-0.866,-0.5,0,0.0,0,0,12.073,0,0
763.39,0.569,-0.486,0,0,0,0.0,-1.0,0,0.0,0,0,12.337,0,0
1047.63,0.347,-0.509,0,0,0,-1.0,-0.0,0,0.1,0,2,10.766,0,0
24.43,0.024,-0.762,0,1,0,-1.0,-0.0,0,0.1,2,2,2.134,0,1
7655.94,1.265,0.196,0,0,0,-0.9659,-0.2588,0,0.0,0,2,11.049,0,0
1532.79,0.413,-0.26,0,0,0,-1.0,-0.0,0,0.1,0,2,9.109,1,0
975.09,0.335,-0.811,0,0,0,-0.7071,0.7071,0,0.333,0,0,12.502,0,0
322.36,0.454,-0.289,0,0,0,-1.0,-0.0,0,0.0,0,2,10.087,1,0
8.23,0.03,-1.126,0,0,0,-0.7071,0.7071,0,0.5,14,16,3.41,1,1
29.01,0.011,-0.69,0,0,0,-0.866,-0.5,0,0.2,14,15,3.298,0,1
247.87,0.52,-0.381,0,0,0,-1.0,-0.0,0,0.1,0,0,11.741,1,0
711.75,0.204,-0.632,0,0,0,-0.2588,0.9659,0,0.1,1,3,7.807,0,0
1071.44,0.481,-0.491,0,0,0,-0.7071,0.7071,0,0.0,0,0,11.75,0,0
1102.31,0.589,-3.686,0,0,0,1.0,0.0,1,0.333,0,1,10.22,1,0
1871.93,0.581,-0.369,1,0,0,-0.9659,0.2588,0,0.0,0,2,9.673,1,0
12761.21,9.404,5.757,0,0,1,0.5,0.866,0,0.0,2,3,7.493,0,1
926.65,2.203,0.0,0,0,0,-0.7071,0.7071,1,0.5,0,1,11.21,1,0
40.01,0.047,-0.73,0,0,1,0.9659,0.2588,0,0.5,17,18,3.829,0,1
3946.07,0.486,-0.453,0,0,0,-0.5,0.866,0,0.1,0,1,10.893,0,0
103897.23,12.633,8.267,1,0,0,0.0,-1.0,0,0.0,0,6,9.065,1,1
4659.44,0.975,-0.021,0,0,0,-0.9659,0.2588,0,0.3,0,2,8.862,0,0
262.48,0.601,-0.696,0,0,0,0.5,-0.866,0,0.0,0,1,10.65,0,0
1187.37,0.638,-0.347,0,0,0,0.2588,-0.9659,0,0.0,1,4,8.124,2,0
188.61,0.297,-0.787,0,0,0,-0.5,-0.866,0,0.0,0,2,9.877,0,0
8864.12,2.765,3.428,0,0,0,-0.7071,0.7071,0,0.0,0,0,11.981,1,0
16580.94,4.315,2.594,0,0,0,0.0,-1.0,0,0.3,0,0,11.913,0,0
499.64,1.203,0.63,0,0,0,0.0,-1.0,1,0.2,0,1,10.442,0,0
3552.48,0.473,-0.474,0,0,0,-0.2588,0.9659,0,0.1,0,1,10.723,0,0
515.39,1.014,0.012,0,0,0,-0.866,0.5,0,0.0,0,4,9.296,1,0
16.03,0.004,-0.781,0,0,0,-0.9659,0.2588,0,0.2,7,7,1.403,0,1
6706.73,3.217,12.971,0,0,0,0.0,-1.0,2,0.5,2,2,7.172,4,1
4336.63,0.92,-0.059,1,0,0,-0.866,0.5,0,0.1,1,3,6.813,1,0
14291.18,8.629,15.0,1,0,0,-0.866,-0.5,0,0.0,0,0,11.963,4,1
3293.26,0.497,-0.318,0,0,0,0.5,-0.866,0,0.0,0,1,10.358,1,0
317.55,0.836,-0.371,0,0,0,0.9659,-0.2588,0,0.1,0,1,11.366,1,1
3180.5,0.748,-0.54,0,0,0,-0.9659,0.2588,0,0.333,0,2,10.71,0,0
1577.08,0.834,-0.154,0,0,0,0.0,-1.0,0,0.0,0,0,11.887,0,0
755.64,0.615,-0.337,0,0,0,-1.0,-0.0,0,0.0,0,1,10.622,1,0
2429.92,0.631,-0.397,0,0,0,-0.2588,0.9659,1,0.111,0,0,12.082,0,0
3496.12,1.065,0.18,0,0,0,-0.9659,-0.2588,0,0.0,0,0,13.105,0,0
19.9,0.054,-1.23,0,1,0,0.866,-0.5,0,0.2,6,8,0.426,0,1
1347.99,1.729,1.518,0,0,0,-0.9659,0.2588,0,0.0,0,0,12.564,0,0
40518.28,8.919,5.477,0,0,0,0.0,-1.0,0,0.0,0,1,11.042,0,0
2379.74,0.635,-0.169,0,0,0,-1.0,-0.0,0,0.1,0,4,9.956,1,0
518.75,1.0,0.0,0,0,0,-0.7071,-0.7071,0,0.0,0,0,14.768,0,0
667.48,0.459,-1.023,0,0,0,-1.0,-0.0,0,0.1,0,1,11.005,2,0
223.05,0.412,-0.461,0,0,0,-0.2588,0.9659,0,0.0,0,2,10.629,1,0
9377.77,2.398,1.42,0,0,0,-0.2588,0.9659,0,0.1,0,1,10.577,0,0
1608.86,0.458,-0.533,0,0,0,-0.5,0.866,0,0.0,0,0,12.399,1,0
2697.2,1.191,0.818,0,0,0,0.2588,-0.9659,0,0.0,0,0,11.918,0,0
1857.06,0.988,-0.195,1,0,0,-0.2588,0.9659,0,0.444,0,1,10.88,2,0
576.24,1.0,0.0,0,0,0,-0.866,0.5,0,0.0,0,0,14.768,0,0
822.89,1.109,0.08,0,0,0,-0.9659,0.2588,0,0.0,0,1,11.1,0,0
3947.36,1.296,0.871,0,0,1,0.7071,0.7071,0,0.0,1,1,6.102,4,1
4645.15,2.396,1.335,0,0,0,0.5,-0.866,0,0.1,0,0,12.027,0,0
2065.1,0.436,-0.424,0,0,0,-0.2588,-0.9659,0,0.0,0,3,9.073,0,0
4557.53,1.267,0.216,0,0,0,0.5,-0.866,0,0.0,0,0,12.445,0,0
38830.59,7.862,11.534,0,0,0,-0.9659,-0.2588,0,0.333,0,0,11.408,0,0
3694.94,1.073,0.188,0,0,0,-0.866,-0.5,0,0.167,0,1,11.193,0,0
807.54,1.719,1.474,1,0,0,0.0,-1.0,0,0.0,0,0,12.314,0,0
3.09,0.011,-1.241,0,0,0,-0.7071,0.7071,0,0.5,13,15,0.592,1,1
218.49,0.427,-5.0,0,0,0,0.0,-1.0,0,0.0,0,0,11.554,1,0
2169.35,0.911,-0.072,0,0,0,-0.2588,0.9659,0,0.0,0,2,9.36,1,0
477.79,0.227,-0.703,0,0,0,-0.7071,0.7071,0,0.0,0,0,12.098,1,0
9358.19,6.76,3.283,0,0,1,0.9659,0.2588,0,0.0,2,3,7.976,1,1
17117.74,9.931,15.0,0,0,0,0.5,-0.866,0,0.0,0,0,11.788,0,0
340.56,0.904,-0.241,0,0,0,0.2588,-0.9659,0,0.0,0,0,13.128,1,0
27129.86,8.83,14.683,0,0,0,-0.5,-0.866,0,0.111,0,0,11.519,0,0
2996.26,0.624,-0.162,0,0,0,-0.7071,0.7071,0,0.2,0,3,10.504,1,0
1683.78,1.672,1.666,1,0,0,0.866,-0.5,0,0.1,0,0,12.095,1,0
8311.27,3.934,15.0,0,0,0,-0.5,-0.866,0,0.0,0,1,9.179,3,0
7339.19,4.181,2.754,0,0,0,-0.866,-0.5,0,0.0,0,0,12.665,0,0
21532.31,10.437,5.49,0,0,1,0.866,0.5,0,0.3,2,5,5.977,1,1
1099.85,0.579,-0.342,0,0,0,-0.2588,0.9659,0,0.0,0,0,11.596,0,0
5177.74,1.0,0.0,0,0,0,-0.866,-0.5,0,0.0,0,0,14.768,0,0
229.95,0.456,-0.516,0,0,0,-0.7071,0.7071,0,0.1,0,2,9.891,1,0
1869.95,0.664,-0.407,0,0,1,0.866,0.5,0,0.2,0,0,11.84,0,0
544.56,0.26,-0.73,0,0,0,-0.7071,0.7071,0,0.0,0,0,11.398,1,1
320.8,0.201,-0.608,0,0,0,0.0,-1.0,0,0.2,0,0,12.232,0,0
509.93,0.316,-0.536,0,0,0,-0.866,0.5,0,0.0,0,0,12.253,1,0
24996.96,10.395,15.0,0,0,1,0.9659,0.2588,2,0.3,2,3,6.574,1,1
1262.01,0.703,-0.256,0,0,0,-0.9659,0.2588,0,0.1,0,0,12.542,0,0
26.17,0.007,-0.548,0,0,0,-0.9659,-0.2588,0,0.2,5,5,2.026,1,1
890.51,2.203,0.0,0,0,0,-0.2588,0.9659,0,0.0,0,0,13.295,1,0
7171.86,5.235,3.695,0,0,0,-0.9659,0.2588,0,0.2,0,22,9.482,2,0
1430.73,0.667,-0.32,0,0,0,-0.866,-0.5,0,0.167,0,3,10.674,1,0
440.39,1.097,0.147,0,0,0,0.0,-1.0,0,0.2,0,1,10.748,1,0
611.53,0.194,-0.792,0,0,0,-1.0,-0.0,1,0.167,0,0,11.385,1,0
2185.87,0.476,-0.941,0,0,0,0.0,-1.0,0,0.111,0,2,8.657,0,0
2982.38,0.453,-0.45,0,0,0,-0.9659,0.2588,0,0.0,0,0,11.91,0,0
683.02,0.639,-0.3,0,0,0,0.7071,-0.7071,0,0.0,0,2,9.32,0,0
278.98,0.335,-0.717,1,0,0,0.7071,-0.7071,0,0.0,0,3,9.667,0,0
670.47,0.542,-0.209,0,0,0,-0.9659,-0.2588,0,0.2,0,0,11.53,2,0
1309.33,1.899,15.0,0,0,0,-0.2588,0.9659,0,0.0,0,2,8.881,1,0
58.72,0.084,-0.602,0,0,1,0.9659,0.2588,1,0.3,30,31,3.208,0,1
16.05,0.01,-1.715,0,1,0,0.5,-0.866,0,0.0,3,3,3.335,0,1
4013.58,0.964,-0.032,0,0,0,-0.5,0.866,0,0.1,0,1,10.544,0,0
388.25,1.503,2.266,0,0,0,0.5,-0.866,0,0.0,0,1,9.972,1,0
1884.3,0.924,-0.102,0,0,0,0.2588,-0.9659,0,0.0,0,1,10.722,0,0
1599.94,2.079,3.145,0,0,0,-0.9659,0.2588,0,0.125,1,1,7.796,1,0
5115.08,0.825,-0.145,0,0,0,-0.9659,-0.2588,0,0.0,0,0,11.549,0,0
1007.98,0.833,-0.258,0,0,0,-0.2588,-0.9659,0,0.0,0,1,10.507,0,0
986.71,0.872,-0.097,0,0,0,0.0,-1.0,0,0.0,0,2,10.256,1,0
1973.54,0.99,-0.018,0,0,1,0.9659,0.2588,0,0.0,0,0,12.123,0,0
4698.33,3.128,1.867,0,0,0,-0.5,0.866,0,0.0,0,0,12.522,1,0
1123.85,0.255,-0.904,0,0,0,-0.9659,0.2588,0,0.1,0,0,12.211,0,0
4017.17,1.419,0.36,1,0,0,0.5,-0.866,0,0.0,0,6,8.979,0,0
1063.35,0.509,-0.399,0,0,0,0.866,-0.5,0,0.0,0,1,8.281,1,0
434.09,0.765,-0.236,0,0,0,0.7071,-0.7071,0,0.0,0,0,12.117,1,0
834.87,2.14,3.546,0,0,0,0.5,-0.866,0,0.0,0,0,13.477,0,0
2067.44,0.838,-0.139,0,0,0,-0.866,-0.5,0,0.1,0,1,9.93,0,0
443.58,1.325,0.728,1,0,0,-1.0,-0.0,0,0.0,0,0,12.065,0,0
1491.12,1.045,0.052,0,0,0,0.5,-0.866,0,0.0,0,1,10.595,2,0
505.23,0.929,-0.185,0,0,0,0.7071,-0.7071,0,0.0,0,0,11.845,3,0
766.71,0.152,-0.825,0,0,0,0.2588,-0.9659,0,0.1,0,0,11.583,1,0
5803.06,1.493,0.689,0,0,0,-1.0,-0.0,0,0.0,0,2,10.738,1,0
3352.68,0.991,-0.01,0,0,0,-0.866,-0.5,0,0.3,0,0,12.086,0,0
867.55,0.518,-0.463,0,0,0,0.866,-0.5,0,0.2,1,1,8.073,2,0
567.76,1.048,0.065,0,0,0,0.2588,-0.9659,0,0.2,1,1,6.003,0,0
15656.96,1.0,0.0,0,0,0,-0.866,0.5,0,0.0,0,0,14.768,1,0
50.14,0.026,-1.42,0,1,0,-0.866,0.5,0,0.0,4,5,2.777,0,1
200.59,0.526,-1.41,0,0,0,0.7071,-0.7071,0,0.0,0,0,12.526,1,0
1003.57,0.308,-1.584,1,0,0,-0.866,-0.5,0,0.0,0,0,12.41,0,0
51.27,0.04,-1.512,0,0,0,-0.5,0.866,0,0.2,4,4,0.561,0,1
538.63,0.44,-0.623,0,0,0,0.2588,-0.9659,0,0.0,0,2,10.699,1,0
3910.54,0.702,-0.225,0,0,0,0.0,-1.0,0,0.0,0,2,9.798,1,0
3970.75,4.371,4.651,0,0,0,-0.866,0.5,0,0.1,0,1,11.307,0,0
299.64,1.004,0.013,0,0,0,-0.866,0.5,0,0.0,0,0,11.818,0,0
3795.15,1.18,0.17,0,0,0,-0.2588,0.9659,0,0.0,0,0,11.828,1,0
15.23,0.011,-0.956,0,0,0,-0.5,-0.866,0,0.0,12,12,1.189,2,1
2309.98,0.836,-0.106,1,0,0,-0.7071,-0.7071,0,0.2,0,1,11.281,1,1
1065.9,0.32,-0.908,0,0,0,0.866,-0.5,0,0.0,0,1,10.0,0,0
531.49,0.714,-0.148,0,0,0,-0.866,0.5,0,0.4,0,0,11.591,1,0
5891.52,0.831,-0.15,0,0,0,-0.866,0.5,0,0.1,0,1,10.779,0,0
393.85,0.935,-0.156,0,0,0,-0.866,-0.5,0,0.0,0,0,11.373,0,0
764.7,0.54,-0.323,0,0,0,-0.9659,0.2588,0,0.0,0,0,11.814,0,0
169.09,0.508,-0.762,0,0,0,0.866,-0.5,0,0.1,0,0,12.21,0,0
1246.33,0.242,-0.664,0,0,0,-0.2588,-0.9659,0,0.0,0,0,13.018,1,0
1358.96,0.682,-0.485,0,0,0,-0.5,-0.866,0,0.0,0,0,12.244,0,0
206.67,0.639,-0.402,0,0,0,-0.866,0.5,0,0.1,0,3,9.482,0,0
3508.48,0.712,-0.217,0,0,0,0.7071,-0.7071,0,0.0,0,1,10.744,0,0
5891.64,0.994,-0.004,0,0,0,0.2588,-0.9659,0,0.0,0,2,9.331,0,0
1088.22,0.342,-0.6,0,0,0,-0.2588,0.9659,1,0.1,0,1,10.801,1,0
1283.4,0.69,-0.272,0,0,0,0.7071,-0.7071,0,0.0,1,5,7.819,1,0
32.79,0.061,-0.644,0,0,0,-0.2588,-0.9659,0,0.3,14,14,2.129,1,1
4581.85,1.051,0.05,0,0,0,-0.866,0.5,0,0.0,0,0,12.874,1,0
1239.83,0.362,-0.579,0,0,0,-0.5,0.866,0,0.0,0,1,9.893,0,0
964.9,0.451,-0.522,0,0,0,-0.2588,0.9659,0,0.1,0,0,12.203,0,0
667.6,0.332,-0.564,0,0,0,-0.5,-0.866,0,0.0,0,1,11.344,0,0
1013.4,0.756,-0.211,0,0,0,0.2588,-0.9659,1,0.5,0,30,8.587,1,0
489.88,0.874,-0.076,0,0,0,-0.5,-0.866,0,0.1,0,1,10.789,3,0
986.57,0.581,-0.415,0,0,0,0.0,-1.0,0,0.0,0,0,11.863,1,0
366.94,1.046,0.147,0,0,0,-0.866,0.5,0,0.0,0,0,11.582,0,0
3389.15,3.437,1.983,0,0,0,0.9659,-0.2588,0,0.0,0,2,10.264,1,0
19.69,0.005,-0.81,0,0,1,0.9659,0.2588,2,0.5,9,10,2.882,0,1
1357.29,0.438,-1.134,0,0,0,-0.7071,0.7071,0,0.0,0,0,11.898,1,0
282.67,0.365,-0.608,0,0,0,-0.866,0.5,0,0.0,0,2,10.552,1,0
1332.98,0.711,-5.0,0,0,0,-0.5,0.866,0,0.0,0,1,10.746,0,0
1069.09,1.201,0.205,0,0,0,0.9659,-0.2588,0,0.1,0,1,8.904,0,0
13929.04,5.43,2.379,0,0,1,0.7071,0.7071,0,0.2,3,5,7.16,0,1
1503.3,1.381,0.938,0,0,0,-0.5,0.866,0,0.0,0,2,11.257,1,0
2270.83,1.01,0.005,1,0,0,0.866,-0.5,0,0.5,0,0,11.717,0,0
5435.93,1.125,0.108,0,0,0,-0.7071,0.7071,0,0.0,0,0,11.764,0,0
9038.0,5.752,5.443,0,0,0,-0.2588,-0.9659,1,0.1,0,1,11.058,2,0
45.65,0.007,-0.888,0,0,0,0.2588,-0.9659,1,0.1,3,3,2.573,1,1
2958.07,0.716,-0.249,0,0,0,0.2588,-0.9659,0,0.1,0,1,11.127,0,0
188.23,0.513,-0.569,0,0,0,0.5,-0.866,0,0.2,0,2,11.044,0,0
8452.97,1.372,0.289,0,0,0,-0.866,0.5,0,0.0,0,2,10.911,0,0
507.38,1.583,0.0,0,0,0,-0.9659,0.2588,0,0.0,0,1,10.431,0,0
617.63,0.379,-0.543,0,0,0,-0.9659,0.2588,0,0.0,0,3,8.977,1,0
4215.42,1.498,0.361,0,1,0,0.7071,-0.7071,0,0.0,0,1,10.072,0,0
1002.44,0.268,-0.642,0,0,0,-0.9659,0.2588,0,0.0,0,2,8.339,0,0
4751.15,6.768,3.667,0,0,0,0.866,-0.5,0,0.0,0,0,12.933,3,0
1717.53,1.085,0.069,0,0,0,-0.7071,0.7071,0,0.0,1,4,7.544,1,0
184.86,0.558,-1.01,0,0,0,-0.866,0.5,0,0.0,0,0,12.452,0,0
3330.07,1.591,0.847,0,0,0,-0.7071,0.7071,0,0.0,0,1,11.21,0,0
695.13,0.928,-0.184,1,0,0,-0.9659,0.2588,0,0.0,0,1,10.334,0,0
1981.25,2.009,0.868,0,0,0,0.9659,-0.2588,0,0.1,0,1,10.874,0,0
412.72,0.983,-0.042,0,0,0,-0.9659,0.2588,0,0.1,0,0,11.842,2,0
375.43,0.382,-0.459,0,0,0,0.0,-1.0,0,0.0,0,0,11.812,1,0
3871.8,3.445,2.683,0,0,0,0.2588,-0.9659,0,0.1,0,0,12.604,1,0
195.54,0.329,-0.615,0,0,0,-0.9659,0.2588,0,0.0,0,4,9.26,0,0
2065.75,2.375,1.2,0,0,0,-1.0,-0.0,0,0.0,0,1,10.714,0,0
570.71,0.217,-0.944,1,0,0,-1.0,-0.0,0,0.0,0,1,10.806,1,0
926.94,0.803,-0.191,0,0,0,0.5,-0.866,0,0.0,0,1,11.36,0,0
701.13,1.344,0.151,0,0,0,-0.866,-0.5,0,0.2,0,32,9.905,1,0
44.68,0.025,-1.181,0,0,0,-0.5,-0.866,0,0.0,4,4,0.166,2,1
1254.19,1.0,0.0,1,0,0,-0.2588,-0.9659,1,0.1,0,2,10.676,1,0
1158.23,1.0,0.0,0,0,1,0.9659,0.2588,0,0.0,0,0,14.768,1,0
8907.98,1.149,0.407,0,0,0,1.0,0.0,0,0.167,2,5,4.544,2,1
646.87,0.805,-0.56,0,0,0,-0.9659,0.2588,0,0.25,0,1,11.168,0,0
832.46,0.461,-1.025,0,0,0,-0.7071,-0.7071,0,0.0,0,2,9.494,0,0
2482.81,0.778,-0.305,0,0,0,-0.9659,0.2588,0,0.0,0,0,12.365,0,0
1466.76,1.002,0.0,1,0,0,-0.9659,-0.2588,0,0.0,0,0,12.825,0,0
2593.23,1.286,0.688,0,0,0,-1.0,-0.0,0,0.0,0,5,9.465,0,0
683.68,0.983,0.0,0,0,0,-0.7071,0.7071,0,0.0,0,1,8.699,1,0
1743.66,0.493,-0.659,0,0,0,-0.866,0.5,0,0.0,0,1,10.536,0,0
25730.66,6.707,4.829,0,0,0,0.866,-0.5,0,0.0,0,0,12.185,0,0
278.63,0.501,-0.235,0,0,0,-0.7071,0.7071,0,0.2,0,0,11.527,0,0
1752.06,0.231,-0.828,0,0,0,-0.866,0.5,0,0.0,0,0,11.443,1,0
2225.0,0.688,-0.276,0,0,0,-0.866,-0.5,0,0.0,0,0,11.592,0,0
933.48,0.261,-0.847,0,0,0,-0.866,0.5,0,0.0,0,0,11.661,0,0
2621.78,1.078,0.255,0,0,0,-0.2588,0.9659,0,0.0,0,3,8.759,1,0
32.19,0.01,-0.511,0,0,0,-0.9659,-0.2588,0,0.3,7,7,3.453,1,1
198.58,0.383,-0.497,1,0,0,0.7071,-0.7071,0,0.0,0,2,8.393,1,0
2321.68,0.505,-0.367,0,0,0,0.2588,-0.9659,0,0.0,0,2,10.633,0,0
754.31,0.322,-0.669,0,0,0,-0.2588,0.9659,0,0.0,0,1,10.728,0,0
707.82,0.369,-0.563,1,0,0,-0.9659,0.2588,0,0.0,0,1,9.063,0,0
1839.59,0.891,-0.193,0,1,0,-0.2588,0.9659,0,0.0,0,0,11.955,0,0
2670.68,2.461,1.563,0,0,0,-0.5,-0.866,0,0.2,0,0,11.539,2,0
484.96,0.18,-0.73,0,0,0,-0.9659,0.2588,0,0.0,0,1,11.337,0,0
57.02,0.069,-0.535,0,0,0,-0.7071,-0.7071,1,0.5,16,17,0.627,0,1
1185.82,0.376,-0.837,0,0,0,0.0,-1.0,0,0.1,0,1,11.08,0,0
2398.93,0.045,-0.428,0,0,0,-0.5,-0.866,0,0.0,0,1,11.04,1,0
576.08,0.548,-2.009,0,0,0,-0.7071,0.7071,0,0.0,0,2,9.376,0,0
817.55,0.408,-0.512,0,0,0,0.2588,-0.9659,0,0.2,0,3,10.247,1,0
473.59,0.404,-0.46,0,0,0,0.866,-0.5,0,0.1,0,3,9.53,0,0
2053.88,1.084,0.0,0,0,0,-1.0,-0.0,1,0.5,0,1,10.661,0,0
1807.12,0.503,-0.896,0,0,0,0.7071,-0.7071,0,0.0,0,1,11.199,1,0
2082.77,0.532,-0.42,0,0,0,0.2588,-0.9659,0,0.1,0,0,12.227,0,0
465.6,1.308,0.394,0,0,0,-0.9659,0.2588,0,0.1,0,0,12.491,0,1
354.33,0.316,-0.656,0,0,0,-0.5,-0.866,0,0.0,0,2,10.549,0,0
754.75,0.371,-0.613,0,0,0,0.2588,-0.9659,0,0.0,0,1,11.016,2,0
193.55,0.665,0.0,0,0,0,-0.2588,-0.9659,0,0.0,0,1,10.36,0,0
1636.41,0.68,-0.316,0,1,0,-1.0,-0.0,0,0.0,0,0,12.117,0,0
884.69,0.335,-0.622,1,0,0,-0.9659,0.2588,1,0.2,0,0,11.807,2,0
426.91,0.759,-0.228,0,0,1,0.866,0.5,0,0.1,0,1,10.691,0,0
554.83,0.398,-0.458,0,1,0,-0.7071,0.7071,0,0.2,0,1,11.112,0,0
1352.25,1.193,0.0,0,0,0,-0.9659,-0.2588,1,1.0,0,0,11.992,1,0
381.59,0.394,-0.455,0,0,0,0.7071,-0.7071,0,0.0,0,1,11.022,1,0
3297.6,0.714,-0.225,0,0,0,0.7071,-0.7071,0,0.0,0,1,10.814,0,0
10.13,0.012,-0.526,0,0,0,0.0,-1.0,0,0.1,21,23,2.978,1,1
739.51,0.419,-0.529,0,0,0,-0.2588,0.9659,0,0.1,0,3,10.118,0,0
2471.06,0.955,-0.048,0,0,0,-0.7071,0.7071,1,0.1,0,0,11.559,0,0
1491.8,0.869,-0.129,0,0,0,-0.5,-0.866,0,0.0,0,0,12.258,1,0
6969.95,2.702,1.644,0,0,1,0.866,0.5,0,0.1,0,2,9.246,2,0
8768.41,12.102,7.086,0,0,0,-0.2588,0.9659,0,0.5,0,34,8.675,2,1
321.02,0.453,-0.462,0,0,0,0.2588,-0.9659,0,0.0,0,0,12.478,0,0
525.98,0.935,-0.057,0,0,0,0.0,-1.0,0,0.0,0,2,10.797,0,0
888.79,0.541,-0.391,0,0,0,-0.866,0.5,0,0.2,0,0,12.12,0,1
1695.46,0.347,-0.5,0,0,0,0.9659,-0.2588,0,0.0,0,2,10.443,1,0
2306.41,0.344,-0.552,0,0,0,-0.9659,0.2588,0,0.1,0,1,9.089,0,0
1066.06,1.709,0.862,1,1,0,1.0,0.0,0,0.0,0,1,8.387,0,0
24628.97,6.427,5.857,0,0,0,-0.9659,0.2588,0,0.1,0,0,12.084,0,0
31.8,0.028,-0.502,0,0,1,0.0,1.0,0,0.2,10,10,0.471,1,1
1889.25,0.675,-0.311,0,0,0,-0.9659,0.2588,0,0.0,0,3,8.947,0,0
1335.72,0.575,-0.35,0,0,0,0.5,-0.866,0,0.0,1,4,6.538,0,0
342.72,0.581,-0.392,0,0,0,-0.2588,-0.9659,0,0.1,0,0,12.294,0,0
978.29,0.351,-0.708,0,0,1,0.9659,0.2588,0,0.0,0,1,9.402,0,0
7625.96,3.226,1.907,0,0,0,0.7071,-0.7071,0,0.0,0,0,12.802,1,0
999.16,1.823,1.756,0,0,0,-0.7071,-0.7071,0,0.333,0,0,11.827,0,0
58.79,0.041,-0.436,0,0,0,0.9659,-0.2588,1,0.4,27,27,2.992,1,1
150.71,0.165,-1.234,0,0,0,-0.2588,0.9659,0,0.0,0,3,10.517,0,0
7389.38,1.534,0.406,0,0,0,0.5,-0.866,0,0.0,0,3,9.735,1,0
3820.24,3.976,2.617,0,1,0,-0.2588,0.9659,0,0.0,0,2,10.725,1,0
510.62,0.521,-0.44,0,0,0,-0.5,0.866,0,0.1,0,0,12.422,1,0
593.84,1.114,0.178,0,0,0,0.5,-0.866,0,0.0,0,0,12.881,1,0
17782.66,1.0,0.0,0,0,0,0.5,-0.866,0,0.0,0,0,14.768,0,0
434.6,0.241,-0.989,1,0,0,-0.5,-0.866,0,0.1,0,0,11.37,3,0
443.42,0.302,-0.716,0,0,0,0.7071,-0.7071,0,0.143,0,0,11.978,0,0
1422.08,1.57,1.296,1,0,1,0.9659,0.2588,0,0.0,0,1,11.102,0,0
904.22,1.227,0.151,0,0,0,-1.0,-0.0,0,0.1,0,2,10.5,1,0
1109.43,1.516,0.389,0,0,0,-0.866,0.5,0,0.0,0,2,10.126,0,0
581.95,0.336,-2.223,1,0,0,-0.7071,0.7071,0,0.0,0,0,12.495,0,0
463.17,0.425,-0.497,0,0,0,0.2588,-0.9659,1,0.1,0,1,10.383,0,0
6186.18,7.842,0.0,1,1,0,0.0,-1.0,0,0.0,0,0,13.332,4,1
727.3,0.996,-0.003,0,0,0,-0.9659,0.2588,0,0.0,0,0,11.934,0,0
1179.51,0.801,-1.231,0,0,0,-1.0,-0.0,0,0.0,0,0,11.418,0,0
14531.61,2.947,1.735,1,0,0,-0.5,0.866,0,0.0,0,0,11.413,1,0
16513.14,8.798,5.663,0,0,0,-0.866,0.5,1,0.2,1,4,7.891,0,1
919.29,0.833,-0.2,0,0,1,0.9659,0.2588,0,0.0,0,3,9.003,0,0
1779.39,0.966,-0.034,0,0,0,-0.7071,0.7071,0,0.1,0,1,11.331,0,0
3795.55,0.686,-0.238,0,0,0,0.5,-0.866,1,0.1,0,0,11.873,1,0
460.59,0.733,-0.274,0,0,0,0.2588,-0.9659,0,0.0,0,1,10.571,0,0
368.44,0.359,-0.626,0,0,0,-0.866,0.5,0,0.0,0,0,12.511,0,0
3836.7,1.064,0.055,0,0,0,0.2588,-0.9659,0,0.0,0,2,9.649,0,0
602.59,0.127,-0.811,0,0,0,-0.866,-0.5,0,0.0,1,2,7.776,1,0
920.75,0.85,-0.493,0,0,0,0.9659,-0.2588,0,0.0,0,3,10.459,2,0
428.62,0.497,-0.372,0,0,0,0.866,-0.5,0,0.1,0,0,12.334,0,0
2424.51,0.435,-0.467,0,0,0,-0.9659,-0.2588,0,0.1,0,2,10.81,0,0
1952.81,0.437,-0.499,0,1,0,0.0,-1.0,0,0.1,0,1,9.929,0,0
751.55,0.81,-0.156,0,0,0,0.5,-0.866,0,0.1,0,1,10.835,0,0
1467.91,0.7,-0.338,0,0,0,-0.866,-0.5,0,0.0,0,2,10.599,0,0
1093.09,0.219,-0.676,0,0,0,0.2588,-0.9659,0,0.0,0,1,11.245,1,0
2501.59,0.609,-0.359,0,0,0,-0.2588,-0.9659,0,0.0,0,0,11.433,0,0
1418.87,0.768,-0.327,0,0,0,0.0,-1.0,0,0.0,0,0,12.039,1,0
4851.0,3.643,2.474,1,1,0,-0.866,-0.5,0,0.1,0,1,11.153,0,1
684.35,0.443,-0.527,0,0,0,0.5,-0.866,0,0.2,0,0,11.683,0,0
2841.68,0.716,-0.428,0,0,0,-0.9659,0.2588,0,0.0,0,0,13.359,0,0
525.82,1.645,0.435,0,0,0,0.2588,-0.9659,0,0.0,0,2,10.674,1,0
56.68,0.033,-1.063,0,0,0,-0.2588,-0.9659,0,0.4,15,16,2.515,0,1
3303.93,0.652,-0.279,0,0,0,0.0,-1.0,0,0.1,0,1,11.193,1,0
1290.57,0.61,-0.323,1,0,0,-1.0,-0.0,0,0.0,0,1,10.216,1,0
165.1,0.79,-0.224,0,0,0,0.5,-0.866,0,0.0,0,1,10.49,0,0
666.96,1.008,0.007,0,0,0,-0.9659,-0.2588,0,0.0,0,2,10.985,1,0
1094.65,0.459,-0.604,0,0,0,-0.7071,0.7071,0,0.2,0,0,11.698,0,0
10521.93,4.103,4.28,0,0,0,0.2588,-0.9659,0,0.1,1,2,7.372,0,0
346.69,0.162,-0.741,0,0,0,1.0,0.0,0,0.1,0,2,9.921,0,0
5376.46,0.873,-0.119,0,0,0,0.5,-0.866,0,0.2,0,1,10.744,1,0
5720.98,3.336,2.051,0,0,0,0.0,-1.0,0,0.0,1,2,7.458,1,0
1564.96,0.883,-0.111,0,0,0,0.2588,-0.9659,0,0.1,0,1,11.133,2,0
9175.14,1.695,1.137,0,0,0,1.0,0.0,0,0.333,2,2,5.793,2,1
4766.58,3.935,3.977,0,0,0,-0.9659,0.2588,0,0.1,0,3,10.027,1,0
1063.66,0.306,-0.608,0,0,0,-0.5,0.866,0,0.0,0,1,10.733,1,0
2954.53,0.808,-0.152,0,0,0,0.9659,-0.2588,0,0.2,0,1,11.169,0,0
43.64,0.016,-0.858,0,0,0,0.866,-0.5,3,0.5,4,6,2.473,1,1
275.03,0.281,-0.608,0,0,0,-0.2588,0.9659,0,0.0,0,2,8.897,0,0
1428.38,0.357,-0.675,0,0,0,-1.0,-0.0,0,0.0,0,2,9.928,0,0
1047.21,0.596,-0.396,0,0,0,0.0,-1.0,1,0.3,0,1,11.206,1,0
600.93,1.569,3.048,0,0,0,-0.9659,0.2588,0,0.333,0,1,9.936,0,0
2088.14,0.846,-0.358,0,0,0,0.7071,-0.7071,0,0.1,1,1,6.363,1,0
1546.57,0.58,-0.34,0,0,0,-1.0,-0.0,0,0.0,0,1,11.337,0,0
1664.71,1.87,4.069,0,0,0,-1.0,-0.0,0,0.1,0,3,10.238,1,0
3603.03,0.257,-1.499,0,0,0,1.0,0.0,0,0.0,0,1,10.267,1,0
972.53,0.771,-0.209,0,0,0,0.5,-0.866,0,0.0,0,0,12.892,0,0
385.74,0.536,-0.369,0,0,0,-0.9659,-0.2588,0,0.0,0,2,10.424,0,1
51.26,0.083,-0.591,0,0,1,0.0,1.0,1,0.4,13,13,2.4,0,1
31.39,0.039,-0.889,1,1,0,-0.2588,-0.9659,0,0.0,1,1,0.0,1,1
14540.55,10.547,15.0,0,0,0,-0.5,0.866,1,0.333,1,1,6.825,3,0
444.57,0.526,-0.517,0,0,0,-0.9659,-0.2588,0,0.2,0,2,10.658,0,0
1813.34,0.684,-0.336,0,0,0,-0.7071,-0.7071,0,0.0,0,1,11.342,0,0
1598.7,0.516,-0.362,0,0,0,-0.9659,0.2588,0,0.0,0,1,9.857,0,0
845.68,0.58,-0.281,0,0,0,0.7071,-0.7071,1,0.1,0,1,9.718,1,0
2594.98,1.684,0.734,0,0,0,0.2588,-0.9659,0,0.2,0,0,12.283,0,0
1659.7,0.507,-0.593,0,0,0,0.5,-0.866,0,0.0,0,1,10.774,3,0
1747.34,0.506,-0.647,0,0,0,-0.5,0.866,0,0.0,0,0,11.799,0,0
8657.65,5.092,3.559,0,0,0,0.9659,-0.2588,1,0.3,0,2,10.984,1,0
390.86,0.663,-0.262,0,0,0,-0.5,0.866,0,0.0,0,2,9.094,0,0
1513.36,1.743,1.951,0,0,0,-0.9659,0.2588,0,0.1,0,0,11.838,1,0
2316.78,6.576,13.646,0,0,0,-0.5,0.866,0,0.1,0,0,12.006,0,0
960.74,0.702,-0.316,0,0,0,-0.2588,-0.9659,0,0.1,0,1,10.034,1,0
103.66,0.074,-0.791,0,0,0,-0.5,0.866,0,0.0,0,2,11.033,1,0
2239.06,1.199,0.415,0,0,0,-1.0,-0.0,0,0.0,0,1,10.69,1,0
140.2,0.112,-0.898,0,0,0,0.0,-1.0,0,0.0,0,1,10.925,1,0
539.92,0.547,-0.371,0,0,0,0.5,-0.866,0,0.2,0,0,12.046,0,0
9845.62,3.048,1.728,0,0,0,0.5,-0.866,0,0.0,0,0,11.946,0,0
1267.87,1.0,0.0,0,0,0,0.2588,-0.9659,0,0.0,0,0,14.768,0,0
469.2,0.325,-2.055,0,0,0,-0.866,-0.5,0,0.0,0,0,12.366,0,0
1874.61,1.537,1.662,0,0,0,0.2588,-0.9659,0,0.143,0,0,12.518,1,0
3061.09,0.975,-0.02,0,0,0,-0.866,-0.5,0,0.1,0,3,9.163,0,0
1298.0,1.046,0.065,0,0,0,0.0,-1.0,0,0.1,0,1,11.081,0,0
268.68,0.181,-0.592,0,0,0,-0.866,-0.5,0,0.0,0,1,11.209,0,0
1481.97,1.356,0.753,0,1,0,-0.866,-0.5,0,0.667,0,1,9.667,0,0
8209.96,1.176,0.141,0,0,0,-0.9659,-0.2588,0,0.0,0,2,9.056,0,0
232.81,0.766,-0.468,0,0,0,-0.7071,0.7071,0,0.0,0,0,11.672,0,0
29069.81,6.434,8.479,0,0,0,-1.0,-0.0,0,0.0,0,4,9.575,0,0
1540.11,0.503,-0.433,0,0,0,-0.5,0.866,0,0.0,0,2,10.685,1,0
1518.08,0.554,-1.03,0,0,0,0.0,-1.0,0,0.0,0,1,8.244,0,0
1842.19,0.547,-0.354,0,0,0,-0.866,-0.5,0,0.1,0,4,8.904,0,0
2100.94,0.774,-0.213,0,0,0,-0.9659,0.2588,0,0.0,0,1,10.816,0,0
1494.83,0.448,-0.429,0,0,0,-0.866,-0.5,0,0.0,0,1,9.653,0,0
58.51,0.06,-0.896,0,0,0,0.5,-0.866,0,0.2,11,11,2.554,0,1
742.1,0.52,-0.84,0,0,0,0.2588,-0.9659,0,0.0,0,0,12.187,0,0
3200.78,0.614,-0.398,0,0,0,-0.2588,0.9659,0,0.0,0,1,11.337,1,0
374.61,1.803,0.872,0,0,0,0.5,-0.866,0,0.0,0,1,11.323,0,0
1062.53,0.518,-0.468,0,0,0,-0.7071,-0.7071,0,0.0,0,1,10.494,0,0
2198.48,0.987,-0.009,1,0,0,-1.0,-0.0,0,0.1,0,1,10.861,2,0
1385.25,0.746,-0.214,0,0,0,-0.866,0.5,0,0.1,0,0,11.724,1,0
13575.21,6.4,4.909,1,0,1,0.866,0.5,0,0.2,0,6,9.213,1,1
679.34,0.474,-0.403,1,0,0,-0.9659,-0.2588,0,0.0,1,1,7.969,0,0
537.16,0.63,-0.614,0,0,0,-0.2588,0.9659,0,0.0,0,3,9.628,0,0
2168.38,2.611,4.51,0,0,0,-0.2588,-0.9659,0,0.143,0,2,9.157,0,0
2641.62,0.679,-0.297,0,0,0,-0.7071,0.7071,0,0.1,0,1,11.05,0,0
2433.43,0.491,-0.506,0,0,0,-0.866,0.5,0,0.0,0,1,10.444,1,0
1693.91,1.655,0.43,0,0,0,0.9659,-0.2588,0,0.0,0,0,12.21,1,0
776.04,0.75,-0.206,0,0,0,0.5,-0.866,0,0.1,0,1,10.844,0,0
460.56,0.537,-0.489,0,0,0,-0.2588,-0.9659,0,0.3,0,1,9.638,0,0
501.21,0.461,-0.425,0,0,1,0.9659,0.2588,0,0.0,0,2,11.177,1,0
714.89,0.537,0.0,0,0,0,-0.7071,0.7071,0,0.0,0,0,11.991,0,0
1327.49,0.513,-0.421,0,0,0,-1.0,-0.0,0,0.0,0,1,11.05,0,0
974.03,0.527,-0.424,0,0,0,0.7071,-0.7071,0,0.0,0,2,10.887,1,0
1301.18,0.846,-0.133,0,0,0,-0.7071,0.7071,0,0.1,0,1,11.063,1,0
3452.91,0.573,-0.367,0,0,0,-0.5,0.866,0,0.2,0,1,11.261,0,0
727.13,0.51,-0.676,0,0,0,-0.2588,0.9659,0,0.1,0,1,10.259,1,0
1257.49,0.521,-0.511,0,0,0,0.7071,-0.7071,0,0.0,0,3,9.01,0,0
374.14,1.459,1.097,0,0,0,-0.866,-0.5,0,0.0,0,0,13.26,1,0
1623.95,0.359,-0.556,0,0,0,-0.9659,0.2588,0,0.0,0,1,11.279,1,0
783.69,0.903,-0.066,0,0,0,-0.2588,-0.9659,0,0.4,0,1,10.061,0,0
5318.15,5.529,4.227,0,0,0,0.9659,-0.2588,0,0.0,0,3,9.949,0,0
1099.21,0.815,-0.532,0,0,0,-0.7071,0.7071,1,0.2,0,1,10.485,2,0
1207.76,0.343,-0.807,0,0,0,-0.2588,-0.9659,1,0.1,0,0,11.924,0,0
1828.65,0.481,-0.23,0,0,0,-0.866,0.5,0,0.1,0,2,11.091,1,0
833.45,0.764,-0.242,0,0,0,0.0,-1.0,0,0.1,0,0,11.374,1,0
1619.0,1.109,0.094,0,0,0,0.5,-0.866,0,0.1,0,1,11.164,0,0
810.21,0.835,-0.116,0,0,0,-0.9659,-0.2588,0,0.0,1,2,7.906,2,0
37.3,0.091,-0.62,0,0,1,0.9659,0.2588,0,0.3,17,19,1.831,0,0
325.61,0.53,-0.455,1,0,0,0.0,-1.0,0,0.0,0,1,11.182,2,0
2964.44,0.758,-0.303,0,0,0,-0.5,0.866,0,0.0,0,2,10.578,0,0
167.13,0.176,-0.674,0,0,0,-0.2588,-0.9659,0,0.0,1,1,7.92,0,0
505.43,0.559,-1.225,0,0,0,0.0,-1.0,0,0.0,0,1,10.453,2,0
14.8,0.013,-0.562,0,0,0,0.9659,-0.2588,0,0.1,9,10,3.451,2,1
394.39,1.005,0.024,0,0,0,0.2588,-0.9659,0,0.25,0,0,11.884,1,0
2472.73,0.745,-0.477,0,0,0,-0.9659,-0.2588,0,0.0,0,0,12.139,0,0
1142.61,0.279,-0.684,0,0,0,-0.2588,-0.9659,0,0.0,0,1,9.09,0,0
2741.81,5.595,2.455,0,0,0,0.866,-0.5,0,0.5,0,2,8.885,1,0
1186.77,1.136,0.0,0,0,0,-0.9659,-0.2588,0,0.0,0,0,11.925,2,0
1375.17,1.0,0.0,0,0,0,0.9659,-0.2588,0,0.0,0,0,14.768,0,0
1385.38,0.445,-0.549,0,0,0,0.9659,-0.2588,0,0.0,1,1,7.81,1,0
4715.65,3.653,2.391,0,0,0,-0.866,0.5,0,0.0,0,3,9.835,1,0
21.58,0.056,-0.463,0,0,0,-0.2588,-0.9659,0,0.3,16,16,3.395,0,1
1610.74,1.937,3.756,0,0,0,0.0,-1.0,0,0.0,0,0,12.132,1,0
941.62,0.42,-0.538,0,0,0,-0.866,0.5,0,0.1,0,1,10.933,1,0
844.54,0.419,-0.742,0,0,0,-0.9659,0.2588,0,0.3,0,3,9.019,0,0
3513.94,3.808,2.632,0,0,0,-0.9659,0.2588,0,0.0,0,2,10.759,0,0
599.55,0.601,-0.414,0,0,0,-0.5,-0.866,0,0.0,0,0,12.634,1,0
906.01,1.151,0.301,0,0,0,1.0,0.0,0,0.2,0,0,11.532,1,0
1740.75,0.367,-0.273,0,0,0,-0.866,0.5,0,0.2,0,4,9.927,1,0
1234.78,0.899,-0.209,0,0,0,-0.7071,-0.7071,0,0.4,0,1,11.159,1,0
390.62,0.701,-0.184,0,0,0,0.9659,-0.2588,0,0.1,0,0,11.656,3,0
43.1,0.012,-0.77,0,0,1,0.9659,0.2588,0,0.6,12,13,3.778,0,1
6257.89,1.215,0.221,0,0,0,-0.9659,-0.2588,0,0.0,0,1,10.125,1,0
5122.43,1.34,3.554,0,0,0,-1.0,-0.0,0,0.0,0,0,11.448,0,0
11625.16,2.615,1.524,0,0,1,0.7071,0.7071,0,0.2,0,0,12.025,0,0
3.58,0.006,-0.583,0,0,0,-0.9659,0.2588,2,0.6,10,10,3.648,0,1
4137.97,1.679,1.145,0,0,0,0.2588,-0.9659,0,0.0,0,1,11.059,0,0
907.99,2.05,3.816,0,0,0,-1.0,-0.0,0,0.0,0,1,9.47,0,0
1145.29,2.17,0.528,0,0,0,-0.9659,-0.2588,1,0.3,0,0,11.379,1,0
1590.67,1.744,0.0,0,0,0,0.866,-0.5,0,0.0,0,0,13.833,0,1
1748.94,1.099,0.174,0,0,0,-0.9659,0.2588,0,0.1,0,0,11.997,2,0
685.79,0.206,-0.62,1,0,0,-0.9659,0.2588,0,0.1,0,2,10.916,0,0
8608.93,3.857,0.0,1,1,0,-0.2588,-0.9659,0,0.0,0,0,14.333,4,1
821.51,1.0,0.0,0,0,0,-0.866,0.5,0,0.0,0,0,14.768,1,0
6718.98,1.307,0.309,0,0,0,-1.0,-0.0,0,0.0,0,0,13.468,0,0
399.92,0.536,-0.378,0,0,0,0.5,-0.866,0,0.1,1,2,7.648,0,0
1347.4,0.573,-0.404,0,0,0,-1.0,-0.0,0,0.0,0,0,11.687,0,0
2207.32,0.722,-0.218,0,0,0,-0.2588,-0.9659,0,0.0,0,1,11.142,0,0
667.18,0.657,-0.285,0,0,0,0.866,-0.5,0,0.0,0,1,9.781,1,0
2481.13,0.493,-0.424,0,0,0,-0.9659,0.2588,0,0.0,0,1,10.885,0,0
166.23,0.114,-1.228,0,0,0,-1.0,-0.0,0,0.0,0,1,11.047,0,0
195.44,0.397,-1.067,0,0,0,0.5,-0.866,0,0.125,0,1,10.305,1,0
9433.03,3.15,1.782,0,0,0,-0.866,0.5,0,0.0,0,1,8.82,0,0
1228.12,1.14,0.114,0,0,0,-0.2588,0.9659,0,0.0,0,0,12.505,1,0
204.54,0.104,-0.694,0,0,0,0.2588,-0.9659,0,0.0,0,0,11.656,1,0
691.98,0.93,-0.051,0,0,0,-1.0,-0.0,0,0.0,0,3,10.334,0,0
1448.99,0.469,-0.471,0,0,0,-1.0,-0.0,0,0.0,0,1,11.16,0,0
156.76,0.257,-0.858,0,0,0,0.7071,-0.7071,0,0.0,0,0,11.971,1,0
758.99,1.994,1.787,0,0,0,-0.5,0.866,1,0.167,0,1,11.263,1,0
843.03,0.554,-0.338,0,0,0,0.866,-0.5,0,0.3,0,2,10.057,0,0
4525.15,0.769,-0.175,0,0,0,-1.0,-0.0,0,0.1,0,0,12.555,0,0
501.28,0.787,-0.189,0,0,0,0.866,-0.5,0,0.1,0,1,10.888,0,0
293.26,0.533,-1.167,0,0,1,0.9659,0.2588,0,0.0,0,1,10.406,3,0
615.26,0.623,-0.32,0,0,0,0.7071,-0.7071,0,0.1,0,0,13.1,0,0
3822.09,1.631,1.044,0,0,0,-0.866,-0.5,1,0.167,2,3,7.428,3,1
1160.89,1.159,0.34,0,0,0,-0.2588,-0.9659,0,0.0,0,0,12.611,1,0
1604.04,0.754,-0.24,0,0,0,-0.5,0.866,0,0.1,0,0,12.29,1,0
2818.26,0.378,-0.497,0,0,0,-0.7071,-0.7071,0,0.0,1,1,7.997,0,0
8130.49,2.99,1.637,0,0,0,-0.7071,-0.7071,0,0.1,0,1,11.259,1,0
58.24,0.062,-0.527,0,0,0,1.0,0.0,0,0.4,22,22,4.269,0,1
1406.5,0.965,-0.125,0,0,0,-0.9659,0.2588,0,0.0,0,0,12.459,0,0
1965.66,0.731,-2.732,0,0,0,-0.7071,-0.7071,0,0.0,0,0,11.731,0,0
473.0,0.771,-0.207,0,0,0,0.866,-0.5,0,0.0,0,2,8.772,0,0
4477.87,1.771,1.171,0,0,0,-0.2588,0.9659,0,0.0,0,0,12.266,0,0
657.68,0.596,-0.295,0,0,0,0.2588,-0.9659,0,0.0,0,0,11.768,0,0
308.36,1.809,0.684,0,0,0,0.7071,-0.7071,0,0.1,0,0,12.728,0,0
499.99,0.416,-1.437,0,0,0,0.0,-1.0,0,0.143,0,0,13.308,1,0
1431.61,0.996,-0.005,0,0,0,-0.9659,0.2588,0,0.1,0,1,10.152,1,0
4781.91,1.103,0.083,0,0,0,-0.5,0.866,0,0.0,0,0,12.832,0,0
808.81,1.302,0.2,0,0,1,0.9659,0.2588,0,0.1,0,0,11.619,0,0
631.5,0.595,-0.442,0,0,0,0.2588,-0.9659,0,0.1,0,0,11.425,0,0
1058.68,0.284,-0.672,0,0,0,-0.7071,0.7071,0,0.1,0,4,10.21,0,0
1041.65,2.006,1.018,0,0,0,0.866,-0.5,0,0.0,0,1,11.237,0,0
759.8,1.228,0.149,0,0,0,-0.2588,-0.9659,0,0.2,0,0,11.8,0,0
396.03,0.157,-0.856,0,0,0,-0.9659,-0.2588,0,0.1,0,3,9.967,0,0
14.17,0.022,-1.133,0,1,0,0.9659,-0.2588,0,0.3,5,7,2.702,0,1
4245.82,1.414,0.725,0,0,0,0.7071,-0.7071,0,0.0,0,1,10.495,0,0
1383.17,0.86,-0.106,0,0,0,0.0,-1.0,0,0.1,0,1,8.443,1,0
5619.34,1.558,0.48,0,0,0,0.5,-0.866,1,0.1,0,1,11.234,0,0
387.77,0.944,-0.069,0,0,0,1.0,0.0,0,0.1,0,0,12.017,1,0
1961.46,0.225,-0.862,0,0,0,-0.5,0.866,0,0.1,0,0,11.38,2,0
795.23,0.358,-0.564,0,0,0,0.866,-0.5,0,0.0,0,1,8.859,0,0
1964.2,1.205,0.187,0,1,0,-0.2588,0.9659,0,0.0,0,1,9.154,0,0
1580.45,0.71,-0.283,0,0,0,0.5,-0.866,0,0.0,0,1,9.918,1,0
4591.87,1.79,1.412,0,0,0,0.0,-1.0,0,0.0,0,0,12.671,0,0
393.67,0.591,-1.044,0,0,0,-0.2588,-0.9659,0,0.2,0,1,9.724,0,0
510.07,0.661,-0.234,0,0,0,-0.866,0.5,0,0.0,0,1,10.99,0,0
1422.32,0.734,-0.638,0,0,0,0.2588,-0.9659,0,0.125,0,0,13.135,0,0
918.74,0.68,-0.452,0,0,0,-0.7071,0.7071,0,0.0,0,2,11.126,1,0
273.32,0.704,-0.459,0,0,0,-0.5,-0.866,0,0.0,0,1,10.782,0,0
12.7,0.003,-0.744,0,0,1,0.5,0.866,0,0.5,14,14,3.663,0,1
3918.39,1.314,0.703,0,0,0,0.7071,-0.7071,0,0.125,1,5,6.993,2,1
30.38,0.036,-0.915,0,0,0,-0.5,0.866,1,0.3,15,16,3.923,0,1
6663.53,1.789,1.265,0,0,1,0.5,0.866,0,0.167,3,3,6.828,3,1
986.7,0.677,-0.291,0,0,0,0.7071,-0.7071,0,0.1,0,3,11.223,0,0
1659.84,2.395,0.71,0,0,0,-1.0,-0.0,0,0.0,0,1,11.236,1,0
563.52,0.328,-0.376,0,0,0,-0.2588,0.9659,0,0.0,0,1,9.111,0,0
333.5,0.353,-0.652,0,0,0,0.7071,-0.7071,0,0.0,0,2,10.448,0,0
2571.73,1.558,1.382,0,0,1,0.9659,0.2588,0,0.111,0,1,10.211,1,0
2701.45,1.154,0.15,0,0,0,-0.5,0.866,0,0.0,0,0,11.557,0,0
348.17,0.725,0.0,0,0,0,-1.0,-0.0,0,0.0,0,1,10.659,1,1
2001.2,1.226,0.516,0,0,0,-0.7071,-0.7071,0,0.0,0,2,8.701,0,0
332.31,0.451,-0.287,0,0,0,-0.9659,0.2588,0,0.3,0,0,11.384,1,0
578.43,0.296,-0.678,0,0,0,0.7071,-0.7071,0,0.0,0,1,10.385,2,0
48.76,0.024,-1.321,0,0,0,-0.2588,-0.9659,0,0.2,7,8,1.002,0,1
261.53,0.662,-0.942,0,0,0,0.2588,-0.9659,0,0.111,0,0,11.572,0,0
1157.94,0.597,-0.37,0,0,0,0.866,-0.5,0,0.0,0,0,11.393,1,0
537.41,0.351,-0.546,0,0,0,0.0,-1.0,0,0.2,0,0,11.436,0,0
882.85,0.426,-0.558,0,0,0,-0.5,-0.866,0,0.0,0,0,12.065,0,0
179.66,0.207,-0.623,0,0,0,0.2588,-0.9659,0,0.0,0,0,11.572,2,0
405.53,1.066,0.179,0,0,0,0.0,-1.0,0,0.1,0,1,10.299,0,0
769.53,0.377,-1.236,0,0,0,0.9659,-0.2588,0,0.167,0,1,11.347,2,0
629.74,1.335,0.301,0,0,0,0.7071,-0.7071,0,0.1,0,0,11.565,1,0
2395.34,0.833,-0.205,0,0,0,-0.9659,0.2588,0,0.0,0,0,11.494,0,0
195.44,0.325,-0.53,1,0,0,-0.5,-0.866,0,0.0,0,0,11.825,0,0
932.93,0.263,-0.595,0,0,0,0.2588,-0.9659,0,0.0,0,3,9.883,0,0
478.43,0.784,-0.192,0,0,0,-0.866,0.5,0,0.0,0,0,12.494,1,0
12243.53,4.141,4.122,0,0,0,-0.5,-0.866,0,0.1,0,1,10.308,0,0
1047.11,0.546,-0.412,0,0,0,0.0,-1.0,0,0.2,0,0,12.484,0,0
704.62,0.277,-0.797,0,0,0,0.7071,-0.7071,0,0.0,0,0,12.08,1,0
443.25,1.136,0.423,1,0,0,-0.866,-0.5,1,0.25,0,0,13.191,0,0
9263.79,1.604,0.931,0,0,0,0.0,-1.0,1,0.286,1,5,7.778,3,1
56.31,0.022,-2.484,0,0,1,0.7071,0.7071,1,0.1,2,3,1.387,2,1
8690.37,1.329,0.667,0,0,0,1.0,0.0,0,0.143,3,5,5.372,2,1
276.31,0.518,-0.391,0,0,0,0.7071,-0.7071,0,0.0,0,0,11.574,0,0
2205.92,1.078,0.077,0,0,0,-0.2588,0.9659,1,0.1,0,0,11.846,0,0
307.8,0.564,-0.371,0,0,0,-0.9659,0.2588,0,0.0,0,1,8.985,1,0
311.85,0.577,-0.339,0,0,0,-0.5,0.866,0,0.0,0,0,11.734,0,0
1889.75,1.363,0.756,1,0,0,-0.2588,-0.9659,1,0.2,0,1,10.579,0,0
702.75,1.414,0.78,0,0,0,-0.5,0.866,0,0.1,0,1,10.641,1,0
126.25,0.085,-0.486,0,0,0,-0.2588,0.9659,0,0.0,0,1,11.042,0,0
1575.07,1.0,0.0,0,0,0,0.2588,-0.9659,0,0.0,0,0,14.768,0,0
11.48,0.019,-1.281,0,0,0,-0.866,0.5,0,0.2,12,12,2.011,0,1
679.36,0.127,-0.824,0,0,0,-0.2588,-0.9659,0,0.1,0,1,9.244,0,0
988.99,0.564,0.0,0,0,0,-0.5,0.866,0,0.5,0,0,12.021,1,0
1354.51,1.834,3.214,0,0,0,-1.0,-0.0,0,0.0,0,1,10.614,1,0
821.65,0.334,-0.944,0,0,0,-0.866,0.5,0,0.0,0,0,11.644,1,0
525.61,0.548,-0.348,1,0,0,0.9659,-0.2588,0,0.0,0,1,11.28,0,0
487.08,0.318,-0.644,0,0,0,0.2588,-0.9659,0,0.1,0,1,9.252,0,0
643.02,1.0,0.0,0,0,0,-0.866,0.5,0,0.0,0,0,14.768,1,0
485.24,0.233,-0.547,0,0,0,-0.7071,0.7071,0,0.4,0,27,9.58,0,0
601.75,0.092,-0.699,0,0,0,-0.9659,-0.2588,0,0.0,0,0,13.198,0,0
1078.14,0.24,-0.569,0,0,0,0.0,-1.0,0,0.0,0,3,9.225,0,0
1226.04,1.452,0.466,0,0,0,0.9659,-0.2588,0,0.1,0,0,11.58,0,0
370.85,0.245,-0.643,0,0,0,0.2588,-0.9659,0,0.1,0,2,10.315,0,0
233.57,0.326,-0.549,0,0,0,0.9659,-0.2588,0,0.1,0,3,10.916,0,0
1934.47,0.816,-0.152,0,0,0,-0.9659,0.2588,0,0.0,0,1,11.148,1,0
424.96,0.52,-0.312,0,0,0,-0.2588,-0.9659,0,0.0,0,0,12.332,3,0
4024.7,1.7,0.567,0,0,0,-0.5,0.866,0,0.0,0,1,11.212,0,0
5902.39,0.963,-0.026,0,0,0,-0.5,-0.866,0,0.0,0,0,11.484,1,0
2623.43,1.115,0.266,0,0,0,0.7071,-0.7071,0,0.0,0,0,12.141,0,0
728.03,0.638,-0.396,0,0,0,-0.5,-0.866,0,0.1,0,1,10.109,1,0
1828.96,0.768,0.0,0,0,0,0.2588,-0.9659,1,1.0,0,0,11.905,0,0
1397.1,0.571,-0.372,0,0,0,-1.0,-0.0,0,0.1,0,1,8.519,0,0
1072.38,0.155,-0.521,0,0,0,-0.9659,0.2588,0,0.0,0,1,9.927,1,0
6771.9,7.525,0.0,1,0,0,-0.5,0.866,0,0.0,0,0,12.704,3,1
1443.07,0.229,-0.595,0,0,0,-0.5,0.866,0,0.1,0,0,11.503,0,0
25.33,0.011,-1.616,0,0,0,-0.2588,-0.9659,0,0.0,2,3,2.677,0,1
562.3,0.554,-0.587,1,0,0,-0.7071,0.7071,0,0.0,0,0,11.978,0,0
2832.38,0.662,-0.256,0,0,0,0.2588,-0.9659,1,0.2,0,0,11.965,0,0
2078.89,1.251,0.0,0,0,1,0.9659,0.2588,0,0.0,0,0,12.626,1,0
198.04,0.18,-0.641,0,0,0,-0.9659,-0.2588,0,0.1,0,0,11.519,0,0
694.28,0.29,-0.584,0,0,0,0.5,-0.866,0,0.0,0,2,9.258,0,0
442.9,0.728,-0.231,0,0,0,-1.0,-0.0,0,0.0,0,1,10.735,0,0
4131.24,1.189,0.616,0,0,0,-0.7071,-0.7071,0,0.2,0,4,8.809,3,1
2412.21,0.937,-0.056,0,0,0,-0.866,0.5,0,0.1,0,0,12.283,0,0
483.98,0.415,-1.439,0,0,0,1.0,0.0,0,0.1,0,0,12.446,2,0
463.16,0.371,-0.472,0,0,0,0.2588,-0.9659,0,0.0,0,0,11.497,0,0
2235.96,0.355,-0.806,0,0,0,-0.2588,0.9659,0,0.0,0,1,11.289,1,0
3149.12,0.905,-0.07,0,0,0,0.7071,-0.7071,0,0.0,0,1,8.499,1,0
2473.55,1.503,0.442,0,0,0,0.7071,-0.7071,0,0.1,0,1,11.102,1,0
1055.34,1.066,0.0,0,0,0,0.9659,-0.2588,1,1.0,0,0,12.755,1,0
384.14,0.273,-0.395,0,0,0,-0.9659,-0.2588,0,0.0,0,1,10.873,0,0
29254.03,3.99,2.202,0,0,0,-0.2588,-0.9659,0,0.0,0,1,9.878,0,0
432.09,0.281,-0.614,0,0,0,-0.9659,0.2588,0,0.0,0,1,10.835,1,0
14094.33,2.581,1.506,0,0,0,-0.7071,0.7071,0,0.0,0,4,11.212,0,0
53.62,0.078,-0.643,0,0,1,0.0,1.0,0,0.2,9,9,1.296,0,1
5051.67,6.686,4.134,0,0,0,-0.9659,0.2588,0,0.0,0,1,10.484,2,0
840.39,0.634,-1.049,0,0,0,-0.9659,-0.2588,0,0.0,0,2,8.749,1,0
467.47,0.844,-0.157,0,0,0,-0.7071,0.7071,0,0.2,0,1,10.834,0,0
622.74,0.211,-0.836,0,0,0,-0.5,0.866,0,0.0,0,1,10.524,0,0
644.13,0.774,-0.181,0,0,0,-0.5,0.866,0,0.0,0,4,10.043,0,0
1392.78,4.231,8.721,0,0,0,0.5,-0.866,0,0.1,0,2,8.614,1,0
109.58,0.306,-5.0,0,0,0,-0.866,0.5,0,0.0,0,0,11.934,0,0
1399.17,0.893,-0.137,0,0,0,-0.2588,-0.9659,0,0.0,0,0,11.477,1,0
1350.21,0.704,0.0,0,0,0,-0.5,-0.866,0,0.0,0,0,11.835,0,0
3138.71,1.0,0.0,0,0,0,-1.0,-0.0,0,0.0,0,0,14.768,0,0
450.04,0.457,-0.46,0,0,0,-0.5,-0.866,0,0.0,0,3,9.795,0,0
1324.84,0.503,-0.437,0,0,0,-1.0,-0.0,0,0.0,0,0,12.308,0,0
3535.73,1.018,0.015,0,0,0,0.0,-1.0,0,0.0,0,1,11.093,1,0
1930.9,0.666,-0.293,0,0,0,-0.7071,-0.7071,0,0.0,0,1,11.244,0,0
2350.95,0.171,-1.047,0,0,0,0.2588,-0.9659,0,0.0,0,0,11.627,1,0
377.78,1.0,0.0,0,0,0,0.7071,-0.7071,0,0.0,0,0,14.768,1,0
6548.52,1.707,0.924,0,0,0,-0.5,0.866,0,0.0,1,1,7.296,3,1
3555.29,0.805,-0.18,0,0,0,0.5,-0.866,0,0.1,0,0,11.476,1,0
364.2,0.428,-0.622,0,0,0,0.866,-0.5,0,0.0,1,1,8.147,0,0
2627.59,0.643,-0.345,0,0,0,-0.9659,-0.2588,0,0.0,0,0,12.021,0,0
3105.66,0.973,-0.021,1,0,0,1.0,0.0,0,0.0,0,1,11.187,0,0
331.53,0.479,-0.202,1,0,0,-0.7071,-0.7071,1,0.3,1,28,8.104,2,0
8542.11,2.285,1.008,0,0,0,0.5,-0.866,0,0.0,0,1,8.808,0,0
4771.41,0.896,-0.115,0,0,0,-0.2588,0.9659,0,0.0,0,1,9.617,1,0
2626.64,1.714,1.535,0,0,0,0.7071,-0.7071,0,0.167,0,0,11.96,1,0
1057.1,0.678,-0.273,0,0,0,-0.866,-0.5,0,0.1,0,2,10.982,0,0
11492.74,8.397,12.458,1,0,0,0.5,-0.866,0,0.0,0,0,12.933,3,0
1126.64,1.0,0.0,0,0,0,-0.7071,-0.7071,0,0.0,0,0,14.768,1,0
1353.27,0.85,0.0,0,0,0,0.7071,-0.7071,0,0.0,0,0,11.409,0,0
248.69,0.796,-0.212,0,0,0,-0.5,-0.866,0,0.0,0,0,11.786,1,0
974.49,1.356,0.0,0,0,0,-0.866,0.5,0,0.0,0,0,12.979,0,0
563.04,0.441,-0.601,0,0,0,-0.9659,-0.2588,0,0.1,0,0,11.662,1,0
808.46,0.689,-0.255,0,0,0,-0.7071,0.7071,0,0.0,0,1,10.482,1,0
3519.79,0.864,-0.123,0,0,0,-0.2588,-0.9659,0,0.1,0,0,11.665,0,0
532.21,0.111,-0.735,0,0,0,-0.866,0.5,0,0.0,0,0,12.562,3,0
788.88,1.0,0.0,0,0,0,0.0,-1.0,0,0.0,0,0,14.768,2,0
564.18,0.554,-0.425,0,0,0,0.866,-0.5,0,0.0,1,4,7.79,1,0
8317.19,1.645,0.489,0,0,0,-0.866,0.5,0,0.1,0,1,9.874,0,0
170.55,0.167,-0.663,0,0,0,0.2588,-0.9659,0,0.0,0,1,9.184,2,0
2265.36,1.0,0.001,0,0,0,1.0,0.0,1,0.333,0,1,10.508,0,0
4036.39,1.379,0.715,0,0,0,-0.2588,0.9659,0,0.0,0,0,11.91,1,0
3901.91,1.084,0.077,0,0,0,-0.7071,0.7071,0,0.0,0,1,11.253,0,0
49.38,0.028,-0.663,0,0,0,-0.2588,-0.9659,0,0.2,5,5,2.286,1,1
466.84,0.418,-0.508,0,0,0,0.5,-0.866,0,0.0,0,0,12.04,0,0
820.88,0.459,-1.31,0,0,0,-0.866,-0.5,0,0.0,0,4,9.82,0,0
418.35,0.617,-0.386,0,0,0,-0.5,-0.866,0,0.111,0,1,9.533,0,0
2684.66,0.636,-0.295,0,0,0,-0.866,-0.5,0,0.0,1,1,6.563,0,0
622.55,1.285,0.479,0,0,0,-0.9659,-0.2588,0,0.0,0,3,9.629,1,0
1584.62,1.0,0.0,0,0,0,-0.5,-0.866,0,0.0,0,0,14.768,0,0
1062.94,0.357,-0.514,0,0,0,-0.2588,-0.9659,0,0.1,0,0,11.884,0,0
20.76,0.028,-0.85,0,0,1,0.9659,0.2588,0,0.3,21,21,3.71,1,1
13750.1,26.506,0.0,1,1,0,-0.5,0.866,0,0.0,0,0,13.989,3,1
257.04,0.344,-0.675,0,0,0,0.0,-1.0,0,0.0,0,1,11.263,0,0
222.56,0.245,-0.567,0,0,0,0.9659,-0.2588,0,0.1,0,0,12.748,0,0
227.28,0.696,-3.042,0,0,0,-0.5,-0.866,0,0.0,0,1,10.087,1,0
1497.94,1.113,0.0,0,0,0,-0.7071,-0.7071,0,0.0,0,0,11.981,1,0
1075.82,8.176,7.353,0,0,0,0.7071,-0.7071,0,0.2,0,1,10.825,0,0
1711.12,1.165,0.0,1,1,0,-0.9659,-0.2588,0,0.0,0,0,11.861,0,0
1492.46,2.289,2.152,0,0,0,-0.2588,0.9659,0,0.1,0,1,10.622,0,0
1533.35,0.439,-0.486,0,0,0,-0.9659,0.2588,0,0.1,0,0,11.738,0,0
35599.25,5.845,3.493,0,0,0,0.2588,-0.9659,0,0.1,0,0,12.134,1,0
1279.16,1.021,0.022,0,0,0,-0.866,0.5,0,0.0,0,0,11.687,1,0
1597.43,1.199,0.214,0,0,0,0.0,-1.0,1,0.2,0,0,11.54,1,0
284.05,0.388,-0.57,0,1,0,-0.5,-0.866,0,0.0,0,1,11.161,1,0
620.94,0.769,-1.172,0,0,0,-0.2588,0.9659,0,0.333,0,0,12.713,1,0
1076.97,0.687,-0.989,0,0,1,0.9659,0.2588,0,0.1,0,1,10.863,0,0
12351.36,3.508,2.088,0,0,0,-0.5,-0.866,0,0.0,0,1,10.234,0,0
652.33,1.0,0.0,0,0,0,-0.866,-0.5,0,0.0,0,0,14.768,1,0
312.87,0.466,-0.437,0,0,0,0.0,-1.0,0,0.1,0,0,11.45,0,0
2485.66,0.677,-0.289,0,0,0,-1.0,-0.0,0,0.2,0,3,10.076,0,0
293.79,0.376,-0.476,0,0,0,0.2588,-0.9659,0,0.0,0,0,11.475,2,0
1920.05,1.0,0.0,0,0,0,-0.2588,-0.9659,0,0.0,0,0,14.768,0,0
15475.24,3.198,3.166,0,0,0,-1.0,-0.0,0,0.0,0,1,8.919,0,0
2017.37,0.711,-0.864,0,0,0,-0.7071,0.7071,0,0.0,0,2,9.574,0,0
20404.09,5.295,3.471,0,0,0,-0.7071,0.7071,0,0.1,0,4,10.147,0,0
476.75,0.518,-0.506,0,0,0,0.9659,-0.2588,0,0.1,0,1,10.539,1,0
2543.35,0.608,-0.33,1,0,0,-0.2588,0.9659,0,0.1,0,1,11.254,0,0
1250.89,0.476,-0.34,0,0,0,0.7071,-0.7071,0,0.0,0,0,12.446,0,0
485.09,1.557,1.409,0,0,0,-0.9659,-0.2588,0,0.0,1,3,7.87,1,0
1752.24,0.137,0.0,0,0,0,-0.866,0.5,0,0.0,0,1,11.039,0,0
10582.19,6.315,12.832,0,0,0,-1.0,-0.0,0,0.333,0,0,14.014,0,0
192.48,0.275,-0.76,0,0,0,-0.7071,0.7071,1,0.167,0,1,9.856,0,0
37418.36,8.872,11.357,0,0,0,0.7071,-0.7071,0,0.0,0,1,11.336,0,0
755.05,0.337,-0.459,0,0,0,-0.5,0.866,0,0.2,0,3,9.751,1,0
1126.89,0.53,-0.527,0,0,0,-0.9659,-0.2588,0,0.0,1,2,6.48,0,0
2292.27,1.33,5.142,0,0,0,-0.5,0.866,0,0.0,0,2,8.62,1,0
11861.62,4.743,7.604,0,0,0,-0.9659,0.2588,0,0.0,1,3,6.752,0,0
690.95,0.342,-0.582,0,0,0,-0.2588,0.9659,0,0.0,0,1,9.978,1,0
1863.89,0.739,-0.275,0,0,0,-0.2588,0.9659,0,0.0,0,1,11.231,0,0
792.51,0.091,-0.774,0,0,0,-0.866,0.5,0,0.1,0,0,11.558,0,0
727.18,0.555,-0.529,0,0,0,-0.5,-0.866,0,0.0,0,1,10.953,1,0
1416.13,0.603,-0.262,0,0,0,-0.5,-0.866,0,0.1,0,3,9.451,0,0
3854.42,1.792,1.015,0,0,0,1.0,0.0,0,0.0,0,1,10.532,1,0
684.3,0.523,-0.691,0,0,0,-0.2588,0.9659,0,0.0,0,0,11.783,1,0
3472.85,0.791,-0.16,0,0,0,0.2588,-0.9659,0,0.0,0,0,11.903,0,0
3409.42,0.522,-0.389,0,0,0,-1.0,-0.0,0,0.0,0,1,11.153,0,0
1358.49,0.301,-0.613,0,0,0,-0.2588,0.9659,0,0.1,0,3,9.373,0,0
635.03,0.298,-0.32,0,0,0,0.866,-0.5,0,0.2,0,0,12.756,1,0
251.11,0.727,-0.73,0,0,0,-0.7071,0.7071,0,0.143,0,0,12.087,2,0
210.36,0.372,-0.594,0,0,0,0.5,-0.866,0,0.0,0,0,11.84,0,0
428.38,1.0,0.0,0,0,0,-0.9659,0.2588,0,0.0,0,0,14.768,1,0
1482.82,1.199,0.194,0,0,0,-0.9659,-0.2588,0,0.0,0,1,10.771,1,0
1320.87,0.346,-0.576,0,0,0,-0.5,0.866,0,0.0,0,0,11.449,0,0
170.06,0.998,0.0,0,0,0,-0.5,-0.866,0,0.0,0,1,10.751,1,0
28.26,0.125,-0.471,0,0,0,-0.866,0.5,1,0.8,22,22,4.229,1,1
1319.99,1.149,0.103,0,0,0,1.0,0.0,0,0.0,0,2,10.677,1,0
504.27,0.154,-0.814,0,0,0,-0.7071,0.7071,0,0.0,0,0,12.669,1,0
562.83,0.53,-0.43,0,0,0,0.7071,-0.7071,0,0.0,0,1,10.755,1,0
46.23,0.017,-0.857,0,0,0,0.866,-0.5,2,0.4,3,5,2.484,1,1
521.3,0.122,-0.9,1,0,0,-0.9659,0.2588,0,0.1,0,3,9.799,1,0
696.71,0.791,-0.296,0,1,0,-0.866,0.5,0,0.0,0,3,10.371,0,0
1505.32,0.962,-0.067,0,0,0,-0.7071,-0.7071,1,0.2,0,2,9.516,1,0
26036.64,7.569,3.525,0,0,1,0.9659,0.2588,0,0.0,2,3,7.15,1,1
683.75,0.559,-0.474,0,0,0,-0.866,-0.5,0,0.1,0,1,10.954,1,0
745.69,0.422,-0.538,0,0,0,-0.7071,-0.7071,0,0.0,0,1,8.262,1,0
1716.04,0.74,-0.426,0,0,0,0.866,-0.5,0,0.0,0,0,12.149,0,0
1757.6,0.524,-0.414,0,0,0,-0.9659,-0.2588,0,0.0,0,2,9.79,1,0
490.28,0.688,-0.803,0,0,0,0.2588,-0.9659,0,0.0,0,0,11.49,2,0
2153.75,0.515,-0.423,0,0,0,-0.7071,0.7071,1,0.1,0,0,11.9,0,0
810.09,0.757,-0.182,0,0,0,0.866,-0.5,0,0.0,0,0,11.574,0,0
19.65,0.006,-0.88,0,0,0,-0.866,0.5,1,0.2,3,4,2.709,1,1
189.55,0.349,-0.557,0,0,0,-0.7071,-0.7071,0,0.0,0,1,10.866,0,0
622.27,0.965,-0.032,0,0,0,0.9659,-0.2588,0,0.0,0,2,10.901,0,0
497.01,0.418,-0.631,0,1,0,-0.9659,0.2588,0,0.0,0,2,10.959,1,0
1862.93,1.577,0.0,0,0,0,-0.866,-0.5,0,0.0,0,1,10.118,0,0
362.03,0.696,-0.269,0,0,0,0.9659,-0.2588,0,0.1,0,2,8.439,1,0
1124.5,0.219,-0.656,0,0,0,-0.9659,-0.2588,0,0.2,0,1,10.835,0,0
844.45,0.326,-0.608,0,0,0,0.2588,-0.9659,0,0.2,0,1,10.793,0,0
1458.31,1.0,0.0,0,0,0,0.5,-0.866,0,0.0,0,0,14.768,0,0
2096.41,0.825,-0.392,0,0,0,0.5,-0.866,0,0.0,0,0,11.647,0,0
218.81,0.274,-0.615,0,0,0,0.2588,-0.9659,0,0.0,0,1,11.294,0,0
182.05,0.116,-0.662,0,0,0,-0.9659,-0.2588,0,0.0,0,1,11.225,0,0
1254.93,0.438,-0.472,0,0,0,-0.5,0.866,0,0.0,0,0,12.65,2,0
738.91,0.5,-0.601,1,0,0,-0.2588,0.9659,0,0.1,0,0,12.206,1,0
4855.82,1.158,0.132,0,0,0,-0.9659,0.2588,0,0.0,1,1,7.841,0,0
541.6,0.333,-0.563,0,0,0,-0.9659,-0.2588,0,0.0,1,3,8.173,0,0
996.37,0.163,-0.807,0,0,0,0.2588,-0.9659,0,0.0,0,1,10.454,1,0
1718.36,0.786,-0.192,0,0,0,0.866,-0.5,0,0.0,0,1,10.781,0,0
1546.79,0.909,-0.086,0,0,0,0.2588,-0.9659,0,0.0,0,1,11.326,1,0
13396.05,1.471,0.708,0,0,0,-0.866,-0.5,0,0.0,1,3,8.084,4,1
1427.65,0.413,-0.557,0,0,0,-0.2588,0.9659,0,0.0,0,0,13.093,0,0
861.26,0.341,-0.63,0,0,0,0.2588,-0.9659,0,0.167,0,1,10.84,0,0
1378.32,0.249,-0.631,0,0,0,-0.9659,0.2588,0,0.0,0,0,11.73,0,0
56.53,0.054,-0.701,0,0,0,-0.7071,0.7071,0,0.5,12,13,2.842,0,1
1231.69,0.422,-0.515,0,0,0,-1.0,-0.0,0,0.0,0,1,11.304,0,0
564.75,1.838,0.0,1,0,0,0.5,-0.866,0,0.0,0,0,14.622,1,0
977.88,0.467,-0.532,0,0,0,0.2588,-0.9659,0,0.0,0,1,11.122,0,0
10782.12,3.908,3.207,0,0,0,0.2588,-0.9659,0,0.1,0,0,11.463,0,0
4850.92,2.216,1.051,0,0,0,0.866,-0.5,0,0.0,0,0,12.324,1,0
693.21,0.463,-0.521,0,0,0,-0.7071,-0.7071,0,0.1,0,0,11.845,0,0
2264.26,0.132,-1.589,0,0,0,-0.2588,0.9659,0,0.0,0,0,11.382,0,0
794.07,0.463,-0.678,0,0,0,-0.7071,0.7071,0,0.0,0,0,13.006,0,0
1131.44,0.371,-1.314,0,0,0,-0.9659,0.2588,0,0.1,0,0,12.253,0,0
1004.09,0.625,-0.428,0,0,0,0.9659,-0.2588,0,0.0,0,3,10.399,2,0
523.86,0.563,-0.453,1,0,0,0.866,-0.5,0,0.1,0,2,10.653,1,0
380.33,1.325,0.0,0,0,0,-0.866,0.5,0,0.0,0,1,10.745,1,0
679.26,0.336,-0.656,0,0,0,-0.2588,-0.9659,0,0.0,1,2,7.781,2,0
1264.63,1.374,0.0,0,0,0,-0.2588,0.9659,1,1.0,0,1,9.068,0,0
56.39,0.027,-0.652,0,0,1,0.866,0.5,0,0.4,9,9,3.268,1,1
1224.7,0.187,-0.567,0,0,0,0.0,-1.0,0,0.1,0,2,9.296,0,0
2743.81,0.745,-0.676,1,0,0,-0.866,-0.5,0,0.2,0,4,8.505,0,0
4503.2,1.356,0.472,0,0,0,0.2588,-0.9659,0,0.1,0,3,8.761,0,0
1244.55,1.322,1.077,0,0,0,-0.2588,-0.9659,0,0.0,0,0,12.18,0,0
52.26,0.033,-0.968,0,0,0,-0.2588,-0.9659,0,0.3,18,19,0.578,0,1
2613.89,0.877,-0.098,0,0,0,-0.5,-0.866,0,0.0,0,1,11.363,0,0
37903.98,15.762,15.0,0,0,1,0.9659,0.2588,1,0.2,1,2,7.367,1,1
54.37,0.012,-1.032,0,0,0,0.9659,-0.2588,0,0.3,5,5,2.963,1,1
4475.96,2.259,1.366,0,0,0,-0.866,0.5,0,0.1,0,1,10.783,0,0
739.94,0.825,-4.229,0,0,0,0.0,-1.0,0,0.0,0,1,11.232,0,1
1154.67,0.267,0.0,0,0,0,0.5,-0.866,0,0.0,0,0,11.421,0,0
707.96,0.277,-0.623,1,0,0,-0.7071,-0.7071,0,0.0,0,0,11.488,1,0
3053.56,1.15,0.147,0,0,0,0.7071,-0.7071,0,0.0,0,2,9.848,0,0
1469.24,0.719,-0.27,0,0,0,-0.866,-0.5,0,0.0,1,1,8.154,1,0
20.38,0.03,-0.795,0,0,0,0.2588,-0.9659,0,0.3,9,13,3.563,1,1
538.94,1.805,15.0,0,0,0,-1.0,-0.0,0,0.0,0,1,11.16,0,0
2582.36,0.546,-0.347,0,0,0,-0.5,-0.866,0,0.0,0,1,11.034,1,0
1130.76,0.727,-0.452,0,0,0,-0.7071,-0.7071,0,0.1,0,0,12.852,0,0
767.86,0.833,-0.166,0,0,0,0.0,-1.0,0,0.0,0,3,10.758,0,0
2718.19,0.54,-0.432,0,0,0,0.0,-1.0,0,0.1,0,3,10.154,0,0
554.22,0.605,-0.38,0,0,0,-0.9659,0.2588,0,0.1,0,0,12.464,1,0
795.25,0.946,-0.054,0,0,0,0.7071,-0.7071,0,0.1,1,1,8.17,0,0
2329.99,1.454,0.353,0,0,0,0.5,-0.866,0,0.1,0,1,10.774,1,0
4568.89,4.403,2.546,0,0,0,-0.2588,-0.9659,0,0.1,0,2,10.001,0,0
769.62,1.438,0.227,0,0,0,0.866,-0.5,0,0.3,0,18,11.224,3,0
21.71,0.008,-0.706,0,0,0,0.9659,-0.2588,0,0.4,10,10,2.209,1,1
1480.26,1.367,0.26,0,0,0,0.866,-0.5,0,0.0,0,3,9.492,1,0
699.3,0.496,-0.473,0,0,0,-0.5,0.866,0,0.0,0,1,9.717,1,0
14699.43,14.47,0.0,0,0,0,-0.866,0.5,0,0.0,0,0,13.494,0,0
698.86,0.864,-0.101,0,0,0,-0.9659,0.2588,0,0.0,0,2,10.685,0,1
274.99,0.478,-0.486,0,0,0,0.7071,-0.7071,0,0.1,0,2,10.05,0,0
12.82,0.013,-0.639,0,0,0,-0.7071,-0.7071,1,0.5,9,10,2.81,0,1
3853.25,1.972,1.401,0,0,1,0.0,1.0,0,0.0,1,1,7.393,2,1
1298.05,0.492,-0.475,1,0,0,-0.866,0.5,0,0.1,0,1,9.553,0,0
1108.26,0.804,-0.16,0,0,0,-0.7071,-0.7071,0,0.0,0,1,10.656,0,0
484.97,1.132,0.0,0,0,0,-0.7071,0.7071,0,0.0,0,0,12.221,1,0
4108.94,0.688,-0.301,0,0,0,-0.5,0.866,0,0.0,0,3,8.829,0,0
1871.78,1.005,0.005,0,0,0,-0.5,-0.866,0,0.2,0,4,9.467,0,0
4323.18,1.0,0.0,0,0,0,1.0,0.0,0,0.0,0,0,14.768,0,0
2555.96,0.399,-0.517,0,0,0,-0.2588,0.9659,0,0.2,0,0,13.023,0,0
448.99,0.43,-0.48,0,0,0,-0.7071,0.7071,0,0.0,1,1,7.197,2,0
1002.77,0.817,-0.259,0,0,0,0.866,-0.5,0,0.0,0,1,11.005,1,0
13427.27,13.412,0.0,0,0,0,-0.9659,-0.2588,1,0.5,1,1,7.255,2,1
33.03,0.043,-0.867,0,0,1,0.9659,0.2588,0,0.3,20,20,2.788,1,1
1913.3,0.831,-0.087,0,0,0,0.0,-1.0,0,0.3,0,0,11.849,1,0
16643.25,3.752,2.188,1,0,0,-0.7071,-0.7071,0,0.0,1,3,8.115,0,0
4702.97,1.712,1.156,0,0,0,-0.5,0.866,0,0.1,0,2,11.261,2,0
722.94,0.596,-0.321,0,0,0,-0.866,0.5,0,0.0,0,1,10.87,1,0
1234.33,1.203,0.17,0,0,0,-0.2588,0.9659,0,0.0,0,2,9.488,0,0
1378.09,0.682,-1.055,0,0,0,0.9659,-0.2588,0,0.1,0,2,9.729,0,0
168.77,0.172,-0.612,0,0,0,0.866,-0.5,0,0.2,0,3,10.644,0,0
720.64,0.498,-0.276,0,0,0,-0.5,0.866,0,0.0,0,0,11.718,0,0
490.31,1.0,0.0,0,0,0,-0.9659,0.2588,0,0.0,0,0,14.768,1,0
39.86,0.009,-0.829,0,0,1,0.2588,0.9659,0,0.1,3,3,1.844,0,1
721.18,0.656,-0.151,0,0,0,-1.0,-0.0,0,0.0,0,1,11.357,0,0
1865.31,0.432,-0.436,0,0,0,0.866,-0.5,0,0.1,0,2,11.216,0,0
5131.42,1.354,0.255,0,0,0,0.0,-1.0,3,0.3,0,2,10.703,0,0
1468.9,0.671,-0.315,0,0,0,-0.7071,-0.7071,0,0.0,0,1,10.627,0,0
975.75,1.323,0.504,1,0,0,-0.866,-0.5,0,0.0,0,0,11.781,0,0
582.51,1.008,0.007,0,0,0,-0.7071,0.7071,0,0.1,0,0,12.342,0,0
8134.54,5.862,11.201,0,0,0,0.5,-0.866,0,0.0,0,1,10.462,1,0
990.88,0.782,-0.326,0,0,0,-0.866,-0.5,0,0.0,0,1,9.167,1,0
2079.6,1.111,0.196,0,0,0,-0.7071,-0.7071,0,0.111,0,3,10.768,0,0
564.62,0.483,-0.564,0,0,0,1.0,0.0,0,0.2,0,1,11.27,0,0
4344.42,0.642,-0.27,0,1,0,-0.866,0.5,0,0.0,0,3,8.802,0,0
2690.85,1.346,0.25,0,0,0,-0.866,-0.5,0,0.0,0,1,9.381,0,0
2361.92,0.412,-0.428,0,0,0,-1.0,-0.0,0,0.0,0,1,10.767,0,0
487.0,0.468,-0.445,0,0,0,-0.5,0.866,0,0.0,0,3,10.106,0,0
3202.37,0.773,-0.19,0,0,0,-1.0,-0.0,0,0.0,0,0,11.564,0,0
1979.51,1.477,1.387,0,0,0,-0.866,-0.5,0,0.4,0,0,11.774,0,0
12867.1,5.37,3.306,0,0,0,-0.7071,-0.7071,0,0.0,0,1,10.741,2,0
2006.79,0.553,-0.408,0,0,0,-0.866,-0.5,0,0.0,0,0,12.2,1,0
736.7,0.37,-0.625,0,0,0,-0.866,-0.5,0,0.111,0,0,12.246,1,0
4777.2,3.379,3.244,0,0,0,-0.2588,0.9659,0,0.0,0,2,9.479,3,0
2448.01,0.512,-0.407,0,0,0,-0.5,-0.866,0,0.1,0,2,8.433,1,0
4094.15,2.399,1.437,0,0,0,-1.0,-0.0,0,0.0,0,2,10.541,0,0
515.93,0.278,-1.171,0,0,0,-0.2588,0.9659,0,0.0,0,0,11.635,0,0
2104.11,1.751,3.128,1,0,0,0.0,-1.0,0,0.0,0,0,12.184,2,0
949.18,0.863,-0.165,0,0,0,0.7071,-0.7071,0,0.0,1,4,8.024,0,0
697.89,0.356,-1.017,0,0,0,-0.866,-0.5,0,0.0,0,0,11.59,0,0
691.61,0.816,-0.158,0,0,0,-0.866,0.5,0,0.1,0,2,10.823,0,0
194.08,0.209,-0.916,0,0,0,-0.9659,-0.2588,0,0.1,0,1,10.016,1,0
6.35,0.004,-1.004,0,1,1,0.5,0.866,0,0.1,1,1,0.0,0,1
996.02,0.196,-0.789,0,0,0,-0.7071,0.7071,0,0.0,0,1,10.259,0,0
8686.46,1.69,0.901,0,0,0,-0.5,-0.866,0,0.0,2,2,5.173,2,1
1282.81,0.42,-1.353,0,0,0,-0.7071,-0.7071,0,0.1,0,0,12.335,0,0
589.98,0.938,-0.033,0,0,0,-0.7071,0.7071,0,0.1,0,0,12.07,1,0
5038.71,0.217,0.0,0,0,0,-0.5,-0.866,1,1.0,0,1,10.148,0,0
1085.84,0.872,-0.124,0,0,0,-0.9659,0.2588,0,0.0,0,2,11.263,1,0
10294.36,11.644,0.0,0,0,0,0.5,-0.866,0,0.0,0,0,12.695,1,0
524.37,0.451,-1.193,0,0,0,-0.5,0.866,0,0.0,0,1,11.289,2,0
854.69,1.0,0.0,0,0,0,0.866,-0.5,0,0.0,0,0,14.768,0,0
50.25,0.023,-0.609,0,0,0,-0.866,-0.5,0,0.2,22,23,3.203,0,1
2549.87,0.437,-0.445,0,0,0,-0.2588,0.9659,0,0.1,0,2,9.937,1,0
2880.86,1.096,0.107,0,0,0,-0.866,0.5,0,0.1,0,0,11.971,0,0
3405.44,1.0,0.0,0,0,0,-0.7071,0.7071,0,0.0,0,0,14.768,0,0
3237.04,1.685,1.505,0,0,0,-0.866,-0.5,0,0.0,0,0,12.428,2,0
15065.82,3.107,1.99,0,0,0,0.7071,-0.7071,0,0.1,0,1,10.214,1,0
1186.77,3.529,4.152,0,0,0,-0.2588,0.9659,0,0.0,0,2,9.518,0,0
4522.36,1.579,0.0,0,0,0,-0.7071,0.7071,0,0.0,0,1,10.792,0,0
4436.93,0.872,-0.242,1,0,0,0.5,-0.866,0,0.0,0,1,9.753,0,0
194.95,0.265,-0.631,0,0,0,-0.7071,-0.7071,0,0.0,1,2,7.691,0,0
1547.56,0.858,-0.128,0,0,0,-0.9659,-0.2588,0,0.0,0,1,10.438,0,0
14155.66,3.685,2.097,0,0,0,-0.2588,-0.9659,0,0.0,0,1,10.506,0,0
30.04,0.04,-0.958,0,0,0,-0.2588,0.9659,0,0.0,8,11,1.197,1,1
1309.34,0.978,-0.027,0,0,0,-0.866,0.5,1,0.2,0,1,11.11,1,0
8793.66,2.944,1.534,0,0,0,0.0,-1.0,1,0.2,2,2,6.275,3,1
703.61,0.297,-0.661,0,0,0,-0.9659,-0.2588,1,0.1,0,1,10.137,0,0
1366.47,0.792,-0.209,0,0,0,-0.7071,0.7071,0,0.0,0,1,11.258,0,0
1708.2,0.371,-1.071,0,0,0,0.866,-0.5,0,0.0,0,1,11.305,1,0
2402.14,0.923,-0.121,0,0,0,-0.2588,0.9659,0,0.1,0,0,12.97,0,0
1572.3,0.406,-1.584,0,0,0,-0.7071,-0.7071,0,0.143,0,0,12.09,0,0
680.48,0.528,-0.543,0,0,0,0.7071,-0.7071,0,0.0,0,3,9.827,0,0
3590.72,1.639,1.672,1,0,0,-1.0,-0.0,0,0.0,0,0,12.527,0,1
2585.03,0.415,-0.585,1,0,0,-0.2588,0.9659,1,0.1,0,1,10.425,1,0
1754.95,0.688,-0.23,0,0,0,-0.7071,-0.7071,0,0.0,0,1,9.844,2,0
1167.75,0.711,-0.242,0,0,0,0.9659,-0.2588,0,0.0,0,2,8.462,0,0
1214.75,0.356,-1.034,0,0,0,0.5,-0.866,0,0.0,0,0,11.434,0,0
602.51,0.223,-0.808,0,0,0,-0.7071,0.7071,0,0.0,0,2,10.951,0,0
71114.05,22.176,15.0,1,0,0,0.2588,-0.9659,0,0.0,0,3,9.286,0,1
312.25,0.219,-0.758,0,0,0,-0.7071,-0.7071,0,0.0,0,0,11.76,1,0
1139.42,0.879,-0.083,0,0,0,-0.9659,0.2588,0,0.1,0,0,11.814,1,0
1248.31,0.737,-0.27,0,0,0,0.7071,-0.7071,0,0.0,0,1,8.615,1,0
1023.46,0.194,-0.906,0,0,0,-0.9659,0.2588,0,0.0,0,0,11.635,1,0
738.53,0.322,0.0,1,1,0,-0.9659,-0.2588,0,0.0,0,1,10.547,0,0
656.1,0.735,-0.259,0,0,0,0.866,-0.5,0,0.0,0,2,10.096,0,0
2701.99,0.909,-0.087,0,0,0,-1.0,-0.0,0,0.0,0,0,11.808,1,0
6400.6,1.258,0.18,0,0,0,-0.9659,0.2588,0,0.0,0,0,11.387,0,0
2824.98,0.764,-0.185,0,0,0,0.9659,-0.2588,0,0.2,0,1,11.032,0,0
1729.58,0.97,-0.026,0,0,1,0.9659,0.2588,1,0.1,0,0,11.796,0,0
7137.82,1.146,0.147,0,0,0,-0.866,0.5,0,0.0,0,0,11.68,0,0
1021.26,0.85,-0.193,0,0,0,-0.9659,0.2588,0,0.0,0,2,9.78,1,0
460.96,0.891,-0.093,0,0,0,-0.9659,0.2588,0,0.0,1,1,5.505,1,0
1516.17,0.37,-0.936,0,0,0,-0.866,-0.5,0,0.0,0,0,13.443,0,0
560.16,0.919,-0.073,0,0,0,0.9659,-0.2588,1,0.1,0,2,10.167,0,0
50.18,0.039,-0.674,0,0,0,0.0,-1.0,1,0.3,8,10,1.707,1,1
547.69,0.624,-0.277,0,0,0,1.0,0.0,0,0.1,0,1,10.5,0,0
785.95,0.193,-0.614,0,0,0,-0.9659,-0.2588,0,0.1,0,3,9.025,0,0
2855.91,0.773,-0.203,0,0,0,-0.5,0.866,0,0.2,0,0,12.236,1,0
44.16,0.244,-0.49,0,0,0,-0.7071,-0.7071,0,0.3,25,25,1.939,1,1
543.01,0.501,-0.378,0,0,0,0.0,-1.0,0,0.0,0,0,11.47,1,0
4513.21,5.571,3.723,0,0,0,-0.2588,0.9659,0,0.0,0,0,12.268,0,0
1113.64,0.302,-1.622,0,0,0,-0.7071,-0.7071,0,0.0,0,1,10.591,1,0
469.7,0.312,-0.74,0,0,0,0.5,-0.866,0,0.2,0,1,11.235,0,0
961.89,0.407,-0.73,0,0,0,0.7071,-0.7071,0,0.333,0,0,13.002,0,0
1460.55,3.878,8.742,0,0,0,-0.7071,0.7071,0,0.0,0,0,11.512,0,0
10786.6,1.68,0.455,0,0,0,-0.7071,-0.7071,0,0.0,0,1,10.557,0,0
1126.56,1.0,0.0,0,0,0,0.0,-1.0,0,0.0,0,0,14.768,0,0
1676.52,0.433,-0.455,0,0,0,-0.9659,0.2588,0,0.0,0,3,10.132,0,0
1432.37,1.075,0.2,0,0,0,-0.7071,-0.7071,0,0.1,0,0,12.049,1,0
222.13,0.421,-0.587,0,0,0,0.866,-0.5,0,0.0,0,0,12.134,1,0
1480.83,0.94,-0.049,0,0,0,-0.866,0.5,0,0.0,0,1,10.312,1,0
26566.8,6.511,4.263,1,0,0,-0.9659,0.2588,0,0.2,0,11,8.916,1,1
5593.96,1.623,1.12,0,0,0,0.7071,-0.7071,0,0.0,0,0,11.396,1,0
9112.74,4.511,3.069,0,0,0,0.0,-1.0,0,0.1,0,1,8.44,0,0
21.19,0.03,-0.625,0,0,0,-0.9659,0.2588,1,0.3,3,3,2.216,0,1
1128.11,0.555,-0.432,0,0,0,0.7071,-0.7071,0,0.0,0,1,11.319,0,0
1564.68,0.231,-0.871,0,0,0,-0.9659,0.2588,0,0.0,0,1,9.229,0,0
319.1,0.753,-0.277,0,0,0,-0.2588,-0.9659,0,0.2,0,0,11.606,0,0
983.74,0.599,0.0,1,1,0,0.0,-1.0,0,0.0,0,0,11.949,0,0
1453.74,0.345,-0.29,0,0,0,-0.866,0.5,0,0.1,0,1,11.294,1,0
2031.13,0.345,-0.298,0,0,0,-0.7071,0.7071,1,0.2,0,17,9.955,1,0
1101.51,0.827,-0.17,0,0,0,0.5,-0.866,0,0.1,1,1,7.224,2,0
768.89,0.615,-0.282,0,0,0,0.5,-0.866,0,0.0,0,1,10.598,0,0
1343.22,0.943,-0.112,0,0,0,-1.0,-0.0,0,0.0,0,0,11.49,0,0
17235.18,5.505,3.934,0,0,0,0.5,-0.866,0,0.0,0,1,9.16,0,0
441.82,0.319,-0.737,0,0,0,0.0,-1.0,0,0.1,0,1,11.243,1,0
617.79,0.01,-0.438,0,0,0,0.0,-1.0,0,0.0,0,1,9.781,1,0
1215.98,1.211,1.068,0,0,0,-0.2588,-0.9659,0,0.0,0,0,12.814,0,0
192.18,0.44,-0.894,0,0,0,-0.7071,0.7071,0,0.0,0,2,8.924,0,0
3136.26,2.325,1.908,0,0,0,-0.2588,-0.9659,0,0.1,0,0,11.389,1,0
13.58,0.161,-0.593,0,0,1,0.7071,0.7071,3,0.5,17,17,3.247,0,1
686.02,1.0,0.0,0,0,0,0.2588,-0.9659,0,0.0,0,0,14.768,1,0
2950.92,0.807,-0.308,0,0,0,-0.5,-0.866,0,0.1,1,1,7.851,0,0
2057.91,1.005,0.006,0,0,0,-0.7071,0.7071,1,0.1,0,0,11.738,0,0
512.73,1.22,0.239,0,0,0,0.0,-1.0,0,0.2,0,0,11.871,0,0
34.28,0.036,-0.663,0,0,0,-0.7071,0.7071,0,0.5,15,16,3.018,0,1
2890.42,0.635,-0.543,0,0,0,0.2588,-0.9659,0,0.0,1,1,5.198,0,0
16355.94,6.072,4.476,0,0,0,0.866,-0.5,0,0.0,0,7,9.418,0,1
767.01,0.845,-0.096,0,0,0,0.0,-1.0,0,0.4,0,0,13.153,0,0
5127.43,1.059,0.068,0,0,0,-0.2588,0.9659,0,0.0,0,4,10.879,0,0
134.33,0.099,-0.414,0,0,0,-1.0,-0.0,0,0.3,0,0,11.556,0,0
528.99,0.399,-0.417,0,0,0,-0.5,0.866,0,0.1,0,0,11.97,1,0
2224.84,0.64,-0.331,0,0,0,-0.7071,-0.7071,0,0.1,0,2,10.623,2,0
638.51,0.386,-0.542,0,0,0,0.866,-0.5,0,0.0,0,2,9.803,1,0
825.49,0.328,-0.608,0,0,0,0.866,-0.5,0,0.3,0,1,10.044,1,0
506.67,0.983,-0.015,0,0,0,-0.7071,0.7071,0,0.0,0,2,10.424,1,0
1061.83,0.413,-0.447,0,0,0,0.0,-1.0,0,0.0,0,1,10.131,0,0
2839.0,0.732,-0.429,0,0,0,0.0,-1.0,0,0.0,0,1,10.979,1,0
869.71,1.691,2.95,0,0,0,0.0,-1.0,0,0.0,0,0,14.382,2,0
3498.76,3.229,3.966,0,0,0,0.866,-0.5,0,0.1,0,1,10.805,0,0
566.72,0.792,-0.201,0,0,0,-0.2588,-0.9659,0,0.0,0,0,11.836,1,0
3254.63,0.464,-0.545,0,0,0,-0.866,0.5,0,0.0,0,0,12.076,0,0
1513.93,0.892,-0.113,0,0,1,0.866,0.5,0,0.0,0,0,11.433,1,0
3475.14,1.237,0.145,0,0,0,-0.2588,-0.9659,0,0.3,0,1,11.286,0,0
1706.66,0.588,-0.293,1,0,0,-0.866,0.5,0,0.1,0,0,11.71,2,0
1855.44,2.569,7.768,0,0,0,-0.5,0.866,1,0.333,0,0,11.607,0,0
6761.12,1.758,0.679,1,0,0,0.7071,-0.7071,0,0.0,0,1,11.214,0,0
2150.06,0.941,-0.031,0,0,0,-0.2588,-0.9659,0,0.3,0,1,11.334,1,0
5179.44,1.396,0.384,0,0,0,-0.5,-0.866,0,0.0,0,3,10.139,0,0
1025.17,0.348,-1.245,0,0,0,-0.2588,0.9659,0,0.3,0,0,12.785,2,0
2189.65,0.471,-0.579,0,0,0,-1.0,-0.0,0,0.25,0,0,13.041,0,1
579.81,0.808,-0.419,0,0,0,0.0,-1.0,0,0.0,0,0,11.636,0,0
1823.76,0.705,-0.316,1,0,0,-0.7071,0.7071,0,0.0,0,0,11.937,2,0
653.36,1.0,0.0,0,0,0,0.866,-0.5,0,0.0,0,0,14.768,0,0
2047.74,0.497,-0.399,0,0,0,-0.866,-0.5,0,0.1,0,0,13.124,0,0
334.33,0.834,-0.468,0,0,0,0.7071,-0.7071,0,0.0,0,0,11.853,0,0
3480.92,2.26,1.156,0,0,0,-0.7071,-0.7071,0,0.2,0,3,8.847,0,0
3086.3,1.761,1.278,0,0,0,-0.5,-0.866,0,0.0,0,0,12.897,0,0
4488.59,0.833,-0.156,0,0,0,-1.0,-0.0,0,0.1,0,3,10.615,1,0
1234.02,0.666,-0.498,0,0,0,-0.2588,-0.9659,0,0.0,0,0,13.007,0,0
840.48,0.529,-0.44,0,0,0,-0.9659,0.2588,0,0.1,0,1,9.511,1,0
1317.79,1.576,0.503,0,0,0,-0.7071,-0.7071,0,0.2,0,1,10.749,0,0
774.46,0.228,-0.791,0,0,0,-0.7071,0.7071,0,0.2,0,0,12.156,0,0
1844.33,0.421,-0.405,0,0,0,-0.866,-0.5,0,0.1,0,0,12.416,0,0
598.08,0.419,-0.309,0,0,0,-0.7071,0.7071,0,0.0,0,0,11.539,0,0
3353.93,2.365,2.673,0,0,0,-0.866,0.5,0,0.0,0,0,12.947,0,0
11796.99,1.959,0.762,1,0,0,-0.7071,0.7071,0,0.0,0,0,11.569,3,0
1259.64,0.382,-0.763,0,0,0,-1.0,-0.0,0,0.0,0,0,12.164,0,0
1799.62,0.566,-0.433,0,0,0,0.5,-0.866,0,0.0,0,2,10.352,1,0
5532.32,3.828,3.846,0,0,0,-0.866,-0.5,0,0.1,0,1,10.888,1,0
679.88,1.051,0.235,0,0,0,0.2588,-0.9659,0,0.0,0,0,12.383,3,0
13691.14,1.489,0.703,0,0,0,-0.5,0.866,0,0.167,0,4,8.406,3,1
642.61,0.01,-0.448,0,0,0,0.9659,-0.2588,0,0.0,0,2,11.216,1,0
2267.35,0.54,-0.406,0,0,0,-0.9659,-0.2588,0,0.1,0,1,10.731,0,0
168.08,0.377,-1.369,0,0,1,0.866,0.5,0,0.0,0,1,8.743,0,0
1463.88,0.66,-0.214,0,0,0,0.0,-1.0,1,0.2,0,15,9.142,0,0
38142.17,5.855,4.926,0,0,0,-0.7071,-0.7071,0,0.0,1,4,7.676,0,1
2389.77,0.773,-0.202,0,0,0,-0.2588,-0.9659,0,0.0,0,0,12.607,0,1
170.35,1.0,0.0,0,0,0,-0.7071,-0.7071,0,0.0,0,0,14.768,1,0
1506.21,0.449,-0.5,0,0,0,-0.9659,0.2588,0,0.0,0,1,10.803,0,0
2300.69,0.807,-0.168,0,0,0,-1.0,-0.0,0,0.0,1,7,7.732,1,0
22141.51,11.062,5.151,0,0,1,0.9659,0.2588,0,0.0,1,2,6.241,1,1
1373.23,0.71,-0.278,0,0,0,0.2588,-0.9659,0,0.0,0,0,11.742,0,0
645.82,0.053,-0.516,0,0,0,0.2588,-0.9659,1,0.1,0,0,12.2,0,0
1211.52,0.641,-0.343,0,0,0,0.866,-0.5,1,0.2,0,0,12.589,1,0
24948.63,5.879,3.972,0,0,0,0.9659,-0.2588,0,0.0,0,2,9.555,3,0
2396.55,1.177,0.783,1,0,0,0.9659,-0.2588,0,0.0,0,1,11.153,0,1
203.63,0.413,-0.29,1,0,0,-0.7071,0.7071,0,0.2,0,0,13.258,0,0
211.43,0.825,0.0,0,0,0,-0.2588,0.9659,0,0.0,0,1,10.332,1,0
54.0,0.018,-0.686,0,0,1,0.9659,0.2588,0,0.2,5,7,2.854,0,1
181.81,0.206,-0.608,0,0,0,0.866,-0.5,0,0.0,0,1,10.535,0,0
1679.21,1.366,0.46,0,0,0,0.0,-1.0,0,0.0,0,1,10.868,2,0
29.18,0.015,-0.815,1,1,0,0.9659,-0.2588,0,0.0,1,2,0.0,2,1
2238.48,1.109,0.125,0,0,0,-0.5,0.866,0,0.1,0,3,9.078,0,0
485.71,1.0,0.0,0,0,0,0.5,-0.866,0,0.0,0,0,14.768,1,0
324.71,0.163,-1.59,0,0,0,-1.0,-0.0,0,0.0,0,1,10.963,0,0
1297.85,1.565,3.326,0,0,0,-0.5,0.866,0,0.0,0,1,11.341,1,0
1941.11,1.497,1.312,0,0,0,0.9659,-0.2588,0,0.1,0,0,11.64,1,0
914.88,1.0,0.0,0,0,0,-0.2588,-0.9659,0,0.0,0,0,14.768,1,0
472.81,0.319,-0.604,1,0,0,-0.866,-0.5,0,0.1,0,2,8.804,1,0
803.36,0.995,-0.007,0,0,0,-0.5,0.866,0,0.0,0,3,10.518,0,0
8589.66,3.57,2.545,0,0,0,-0.2588,0.9659,0,0.1,0,1,9.786,0,0
692.23,0.287,-0.631,0,0,0,0.866,-0.5,1,0.4,1,3,8.125,1,0
1314.67,0.388,-1.158,0,0,0,-0.9659,0.2588,0,0.0,0,0,11.809,1,0
13942.41,5.371,3.848,0,1,0,-0.9659,0.2588,0,0.0,0,1,10.729,0,0
1263.87,0.948,-0.074,0,0,0,-1.0,-0.0,0,0.0,0,2,10.868,1,0
5653.85,1.024,0.034,0,0,0,-0.2588,-0.9659,0,0.25,0,1,10.66,1,0
9060.3,2.026,1.253,0,0,0,1.0,0.0,0,0.0,2,2,6.676,2,1
39.86,0.028,-0.577,0,0,1,0.0,1.0,0,0.111,7,7,2.876,1,1
1258.4,0.835,-0.314,0,0,0,0.7071,-0.7071,0,0.1,0,1,10.194,1,0
21.71,0.043,-0.752,0,0,1,0.9659,0.2588,1,0.1,3,5,0.519,0,1
5564.67,1.272,0.467,0,0,0,-0.5,-0.866,0,0.333,0,2,8.744,0,0
517.35,0.524,-0.389,0,0,0,0.0,-1.0,0,0.1,0,0,11.644,0,0
1975.3,1.023,0.036,0,0,0,-0.5,0.866,0,0.0,0,1,11.212,0,0
388.04,0.846,-0.503,0,0,0,0.0,-1.0,0,0.0,0,2,11.006,1,0
1110.04,0.643,-0.333,0,0,0,-0.5,-0.866,0,0.0,0,0,12.088,1,0
968.13,0.703,-0.567,0,0,0,-0.9659,0.2588,0,0.125,0,0,12.86,2,0
2491.7,0.907,-0.08,0,0,0,-0.866,-0.5,0,0.1,0,1,9.66,0,0
2354.41,0.704,-0.271,0,0,0,-0.9659,0.2588,0,0.2,0,0,11.949,0,0
14836.05,1.803,1.073,0,0,1,0.866,0.5,0,0.0,1,1,7.285,2,1
8711.53,1.0,0.0,0,0,0,-1.0,-0.0,0,0.0,0,0,14.768,0,0
2831.68,3.524,2.504,0,0,0,-0.7071,0.7071,0,0.0,0,0,11.844,0,0
498.04,0.39,-0.778,0,0,0,-0.866,-0.5,0,0.1,0,0,12.194,1,0
236.55,0.622,-0.42,0,0,0,0.2588,-0.9659,1,0.1,0,1,9.709,0,0
439.87,0.235,-0.67,0,0,0,-0.2588,0.9659,0,0.0,1,3,6.533,0,0
199.91,0.19,-0.73,0,0,0,0.5,-0.866,0,0.0,0,0,11.724,1,0
1280.39,0.737,-0.233,0,0,0,-1.0,-0.0,0,0.1,0,1,10.934,1,0
1631.99,0.602,-0.34,0,0,0,-0.9659,-0.2588,0,0.1,0,1,11.316,1,0
774.41,1.546,0.605,0,0,0,0.9659,-0.2588,0,0.2,0,1,10.6,0,1
3975.0,0.643,-0.316,0,0,0,-0.2588,-0.9659,0,0.1,0,1,10.567,0,0
3657.63,1.005,0.006,0,0,0,0.866,-0.5,0,0.0,0,2,10.397,0,0
7986.49,41.686,15.0,1,0,1,0.2588,0.9659,0,0.2,0,26,9.729,1,1
20.6,0.162,-0.771,0,0,1,0.7071,0.7071,0,0.4,8,8,1.243,0,1
3050.54,0.946,0.0,0,0,0,-0.9659,-0.2588,0,0.0,0,1,10.14,1,0
1498.52,0.831,-0.151,0,0,0,-0.866,0.5,0,0.0,0,1,11.332,1,0
954.99,0.37,-1.042,0,0,0,-0.2588,0.9659,0,0.1,0,1,11.121,0,0
1141.07,1.0,0.0,0,0,0,-0.866,0.5,0,0.0,0,0,14.768,1,0
5970.04,1.448,0.864,0,0,0,-0.5,-0.866,0,0.0,0,1,10.709,0,0
592.75,0.5,-1.347,0,0,0,-0.866,-0.5,0,0.0,0,0,11.573,0,0
352.93,0.5,-0.333,0,0,0,-0.9659,0.2588,0,0.1,0,3,10.255,0,0
381.08,0.374,-0.466,0,0,0,-1.0,-0.0,0,0.0,0,1,11.013,0,0
1059.88,0.637,-0.285,0,0,0,0.5,-0.866,0,0.2,1,3,7.954,0,0
1310.38,0.947,-0.218,0,0,0,-0.2588,-0.9659,0,0.125,0,3,9.108,0,0
20.65,0.025,-1.072,0,0,0,-0.2588,0.9659,0,0.0,6,9,3.663,1,1
27418.31,3.003,1.747,1,0,0,0.5,-0.866,0,0.0,1,1,7.31,0,0
2497.33,1.087,0.092,0,0,0,0.0,-1.0,0,0.0,0,1,11.145,0,0
1.65,0.003,-0.464,0,0,0,-0.7071,-0.7071,1,0.3,28,29,3.096,0,1
32.01,0.009,-0.884,0,0,0,-0.866,-0.5,0,0.1,3,4,2.162,0,1
1253.49,0.409,-0.446,0,1,0,-0.2588,0.9659,0,0.0,0,2,11.221,0,0
1286.01,0.332,-0.634,0,0,0,-0.2588,0.9659,0,0.0,0,1,10.854,0,0
1191.29,1.0,0.0,0,0,0,-0.7071,0.7071,0,0.0,0,0,14.768,0,0
590.03,0.578,-0.301,0,0,0,0.7071,-0.7071,0,0.2,0,1,11.235,0,0
1432.73,0.2,-0.645,0,0,0,-0.5,-0.866,0,0.0,0,1,9.942,0,0
638.23,2.122,6.762,0,0,0,0.2588,-0.9659,0,0.0,0,0,13.213,1,0
375.69,0.641,-0.308,0,0,0,-0.5,-0.866,0,0.1,0,0,13.072,0,0
1878.93,1.418,1.457,0,0,0,-0.866,0.5,0,0.2,0,1,11.275,1,0
816.34,0.302,-0.603,0,0,0,-0.866,0.5,0,0.0,0,1,10.949,0,0
706.58,0.891,-0.132,0,0,0,-0.866,-0.5,1,0.2,0,0,11.578,0,0
44.82,0.071,-1.071,0,0,0,0.0,-1.0,0,0.3,6,7,2.051,0,1
791.08,1.169,0.082,0,0,0,-0.2588,-0.9659,0,0.1,0,0,12.475,1,0
1017.31,0.656,-0.314,0,0,0,-0.9659,-0.2588,0,0.1,2,4,7.836,1,0
533.85,2.045,4.444,0,0,0,-0.2588,-0.9659,0,0.0,0,1,10.892,1,0
1387.52,0.901,-0.089,0,0,0,0.2588,-0.9659,0,0.0,0,1,11.069,1,0
1081.28,0.292,-0.644,0,0,0,-0.2588,0.9659,0,0.0,0,4,10.134,0,0
290.85,0.324,-0.526,0,0,0,0.866,-0.5,0,0.0,0,0,12.761,0,0
1084.69,0.507,-0.429,0,0,0,0.7071,-0.7071,1,0.2,0,0,11.408,0,0
1864.31,0.96,-0.037,0,0,0,0.5,-0.866,0,0.0,0,2,10.971,0,0
987.95,0.838,-0.132,0,0,0,-0.5,0.866,0,0.0,0,1,11.029,1,0
1787.74,0.385,-0.527,0,0,0,0.9659,-0.2588,0,0.0,0,0,11.495,1,0
1102.01,0.335,-0.652,1,0,0,-0.5,-0.866,0,0.2,0,1,10.379,1,0
446.23,0.846,-0.411,0,0,0,-0.866,0.5,0,0.0,0,1,10.884,1,0
255.43,0.43,-1.602,0,0,0,0.7071,-0.7071,0,0.0,0,2,8.893,3,0
10.35,0.022,-0.734,0,0,1,0.9659,0.2588,0,0.1,6,8,2.907,0,1
2455.02,0.299,-0.734,0,0,0,-0.7071,0.7071,0,0.0,0,1,10.263,2,0
540.67,0.595,-0.426,0,0,0,0.2588,-0.9659,1,0.1,0,0,11.982,0,0
1243.82,1.792,5.495,1,0,0,-0.866,0.5,0,0.0,0,1,10.636,0,0
1021.37,0.367,-0.604,0,0,0,-0.9659,-0.2588,0,0.0,0,1,11.362,0,0
299.42,0.884,-0.249,1,0,0,-1.0,-0.0,0,0.0,0,0,11.816,1,0
3443.87,0.726,-0.524,0,0,0,0.0,-1.0,0,0.0,0,0,11.41,1,0
796.13,0.866,-0.128,1,0,0,-0.866,0.5,0,0.1,0,0,11.73,1,0
2013.56,0.973,-0.026,0,0,0,0.866,-0.5,0,0.0,0,1,10.97,0,0
3317.83,1.506,0.563,0,0,0,0.7071,-0.7071,0,0.0,0,3,9.629,0,0
3271.71,1.117,0.23,0,0,0,-0.866,0.5,0,0.1,0,1,11.088,0,0
326055.11,24.305,9.31,1,0,0,-1.0,-0.0,0,0.0,0,22,9.342,0,1
17.27,0.242,-0.504,0,0,1,0.7071,0.7071,0,0.6,23,23,3.789,0,1
6486.59,4.93,15.0,1,0,0,0.0,-1.0,0,0.0,0,0,13.442,4,1
2249.32,0.841,-0.161,0,0,0,-0.866,0.5,0,0.2,0,1,11.031,0,1
702.09,0.841,-0.148,0,0,0,0.5,-0.866,0,0.1,0,1,11.127,0,0
1428.4,0.563,-4.447,0,0,0,-0.2588,0.9659,0,0.0,0,2,10.692,0,0
455.71,0.638,-0.248,0,0,0,-0.5,0.866,0,0.0,0,1,11.024,0,0
912.99,1.0,0.0,0,0,0,-0.866,0.5,0,0.0,0,0,14.768,1,0
658.61,1.01,0.024,0,0,0,0.866,-0.5,0,0.1,0,2,10.024,0,0
2212.66,1.734,0.73,1,0,0,-0.866,0.5,0,0.0,0,2,10.954,0,0
976.07,0.335,-0.539,0,0,0,-0.866,-0.5,0,0.0,0,1,10.972,0,0
707.6,0.263,-1.21,0,0,0,-0.866,0.5,0,0.0,0,0,12.869,0,0
659.16,1.029,0.053,0,0,0,-0.5,-0.866,0,0.125,0,0,11.513,0,0
356.89,0.218,-0.631,0,0,0,-0.2588,-0.9659,0,0.0,0,0,11.372,0,0
3101.94,1.517,0.552,1,0,0,-0.9659,0.2588,0,0.1,0,1,11.115,0,0
28.28,0.015,-1.288,0,0,0,-0.5,-0.866,0,0.0,2,2,2.052,2,1
1290.52,1.949,0.365,0,0,0,-0.2588,-0.9659,0,0.3,0,0,13.091,1,0
734.75,0.263,-0.804,0,0,0,-0.5,-0.866,0,0.1,0,3,10.564,1,0
2471.43,1.0,0.0,0,0,0,0.5,-0.866,0,0.0,0,0,14.768,0,0
631.7,0.488,-0.473,0,0,0,-0.2588,0.9659,0,0.0,0,0,11.389,0,0
818.28,0.936,-0.16,0,0,0,-0.5,0.866,0,0.1,0,0,12.047,1,0
1368.45,0.815,0.0,0,0,0,0.0,-1.0,1,1.0,0,0,11.976,1,0
2056.08,0.649,-0.299,0,0,0,-0.9659,-0.2588,0,0.0,0,0,12.378,1,0
7412.76,5.46,3.381,0,0,0,-0.9659,-0.2588,0,0.1,0,0,11.944,0,0
516.94,0.605,-0.375,1,0,0,-0.7071,0.7071,0,0.1,0,2,10.797,2,0
626.97,0.263,-1.13,0,0,1,0.9659,0.2588,0,0.1,0,1,9.226,0,0
2196.38,0.365,-0.594,0,0,0,0.2588,-0.9659,0,0.2,0,0,12.291,1,0
7512.09,4.145,3.147,0,0,0,-0.2588,0.9659,0,0.167,0,0,12.095,0,0
8813.31,2.701,1.647,0,0,0,0.0,-1.0,0,0.0,1,1,6.989,3,1
1318.31,0.297,-0.59,0,0,0,-0.5,0.866,0,0.2,0,0,11.419,1,0
451.26,1.173,0.169,0,0,0,0.5,-0.866,0,0.1,0,1,9.954,0,0
43.52,0.007,-0.588,0,0,0,-0.2588,0.9659,0,0.3,11,11,3.246,0,1
1486.68,0.559,-0.801,0,0,0,-0.5,-0.866,0,0.0,0,1,10.244,0,0
10.35,0.003,-0.604,0,0,0,0.2588,-0.9659,0,0.4,13,13,2.727,1,1
268204.62,18.002,8.106,0,0,0,-0.5,0.866,0,0.0,0,9,8.676,1,1
1775.96,1.892,0.841,0,0,0,-0.7071,-0.7071,0,0.1,0,0,11.378,1,0
241.26,0.832,-0.321,0,0,0,-0.9659,-0.2588,0,0.1,0,1,11.216,0,0
2069.31,3.081,3.288,0,1,0,0.866,-0.5,0,0.0,0,2,9.947,0,0
2263.07,0.524,-0.376,0,0,0,-0.2588,-0.9659,0,0.2,0,0,11.385,0,0
2655.05,2.603,1.62,0,0,0,0.0,-1.0,0,0.2,0,2,9.043,0,0
17323.87,4.406,1.505,0,0,0,-0.7071,0.7071,0,0.0,0,4,9.507,1,0
11071.26,5.423,4.631,0,0,0,-0.7071,0.7071,0,0.0,0,2,10.199,0,1
436.57,0.723,-0.275,1,0,0,-0.866,0.5,0,0.0,0,0,12.378,1,0
1900.46,0.276,-0.54,0,0,0,-0.7071,-0.7071,0,0.0,0,0,12.614,0,0
632.94,0.869,-0.318,0,0,0,0.5,-0.866,0,0.0,0,1,10.557,2,0
918.36,0.889,-0.149,0,0,0,0.0,-1.0,0,0.0,0,0,11.84,0,0
1189.48,0.357,-0.581,0,0,0,-0.866,0.5,0,0.0,0,0,12.217,0,0
44.99,0.028,-0.7,0,0,0,0.9659,-0.2588,0,0.0,3,4,2.397,2,1
1111.56,1.122,0.217,0,0,0,-0.2588,-0.9659,0,0.0,0,1,10.711,1,0
1857.51,0.527,-2.289,0,0,0,0.5,-0.866,0,0.0,0,1,10.798,0,0
2232.51,0.355,-0.509,0,0,0,-0.7071,0.7071,1,0.3,0,2,11.203,1,0
4300.28,3.361,1.833,0,0,0,0.866,-0.5,0,0.167,0,0,11.916,0,1
1156.26,1.128,0.112,0,0,0,-0.2588,-0.9659,0,0.1,0,1,8.813,0,0
804.33,0.301,-0.589,0,0,0,0.0,-1.0,0,0.0,0,1,10.712,0,0
2181.47,0.906,-0.08,0,0,0,-1.0,-0.0,0,0.0,0,3,10.673,1,0
1124.77,0.53,-1.169,0,0,0,0.5,-0.866,0,0.0,0,2,9.72,2,0
25237.37,5.987,4.25,0,0,0,0.9659,-0.2588,0,0.0,0,2,10.34,0,0
44.02,0.015,-0.679,0,0,0,0.7071,-0.7071,0,0.1,7,7,3.041,0,1
851.56,0.926,-0.07,0,0,0,-0.2588,0.9659,1,0.125,0,0,11.453,1,0
900.13,0.711,-0.637,0,0,0,0.2588,-0.9659,0,0.143,0,0,12.863,2,0
943.19,0.692,-0.618,0,0,0,-0.2588,-0.9659,0,0.0,0,0,12.819,2,0
5752.55,3.705,2.126,0,0,0,0.9659,-0.2588,0,0.0,0,0,11.73,0,0
550.09,0.417,-1.116,0,0,0,0.866,-0.5,0,0.333,0,2,10.726,2,0
357.62,0.604,-0.363,0,1,0,-0.9659,-0.2588,0,0.0,0,0,11.465,1,0
6890.49,5.637,3.849,0,0,0,-0.866,0.5,0,0.2,0,1,10.171,0,0
1588.89,0.791,-0.214,0,0,0,-0.9659,0.2588,0,0.0,0,0,11.578,0,0
4430.8,0.676,-0.327,0,0,0,0.5,-0.866,0,0.0,0,1,11.333,0,0
317.92,0.536,-0.446,0,0,0,0.7071,-0.7071,0,0.0,0,1,8.215,0,0
1979.69,0.488,-0.395,0,0,0,-0.866,-0.5,1,0.1,0,0,11.906,0,0
4902.4,5.469,4.685,0,0,0,1.0,0.0,0,0.1,0,3,10.08,1,0
748.06,0.363,-0.53,1,0,0,-0.9659,-0.2588,1,0.1,0,1,10.611,0,0
605.52,0.396,-0.523,0,0,0,-0.9659,-0.2588,0,0.1,0,2,9.562,0,0
27270.32,3.582,1.933,0,0,0,-0.9659,0.2588,0,0.0,0,0,12.16,0,0
411.23,0.898,0.0,0,0,0,0.2588,-0.9659,0,0.0,0,1,8.648,1,0
1007.75,0.76,-0.239,0,0,0,0.5,-0.866,0,0.0,0,0,11.923,2,0
2376.77,0.69,-1.857,0,0,0,-0.2588,0.9659,1,0.2,0,0,11.937,0,0
411.18,0.489,-0.553,0,0,0,0.0,-1.0,0,0.0,0,2,10.64,0,0
2231.12,1.113,0.102,0,0,0,-0.2588,-0.9659,0,0.0,0,0,13.573,1,0
24.58,0.071,-0.429,0,0,0,-0.2588,-0.9659,1,0.5,23,23,3.108,0,1
6007.48,4.04,0.0,0,0,0,0.5,-0.866,0,0.0,0,0,11.589,1,0
1056.1,0.172,-0.613,0,0,0,-0.7071,-0.7071,0,0.1,0,2,9.266,1,0
417.37,0.247,0.0,0,0,0,0.2588,-0.9659,1,0.5,0,0,11.644,0,0
1384.11,0.132,-0.428,0,1,0,0.7071,-0.7071,0,0.2,0,6,10.745,1,0
1181.87,1.006,0.009,0,0,0,0.7071,-0.7071,0,0.1,0,2,10.607,2,1
18465.09,3.625,1.288,1,0,1,0.7071,0.7071,0,0.2,0,8,9.379,0,0
2492.59,0.579,-0.319,0,0,0,0.866,-0.5,0,0.0,0,0,11.392,0,0
1518.7,1.0,0.0,0,0,0,-0.866,0.5,0,0.0,0,0,14.768,0,0
66461.25,9.069,6.49,0,0,0,0.5,-0.866,0,0.0,1,5,7.616,1,1
2054.0,0.126,-0.932,0,0,0,-0.5,0.866,0,0.0,0,0,12.554,0,0
513.46,0.749,-0.244,0,0,0,-0.5,-0.866,0,0.0,0,1,11.337,1,0
1604.14,0.974,-0.02,0,0,0,0.0,-1.0,0,0.1,0,0,11.924,1,0
672.43,1.301,0.283,0,0,0,0.9659,-0.2588,0,0.1,0,2,10.214,0,0
1031.56,0.361,-0.773,0,0,0,0.0,-1.0,0,0.1,0,2,11.123,0,0
626.5,1.228,4.61,0,0,0,0.866,-0.5,0,0.333,0,2,9.539,0,0
2730.51,0.749,-0.448,0,0,0,0.0,-1.0,0,0.0,0,2,11.075,1,0
1221.27,0.441,-0.531,0,0,0,-0.9659,-0.2588,0,0.1,0,1,10.963,0,0
946.21,1.165,0.0,0,0,0,0.0,-1.0,0,0.0,0,1,10.292,1,0
471.78,0.356,-0.522,0,0,0,-0.7071,0.7071,0,0.1,0,2,8.936,0,0
349.6,0.834,-0.425,0,0,0,-0.9659,0.2588,0,0.1,0,1,11.185,2,0
1133.07,0.885,-0.108,0,0,0,-0.866,0.5,0,0.0,0,0,11.683,1,0
312.19,0.555,-0.451,1,0,0,0.9659,-0.2588,0,0.0,0,1,11.054,1,0
880.54,1.0,0.0,0,0,0,0.2588,-0.9659,0,0.0,0,0,14.768,2,0
3393.85,0.622,-0.32,0,0,0,-0.2588,0.9659,0,0.0,0,0,11.391,0,0
21749.89,3.862,2.203,0,0,0,-1.0,-0.0,0,0.0,0,2,9.765,0,0
1347.2,0.713,-0.267,0,0,0,0.5,-0.866,1,0.111,0,1,10.577,0,0
875.1,0.176,-0.774,0,0,0,-0.7071,-0.7071,1,0.111,0,3,9.778,0,0
1387.16,1.964,1.111,0,0,0,0.7071,-0.7071,0,0.143,0,1,10.408,1,0
615.83,0.237,-0.728,0,0,0,-0.2588,0.9659,0,0.0,0,0,11.565,0,0
270.39,1.061,0.159,0,0,0,0.2588,-0.9659,0,0.0,0,0,11.915,0,0
460.54,0.586,0.0,0,0,0,-0.7071,0.7071,1,0.5,0,0,13.28,2,0
1361.8,0.757,-0.228,0,0,0,-0.2588,-0.9659,0,0.1,0,1,11.079,1,0
840.3,1.208,0.347,0,0,0,0.0,-1.0,0,0.1,0,2,9.955,1,0
545.13,0.266,-0.732,0,0,0,0.2588,-0.9659,0,0.1,0,1,8.816,0,0
1497.92,1.993,2.251,0,0,0,0.5,-0.866,2,0.2,0,1,10.998,0,0
571.61,0.644,-0.292,0,0,0,-0.5,0.866,0,0.0,0,2,11.053,0,0
36.0,0.024,-0.99,0,0,0,-0.5,-0.866,0,0.0,10,10,3.25,2,1
13.8,0.029,-0.728,0,0,1,0.9659,0.2588,1,0.2,7,9,2.363,0,1
4228.03,0.293,-0.867,0,0,0,-0.866,-0.5,0,0.0,0,1,10.081,1,0
767.93,0.606,-0.362,0,0,0,-0.866,0.5,0,0.0,0,0,12.402,0,0
13.76,0.012,-1.317,0,1,0,-0.5,0.866,1,0.2,6,6,0.286,0,1
366.22,0.554,-0.415,0,0,0,0.0,-1.0,0,0.2,0,0,11.632,0,0
10.38,0.002,-0.652,1,1,0,-0.9659,-0.2588,0,0.125,1,1,0.0,1,1
5447.88,3.899,1.948,1,0,0,0.9659,-0.2588,0,0.1,1,2,7.395,1,0
915.34,0.786,-0.229,0,0,0,0.2588,-0.9659,0,0.1,0,1,10.443,0,0
2912.05,0.781,-0.201,0,0,0,-0.9659,-0.2588,0,0.0,0,1,9.707,0,0
1168.31,1.541,1.502,0,0,0,-0.5,-0.866,0,0.0,0,1,11.245,0,0
735.2,0.829,-0.209,0,0,0,-0.866,0.5,1,0.2,0,1,11.351,0,0
190.59,0.282,-1.256,0,0,0,-0.866,0.5,0,0.1,0,0,12.204,0,0
499.11,0.557,-0.464,0,0,0,0.7071,-0.7071,0,0.1,0,0,11.912,0,0
2032.38,1.103,0.266,0,0,0,0.2588,-0.9659,0,0.0,0,1,10.671,1,0
5838.77,4.17,4.352,1,0,0,0.9659,-0.2588,0,0.2,0,0,11.815,2,0
5112.52,2.725,1.635,0,0,0,0.2588,-0.9659,0,0.0,0,1,9.623,2,0
1668.16,1.161,0.111,0,0,0,-0.7071,-0.7071,0,0.0,0,2,9.449,1,0
480.09,0.052,-0.917,0,0,0,-0.5,-0.866,0,0.143,1,1,7.374,0,0
905.8,0.973,-0.026,0,0,0,-0.7071,-0.7071,0,0.0,0,1,11.24,1,0
6757.08,12.809,15.0,0,0,0,-0.5,-0.866,0,0.0,0,1,10.706,0,0
303.58,0.552,-0.366,0,0,0,0.5,-0.866,0,0.0,0,1,11.109,0,0
578.02,0.913,-0.075,0,0,0,-0.9659,0.2588,0,0.0,0,0,12.036,0,0
541.48,0.963,-0.035,0,0,0,0.7071,-0.7071,1,0.1,0,2,9.744,0,0
403.15,0.511,-0.502,1,0,0,0.5,-0.866,0,0.0,0,2,10.541,1,0
2372.74,0.919,-0.077,0,0,0,-0.866,0.5,0,0.1,0,2,9.59,0,0
323.74,0.714,-0.294,0,0,0,-0.2588,-0.9659,1,0.125,0,1,11.22,1,0
1903.39,0.987,-0.017,0,0,0,-0.866,0.5,0,0.1,0,0,12.024,0,0
7443.04,5.118,4.412,0,0,0,-0.7071,-0.7071,0,0.2,0,0,12.357,0,0
1932.98,4.079,2.862,0,0,0,0.5,-0.866,0,0.1,1,2,8.145,1,0
2317.88,0.851,-0.162,0,0,0,-0.9659,0.2588,0,0.0,0,0,11.813,0,0
3359.96,1.232,0.602,1,0,0,-0.866,0.5,0,0.0,1,1,5.788,0,0
5241.48,2.167,1.07,0,0,0,-0.2588,0.9659,0,0.2,0,0,13.357,0,0
860.05,0.234,-0.558,0,0,0,0.7071,-0.7071,0,0.0,0,0,12.589,0,0
1572.04,1.0,0.0,0,0,0,0.5,-0.866,0,0.0,0,0,14.768,0,0
111.65,0.119,-0.679,0,0,0,0.5,-0.866,0,0.0,0,1,9.585,2,0
691.54,0.378,-0.531,0,0,0,-0.9659,0.2588,0,0.1,0,1,10.494,1,0
731.23,0.336,-0.562,0,0,0,-0.7071,0.7071,0,0.125,0,0,11.905,1,0
1106.37,0.42,-0.498,0,0,0,0.7071,-0.7071,0,0.0,0,1,10.014,1,0
630.05,0.313,0.0,0,0,0,-0.2588,-0.9659,0,0.5,0,1,10.555,2,0
1050.72,1.157,0.192,0,0,0,-0.2588,0.9659,0,0.0,0,4,9.64,0,0
6298.47,4.521,0.0,1,1,0,-1.0,-0.0,0,0.0,0,0,12.215,4,1
16.92,0.056,-0.981,0,0,0,0.866,-0.5,0,0.4,17,19,1.547,0,1
1105.0,0.757,-0.184,0,0,0,-0.2588,0.9659,0,0.1,0,3,9.348,0,0
53.91,0.029,-1.219,0,0,0,-0.5,-0.866,0,0.0,3,3,3.48,2,1
269.81,0.912,-0.181,0,0,0,-0.9659,0.2588,1,0.1,0,0,11.699,0,0
2344.6,0.379,-0.487,0,0,0,-0.7071,-0.7071,0,0.3,0,1,10.721,1,0
173.47,0.356,-0.503,0,0,0,-0.9659,-0.2588,0,0.0,0,0,12.082,1,0
577.02,0.466,-0.752,0,0,0,1.0,0.0,0,0.0,0,0,11.849,2,0
6438.55,1.205,0.169,0,0,0,-0.2588,-0.9659,0,0.0,0,1,9.483,1,0
490.42,0.203,-0.837,0,0,0,0.2588,-0.9659,0,0.1,0,1,10.294,0,0
1389.71,0.486,-0.438,0,0,0,0.2588,-0.9659,0,0.0,0,0,12.694,0,0
4081.01,2.029,0.0,1,0,1,0.7071,0.7071,0,0.0,0,0,14.032,4,1
922.61,0.333,-0.463,0,0,0,-0.866,0.5,0,0.0,0,0,11.887,1,0
1030.42,0.323,-0.535,0,0,0,0.9659,-0.2588,0,0.1,0,2,8.796,0,0
29207.02,5.249,1.881,0,0,1,0.5,0.866,0,0.1,1,2,6.934,0,1
423.73,0.398,-1.865,0,0,0,-0.5,0.866,0,0.125,0,0,12.01,1,0
4144.59,3.936,15.0,0,0,0,-0.5,-0.866,0,0.0,0,0,11.956,0,0
247.8,0.483,-0.776,0,0,0,0.0,-1.0,0,0.1,1,1,6.264,0,0
994.01,1.321,0.713,0,0,0,-0.2588,0.9659,0,0.1,0,0,12.095,0,0
3524.35,3.483,8.699,0,0,0,0.0,-1.0,0,0.0,0,1,8.778,0,0
3470.37,1.107,0.081,0,0,0,-0.2588,0.9659,0,0.1,0,0,12.231,0,0
1546.16,0.384,-0.775,0,0,0,-0.2588,0.9659,0,0.0,1,1,6.276,0,0
352.84,0.865,-0.213,0,0,0,0.2588,-0.9659,0,0.1,0,0,11.844,1,1
856.18,0.343,-0.457,0,0,0,-0.9659,0.2588,0,0.0,0,1,9.705,1,0
1433.51,0.476,-0.435,0,0,0,-0.5,-0.866,0,0.0,0,0,11.978,0,0
25599.21,3.888,2.109,0,0,0,-0.5,-0.866,0,0.0,0,0,13.042,0,0
1060.98,0.096,-0.801,0,0,0,-0.9659,-0.2588,0,0.0,0,0,12.314,0,0
1557.23,0.763,-0.262,0,0,0,-0.866,0.5,0,0.1,0,6,8.76,0,0
1960.36,0.5,-0.386,0,0,0,-0.2588,-0.9659,0,0.3,0,0,11.973,0,0
1040.72,0.358,-1.285,0,0,0,0.2588,-0.9659,0,0.1,0,0,12.039,0,0
2461.3,0.509,-0.37,0,0,0,-0.866,-0.5,1,0.2,0,0,12.218,0,0
959.86,0.472,-0.473,0,0,0,0.7071,-0.7071,0,0.0,0,0,13.109,1,0
2355.35,5.557,8.173,0,0,0,-0.9659,-0.2588,0,0.0,0,0,13.288,1,0
845.88,1.542,2.201,0,0,0,-0.5,-0.866,0,0.222,0,0,13.234,0,0
332.25,0.427,-0.557,1,0,0,0.0,-1.0,0,0.0,0,0,11.707,0,0
34.54,0.058,-0.448,0,0,0,-0.7071,-0.7071,1,0.3,26,27,3.624,0,1
989.11,0.635,-0.262,0,0,0,0.0,-1.0,0,0.1,0,4,9.071,1,0
13752.06,5.056,11.613,1,0,0,0.2588,-0.9659,0,0.0,0,2,10.565,0,0
1682.24,0.537,-0.812,0,0,0,-0.5,-0.866,0,0.0,0,1,10.954,0,0
1919.78,0.272,-0.573,0,0,0,-0.2588,-0.9659,0,0.0,0,4,9.42,1,0
1151.04,0.417,-0.482,0,0,0,0.5,-0.866,0,0.1,0,0,12.631,1,0
1292.26,1.883,1.269,0,0,0,-0.5,-0.866,0,0.0,0,1,11.203,1,0
702.02,0.528,-0.356,0,0,0,-0.866,-0.5,0,0.2,0,1,11.258,1,0
1219.08,0.848,0.0,1,1,0,0.2588,-0.9659,0,0.0,0,1,11.095,0,0
4250.1,0.865,-0.103,0,0,0,-0.2588,-0.9659,0,0.0,0,0,13.14,0,0
3308.06,0.829,-0.131,0,0,0,-0.5,0.866,0,0.2,0,0,12.591,0,0
1320.21,0.414,-0.427,0,0,0,-0.2588,-0.9659,0,0.0,0,2,9.796,1,0
414.76,0.787,-0.726,0,0,0,-0.866,0.5,0,0.0,0,0,13.195,0,0
764.19,1.524,0.435,0,0,0,-0.7071,0.7071,0,0.0,0,1,10.615,0,0
11501.59,7.701,7.309,0,0,0,0.0,-1.0,0,0.1,0,1,10.094,0,0
780.95,0.429,-0.962,0,0,0,0.0,-1.0,0,0.0,0,0,12.238,1,0
4031.96,1.572,0.917,0,0,0,0.7071,-0.7071,0,0.167,4,4,6.103,2,1
404.24,0.76,-0.212,0,0,1,0.7071,0.7071,1,0.1,0,2,11.173,1,0
3731.43,1.137,0.275,0,0,0,0.0,-1.0,0,0.0,0,0,11.453,0,0
2148.76,0.864,-0.197,0,0,0,-0.866,-0.5,0,0.0,0,1,9.494,2,0
304.68,0.302,-0.608,0,0,0,-0.9659,0.2588,0,0.0,0,0,12.428,2,0
3127.09,1.463,0.247,0,0,0,-0.9659,-0.2588,0,0.0,0,1,10.785,0,0
831.9,0.295,-0.601,0,0,0,-1.0,-0.0,0,0.0,0,2,9.024,0,0
26870.34,6.403,5.227,0,0,0,0.9659,-0.2588,0,0.0,1,1,7.901,1,0
1478.71,0.656,0.0,1,0,0,-0.7071,0.7071,0,0.0,1,1,6.949,0,0
11495.0,1.0,0.0,0,0,0,-1.0,-0.0,0,0.0,0,0,14.768,0,0
3048.88,3.83,2.472,0,0,0,-0.866,0.5,0,0.0,0,1,8.967,0,0
621.61,1.06,0.09,1,0,0,-1.0,-0.0,0,0.167,0,0,12.615,1,0
1111.87,0.778,-0.264,0,0,0,-1.0,-0.0,0,0.1,0,1,11.32,0,0
4616.97,1.39,0.54,0,0,0,0.0,-1.0,0,0.0,0,0,12.01,0,0
1517.43,1.0,0.0,0,0,0,0.9659,-0.2588,0,0.0,0,0,14.768,1,0
1455.92,1.688,0.684,0,0,0,-0.9659,0.2588,0,0.1,0,1,9.987,1,0
470.17,0.879,-0.131,0,0,0,0.866,-0.5,0,0.1,0,1,11.078,0,0
544.67,1.965,2.011,0,0,0,1.0,0.0,0,0.0,0,1,10.48,0,0
1069.72,0.587,-0.397,0,0,0,0.7071,-0.7071,0,0.1,0,2,8.924,2,0
720.78,1.026,0.023,0,0,0,0.7071,-0.7071,0,0.1,0,3,10.323,0,0
10172.5,3.976,2.176,0,0,0,-0.7071,0.7071,0,0.1,0,4,10.084,0,0
810.04,1.078,0.151,0,0,0,-0.9659,0.2588,0,0.0,0,2,9.42,0,0
56159.09,7.832,5.734,0,0,0,0.7071,-0.7071,0,0.0,1,5,8.067,1,1
54.98,0.016,-0.752,0,0,1,0.9659,0.2588,6,0.7,19,20,4.136,0,1
469.5,0.802,-0.162,0,0,1,0.7071,0.7071,0,0.0,0,2,8.944,0,0
347.7,0.929,-0.341,0,0,0,-0.9659,-0.2588,0,0.2,0,0,12.41,0,0
6444.15,4.199,7.695,1,0,0,-0.2588,0.9659,0,0.3,0,0,12.026,0,0
796.78,0.131,-0.787,0,0,0,-0.9659,0.2588,0,0.0,0,0,13.12,1,0
3.39,0.005,-0.484,0,0,0,-0.7071,-0.7071,0,0.3,24,25,4.152,0,1
1407.76,2.532,1.199,0,0,0,0.5,-0.866,0,0.2,0,1,8.575,0,0
34.02,0.041,-0.551,0,0,0,-0.7071,-0.7071,0,0.5,15,16,2.92,0,1
1689.02,0.997,-0.017,1,0,0,-0.9659,0.2588,0,0.0,0,2,9.05,0,0
1878.25,1.085,0.104,0,0,1,0.866,0.5,0,0.1,0,0,12.347,1,0
743.77,0.534,-0.803,0,0,0,-0.866,0.5,0,0.0,0,1,11.213,0,0
4356.19,1.386,4.409,0,0,0,-1.0,-0.0,0,0.0,0,2,9.033,0,0
398.75,1.048,0.031,0,0,0,-0.2588,-0.9659,0,0.4,0,1,10.506,0,0
2196.79,0.996,-0.007,0,0,0,-0.9659,-0.2588,0,0.0,0,0,12.201,1,0
6772.6,3.973,15.0,1,1,0,-0.866,-0.5,0,0.0,0,0,13.361,2,1
2070.41,0.942,-0.059,0,0,0,-0.2588,-0.9659,0,0.2,0,0,11.915,0,1
1353.55,0.684,-0.318,0,0,0,-0.5,0.866,0,0.1,0,0,11.483,0,0
4808.77,1.0,0.0,0,0,0,0.2588,-0.9659,0,0.0,0,0,14.768,0,0
871.16,0.674,-0.52,0,0,0,-0.2588,0.9659,0,0.0,0,2,8.812,1,0
1528.3,0.628,-0.344,0,0,0,0.5,-0.866,0,0.0,0,1,8.259,0,0
3145.53,1.036,0.062,0,0,0,-0.866,-0.5,0,0.0,0,1,10.737,0,0
4050.07,1.573,1.015,0,0,0,-1.0,-0.0,0,0.0,1,1,7.264,2,1
7126.6,1.549,0.413,0,1,0,-0.7071,0.7071,0,0.0,0,1,11.031,1,0
839.85,1.285,0.0,0,0,0,0.5,-0.866,0,0.0,0,1,11.224,0,0
25487.58,5.753,3.615,0,0,0,0.7071,-0.7071,0,0.0,0,2,11.19,0,0
3980.29,2.346,2.516,0,0,0,-0.9659,0.2588,0,0.0,0,0,13.858,0,0
1076.33,0.545,-0.299,0,0,0,-0.2588,0.9659,0,0.0,0,2,11.003,0,0
1245.61,0.294,-0.586,0,0,0,0.0,-1.0,0,0.0,0,0,12.346,1,0
504.36,0.714,-0.19,0,0,0,-0.866,0.5,0,0.0,0,0,11.386,2,0
12.06,0.01,-1.165,0,0,0,0.5,-0.866,2,0.2,8,8,3.402,0,1
1521.13,0.835,-0.154,0,0,0,0.866,-0.5,0,0.0,0,0,11.812,1,0
2979.11,2.714,1.809,0,0,0,-0.2588,-0.9659,0,0.0,0,2,10.088,1,0
10174.27,3.929,2.779,0,0,1,0.9659,0.2588,0,0.0,0,3,9.468,0,0
7974.23,2.418,1.283,0,0,0,-0.2588,0.9659,0,0.0,0,1,8.565,0,0
13.4,0.062,-0.696,0,0,0,-0.9659,0.2588,1,0.222,7,7,2.003,0,1
1575.52,2.148,3.266,0,0,0,0.866,-0.5,0,0.1,0,0,12.045,0,0
897.55,0.315,-0.625,0,0,0,-0.9659,-0.2588,0,0.1,0,3,10.483,0,0
3638.28,0.891,-0.093,0,0,0,-0.7071,-0.7071,0,0.1,0,2,10.535,0,0
3871.37,2.772,0.938,0,0,0,-0.2588,0.9659,0,0.0,0,0,12.185,0,0
731.36,0.831,-0.077,0,0,0,-0.2588,0.9659,0,0.2,0,2,9.961,0,0
1473.43,0.828,-0.155,1,0,0,0.5,-0.866,0,0.0,0,0,11.952,1,0
2613.68,1.097,0.078,0,0,0,-0.7071,-0.7071,0,0.0,0,1,10.842,0,0
406.17,0.401,-0.5,0,0,0,-0.2588,0.9659,0,0.0,0,0,12.811,2,0
1328.0,1.123,0.159,0,0,0,0.0,-1.0,0,0.0,1,2,7.858,1,0
1344.92,0.688,-0.265,0,0,0,-0.7071,0.7071,0,0.1,0,1,11.205,1,0
1095.93,0.808,-0.319,0,0,0,0.2588,-0.9659,0,0.0,0,0,12.896,1,0
520.53,1.231,0.75,0,0,0,0.9659,-0.2588,0,0.2,0,0,11.883,0,0
1613.58,0.477,-0.476,0,0,0,-0.7071,0.7071,0,0.0,0,0,11.863,0,0
1001.43,0.621,-0.308,0,0,0,0.2588,-0.9659,0,0.1,0,0,11.631,1,0
2698.41,3.409,6.556,0,0,0,-0.7071,0.7071,0,0.1,0,0,11.466,1,0
305.39,0.337,-0.719,0,0,0,-0.2588,-0.9659,0,0.1,0,2,11.106,0,0
1024.12,0.898,-0.109,1,0,0,-0.7071,-0.7071,0,0.0,0,1,10.175,2,0
874.59,0.946,-0.088,0,0,0,0.866,-0.5,0,0.111,0,1,10.249,0,0
2029.11,1.479,0.512,0,0,0,-0.5,-0.866,0,0.1,0,0,11.503,1,0
1379.73,0.519,-0.427,0,0,0,-0.9659,-0.2588,0,0.1,0,2,10.704,0,0
1034.69,0.502,-0.486,0,0,0,-0.9659,0.2588,0,0.0,0,1,10.49,1,0
2304.3,0.504,-0.358,0,0,0,-1.0,-0.0,0,0.3,0,0,11.94,1,0
1532.38,0.802,-0.183,0,0,0,-0.7071,0.7071,0,0.1,0,2,9.037,1,0
225.38,0.587,-1.109,0,0,0,-0.7071,-0.7071,0,0.1,0,0,12.638,1,0
928.07,0.409,-0.38,0,0,0,-1.0,-0.0,0,0.0,0,3,9.471,0,0
371.79,0.461,-0.447,0,0,0,-0.9659,0.2588,0,0.0,0,0,11.641,0,0
1130.45,0.266,-0.966,1,0,0,0.0,-1.0,0,0.0,0,0,12.394,1,0
635.84,0.86,-0.118,0,0,0,0.5,-0.866,0,0.0,0,1,10.925,0,0
695.59,0.985,-0.025,0,0,0,0.7071,-0.7071,0,0.0,0,0,12.235,1,0
1037.5,0.779,-0.238,0,0,0,-0.2588,-0.9659,0,0.1,0,2,10.459,1,0
1776.92,0.486,-0.453,0,0,0,-0.866,-0.5,0,0.1,0,0,12.582,1,0
487.06,0.234,-0.644,0,0,0,-0.5,0.866,0,0.0,0,2,10.408,0,0
265.07,0.287,-0.547,0,0,0,0.5,-0.866,0,0.0,0,0,12.427,0,0
110.18,0.302,0.0,0,0,0,-0.9659,-0.2588,0,0.0,0,1,9.563,1,0
239.79,0.663,-0.299,1,0,0,0.0,-1.0,0,0.0,0,1,9.365,2,0
16.57,0.012,-1.029,0,1,0,-0.866,0.5,1,0.25,2,2,1.731,0,1
1078.52,0.587,-0.438,0,0,0,-0.5,-0.866,0,0.0,0,1,11.164,0,0
995.14,0.274,-0.657,0,0,0,-0.7071,0.7071,0,0.0,0,1,11.128,2,0
838.49,0.619,-0.343,0,0,0,-0.2588,-0.9659,0,0.0,0,1,10.989,0,0
1880.78,0.267,-0.521,0,0,0,-0.2588,-0.9659,0,0.0,0,0,12.641,0,0
21.59,0.007,-0.726,0,0,0,0.7071,-0.7071,0,0.1,6,6,3.187,0,1
49.19,0.056,-0.513,0,0,0,0.0,-1.0,0,0.2,20,22,3.534,1,1
198.16,0.186,-0.66,0,0,0,0.5,-0.866,0,0.1,0,2,11.158,0,0
546.58,0.671,-0.471,0,0,0,0.0,-1.0,0,0.0,0,0,13.192,0,0
724.07,1.174,0.112,0,0,0,1.0,0.0,1,0.2,0,1,10.965,0,0
1777.1,0.863,-0.139,0,0,0,0.0,-1.0,0,0.0,0,1,10.884,0,0
1072.63,1.51,1.461,0,0,0,-0.2588,0.9659,0,0.0,0,0,13.499,0,0
49.49,0.053,-0.683,0,0,0,-1.0,-0.0,0,0.2,4,4,0.288,0,1
666.24,0.592,-0.704,0,0,0,0.9659,-0.2588,0,0.1,0,1,10.821,0,0
30.53,0.073,-0.727,0,0,0,0.9659,-0.2588,0,0.5,12,14,2.77,0,1
526.65,0.245,-0.747,0,0,0,-0.7071,-0.7071,0,0.0,0,0,11.633,1,0
1379.85,0.906,0.0,0,0,0,-0.2588,-0.9659,1,0.5,0,1,11.21,1,0
2516.94,9.752,15.0,0,0,0,-0.7071,0.7071,0,0.0,0,0,12.314,1,0
50.2,0.022,-0.703,0,0,1,0.866,0.5,1,0.3,5,5,1.248,1,1
2464.39,1.693,15.0,1,0,0,-0.7071,-0.7071,0,0.0,0,0,14.213,2,0
2899.26,3.15,1.889,0,0,0,-0.866,0.5,1,0.2,0,0,11.968,1,0
29.48,0.029,-0.72,0,0,1,0.5,0.866,1,0.2,7,9,1.718,1,1
460.58,0.916,-0.089,0,0,0,0.9659,-0.2588,0,0.0,0,2,10.084,1,0
288.35,0.329,-0.804,0,0,0,-0.5,0.866,0,0.1,0,0,11.866,0,1
2908.62,0.598,-0.288,0,0,0,-0.9659,-0.2588,0,0.0,1,1,7.333,3,0
698.57,0.533,-0.38,0,0,0,-0.9659,0.2588,0,0.0,0,1,10.133,1,0
1686.69,0.575,-0.437,0,0,0,-0.2588,0.9659,0,0.0,0,2,10.929,0,0
16.21,0.01,-0.476,0,0,0,0.9659,-0.2588,2,0.4,23,23,4.211,1,1
337.3,0.512,-1.18,0,0,0,0.7071,-0.7071,0,0.1,0,1,10.494,0,0
623.99,0.506,-0.524,0,0,0,-0.866,-0.5,0,0.0,0,2,8.316,1,0
1465.52,0.363,-0.56,0,0,0,0.2588,-0.9659,0,0.0,0,0,12.2,0,0
247.97,0.642,-0.359,0,1,0,0.7071,-0.7071,0,0.1,0,1,10.921,1,0
488.49,0.666,-0.268,0,0,0,-1.0,-0.0,0,0.1,0,1,11.113,2,0
2670.12,1.145,0.144,0,0,0,-0.9659,-0.2588,0,0.1,0,0,11.937,0,0
14528.63,1.965,1.077,0,0,1,0.866,0.5,0,0.0,2,2,6.985,2,1
4.89,0.005,-0.582,0,0,0,0.0,-1.0,0,0.4,17,19,2.121,1,1
1128.34,0.59,-0.389,0,0,0,0.0,-1.0,0,0.0,0,2,9.546,2,0
4108.32,0.489,-0.285,0,0,0,-0.866,-0.5,0,0.0,0,0,12.609,0,0
1729.31,0.854,-0.144,0,0,0,-0.866,0.5,0,0.143,0,1,10.967,1,0
538.95,1.0,0.0,0,0,0,0.2588,-0.9659,0,0.0,0,0,14.768,1,0
2678.27,1.172,0.179,0,0,0,0.866,-0.5,0,0.0,0,0,12.395,0,0
1474.94,0.72,-0.369,1,0,0,-1.0,-0.0,0,0.0,0,0,12.018,0,0
49.78,0.159,-0.863,0,0,1,0.9659,0.2588,2,0.2,7,7,1.932,0,1
15.2,0.065,-1.952,0,1,0,-0.9659,0.2588,0,0.0,3,4,2.794,0,1
206.01,0.33,-0.613,0,0,0,-0.866,0.5,0,0.0,0,2,10.174,0,0
40.01,0.011,-0.787,0,0,1,0.9659,0.2588,1,0.6,11,12,3.719,0,1
796.19,0.255,-0.844,1,0,0,-0.866,0.5,0,0.0,0,0,11.489,0,0
6381.42,1.709,0.938,0,0,0,-0.866,-0.5,1,0.2,3,3,6.969,2,1
325.79,0.293,-0.587,0,0,0,-0.2588,-0.9659,1,0.1,1,1,7.091,0,0
7132.88,3.152,2.237,0,0,0,-0.5,-0.866,0,0.1,0,3,9.806,0,0
2285.84,0.511,-0.636,0,0,0,0.7071,-0.7071,0,0.0,1,1,7.596,0,0
2994.57,1.28,0.268,0,0,0,-0.9659,0.2588,0,0.2,0,0,12.014,0,0
1193.27,0.276,-0.629,0,0,0,-0.2588,0.9659,0,0.0,0,2,9.569,0,0
1271.47,1.0,0.0,0,0,0,-0.866,-0.5,0,0.0,0,0,14.768,0,0
12819.48,3.77,2.118,0,0,0,-1.0,-0.0,0,0.0,0,0,12.578,1,0
182.83,0.352,-0.548,0,0,0,-0.5,0.866,0,0.0,0,3,10.454,1,0
11445.9,2.993,1.297,0,0,1,0.5,0.866,0,0.2,3,5,5.542,0,1
3555.14,0.785,-0.163,0,0,0,-0.866,0.5,0,0.1,0,1,10.19,3,0
910.96,0.202,-0.561,0,0,0,-0.9659,-0.2588,0,0.0,0,2,10.971,1,0
1668.81,0.394,-0.829,0,0,0,0.0,-1.0,0,0.1,0,0,12.208,0,0
4070.31,0.617,-0.307,0,0,0,-0.2588,0.9659,0,0.0,0,1,9.759,0,0
1594.18,1.278,0.632,0,0,0,-0.866,0.5,0,0.143,0,2,10.651,0,0
3446.03,1.173,0.0,0,0,0,-0.9659,-0.2588,0,0.0,0,0,11.712,0,0
1190.05,2.215,0.916,0,0,0,0.5,-0.866,1,0.3,0,1,11.328,0,0
240.69,0.2,-0.926,0,0,0,-0.5,0.866,0,0.2,0,2,10.093,0,0
662.29,0.494,-0.407,0,0,0,-0.9659,0.2588,0,0.1,0,0,11.647,0,0
2489.91,1.25,0.0,1,0,0,0.2588,-0.9659,0,0.0,0,0,12.524,1,0
202.72,0.154,-0.589,0,0,0,0.5,-0.866,0,0.1,0,1,10.676,1,0
612.3,0.363,-0.556,0,0,0,-0.2588,0.9659,0,0.1,0,1,9.237,1,0
29.29,0.085,-1.096,0,0,0,0.866,-0.5,0,0.5,11,13,1.822,0,1
117.75,0.295,-1.732,0,0,0,-0.866,-0.5,0,0.0,0,0,11.753,0,0
1069.28,0.303,-0.931,0,0,0,-0.2588,-0.9659,1,0.25,0,0,12.187,1,0
15.65,0.004,-0.76,0,0,1,0.9659,0.2588,2,0.6,15,16,3.834,0,1
311.92,0.219,-0.637,0,0,0,0.866,-0.5,0,0.111,0,0,12.165,0,0
3111.59,8.627,0.0,1,0,0,-0.7071,0.7071,0,0.0,0,0,11.579,2,0
3126.73,0.385,-0.569,0,0,0,-0.9659,0.2588,0,0.0,0,3,10.517,0,0
2451.31,1.811,2.068,0,0,0,-0.9659,0.2588,0,0.0,0,0,12.475,0,0
484.01,0.52,-0.458,0,0,0,-0.7071,0.7071,1,0.1,0,1,10.925,1,0
990.29,1.043,0.114,0,0,0,-0.7071,0.7071,0,0.0,0,0,13.537,1,0
2221.76,0.498,-0.485,0,0,0,-0.7071,0.7071,0,0.1,0,1,9.998,0,0
1237.07,0.453,-0.595,0,0,0,0.2588,-0.9659,1,0.2,0,0,12.219,2,0
286.6,0.329,-0.582,0,0,0,-0.866,0.5,0,0.1,1,1,6.149,0,0
33123.02,5.556,4.104,0,0,0,-0.5,0.866,0,0.0,1,3,8.061,1,0
1368.14,0.588,-1.002,0,0,0,0.0,-1.0,1,0.333,0,0,12.507,1,0
1734.79,1.0,0.0,0,0,0,-0.866,-0.5,0,0.0,0,0,14.768,1,0
1011.33,0.756,-0.309,0,0,0,-0.2588,0.9659,0,0.2,0,1,10.551,1,0
527.09,0.759,0.0,1,1,0,-0.2588,-0.9659,0,0.0,0,0,12.756,0,0
1777.06,1.587,2.295,0,0,0,-0.866,0.5,0,0.0,0,2,10.373,1,0
42.76,0.088,-0.705,0,0,1,0.9659,0.2588,0,0.1,4,6,0.347,0,1
7335.02,3.762,6.819,0,0,0,-0.5,0.866,0,0.0,0,0,11.734,0,0
2741.77,0.951,-0.076,0,0,0,-0.866,0.5,0,0.25,0,1,9.064,0,0
243.24,0.531,-0.843,0,0,0,0.7071,-0.7071,0,0.0,0,1,11.152,0,0
704.51,0.923,-0.163,0,0,0,-0.9659,0.2588,1,0.1,0,0,12.624,0,0
1226.94,0.299,-0.622,0,0,0,-0.2588,0.9659,0,0.2,0,1,10.256,0,0
916.3,0.409,-0.453,0,0,0,-0.2588,0.9659,0,0.143,0,0,11.498,0,0
1393.78,1.004,0.007,0,0,0,-0.5,-0.866,0,0.0,0,1,10.681,0,1
4323.58,0.795,-0.263,0,0,0,-1.0,-0.0,1,0.3,0,0,13.212,0,0
426.86,0.419,-0.481,0,0,0,0.0,-1.0,0,0.2,0,0,12.02,0,0
1.88,0.001,-0.746,0,0,1,0.7071,0.7071,0,0.6,13,13,2.161,0,1
2.52,0.0,-0.573,0,0,0,-0.2588,0.9659,1,0.3,13,13,2.243,0,1
2048.52,0.959,-0.046,0,0,0,-0.9659,-0.2588,0,0.2,0,1,11.355,0,0
1143.34,0.781,-0.211,0,0,0,-0.7071,0.7071,0,0.1,0,0,11.601,1,0
4274.6,1.217,0.197,0,0,0,-1.0,-0.0,0,0.1,0,0,12.485,0,0
5649.46,1.05,0.046,0,0,0,-1.0,-0.0,0,0.0,0,0,13.008,0,0
755.39,0.361,-0.73,0,0,0,-0.2588,0.9659,1,0.1,0,1,10.252,0,0
1783.75,1.173,0.173,0,0,0,0.7071,-0.7071,0,0.2,0,1,10.9,0,0
6948.37,6.847,15.0,0,0,0,0.7071,-0.7071,0,0.0,0,0,12.182,1,0
1190.91,1.094,0.177,0,0,0,0.5,-0.866,0,0.0,0,1,10.998,0,0
2409.27,0.665,-0.281,0,0,0,-0.5,0.866,0,0.1,0,0,11.572,0,0
1574.55,0.747,-0.635,0,0,0,-0.866,0.5,0,0.0,0,0,11.383,0,0
1713.41,0.751,-0.222,0,0,0,0.2588,-0.9659,0,0.0,0,2,10.902,0,0
1463.78,0.22,-0.668,0,0,0,-0.2588,0.9659,0,0.0,1,3,6.465,0,0
281.36,0.336,-0.476,0,0,0,-0.7071,0.7071,0,0.0,0,1,11.079,0,0
3317.39,1.156,0.288,0,0,0,-0.5,0.866,0,0.2,0,1,11.133,2,0
296.35,0.232,-0.615,0,0,0,0.2588,-0.9659,0,0.1,0,0,11.414,0,0
2110.18,0.364,-0.485,0,0,0,-0.7071,0.7071,0,0.0,0,1,9.426,0,0
443.38,0.446,-1.995,0,0,0,-0.7071,0.7071,0,0.1,1,1,6.925,1,0
4320.84,0.832,-0.238,0,0,0,0.0,-1.0,0,0.125,0,0,11.5,0,1
31.39,0.051,-0.793,0,0,0,-0.2588,0.9659,1,0.5,18,21,3.173,1,1
709.66,0.581,-0.566,1,0,0,-0.5,0.866,0,0.167,0,0,11.594,0,0
212.73,0.243,-0.549,0,0,0,0.2588,-0.9659,0,0.2,0,2,10.164,1,0
4805.62,2.566,1.455,0,0,0,0.0,-1.0,0,0.0,0,0,11.645,0,0
41.55,0.035,-1.135,0,0,0,0.5,-0.866,1,0.1,7,7,3.646,0,1
7704.07,4.287,3.487,1,0,0,-0.866,-0.5,0,0.0,0,0,12.32,0,0
2680.73,0.225,-0.418,0,0,0,0.2588,-0.9659,0,0.1,0,1,9.947,0,0
1806.9,0.983,-0.014,0,0,0,-0.5,-0.866,0,0.1,0,2,9.891,0,0
38.19,0.026,-0.925,0,0,0,-0.2588,-0.9659,1,0.3,21,22,3.586,0,1
12661.16,5.966,15.0,0,0,0,0.2588,-0.9659,0,0.0,0,0,12.493,0,0
2813.35,5.592,5.204,0,0,1,0.866,0.5,0,0.0,0,4,9.564,0,1
12665.85,4.757,3.02,0,0,0,-0.9659,-0.2588,1,0.1,0,2,10.223,0,0
3599.9,2.137,2.652,0,0,0,0.7071,-0.7071,0,0.1,0,1,11.344,1,0
2282.59,0.39,-0.594,0,0,0,-0.866,-0.5,0,0.0,1,4,5.198,0,0
480.41,0.68,-0.155,1,0,0,-0.2588,0.9659,0,0.1,0,0,12.121,0,0
2345.12,1.813,0.697,0,0,0,0.866,-0.5,0,0.167,0,0,12.469,0,0
493.99,0.581,-0.622,0,0,0,-1.0,-0.0,0,0.0,0,0,12.192,0,0
2350.96,2.432,0.0,1,1,0,0.7071,-0.7071,0,0.0,0,0,13.951,1,0
1397.39,0.608,0.0,0,0,0,-0.866,0.5,0,0.0,0,0,11.862,0,0
5043.33,1.505,0.472,0,0,0,0.0,-1.0,0,0.2,0,0,12.035,0,0
1080.18,0.572,-0.392,0,0,0,-1.0,-0.0,0,0.0,0,2,10.934,0,0
3822.53,0.629,-0.319,0,0,0,-0.5,-0.866,0,0.0,0,0,12.037,0,1
4023.06,0.837,0.0,0,0,0,-0.5,-0.866,0,0.0,0,0,12.198,0,0
2812.08,5.019,4.734,0,0,0,-0.5,-0.866,0,0.0,0,2,10.353,1,0
249.32,0.443,-0.264,0,0,0,-0.866,0.5,0,0.3,0,1,11.142,0,0
711.96,0.243,-0.726,0,0,0,-0.7071,-0.7071,0,0.2,0,1,10.693,1,0
10.26,0.005,-0.653,0,0,1,0.866,0.5,0,0.4,10,10,0.808,1,1
20.68,0.006,-0.861,0,1,0,-0.866,0.5,0,0.2,4,5,2.84,1,1
3919.96,0.559,-0.351,0,0,0,-0.9659,-0.2588,0,0.167,0,2,10.728,1,0
4251.17,1.236,0.235,0,0,0,-0.866,-0.5,0,0.1,0,3,10.813,0,0
226.17,0.281,-0.507,0,0,0,-0.5,0.866,0,0.0,0,0,11.637,0,0
304.04,0.571,-0.826,0,0,0,0.0,-1.0,0,0.167,0,0,12.647,0,0
434.23,0.262,-1.278,0,0,0,0.866,-0.5,0,0.0,0,1,11.091,0,0
1075.28,0.37,-0.488,0,0,0,0.2588,-0.9659,0,0.1,0,2,10.656,1,0
9.34,0.003,-0.864,0,0,0,-0.866,0.5,5,0.7,9,10,3.944,1,1
287.81,0.44,-0.499,0,0,0,0.866,-0.5,1,0.1,0,0,11.808,0,0
408.47,0.267,-0.529,0,0,0,-0.2588,0.9659,0,0.0,0,2,9.667,1,0
4237.56,1.619,0.0,0,0,0,-0.9659,0.2588,0,0.0,0,1,10.087,0,0
639.59,0.524,-0.308,0,0,0,-0.2588,0.9659,0,0.2,0,0,11.717,0,0
322.42,1.0,0.0,0,0,0,1.0,0.0,0,0.0,0,0,14.768,1,0
500.16,1.0,0.0,0,0,0,-0.866,-0.5,0,0.0,0,0,14.768,0,0
813.33,0.426,-0.491,0,0,0,-0.5,-0.866,0,0.0,0,1,10.357,1,0
2119.93,4.008,1.332,0,0,0,-0.7071,-0.7071,0,0.3,0,2,9.402,0,0
2474.02,1.586,0.0,0,0,0,0.7071,-0.7071,0,0.0,0,0,12.157,1,0
1099.36,0.369,-0.595,0,0,0,-0.866,0.5,0,0.0,0,0,11.689,0,0
3022.0,0.476,-0.363,0,0,0,-0.866,0.5,0,0.1,0,2,10.973,1,0
629.27,1.637,2.037,0,0,0,-0.2588,-0.9659,0,0.0,0,0,12.745,0,0
1616.18,1.096,0.073,0,0,0,-0.866,-0.5,0,0.1,0,2,10.149,0,0
2541.17,0.397,-0.356,0,0,0,-0.9659,-0.2588,1,0.1,0,0,11.557,1,0
4462.85,1.524,0.673,0,0,0,0.2588,-0.9659,0,0.0,0,2,9.785,0,0
1011.48,0.362,-0.549,0,0,0,0.866,-0.5,0,0.0,0,1,11.298,0,0
294.66,0.776,-0.586,0,0,0,-0.7071,-0.7071,0,0.0,0,0,12.353,1,0
6799.29,2.543,1.48,0,0,0,-0.7071,-0.7071,0,0.0,0,2,9.921,1,0
309.41,0.383,-1.552,0,0,0,-0.5,-0.866,0,0.0,0,0,13.019,0,0
1068.25,1.252,0.828,0,0,0,-0.2588,-0.9659,0,0.0,0,0,13.464,0,0
751.43,0.36,-1.597,0,0,0,-0.2588,0.9659,0,0.0,0,3,8.58,0,0
963.94,0.815,-0.204,0,0,0,0.0,-1.0,0,0.0,0,2,10.292,1,0
1614.7,0.853,-0.157,0,0,0,-1.0,-0.0,0,0.1,0,0,12.225,0,0
1856.72,0.799,-0.343,0,0,0,0.5,-0.866,0,0.0,0,0,12.316,0,0
9097.3,1.767,0.971,0,0,0,0.0,-1.0,0,0.2,3,3,6.956,2,1
10668.86,3.074,2.361,0,0,0,-0.7071,-0.7071,0,0.0,0,3,8.56,0,0
3469.71,0.853,-0.122,0,0,0,0.5,-0.866,0,0.1,0,1,9.022,1,0
11338.6,2.839,1.535,0,0,0,-0.5,0.866,0,0.1,0,0,11.581,0,0
1014.9,0.886,-0.113,0,0,0,0.5,-0.866,0,0.0,0,2,9.098,0,0
1712.64,0.992,-0.008,0,0,0,-0.2588,0.9659,0,0.1,0,1,10.097,1,0
1293.03,1.047,0.038,0,0,0,-0.866,0.5,0,0.0,0,0,11.95,0,0
1589.27,0.671,-0.309,0,0,0,-0.2588,0.9659,0,0.1,0,0,12.303,0,0
2606.09,3.887,2.412,0,0,0,0.0,-1.0,0,0.0,0,0,11.49,0,0
640.95,0.657,-0.347,0,0,0,-0.5,-0.866,0,0.1,0,2,10.875,1,0
6.36,0.01,-0.554,0,0,0,-1.0,-0.0,0,0.4,13,13,3.438,0,1
1137.17,0.213,-0.787,1,0,1,0.866,0.5,0,0.1,0,3,9.794,0,0
15061.7,4.088,2.891,1,0,1,0.9659,0.2588,0,0.0,0,3,9.285,0,1
290.38,0.867,-0.296,0,0,0,-0.5,0.866,0,0.0,0,0,11.483,0,0
453.74,0.549,-0.624,0,0,0,-1.0,-0.0,0,0.0,0,0,11.824,0,0
704.78,1.267,0.0,0,0,0,0.5,-0.866,0,0.0,0,0,11.887,1,0
1671.39,1.67,2.593,0,0,0,-0.9659,0.2588,0,0.0,0,1,11.302,0,0
1087.39,0.578,-0.418,0,0,0,0.5,-0.866,0,0.2,0,0,11.795,1,0
338.79,0.076,-0.846,0,0,0,-0.5,0.866,0,0.1,0,1,10.284,0,0
1039.52,0.403,-0.666,0,0,0,-0.9659,0.2588,0,0.2,0,0,12.101,0,0
3509.91,1.243,0.161,0,0,0,-0.2588,-0.9659,0,0.0,0,4,9.058,0,0
4961.63,4.237,15.0,0,0,0,0.5,-0.866,0,0.0,0,1,8.291,0,0
1244.13,0.675,-0.377,0,0,0,-0.866,-0.5,0,0.0,0,1,9.399,0,0
398.22,0.166,-0.661,0,0,0,-0.9659,0.2588,0,0.0,0,2,10.532,2,0
2769.71,0.267,-1.023,0,0,0,-0.5,-0.866,0,0.0,0,2,10.051,0,0
791.56,0.508,-2.093,0,0,0,0.7071,-0.7071,0,0.0,0,2,11.056,0,0
18091.43,3.083,1.768,0,1,0,-0.866,0.5,0,0.0,0,1,11.024,1,0
550.04,0.788,-0.128,0,0,0,-0.2588,-0.9659,0,0.0,0,0,11.705,3,0
1105.6,0.65,-0.293,0,0,0,-0.5,0.866,0,0.0,0,3,9.097,1,0
598.42,0.596,-0.288,0,0,0,0.9659,-0.2588,0,0.2,0,1,10.918,0,0
2347.84,2.944,15.0,0,0,0,-1.0,-0.0,0,0.0,0,0,13.97,2,0
452.44,0.302,-0.591,0,0,0,-0.9659,0.2588,0,0.0,0,2,10.612,1,0
2499.11,1.076,0.073,0,0,0,-0.866,0.5,0,0.1,0,1,11.157,0,0
1160.73,0.683,-0.3,0,0,0,-0.2588,-0.9659,0,0.0,0,1,8.876,1,0
872.64,0.509,-0.401,1,0,0,-0.9659,-0.2588,0,0.0,0,1,9.337,1,0
325792.49,14.155,6.726,1,0,0,-0.5,0.866,0,0.0,1,25,8.104,0,1
733.66,0.612,-0.321,0,0,0,-0.7071,-0.7071,0,0.0,0,1,9.531,0,0
498.46,0.355,-0.595,0,0,0,0.0,-1.0,0,0.0,0,4,8.262,0,0
1460.6,0.892,-0.077,0,0,0,-0.2588,-0.9659,0,0.1,0,0,11.506,0,0
34.04,0.016,-1.406,0,1,0,-0.2588,-0.9659,0,0.1,5,6,2.98,0,1
160.81,0.346,-0.515,0,0,0,-0.7071,-0.7071,0,0.2,0,1,8.897,1,0
2765.9,0.568,-1.438,0,0,0,-0.5,-0.866,0,0.0,0,1,11.28,1,0
44.4,0.433,-0.457,0,0,1,0.7071,0.7071,0,0.4,11,11,1.467,0,1
1270.86,0.837,-0.153,0,0,0,-0.7071,-0.7071,0,0.1,0,0,11.55,0,0
1148.29,1.002,0.002,0,0,0,-0.5,-0.866,0,0.167,0,0,11.434,0,0
2253.44,1.0,0.0,0,0,0,0.7071,-0.7071,0,0.0,0,0,14.768,3,0
690.24,0.202,-0.768,0,0,0,-0.9659,0.2588,0,0.1,0,1,10.867,1,0
4888.08,1.831,0.756,0,0,0,-0.9659,-0.2588,0,0.2,0,0,11.434,1,0
674.62,0.588,-2.161,0,1,0,-0.2588,-0.9659,0,0.0,0,1,11.353,0,0
303.68,0.384,-0.5,0,0,0,0.0,-1.0,0,0.0,0,1,9.25,0,0
2194.41,0.744,-0.855,0,0,0,-0.5,-0.866,0,0.143,0,0,11.52,0,0
574.29,0.822,-0.273,0,0,0,-0.9659,-0.2588,0,0.25,0,0,12.287,0,0
58.14,0.091,-2.773,1,1,0,-0.9659,0.2588,0,0.333,1,1,0.0,0,1
740.89,0.611,-0.562,0,0,0,0.2588,-0.9659,0,0.1,0,2,10.084,2,0
1133.63,0.281,-0.644,0,0,0,-0.2588,0.9659,0,0.0,0,2,10.826,0,0
1589.03,0.584,-0.363,0,0,0,-0.9659,0.2588,0,0.0,0,2,9.831,0,0
800.14,1.046,0.139,0,0,0,0.5,-0.866,0,0.0,0,1,9.556,0,0
655.55,1.023,0.0,0,0,0,-0.7071,-0.7071,0,0.0,0,1,11.215,0,1
2820.42,0.943,-0.108,0,0,0,-0.7071,-0.7071,0,0.0,0,0,13.559,0,0
919.71,0.882,-0.087,0,0,0,1.0,0.0,0,0.1,0,1,10.276,0,0
451.94,1.757,2.16,0,0,0,0.866,-0.5,0,0.0,0,0,12.443,0,0
2232.13,4.454,3.712,0,0,1,0.2588,0.9659,0,0.0,0,3,9.875,1,0
265.67,0.304,-0.993,1,0,0,-1.0,-0.0,0,0.0,0,1,11.154,0,0
2892.74,1.134,0.18,0,0,0,0.9659,-0.2588,0,0.1,0,1,11.275,0,0
2557.75,0.663,-0.498,0,0,0,-1.0,-0.0,0,0.0,0,1,10.346,1,0
373.36,0.38,-0.82,0,0,0,-0.866,0.5,0,0.0,0,1,10.186,1,0
1564.06,0.342,-0.508,0,0,0,0.5,-0.866,0,0.1,1,1,7.599,0,0
1421.96,3.308,0.792,0,0,0,-0.5,0.866,0,0.2,0,1,10.279,1,0
2019.68,3.007,1.764,0,0,0,0.7071,-0.7071,0,0.1,0,0,11.925,0,0
1419.27,0.625,0.0,1,1,0,0.7071,-0.7071,0,0.0,0,0,13.901,2,0
8383.71,1.0,0.0,0,0,0,-0.2588,0.9659,0,0.0,0,0,14.768,1,0
1168.53,0.416,0.0,0,0,0,-0.5,-0.866,0,0.0,0,1,10.52,0,0
529.32,1.205,0.186,0,0,0,-0.5,-0.866,0,0.3,0,0,11.431,0,0
1448.84,0.443,-0.43,0,0,0,-0.5,0.866,0,0.1,0,0,11.897,0,0
2510.75,1.946,1.577,0,0,0,-0.5,0.866,0,0.333,0,0,13.399,1,0
207.82,0.33,-0.461,0,0,0,0.9659,-0.2588,0,0.1,0,0,12.108,0,0
217.98,0.175,-0.381,0,0,0,-0.866,-0.5,0,0.0,0,1,10.53,0,0
578.43,1.108,0.268,0,0,0,-0.2588,-0.9659,0,0.2,0,0,11.778,1,0
258.21,0.327,-2.058,0,0,0,-0.2588,0.9659,0,0.0,0,1,11.313,0,0
1192.69,1.015,0.022,0,0,0,0.7071,-0.7071,0,0.1,0,1,11.188,2,0
622.65,0.403,-0.509,0,0,0,-0.2588,0.9659,0,0.0,0,1,10.688,0,0
1339.78,1.374,1.293,0,0,0,-0.7071,-0.7071,0,0.0,0,0,13.1,0,0
208.26,0.442,-0.435,0,0,0,-1.0,-0.0,0,0.0,0,0,12.598,1,0
791.15,0.508,-0.503,0,0,0,-0.7071,-0.7071,0,0.0,0,0,11.59,1,0
16081.59,6.503,4.229,0,0,0,0.7071,-0.7071,0,0.0,0,0,11.816,0,0
2534.97,0.896,-0.065,0,0,0,-0.5,-0.866,0,0.3,0,1,11.309,0,0
678.37,0.638,-0.31,0,0,0,0.5,-0.866,0,0.1,0,0,11.929,0,0
8725.46,1.726,0.917,0,0,0,0.0,-1.0,0,0.143,1,4,7.919,3,1
41.1,0.008,-0.894,1,0,1,0.2588,0.9659,0,0.0,1,1,0.0,0,1
4074.1,2.178,10.575,0,0,0,1.0,0.0,0,0.0,0,0,12.92,1,1
6454.33,2.092,1.032,0,0,0,0.5,-0.866,0,0.1,0,0,11.924,0,0
974.42,1.591,7.536,0,0,0,0.9659,-0.2588,0,0.0,0,1,11.337,1,0
623.74,0.679,-0.291,0,0,0,-0.2588,0.9659,0,0.1,0,1,11.127,1,0
825.02,0.104,-0.689,0,0,0,-0.5,0.866,0,0.0,0,2,10.654,0,0
3086.3,0.901,-0.092,0,0,0,-0.866,-0.5,1,0.1,0,0,12.76,0,0
1345.35,0.654,-0.269,0,0,0,-0.866,0.5,0,0.0,0,2,9.526,0,0
1524.92,0.484,-0.402,0,0,0,-0.9659,0.2588,0,0.1,0,0,11.602,0,0
3739.96,1.069,0.053,1,0,0,-0.9659,-0.2588,0,0.0,0,1,11.028,0,0
669.45,0.826,-0.247,0,0,0,-0.7071,0.7071,1,0.1,0,2,9.942,0,0
7676.78,4.569,3.445,0,0,0,0.0,-1.0,0,0.0,0,0,11.894,0,0
403.32,0.132,-0.879,0,0,0,-0.7071,-0.7071,0,0.0,0,1,9.664,1,0
1029.9,0.601,-0.332,0,0,0,-0.866,-0.5,0,0.0,0,1,10.803,1,0
2627.37,0.973,-0.065,0,0,0,-1.0,-0.0,0,0.1,1,1,8.185,0,0
1054.96,1.312,2.546,0,0,0,0.7071,-0.7071,0,0.0,0,0,11.512,0,0
229.15,0.216,-0.628,0,0,0,0.7071,-0.7071,0,0.2,0,1,10.558,0,0
1003.93,1.14,0.116,0,0,0,0.5,-0.866,0,0.2,1,2,6.279,0,0
27.01,0.023,-1.387,0,0,1,0.9659,0.2588,0,0.3,8,8,1.372,1,1
2507.83,1.043,0.036,0,0,0,-0.7071,0.7071,0,0.0,0,4,8.613,1,0
2566.69,0.964,-0.032,0,0,0,-0.9659,0.2588,0,0.0,0,0,12.085,0,0
2607.77,0.731,-0.252,0,1,0,0.5,-0.866,0,0.0,0,0,11.737,0,0
441.26,0.402,-0.268,0,0,0,-1.0,-0.0,0,0.0,0,1,11.269,2,0
156.09,0.079,-0.72,0,0,0,0.7071,-0.7071,0,0.0,0,2,9.536,1,0
606.88,0.895,-0.099,0,0,0,0.5,-0.866,0,0.1,0,1,11.15,0,0
915.89,1.118,0.441,0,0,0,0.2588,-0.9659,0,0.0,0,0,11.964,1,0
4865.24,0.841,-0.125,0,0,0,-0.9659,0.2588,0,0.2,0,1,10.089,1,0
6806.38,1.463,0.356,0,0,0,-0.9659,0.2588,0,0.1,0,2,10.321,1,0
1614.33,0.458,-0.464,0,0,0,-0.5,-0.866,0,0.1,0,2,9.812,0,0
878.1,0.792,-0.248,0,0,0,0.7071,-0.7071,0,0.0,0,2,10.343,0,0
1377.82,0.87,-0.11,0,0,0,-0.7071,0.7071,0,0.1,0,0,11.606,0,0
1310.61,0.36,-0.568,0,0,0,-0.5,0.866,0,0.1,0,2,11.049,0,0
391.39,0.76,-0.251,0,0,0,0.5,-0.866,1,0.1,0,2,10.097,1,0
293.92,0.392,-0.771,0,0,1,0.9659,0.2588,0,0.111,0,1,11.176,1,0
1023.18,0.353,-0.729,0,0,0,-0.5,0.866,0,0.0,0,0,11.968,0,0
1199.57,0.64,-0.329,0,0,0,-0.9659,-0.2588,0,0.0,0,2,10.271,0,0
638.52,1.024,0.048,0,0,0,0.2588,-0.9659,0,0.0,0,0,12.883,0,0
1395.07,0.548,-0.333,1,0,0,-0.5,-0.866,0,0.0,1,3,6.18,1,0
7424.67,7.127,3.724,0,0,0,-0.9659,0.2588,0,0.0,0,1,10.686,1,0
2896.83,0.893,-0.085,0,0,0,0.0,-1.0,0,0.1,0,1,10.315,1,0
14692.18,1.518,0.794,0,0,0,-0.5,0.866,0,0.0,2,2,7.708,3,1
33.84,0.035,-0.596,0,0,0,-0.9659,0.2588,2,0.3,10,11,3.512,1,1
1827.67,1.148,0.115,0,0,0,-0.9659,0.2588,0,0.0,0,1,10.157,1,0
8286.88,5.033,3.323,0,0,0,-0.2588,-0.9659,1,0.1,0,0,11.581,0,0
199.99,0.454,-0.424,0,0,0,-0.9659,-0.2588,0,0.1,0,0,11.846,1,0
1710.35,1.099,0.109,0,0,0,0.9659,-0.2588,0,0.0,0,0,12.558,1,0
648.53,0.935,-0.057,0,0,0,0.0,-1.0,0,0.1,0,4,8.678,0,0
240.66,0.444,-0.894,0,0,0,0.0,-1.0,0,0.1,0,1,10.927,0,0
829.34,1.087,0.185,0,0,0,-0.9659,-0.2588,0,0.0,0,0,12.089,0,0
2593.63,0.426,-0.454,1,0,0,-0.5,0.866,0,0.0,0,0,12.329,1,0
4592.41,2.401,2.035,0,0,0,-0.2588,0.9659,1,0.1,0,1,11.331,0,0
3177.53,0.827,-0.145,0,0,0,-0.2588,-0.9659,0,0.0,0,0,11.689,0,0
2558.73,2.308,1.388,0,0,0,-0.7071,-0.7071,0,0.0,0,1,11.172,1,0
1064.55,1.021,0.031,0,0,0,0.0,-1.0,0,0.0,0,2,8.93,0,0
556.38,0.528,-0.419,0,0,0,0.9659,-0.2588,0,0.1,0,0,11.629,0,0
1388.06,1.307,0.237,0,0,0,0.7071,-0.7071,0,0.3,0,0,11.716,0,0
48.59,0.012,-0.775,0,0,1,0.2588,0.9659,1,0.2,5,5,2.353,0,1
5605.26,1.065,0.074,0,0,0,-0.866,0.5,0,0.0,0,0,12.675,1,0
219.66,0.404,-0.637,0,0,0,0.2588,-0.9659,0,0.0,0,0,11.981,1,0
372.14,1.0,0.0,0,0,0,-0.9659,-0.2588,0,0.0,0,0,14.768,1,0
3088.99,0.686,-0.248,0,0,0,0.5,-0.866,0,0.1,0,3,9.831,0,0
4118.21,0.613,-0.368,0,0,0,0.5,-0.866,0,0.0,0,0,13.002,0,0
641.99,0.72,-0.262,0,0,0,-0.2588,-0.9659,0,0.1,0,1,11.329,0,0
8396.93,2.873,1.71,0,0,0,1.0,0.0,1,0.3,1,7,7.159,0,0
3144.66,1.187,0.351,0,0,0,-0.866,-0.5,1,0.1,0,2,9.048,0,0
9411.58,2.532,1.609,0,0,0,-0.5,-0.866,0,0.0,1,1,7.356,2,1
3067.22,0.638,-0.28,0,0,0,0.9659,-0.2588,1,0.2,0,3,10.86,1,0
5293.29,2.327,1.216,0,0,0,-0.5,0.866,0,0.0,0,1,10.497,0,0
3009.69,0.907,-0.112,0,0,0,0.0,-1.0,0,0.2,0,2,9.219,0,0
775.34,0.297,-1.261,0,0,0,-0.7071,-0.7071,0,0.0,0,2,10.392,0,0
934.63,0.605,-0.325,1,0,0,-0.866,0.5,1,0.1,0,2,9.458,1,0
3500.38,3.107,0.0,0,0,0,-0.2588,-0.9659,0,0.0,0,1,11.135,0,0
357.61,1.0,0.0,0,0,0,-0.9659,-0.2588,0,0.0,0,0,14.768,1,0
3185.57,1.248,0.579,0,0,0,-0.866,0.5,0,0.0,0,0,11.427,1,0
59.83,0.235,-0.616,0,0,0,-0.7071,-0.7071,2,0.3,10,10,2.426,1,1
28309.98,5.368,3.367,0,0,0,-0.7071,-0.7071,0,0.0,0,1,10.587,1,0
3418.89,1.43,0.337,1,0,0,-0.9659,-0.2588,0,0.0,1,2,6.923,1,0
1349.34,0.856,-0.123,0,0,0,-0.866,0.5,0,0.1,0,0,11.697,0,0
395.79,0.259,-0.652,1,0,0,-0.2588,-0.9659,0,0.0,1,1,7.701,1,0
2392.43,0.928,-0.096,0,0,0,0.866,-0.5,0,0.0,0,0,11.434,0,0
655.49,0.936,-0.165,0,0,0,-0.866,-0.5,0,0.0,0,4,11.108,0,0
1547.18,0.807,-0.168,0,0,0,-0.866,0.5,0,0.0,0,1,10.546,1,0
746.1,0.668,-1.137,0,0,0,0.9659,-0.2588,0,0.0,0,3,8.493,2,0
818.22,0.758,-0.216,0,0,0,-0.7071,0.7071,0,0.0,0,3,8.948,1,0
32.63,0.098,-1.037,0,0,0,0.866,-0.5,0,0.5,12,14,2.748,0,1
1088.4,0.392,-0.505,0,0,0,-0.866,0.5,0,0.0,0,0,11.766,2,0
7838.6,0.983,-0.016,0,0,0,-0.866,0.5,0,0.0,0,3,9.938,0,0
1973.98,1.171,0.63,1,0,0,-0.866,0.5,0,0.0,0,0,12.19,1,0
571.41,0.341,-0.486,0,0,0,-0.9659,0.2588,0,0.0,0,0,11.695,1,0
3427.31,7.057,9.026,0,0,0,0.0,-1.0,0,0.0,0,1,11.137,0,0
1545.11,1.649,1.357,1,0,0,-0.5,0.866,0,0.1,0,2,9.741,1,0
1328.96,0.661,-0.221,0,0,0,-0.2588,0.9659,0,0.0,0,2,10.469,0,0
770.12,0.539,-1.047,0,0,0,0.2588,-0.9659,0,0.0,0,1,9.627,1,0
2778.99,0.527,-0.369,0,0,0,-1.0,-0.0,0,0.0,0,0,12.982,0,0
1336.64,0.955,-0.092,0,0,0,0.0,-1.0,0,0.0,0,0,12.08,1,0
455.84,0.354,-0.538,1,0,0,-0.866,0.5,0,0.3,0,1,11.03,0,0
698.37,0.778,-0.274,0,0,0,-0.7071,-0.7071,0,0.0,0,1,10.59,0,0
400.7,0.727,-0.666,0,0,0,0.7071,-0.7071,0,0.0,0,1,8.955,3,0
45.99,0.08,-0.428,0,0,0,-0.7071,-0.7071,0,0.3,27,28,4.216,0,1
913.06,1.249,0.204,0,0,0,0.2588,-0.9659,0,0.1,0,0,12.256,0,0
53.17,0.082,-0.562,0,0,0,-0.9659,0.2588,2,0.4,6,6,1.458,0,1
279.81,0.21,0.0,0,0,0,-0.7071,0.7071,1,0.5,0,0,11.824,0,0
514.71,0.848,-0.482,0,0,0,-0.9659,0.2588,0,0.0,0,0,11.945,1,0
408.57,1.067,0.054,0,0,0,0.866,-0.5,0,0.0,0,1,11.132,0,0
2113.95,3.861,0.0,0,0,0,0.866,-0.5,0,0.0,0,0,12.77,2,0
4200.41,5.774,13.651,0,0,0,-0.5,0.866,0,0.0,0,2,10.691,1,0
681.62,1.112,0.105,0,0,0,-0.9659,0.2588,0,0.0,0,1,9.367,1,0
19681.46,5.323,15.0,0,0,0,-0.2588,0.9659,0,0.25,0,1,8.494,1,0
1033.22,0.662,-0.291,0,0,0,-1.0,-0.0,0,0.0,0,1,10.077,1,0
1164.21,1.1,0.061,0,0,0,-0.2588,-0.9659,0,0.0,0,1,10.259,1,0
4231.85,0.807,-0.154,1,0,0,0.7071,-0.7071,0,0.0,0,1,10.243,1,0
2526.33,0.5,-0.433,0,0,0,-0.2588,-0.9659,0,0.0,0,0,11.76,1,0
351.61,1.0,0.0,0,0,0,0.0,-1.0,0,0.0,0,0,14.768,1,0
2157.61,0.651,-0.261,1,0,0,0.2588,-0.9659,0,0.1,0,1,10.029,2,0
811.9,1.0,0.0,0,0,0,-0.866,0.5,0,0.0,0,0,14.768,0,0
23200.27,1.0,0.0,0,0,0,-0.2588,-0.9659,0,0.0,0,0,14.768,0,0
10696.12,6.467,13.064,0,0,0,0.2588,-0.9659,0,0.2,0,0,12.611,1,0
408.37,0.831,-0.147,0,0,0,-0.7071,0.7071,0,0.0,0,0,12.333,0,0
1169.59,0.551,-0.415,1,0,0,0.0,-1.0,0,0.2,0,1,10.417,2,0
2440.85,1.412,0.0,1,0,0,0.5,-0.866,0,0.0,0,0,13.381,0,0
399.73,0.507,-0.264,0,0,0,-0.5,-0.866,0,0.1,0,1,10.447,1,0
28.75,0.048,-0.452,0,0,0,-0.7071,-0.7071,0,0.3,25,26,2.726,0,1
393.01,0.52,-0.489,0,0,1,0.5,0.866,0,0.0,0,3,9.653,0,0
777.21,0.248,-0.598,0,0,0,0.0,-1.0,0,0.0,0,0,11.713,1,0
471.79,1.243,0.636,0,0,0,0.2588,-0.9659,1,0.1,0,1,10.03,1,0
1221.37,1.079,0.084,0,0,0,-0.5,-0.866,0,0.1,0,3,10.891,1,0
833.49,0.88,-0.166,0,0,0,-0.866,-0.5,0,0.0,0,0,11.612,0,0
639.68,0.904,-0.238,0,0,0,0.7071,-0.7071,0,0.2,0,0,12.114,0,0
1158.04,0.499,-0.519,0,0,0,-0.866,0.5,0,0.1,0,0,12.162,0,0
319.15,0.43,-0.633,0,0,0,-0.2588,-0.9659,0,0.1,1,1,6.293,0,0
43.61,0.043,-0.841,0,1,1,0.9659,0.2588,2,0.2,3,4,1.646,0,1
222.16,0.609,-0.613,0,0,0,0.5,-0.866,0,0.0,0,1,9.623,0,0
840.39,1.304,0.59,0,1,0,-0.7071,0.7071,0,0.0,0,1,11.22,0,0
9577.86,1.937,0.723,0,0,0,-0.2588,-0.9659,0,0.0,0,1,10.622,3,0
3410.32,0.939,-0.056,0,0,0,-0.5,0.866,0,0.0,0,0,11.675,1,0
1394.51,0.298,-0.492,0,0,0,0.5,-0.866,0,0.0,0,1,10.976,0,0
2254.99,0.42,-0.499,0,0,0,-0.866,0.5,0,0.1,0,2,9.35,0,0
233.27,0.206,-0.646,0,0,0,0.9659,-0.2588,0,0.0,0,0,11.847,0,0
339.04,0.358,-0.519,0,0,0,0.2588,-0.9659,0,0.1,0,2,9.441,0,0
3221.5,1.227,0.195,0,0,0,-1.0,-0.0,0,0.0,0,0,12.205,0,0
353.78,1.724,0.731,1,0,0,0.866,-0.5,0,0.0,0,1,9.468,0,0
544.01,0.631,-0.411,0,0,0,-0.9659,0.2588,0,0.1,0,0,12.014,0,0
901.6,1.296,0.499,0,0,0,-1.0,-0.0,0,0.1,0,2,8.312,0,0
1593.81,0.35,-1.266,0,0,0,-0.2588,-0.9659,0,0.0,0,1,10.066,1,0
2762.38,0.888,-0.094,0,0,0,0.2588,-0.9659,0,0.1,0,3,10.986,0,0
1955.77,0.872,-0.131,0,0,0,-1.0,-0.0,0,0.1,0,0,12.893,0,0
4497.29,0.97,-0.023,0,0,0,0.7071,-0.7071,0,0.0,0,4,9.805,0,0
1499.2,0.785,0.0,1,0,0,-0.5,-0.866,0,0.0,0,0,11.906,0,0
1817.79,0.478,-0.425,0,0,0,-0.9659,-0.2588,0,0.0,0,2,10.243,0,0
4706.26,0.601,-0.363,0,0,0,-0.866,-0.5,0,0.0,0,1,9.577,0,0
40.52,0.147,-0.514,0,0,0,-0.866,0.5,0,0.1,10,10,1.521,1,1
1361.47,0.171,-0.945,0,0,0,0.0,-1.0,0,0.0,0,1,11.287,0,0
1126.67,0.871,-0.267,0,0,0,0.5,-0.866,0,0.167,0,1,9.568,2,0
2628.11,0.739,-0.315,0,0,0,0.866,-0.5,0,0.0,0,0,11.621,0,0
229.37,0.344,-0.58,0,0,0,-1.0,-0.0,0,0.0,0,2,10.878,0,0
5192.4,1.127,0.085,0,0,0,-0.866,-0.5,0,0.0,0,0,12.069,0,0
812.32,1.0,0.0,0,0,0,0.2588,-0.9659,0,0.0,0,0,14.768,1,0
9139.04,1.343,0.668,0,0,0,0.0,-1.0,0,0.222,4,7,5.324,2,1
9144.95,4.002,3.294,0,0,0,0.0,-1.0,0,0.0,0,1,9.644,0,0
1937.79,0.865,-0.131,0,0,0,0.5,-0.866,0,0.0,1,2,6.659,1,1
458.66,0.743,-0.242,0,0,0,0.7071,-0.7071,0,0.0,0,1,9.443,0,0
6414.49,2.109,1.516,0,0,1,0.5,0.866,0,0.0,1,1,7.626,3,1
1731.42,0.762,-1.177,0,0,0,-0.9659,-0.2588,0,0.0,0,1,9.328,0,0
961.39,0.485,-0.633,0,0,0,-0.866,-0.5,1,0.2,1,2,7.929,0,0
1849.76,1.597,0.0,0,0,0,0.7071,-0.7071,0,0.0,0,1,9.888,1,0
2761.57,0.67,-0.294,0,0,0,-0.866,0.5,0,0.0,0,1,9.871,0,0
240.72,0.626,0.0,0,0,0,-0.2588,0.9659,0,0.0,0,1,10.16,0,0
452.2,0.093,-0.849,0,0,0,0.7071,-0.7071,0,0.1,0,0,12.017,0,0
40806.56,17.861,9.862,1,0,0,-0.2588,0.9659,0,0.1,1,26,7.46,0,1
484.75,1.0,0.0,0,0,0,-0.9659,0.2588,0,0.0,0,0,14.768,2,0
312.89,0.742,-0.181,0,0,0,1.0,0.0,0,0.0,0,1,10.18,0,0
561.44,1.568,0.505,0,0,0,0.2588,-0.9659,0,0.0,0,2,10.17,1,0
3073.31,1.497,0.714,0,0,0,-0.2588,0.9659,0,0.0,0,2,10.664,1,0
2727.18,0.701,-0.313,0,0,0,-0.7071,-0.7071,0,0.0,0,0,12.266,0,0
912.8,0.627,-1.03,0,0,0,-0.2588,-0.9659,0,0.0,0,0,11.417,0,0
1913.64,1.718,1.581,0,0,0,-0.7071,0.7071,0,0.167,0,4,9.868,0,0
2017.09,1.053,0.042,0,0,0,-0.5,-0.866,1,0.143,0,2,9.132,1,0
788.88,1.034,0.084,0,1,0,-1.0,-0.0,0,0.0,0,3,9.836,0,0
2501.54,1.481,0.446,1,0,0,-0.2588,-0.9659,0,0.0,0,1,10.811,1,0
2927.15,0.87,-0.118,1,0,0,-0.5,0.866,0,0.0,1,3,6.809,0,0
638.26,0.724,-0.26,0,0,0,0.2588,-0.9659,0,0.1,0,1,10.42,0,0
879.28,0.294,-0.841,0,0,0,-0.9659,-0.2588,0,0.1,0,0,11.815,0,0
884.26,0.314,-1.144,0,0,0,-0.7071,0.7071,0,0.0,0,1,11.249,0,0
1295.48,0.824,0.0,1,1,0,-1.0,-0.0,0,0.0,0,0,13.62,0,0
2424.77,2.03,1.344,0,0,0,0.0,-1.0,1,0.1,0,0,12.1,1,0
734.67,0.428,-5.0,1,0,0,-1.0,-0.0,0,0.333,0,1,9.818,1,0
833.84,0.573,-0.481,0,0,0,0.7071,-0.7071,0,0.0,0,0,13.617,0,0
18.25,0.092,-0.791,0,0,0,-0.7071,0.7071,1,0.2,23,25,2.418,1,1
1398.81,1.019,0.018,0,0,0,0.5,-0.866,0,0.3,0,1,10.749,1,0
1076.95,0.163,-0.652,0,0,0,-0.9659,0.2588,0,0.1,0,1,11.323,0,0
451.81,0.996,-0.004,0,0,0,-0.2588,-0.9659,0,0.0,0,0,12.651,1,1
2143.0,1.743,0.0,1,1,0,0.0,-1.0,0,0.0,0,0,13.409,0,0
1093.62,0.413,-1.251,0,0,0,-0.7071,-0.7071,0,0.0,0,3,9.725,0,0
537.21,0.357,-2.796,1,0,0,0.866,-0.5,2,0.5,0,3,8.683,0,0
255.17,0.46,-0.326,0,0,0,-0.7071,0.7071,2,0.7,0,21,8.757,0,0
31.29,0.098,-1.002,0,0,0,0.866,-0.5,0,0.4,13,15,2.842,0,1
314.88,0.191,-0.636,0,0,0,0.7071,-0.7071,0,0.1,0,0,12.575,0,0
457.6,0.274,-0.6,0,0,0,-1.0,-0.0,0,0.0,0,0,11.507,1,0
772.3,0.335,-1.426,0,0,0,0.7071,-0.7071,0,0.0,0,1,9.489,0,0
2755.03,0.342,-0.552,0,0,0,0.9659,-0.2588,1,0.2,0,0,11.391,1,0
190.81,0.544,-0.324,0,0,0,0.2588,-0.9659,0,0.2,0,1,11.048,1,0
3009.28,0.978,-0.046,0,0,0,-0.5,0.866,0,0.1,0,0,12.879,0,0
895.29,0.495,-0.464,0,0,0,-1.0,-0.0,0,0.0,0,0,12.616,0,0
5907.76,1.4,0.55,0,0,0,-0.5,-0.866,0,0.0,0,0,11.663,1,0
2186.78,0.76,-0.181,0,0,0,-1.0,-0.0,0,0.2,0,0,12.757,0,1
693.71,0.324,0.0,0,0,0,-0.9659,-0.2588,0,0.0,0,1,9.862,0,0
14035.17,2.009,0.558,1,0,1,0.2588,0.9659,0,0.1,0,6,8.668,0,0
1924.89,0.569,-0.505,0,0,0,-1.0,-0.0,0,0.0,0,0,11.762,0,0
368.84,0.184,-0.751,0,0,0,-1.0,-0.0,0,0.0,0,0,11.836,0,0
2527.61,1.245,0.248,0,0,0,-0.2588,0.9659,0,0.1,0,2,10.696,0,0
1917.42,1.0,0.0,0,0,0,0.0,-1.0,0,0.0,0,0,14.768,0,0
1362.19,0.564,-0.417,0,0,1,0.866,0.5,0,0.2,0,1,11.212,1,1
2986.63,4.273,15.0,0,0,0,-0.2588,0.9659,0,0.0,0,0,12.376,0,0
2046.85,0.692,-0.211,0,0,0,-0.2588,0.9659,0,0.1,0,1,9.991,1,0
6496.88,1.314,0.679,0,0,0,-0.866,-0.5,0,0.143,3,5,7.577,2,1
178.05,0.239,-0.645,0,0,0,0.2588,-0.9659,0,0.0,0,0,11.471,0,0
156.17,0.301,-0.671,1,0,0,0.2588,-0.9659,0,0.0,0,2,10.566,0,0
817.22,0.366,-0.961,0,0,0,-0.9659,0.2588,0,0.0,0,0,13.247,0,0
264.48,0.285,-1.561,0,0,0,0.7071,-0.7071,0,0.0,0,1,11.25,0,0
4589.98,8.472,7.956,0,0,0,-0.9659,-0.2588,0,0.0,0,0,11.806,0,1
662.67,0.964,-0.081,0,0,0,0.5,-0.866,0,0.0,0,3,8.622,1,0
23414.65,1.0,0.0,0,0,0,-0.5,-0.866,0,0.0,0,0,14.768,0,0
1632.04,1.573,1.14,0,0,0,-0.866,-0.5,1,0.2,0,0,13.041,2,0
1052.45,0.784,-0.339,1,0,0,0.2588,-0.9659,0,0.0,0,1,11.312,0,0
406.69,0.681,-0.261,0,0,0,-0.2588,-0.9659,0,0.1,0,1,10.942,0,0
836.62,0.427,-0.695,0,0,0,-0.7071,0.7071,0,0.125,0,2,8.91,0,0
1656.87,0.646,-0.328,0,0,0,-0.2588,0.9659,0,0.2,0,3,10.117,0,0
1237.29,1.309,0.29,0,0,0,-0.866,-0.5,0,0.1,0,1,10.087,0,0
34457.14,7.912,5.85,0,0,0,0.5,-0.866,0,0.0,0,5,9.405,1,1
2892.94,1.039,0.022,0,0,0,-0.9659,-0.2588,0,0.0,0,1,11.094,1,0
291.04,1.0,0.0,0,0,0,0.2588,-0.9659,0,0.0,0,0,14.768,0,0
817.53,0.542,-0.637,0,1,0,-0.5,0.866,1,0.1,0,0,12.525,1,0
648.01,0.574,-0.366,1,0,0,-1.0,-0.0,0,0.0,0,1,11.189,0,0
46.47,0.02,-0.591,0,0,1,0.9659,0.2588,0,0.3,12,14,3.599,0,0
313.03,0.89,-0.276,0,0,0,-1.0,-0.0,0,0.167,0,1,10.198,2,0
37.05,0.201,-0.386,0,0,0,-0.866,0.5,1,0.5,28,28,3.156,1,1
1785.05,0.908,-0.168,0,0,0,0.7071,-0.7071,0,0.2,0,1,9.97,0,0
1361.03,0.692,-0.761,0,0,0,-0.9659,-0.2588,0,0.0,0,1,11.137,0,0
1888.27,0.949,-0.073,0,0,0,-1.0,-0.0,0,0.1,0,0,12.177,0,0
348.18,0.403,0.0,1,1,0,0.5,-0.866,0,0.0,0,0,12.214,0,0
2004.83,1.962,2.174,0,0,0,-0.2588,-0.9659,0,0.0,0,1,10.623,1,0
459.68,0.458,-0.496,0,0,0,-0.2588,0.9659,0,0.0,0,1,9.279,1,0
744.43,0.37,-0.558,0,0,0,0.0,-1.0,0,0.0,0,1,11.01,0,0
2108.08,1.235,0.21,0,0,0,0.9659,-0.2588,0,0.0,0,2,9.495,1,0
263.28,0.282,-0.512,0,0,0,0.2588,-0.9659,0,0.0,0,0,11.801,0,0
1234.36,0.653,-0.753,0,0,0,-0.9659,-0.2588,0,0.0,0,0,12.018,1,0
992.2,1.181,0.182,0,0,0,0.866,-0.5,0,0.1,0,0,11.863,0,0
4675.18,1.964,0.736,1,0,0,-0.7071,0.7071,0,0.0,0,1,9.128,1,0
303.95,1.087,0.225,0,0,0,-1.0,-0.0,0,0.0,0,0,13.489,0,0
273.81,0.332,-0.804,0,0,0,0.0,-1.0,0,0.0,0,0,12.445,1,0
400.55,0.313,-0.31,0,0,0,-0.5,0.866,0,0.2,0,1,10.63,0,0
2758.45,0.66,0.0,0,0,0,-1.0,-0.0,0,0.0,0,1,11.304,1,0
2.23,0.003,-0.687,0,0,1,0.9659,0.2588,1,0.2,25,26,2.953,0,1
57.74,0.051,-0.767,0,1,1,0.5,0.866,0,0.1,3,5,3.317,1,1
1338.2,0.302,-0.927,0,0,1,0.9659,0.2588,0,0.1,1,3,5.198,0,0
2123.08,0.836,-0.564,1,0,0,0.0,-1.0,0,0.0,0,0,11.821,0,0
29.99,0.008,-0.808,0,1,1,0.9659,0.2588,0,0.3,7,8,2.142,0,1
2960.62,0.684,-0.278,1,0,0,0.0,-1.0,0,0.1,0,2,9.983,0,0
8657.02,4.509,0.0,1,0,0,-0.2588,0.9659,0,0.0,0,0,12.837,2,1
1774.2,0.997,-0.003,0,0,0,0.2588,-0.9659,1,0.1,0,0,12.413,1,0
242.34,0.666,-0.451,1,0,0,-0.5,-0.866,0,0.1,0,0,11.404,0,0
809.57,0.478,-1.163,0,0,0,-0.7071,-0.7071,0,0.0,0,3,10.204,0,0
38.83,0.013,-0.706,0,0,0,-0.9659,0.2588,2,0.5,19,19,3.239,0,1
730.37,0.955,-0.094,0,0,0,-1.0,-0.0,0,0.0,0,0,12.95,0,0
1637.72,0.572,-0.395,0,0,0,-0.866,-0.5,0,0.0,0,1,9.013,0,0
7494.91,3.063,12.532,0,0,0,-0.9659,0.2588,0,0.0,0,0,13.286,0,0
1450.87,1.889,0.796,0,0,0,-0.7071,-0.7071,0,0.1,0,0,12.059,1,0
6146.19,2.734,1.727,0,0,0,-0.9659,-0.2588,0,0.0,0,1,11.071,0,0
3767.16,1.085,0.07,0,0,0,-0.7071,0.7071,0,0.0,0,12,9.187,1,0
221.74,0.488,-1.382,0,0,0,-0.866,-0.5,0,0.0,0,2,10.732,0,0
1377.64,0.662,-0.372,0,0,0,-1.0,-0.0,0,0.1,0,1,10.341,0,0
217.35,0.441,-0.5,0,0,0,-1.0,-0.0,1,0.1,0,0,12.321,0,0
10376.37,5.045,4.573,0,1,0,-0.866,-0.5,0,0.1,1,2,7.483,0,0
1238.47,0.169,-1.427,0,0,0,-0.866,-0.5,0,0.0,0,0,12.461,0,0
220.37,0.224,-0.648,0,0,0,0.0,-1.0,0,0.0,0,0,12.473,0,0
10.12,0.007,-2.022,0,0,0,-0.5,0.866,0,0.222,2,2,3.151,0,1
98558.86,24.668,9.707,0,0,1,0.866,0.5,0,0.0,1,28,7.915,2,1
628.05,0.879,-0.291,0,0,0,0.0,-1.0,0,0.2,0,1,11.181,0,0
4071.48,1.263,0.298,1,0,0,-0.2588,-0.9659,0,0.0,0,2,9.984,0,0
241.7,0.798,-0.232,0,0,0,-0.2588,0.9659,0,0.0,0,2,10.406,0,0
2794.99,3.538,2.128,0,0,0,-0.866,-0.5,0,0.1,0,0,11.878,0,0
3962.48,1.311,0.298,0,0,0,-0.866,0.5,0,0.1,0,1,10.941,1,0
983.67,0.458,-0.612,0,0,0,-0.866,0.5,0,0.0,0,1,10.766,0,0
5097.27,1.824,0.723,0,0,0,-0.7071,-0.7071,0,0.2,0,2,10.956,0,0
156.77,0.249,-0.678,0,0,0,-0.9659,-0.2588,0,0.0,0,2,9.624,1,0
2061.67,0.493,-0.486,0,0,0,-0.2588,0.9659,0,0.0,0,2,11.243,0,0
3334.0,0.744,-0.214,0,0,0,0.0,-1.0,0,0.0,0,0,13.021,1,0
1391.16,1.033,0.078,0,0,0,-0.866,-0.5,0,0.1,0,1,10.067,0,0
2775.81,0.753,-0.201,0,0,0,0.0,-1.0,0,0.0,0,1,11.292,1,0
116.58,0.214,-0.685,0,0,0,0.866,-0.5,0,0.1,0,0,11.837,1,0
833.95,1.35,0.417,0,0,0,0.0,-1.0,0,0.0,0,0,11.387,3,1
625.8,0.866,-0.221,0,0,0,0.9659,-0.2588,0,0.0,0,2,10.386,1,0
650.32,0.355,-0.583,0,0,0,0.5,-0.866,0,0.2,0,0,12.487,0,0
750.56,1.097,0.064,0,0,0,-0.866,0.5,0,0.1,0,2,10.643,0,0
2878.52,0.932,-0.05,0,0,0,-0.7071,-0.7071,0,0.2,0,0,12.282,0,0
257.0,0.216,-0.534,0,0,0,0.866,-0.5,0,0.1,0,1,10.501,1,0
2943.6,1.323,0.563,0,0,0,0.0,-1.0,0,0.0,0,1,11.004,0,0
434.88,1.144,0.124,0,0,0,0.866,-0.5,0,0.0,0,1,11.221,0,0
628.35,0.123,-0.383,0,0,0,-0.9659,0.2588,0,0.1,0,2,10.591,1,0
294.48,1.24,0.448,0,0,0,-1.0,-0.0,0,0.0,0,0,12.673,1,0
363.56,0.35,-0.505,0,0,0,-0.2588,-0.9659,0,0.0,0,0,12.17,0,0
12.53,0.004,-0.749,0,0,0,-0.2588,-0.9659,1,0.6,7,8,2.653,0,1
384.61,0.385,-0.715,0,0,0,0.0,-1.0,0,0.1,0,1,8.907,0,0
659.11,0.463,-0.552,0,0,0,-1.0,-0.0,0,0.2,0,1,10.188,1,0
19098.86,8.075,5.717,0,0,0,-0.2588,-0.9659,0,0.1,0,0,12.32,0,0
9183.29,6.112,15.0,1,0,0,1.0,0.0,0,0.0,0,0,13.475,2,1
27.55,0.148,-0.562,0,0,0,-0.7071,-0.7071,2,0.3,24,24,3.855,1,1
251.55,0.239,-0.552,0,0,0,0.7071,-0.7071,1,0.2,0,1,10.756,0,0
864.07,0.593,-0.83,0,0,0,0.0,-1.0,0,0.1,0,1,10.206,1,0
2051.99,1.264,0.322,0,0,0,-0.9659,-0.2588,0,0.0,0,1,10.482,1,0
731.07,0.233,-2.335,0,0,0,-0.7071,-0.7071,0,0.2,0,0,11.75,1,0
5291.01,6.422,5.168,0,0,0,-0.7071,0.7071,0,0.0,0,0,11.897,2,0
219.4,0.575,-0.502,0,0,0,-0.866,0.5,0,0.0,0,3,9.41,1,0
6501.85,0.896,-0.089,1,0,0,-0.2588,0.9659,0,0.1,0,1,9.192,0,0
2864.67,0.905,-0.107,0,0,0,-0.9659,0.2588,0,0.2,0,1,9.963,1,0
612.32,0.111,-0.768,0,0,0,-0.2588,0.9659,1,0.1,1,1,7.116,0,0
1518.09,0.492,-0.44,0,0,0,-0.2588,0.9659,0,0.0,0,1,11.252,2,0
11148.94,5.081,3.625,0,0,0,-0.5,-0.866,0,0.0,0,0,11.835,1,0
20699.61,6.866,4.469,0,0,0,-0.2588,0.9659,0,0.7,1,18,7.851,1,1
427.72,0.389,-0.484,0,0,0,0.866,-0.5,0,0.0,0,3,8.29,1,0
890.99,1.056,0.058,0,0,0,1.0,0.0,0,0.1,0,1,9.347,0,0
595.72,0.839,-0.096,0,0,0,0.5,-0.866,0,0.0,0,0,11.795,3,0
27406.93,2.415,1.35,0,0,0,-0.7071,-0.7071,0,0.0,0,2,10.402,1,0
3246.47,1.186,0.158,1,0,0,0.2588,-0.9659,1,0.1,0,1,11.185,0,0
1719.09,0.324,-0.793,0,0,0,-0.7071,0.7071,0,0.0,0,1,9.93,0,0
2189.22,0.953,-0.036,0,0,0,0.9659,-0.2588,0,0.0,0,3,10.838,1,0
1421.03,0.339,-1.153,0,0,0,0.7071,-0.7071,0,0.0,0,2,10.542,1,0
996.66,0.559,-0.377,0,0,0,-0.5,0.866,0,0.0,0,0,12.129,2,0
1239.5,0.601,-0.409,0,0,0,-0.866,-0.5,0,0.0,0,1,10.736,0,0
6334.03,1.0,0.0,0,0,0,-0.5,-0.866,0,0.0,0,0,14.768,1,0
3017.05,1.0,0.0,0,0,0,0.2588,-0.9659,0,0.0,0,0,14.768,0,0
1282.95,0.538,-0.405,0,0,0,0.5,-0.866,0,0.0,0,1,10.559,0,0
1399.46,0.401,-1.711,0,0,0,-0.2588,-0.9659,0,0.143,0,1,11.361,0,0
1535.15,0.458,-0.492,0,0,0,-0.5,0.866,0,0.0,0,0,11.49,0,0
2336.28,1.28,0.85,0,0,0,-0.9659,-0.2588,0,0.0,0,2,10.679,0,0
923.58,0.451,-0.411,0,0,0,-0.866,0.5,0,0.125,0,1,11.007,0,0
1333.32,0.624,-0.336,0,0,0,-0.866,-0.5,0,0.0,0,0,12.264,1,0
475.22,0.681,-0.274,0,0,0,-0.7071,0.7071,0,0.0,0,0,11.96,1,0
1553.74,0.396,-0.552,0,0,0,0.2588,-0.9659,0,0.0,0,2,10.284,0,0
4210.12,1.09,0.081,0,0,0,-0.7071,-0.7071,0,0.0,0,1,8.567,3,0
728.73,0.42,-0.493,0,0,0,-0.5,0.866,0,0.0,0,1,10.977,0,0
53.13,0.012,-0.974,0,1,0,0.866,-0.5,0,0.0,2,3,2.021,0,1
480.9,0.464,-0.242,0,0,0,-0.5,0.866,0,0.0,0,3,10.293,0,0
966.63,1.0,0.0,0,0,0,-1.0,-0.0,0,0.0,0,0,14.768,1,0
15429.91,5.005,3.011,0,0,0,0.5,-0.866,0,0.0,0,3,8.593,0,0
1607.84,1.539,0.448,0,0,0,-0.2588,-0.9659,0,0.1,1,1,8.143,0,0
1617.28,2.24,6.135,0,0,0,-0.5,0.866,0,0.0,0,2,10.747,0,0
526.51,0.395,-0.589,0,0,0,-0.7071,0.7071,0,0.1,0,3,10.164,1,0
3044.12,0.881,-0.331,0,0,0,-0.2588,-0.9659,0,0.0,0,1,9.295,0,0
10.78,0.003,-0.841,0,1,0,-0.9659,0.2588,1,0.1,2,2,1.727,0,1
1172.11,0.555,-0.42,0,0,0,0.7071,-0.7071,0,0.0,0,1,9.994,0,0
1532.87,0.62,-0.339,0,0,0,-0.9659,-0.2588,0,0.0,0,0,11.91,0,0
1688.49,1.194,1.13,0,0,0,-0.7071,0.7071,0,0.0,0,1,11.344,0,0
2031.27,1.875,0.905,0,0,0,-0.7071,-0.7071,0,0.0,0,1,11.314,1,0
2097.1,1.0,0.0,0,0,0,-0.9659,-0.2588,0,0.0,0,0,14.768,2,0
516.7,1.47,0.0,0,0,0,0.0,-1.0,1,0.5,0,1,11.301,1,0
1684.07,1.049,0.035,0,0,0,0.2588,-0.9659,0,0.0,0,0,11.55,1,0
1952.44,0.722,-0.247,0,0,0,-0.866,0.5,0,0.0,0,3,9.734,0,0
1411.93,0.698,-0.196,0,0,0,-1.0,-0.0,0,0.1,0,1,9.962,0,0
22.63,0.007,-0.829,0,0,0,-0.866,-0.5,0,0.2,6,7,1.407,0,1
7551.14,1.0,0.0,0,0,0,0.9659,-0.2588,0,0.0,0,0,14.768,1,0
495.28,0.95,-0.047,0,0,0,0.5,-0.866,0,0.2,0,0,12.008,0,0
457.7,1.0,0.0,0,0,0,1.0,0.0,0,0.0,0,0,14.768,1,0
13763.54,4.341,2.986,0,0,0,-0.7071,0.7071,0,0.1,0,1,10.56,2,0
50.9,0.014,-0.77,0,0,0,0.7071,-0.7071,0,0.1,5,5,0.742,0,1
13452.91,2.085,1.099,0,0,1,0.866,0.5,0,0.167,3,3,6.337,2,1
791.77,0.534,-0.587,0,0,0,-0.5,-0.866,0,0.0,0,1,11.302,1,0
1880.82,2.73,1.42,0,0,0,0.0,-1.0,1,0.1,0,24,10.242,1,0
751.78,1.083,0.06,0,0,0,-0.9659,0.2588,0,0.0,0,0,11.37,0,0
13535.8,6.461,15.0,0,0,0,-1.0,-0.0,0,0.0,0,1,11.084,1,0
2968.35,1.969,0.86,0,0,0,0.5,-0.866,0,0.0,0,0,12.034,1,0
1524.83,1.302,0.586,0,0,0,-0.9659,-0.2588,0,0.0,0,0,12.628,1,0
633.21,0.504,-0.654,0,0,0,-0.7071,-0.7071,0,0.1,1,3,6.316,0,0
1951.58,0.898,-0.15,0,0,1,0.9659,0.2588,0,0.0,0,0,11.742,0,0
3896.77,0.793,-0.378,0,0,0,1.0,0.0,0,0.0,0,0,12.033,1,0
985.34,0.515,-5.0,0,1,0,-0.2588,-0.9659,0,0.0,0,2,10.307,0,0
681.95,0.839,-0.154,0,0,0,0.7071,-0.7071,0,0.0,0,0,12.205,0,0
7621.49,4.267,5.898,0,0,0,-0.7071,0.7071,0,0.0,0,0,13.309,1,0
4042.43,0.859,-0.12,0,0,0,-0.9659,-0.2588,0,0.0,0,1,9.18,0,0
847.88,0.743,-0.465,0,0,0,-0.7071,-0.7071,0,0.0,0,3,9.568,1,0
1989.02,2.994,2.084,0,0,0,-0.2588,0.9659,0,0.1,0,0,13.362,0,0
956.63,1.747,0.812,0,0,0,-0.866,-0.5,0,0.2,0,1,10.621,0,0
2266.1,0.976,-0.023,0,0,0,-0.866,0.5,0,0.1,0,1,10.938,0,0
6558.42,1.038,0.028,0,0,0,-0.866,0.5,0,0.1,0,1,11.255,1,0
9499.03,1.796,1.158,0,0,0,0.9659,-0.2588,0,0.0,1,3,8.109,4,1
6274.38,1.224,0.429,0,0,0,-1.0,-0.0,0,0.333,3,5,7.078,2,1
958.98,1.101,1.01,0,0,0,-0.2588,0.9659,0,0.0,0,2,9.323,1,0
11527.62,4.171,2.726,0,0,0,-1.0,-0.0,0,0.0,0,0,11.643,2,0
406.94,0.24,-0.581,0,0,0,0.5,-0.866,0,0.0,0,0,11.515,0,0
1416.0,1.189,0.448,0,0,0,0.2588,-0.9659,0,0.0,0,4,10.198,1,0
1025.13,0.705,-0.223,0,0,0,-0.866,0.5,0,0.1,0,1,9.79,0,0
783.91,0.484,-0.46,0,0,0,-0.7071,-0.7071,0,0.0,0,0,11.936,1,0
5913.15,2.355,1.252,0,0,0,-0.7071,0.7071,0,0.1,0,3,9.967,0,0
13872.28,12.609,15.0,0,0,0,-0.866,-0.5,2,0.4,2,2,7.02,4,1
1127.43,2.726,5.008,0,0,0,-0.5,-0.866,0,0.0,0,0,11.53,1,0
15273.06,4.935,10.377,0,0,0,-0.2588,0.9659,0,0.0,0,0,11.879,0,1
3.17,0.002,-0.98,0,0,1,0.7071,0.7071,0,0.3,20,21,1.963,2,1
571.97,0.29,-0.7,0,0,0,-0.2588,-0.9659,0,0.2,0,1,10.028,2,0
546.27,0.316,-0.619,0,0,0,0.2588,-0.9659,0,0.0,0,1,10.461,1,0
4163.69,0.846,-0.107,0,0,0,-0.9659,-0.2588,0,0.0,0,0,12.907,0,0
47.72,0.012,-0.909,0,0,0,0.9659,-0.2588,0,0.3,6,6,0.891,1,1
2525.81,0.377,-0.502,0,0,0,-0.866,0.5,0,0.0,0,0,12.513,0,0
407.84,0.38,-0.427,0,0,0,-0.2588,-0.9659,0,0.1,0,0,12.134,0,0
1003.51,0.157,-0.669,0,0,0,-0.7071,-0.7071,0,0.1,0,2,9.708,1,1
479.33,0.242,-0.622,0,0,0,-0.5,-0.866,0,0.0,0,1,9.536,0,0
2275.89,1.277,1.149,0,0,0,-1.0,-0.0,0,0.5,0,0,13.923,1,0
30.67,0.021,-0.808,0,0,1,0.5,0.866,4,0.5,9,9,0.717,0,1
1047.92,0.84,-0.372,0,0,0,-0.2588,-0.9659,0,0.0,0,0,12.072,1,0
248.26,0.869,-0.396,0,0,0,-1.0,-0.0,0,0.0,0,1,9.941,0,0
5843.86,2.002,0.0,0,0,0,-0.866,0.5,0,0.0,0,0,12.431,1,0
7.21,0.009,-0.507,0,0,0,0.0,-1.0,0,0.1,23,25,2.086,1,1
244.05,1.0,0.0,0,0,0,-0.7071,-0.7071,0,0.0,0,0,14.768,1,0
582.73,0.232,-0.666,0,0,0,-0.7071,0.7071,1,0.1,0,0,12.784,0,0
3004.41,1.822,0.0,0,0,0,-0.2588,-0.9659,0,0.0,0,0,12.896,0,0
6567.95,8.632,6.275,0,0,0,0.5,-0.866,0,0.0,0,3,8.626,0,0
1417.75,3.028,1.265,0,0,0,-0.9659,-0.2588,5,0.8,0,30,9.436,2,0
1065.82,0.567,-0.386,0,0,0,-0.866,0.5,0,0.0,0,1,10.069,0,0
2723.26,0.721,-0.283,0,0,0,-0.2588,0.9659,0,0.0,0,0,12.005,0,0
6038.88,3.238,2.154,0,0,0,-0.7071,-0.7071,0,0.2,0,0,11.467,2,0
47.72,0.014,-0.753,0,0,1,0.9659,0.2588,5,0.7,18,19,2.407,0,1
4096.8,1.219,0.884,0,0,0,-0.7071,-0.7071,0,0.25,2,3,6.502,3,1
1447.82,1.0,0.0,0,0,0,-0.7071,0.7071,0,0.0,0,0,14.768,0,0
3082.18,1.219,0.406,1,0,0,0.2588,-0.9659,0,0.0,0,0,12.22,1,0
281.43,0.282,0.0,0,0,0,0.9659,-0.2588,0,0.0,0,0,11.492,0,1
165790.5,24.29,8.018,0,0,0,0.866,-0.5,0,0.0,0,11,9.541,0,1
1021.92,0.37,-0.611,0,0,0,-0.9659,0.2588,0,0.0,0,0,12.011,1,0
238.37,1.0,0.0,0,0,0,0.5,-0.866,0,0.0,0,0,14.768,0,0
6889.05,3.529,2.334,0,0,0,-0.866,0.5,0,0.0,0,2,9.792,1,0
1776.3,1.061,0.106,0,0,0,-0.9659,-0.2588,0,0.0,0,1,11.25,0,0
27.37,0.116,-0.674,0,0,0,-0.7071,-0.7071,2,0.5,14,14,2.711,1,1
11462.81,10.455,5.905,0,0,1,0.7071,0.7071,0,0.0,1,2,6.51,1,1
6017.81,3.189,2.054,0,0,0,0.2588,-0.9659,0,0.1,0,0,12.913,0,0
2540.15,0.493,-0.534,0,0,0,-0.9659,0.2588,0,0.0,0,0,12.353,1,0
3490.63,0.762,-0.203,0,0,0,0.9659,-0.2588,0,0.0,0,1,11.217,1,0
5533.48,1.239,0.211,0,0,0,-0.7071,0.7071,0,0.2,0,2,10.192,0,0
1044.08,0.53,-0.503,1,0,0,-0.9659,0.2588,0,0.1,0,1,11.283,2,0
3005.01,1.0,0.0,0,0,0,-1.0,-0.0,0,0.0,0,0,14.768,0,0
6089.42,4.482,15.0,0,0,0,-0.9659,0.2588,0,0.0,0,0,11.944,1,0
609.5,0.416,-0.423,0,0,0,-0.2588,0.9659,0,0.111,0,0,11.769,1,0
791.59,0.504,-0.514,1,0,0,-0.7071,-0.7071,0,0.0,0,1,11.294,1,0
779.43,1.0,0.0,0,0,0,0.2588,-0.9659,0,0.0,0,0,14.768,1,0
398.34,1.076,0.231,0,0,0,-0.7071,-0.7071,0,0.0,0,1,10.046,1,0
6714.38,1.648,0.989,0,0,0,-1.0,-0.0,1,0.333,2,2,5.984,2,1
12241.43,5.101,2.647,0,0,0,-0.866,0.5,0,0.1,1,5,7.915,0,1
1232.75,0.696,-0.278,0,0,0,-0.866,0.5,0,0.1,0,0,11.742,1,0
2562.92,1.0,0.0,0,0,0,-0.5,-0.866,0,0.0,0,0,14.768,0,0
3707.62,0.367,-0.306,1,0,0,-0.7071,-0.7071,0,0.2,0,1,9.931,0,0
1909.43,2.869,0.893,0,0,0,-0.2588,-0.9659,0,0.0,0,0,11.479,1,0
51.88,0.047,-0.735,0,0,0,-0.7071,0.7071,4,0.5,11,12,2.298,0,1
22739.36,3.727,2.658,0,0,0,0.7071,-0.7071,0,0.0,0,1,11.23,1,0
2232.08,1.361,0.279,0,0,0,-0.9659,-0.2588,0,0.0,0,2,10.286,1,0
1722.11,0.588,-0.342,0,0,0,-0.9659,0.2588,1,0.2,0,1,11.106,0,0
460.62,0.366,-0.77,0,0,0,0.2588,-0.9659,0,0.0,0,0,11.712,2,0
1339.94,0.267,-0.57,0,0,0,-0.866,-0.5,0,0.0,0,0,12.049,3,0
2233.37,0.677,-0.455,1,0,0,-0.866,-0.5,1,0.1,0,1,11.152,1,0
1830.15,0.662,-0.286,0,0,0,-0.7071,0.7071,0,0.1,0,0,11.569,1,0
7641.88,2.415,4.087,0,0,0,-0.7071,-0.7071,0,0.0,0,1,10.616,1,0
1771.39,0.341,-0.93,0,0,0,-0.5,0.866,0,0.0,0,3,9.493,0,0
607.04,0.144,-0.674,0,0,0,0.2588,-0.9659,1,0.3,0,1,8.455,0,0
1467.46,1.031,0.027,0,0,0,0.2588,-0.9659,0,0.2,0,0,13.081,0,0
936.83,0.647,-0.353,0,0,0,-0.7071,0.7071,0,0.0,0,1,10.286,1,0
675.93,0.309,-0.639,0,0,0,-1.0,-0.0,0,0.0,0,2,10.833,0,0
1808.58,0.508,-0.36,0,0,0,0.0,-1.0,0,0.1,0,2,10.753,0,0
1818.9,1.255,0.981,0,0,0,-0.9659,0.2588,0,0.0,0,0,11.908,0,0
2519.94,1.115,0.088,0,0,0,-0.2588,-0.9659,0,0.0,0,2,8.31,0,0
2565.24,0.65,-0.329,0,0,0,-0.7071,0.7071,0,0.0,0,2,11.025,0,0
46.38,0.071,-0.568,0,0,0,-0.9659,0.2588,3,0.4,7,7,1.493,0,1
51.99,0.135,-1.18,0,0,0,0.866,-0.5,1,0.2,5,7,0.908,0,1
4591.32,0.54,-0.402,0,0,0,-0.866,0.5,0,0.0,0,1,9.865,0,0
8737.77,2.26,1.245,0,0,0,0.0,-1.0,1,0.25,2,2,4.748,3,1
331.07,0.186,-0.913,0,0,0,-0.7071,0.7071,0,0.2,0,4,9.544,0,0
4143.19,1.478,1.147,0,0,0,-0.7071,-0.7071,0,0.0,1,1,4.443,3,1
847.26,0.191,-0.693,0,0,0,-1.0,-0.0,0,0.0,0,0,11.513,0,0
1537.57,1.255,0.341,0,0,0,-0.866,-0.5,0,0.1,0,1,9.799,1,0
9.18,0.006,-1.055,0,0,1,0.7071,0.7071,0,0.3,16,17,1.731,2,0
1908.32,0.636,-0.288,0,0,0,-0.866,-0.5,0,0.0,0,0,11.456,1,0
353.99,0.346,-0.871,0,0,0,-0.866,0.5,0,0.0,0,0,11.826,1,0
3931.31,1.549,0.343,0,0,0,-0.2588,-0.9659,0,0.2,0,31,10.193,0,0
166.58,0.381,-0.879,0,0,0,-0.5,-0.866,0,0.0,0,2,10.903,0,0
1267.3,0.614,-0.334,0,0,0,-0.2588,-0.9659,0,0.0,0,2,10.114,1,0
2847.71,1.162,0.14,0,0,0,-0.2588,-0.9659,0,0.0,0,0,11.963,0,0
188.83,0.539,-1.595,0,0,0,-0.7071,-0.7071,0,0.0,0,2,10.801,0,0
5968.05,0.612,-0.329,1,0,0,-0.9659,-0.2588,0,0.1,0,1,10.644,0,0
2247.91,0.346,-0.663,0,0,0,0.2588,-0.9659,0,0.0,0,1,10.13,1,0
1046.46,0.483,-0.473,0,0,0,-0.866,-0.5,0,0.0,0,1,10.845,1,0
4395.67,2.093,0.95,0,0,0,0.9659,-0.2588,0,0.0,0,2,11.092,0,0
1000.49,1.034,0.074,0,0,0,-0.5,0.866,0,0.0,0,1,11.338,1,0
577.11,0.401,-0.5,0,0,0,-0.7071,-0.7071,0,0.0,0,0,12.414,1,0
1606.37,0.494,-0.476,0,0,0,-1.0,-0.0,0,0.0,0,1,10.05,0,1
207.08,0.45,-1.562,0,0,0,-0.5,0.866,0,0.0,0,0,11.623,0,1
453.89,0.255,-0.707,0,0,0,0.0,-1.0,0,0.143,0,0,12.047,0,0
49.11,0.021,-0.626,0,0,0,-0.2588,-0.9659,0,0.4,12,13,2.112,0,1
1991.62,1.639,0.918,0,0,0,-0.5,-0.866,0,0.0,0,1,10.673,1,0
1230.78,0.586,-0.288,0,0,0,0.2588,-0.9659,0,0.0,0,1,11.255,0,0
2679.2,0.618,-0.315,0,0,0,0.5,-0.866,0,0.0,0,0,12.264,1,0
2084.88,1.285,0.28,0,0,0,0.866,-0.5,0,0.0,0,2,10.389,1,0
999.82,1.097,0.098,0,0,0,-0.2588,-0.9659,0,0.2,0,0,11.487,0,0
2552.3,0.696,-0.344,0,0,0,-0.866,0.5,0,0.0,0,0,11.409,0,0
629.83,0.465,-1.611,0,0,0,0.5,-0.866,0,0.0,0,0,13.906,1,0
559.23,0.595,-0.318,0,0,0,-0.5,-0.866,0,0.0,0,1,10.907,0,0
1309.46,1.28,0.573,0,0,0,-0.5,-0.866,0,0.1,0,2,10.76,0,0
2082.69,0.365,-0.463,0,0,0,-0.9659,-0.2588,0,0.0,0,0,11.61,0,0
724.39,0.114,0.0,0,0,0,0.9659,-0.2588,0,0.0,0,1,10.396,0,0
952.35,4.204,2.253,0,0,0,0.0,-1.0,0,0.0,0,2,10.707,1,0
457.46,0.599,0.0,1,1,0,-0.866,0.5,0,0.0,0,0,13.333,1,0
511.37,1.47,0.333,0,0,0,-0.866,-0.5,0,0.2,0,2,9.467,1,0
1396.24,0.267,-0.502,0,0,0,-0.2588,0.9659,0,0.1,0,0,11.877,0,0
30518.57,5.1,4.037,0,0,0,-0.2588,0.9659,0,0.1,0,1,11.014,0,0
28.36,0.043,-0.757,0,0,0,0.2588,-0.9659,0,0.3,11,15,3.513,1,1
263.7,0.309,-0.624,0,0,0,-0.866,-0.5,0,0.2,0,0,11.937,0,0
294.39,0.736,0.0,1,0,0,-0.866,-0.5,0,0.0,0,1,10.667,0,0
3102.99,0.221,-0.654,0,0,0,-0.2588,0.9659,0,0.0,0,0,11.58,0,0
1015.81,1.102,0.112,0,0,0,-0.9659,0.2588,0,0.1,0,0,11.745,1,0
40.27,0.028,-0.918,0,0,0,-0.5,-0.866,0,0.0,13,13,1.806,2,1
8982.03,1.344,0.644,0,0,0,0.0,-1.0,0,0.0,3,4,7.771,2,1
7494.73,1.331,0.214,0,0,0,0.2588,-0.9659,0,0.0,1,3,8.064,0,0
4727.03,1.01,0.007,0,0,0,-0.7071,-0.7071,0,0.0,0,1,11.15,0,0
1018.17,1.112,0.156,0,0,0,-0.7071,0.7071,0,0.0,0,2,10.986,0,0
1543.03,1.0,0.0,0,0,0,-0.5,0.866,0,0.0,0,0,14.768,1,0
3039.91,0.481,-0.401,0,0,0,-1.0,-0.0,0,0.0,0,1,11.327,1,0
1093.28,0.46,-0.51,0,0,0,-0.9659,-0.2588,0,0.125,0,0,11.466,1,0
729.78,0.973,-0.027,0,0,0,0.2588,-0.9659,0,0.0,0,2,9.935,0,0
201.65,0.5,-0.371,0,0,0,-0.5,-0.866,0,0.0,0,1,10.606,1,0
652.48,1.095,0.266,0,0,0,-0.866,0.5,0,0.0,1,2,7.693,1,0
3693.69,1.295,0.979,1,0,0,0.5,-0.866,0,0.0,0,1,10.751,0,0
1553.61,0.41,-0.484,0,0,0,-0.5,0.866,0,0.0,0,0,11.504,1,0
3067.77,0.687,-0.307,0,0,0,-0.866,0.5,0,0.0,0,2,9.721,0,0
44.04,0.021,-0.399,0,0,0,-0.9659,-0.2588,0,0.4,16,16,2.315,1,1
14.18,0.017,-2.259,0,0,0,-0.866,0.5,1,0.3,2,2,2.246,0,1
715.35,1.02,0.012,0,0,0,-0.2588,-0.9659,0,0.0,1,2,5.198,3,0
633.51,0.349,-0.628,0,0,0,0.2588,-0.9659,0,0.1,0,2,9.701,2,0
1438.12,0.521,-0.45,0,0,0,0.5,-0.866,0,0.0,0,0,11.437,0,0
2024.83,0.99,0.0,1,1,0,-0.9659,-0.2588,0,0.0,0,0,13.47,1,0
237.63,0.385,-0.551,0,0,0,-0.9659,-0.2588,0,0.1,0,2,9.684,1,0
56.25,0.075,-1.718,0,0,0,-0.866,0.5,0,0.2,5,5,0.372,0,1
527.97,0.475,-0.436,0,0,0,0.2588,-0.9659,0,0.1,0,0,11.942,0,0
2.78,0.004,-0.676,0,0,1,0.9659,0.2588,0,0.3,27,28,2.389,0,1
8928.3,4.46,3.215,0,0,0,0.7071,-0.7071,0,0.0,0,2,10.945,0,0
150.42,0.525,-1.099,0,0,0,-0.9659,0.2588,0,0.0,0,1,8.212,0,0
19514.52,5.082,3.798,0,0,0,-0.5,-0.866,0,0.0,0,0,11.977,0,0
4789.65,0.691,-0.274,0,0,0,-0.7071,0.7071,0,0.0,0,3,10.747,0,0
690.56,0.819,-0.908,0,0,0,-0.2588,-0.9659,0,0.0,0,1,11.189,1,0
4207.57,7.673,2.945,0,0,1,0.2588,0.9659,0,0.4,0,29,8.604,0,1
259.5,0.167,-0.786,0,0,0,1.0,0.0,0,0.0,0,0,13.424,0,0
1262.97,0.938,-0.903,0,0,0,0.5,-0.866,1,0.25,0,1,10.989,0,0
936.5,0.261,-0.663,0,0,0,-0.9659,0.2588,0,0.0,0,0,11.556,0,0
2335.42,0.774,0.0,0,0,0,-0.2588,-0.9659,0,0.0,0,0,11.778,0,0
464.85,0.826,-1.298,0,0,0,-0.7071,0.7071,0,0.0,0,3,8.314,1,0
3008.43,1.0,0.0,0,0,0,-0.7071,-0.7071,0,0.0,0,0,14.768,0,0
1283.8,0.401,-0.53,0,0,0,-0.5,-0.866,0,0.222,0,1,9.26,0,0
2368.76,1.157,0.135,0,0,0,-0.9659,-0.2588,0,0.0,0,1,11.358,0,0
2474.55,0.528,-0.371,0,0,0,0.0,-1.0,0,0.0,0,3,11.015,3,0
5769.38,1.407,0.419,0,0,0,0.9659,-0.2588,0,0.1,0,5,10.0,1,0
59.57,0.18,-0.817,0,1,0,-0.7071,-0.7071,0,0.1,2,2,2.215,1,1
678.51,1.269,0.232,0,0,0,0.866,-0.5,0,0.0,0,1,11.062,1,0
253.39,0.87,-0.086,0,0,0,-0.2588,-0.9659,0,0.0,0,1,10.457,1,0
32289.61,9.344,12.322,0,0,0,-1.0,-0.0,0,0.125,1,1,8.14,1,0
249.13,0.643,-0.432,0,0,0,-0.866,0.5,1,0.1,0,4,9.999,0,0
384.86,0.57,-0.374,0,0,0,-0.866,-0.5,1,0.1,0,2,8.594,0,0
392.49,0.467,-0.746,0,0,0,-1.0,-0.0,0,0.1,0,0,11.637,0,0
640.97,1.067,0.067,0,0,0,-0.9659,0.2588,0,0.0,0,1,10.431,1,0
620.02,1.0,0.0,0,0,0,0.0,-1.0,0,0.0,0,0,14.768,0,0
441.83,0.231,-0.653,0,0,0,0.2588,-0.9659,0,0.1,0,1,11.297,1,0
8.11,0.009,-0.683,0,0,1,0.5,0.866,1,0.3,12,14,2.824,1,1
610.28,1.059,1.464,0,0,0,0.2588,-0.9659,0,0.0,0,0,13.104,1,0
4394.31,1.079,0.054,0,0,0,0.0,-1.0,0,0.1,0,1,10.439,0,0
657.39,0.573,-1.016,0,0,0,-0.2588,0.9659,0,0.0,0,1,10.748,0,0
10.81,0.019,-0.778,0,0,0,-0.2588,0.9659,0,0.4,20,23,1.074,1,1
2.19,0.002,-0.687,0,0,1,0.5,0.866,2,0.4,13,15,4.234,1,1
12.56,0.009,-0.878,0,0,0,-0.2588,-0.9659,2,0.4,27,28,2.595,0,1
3134.52,0.721,-0.235,0,0,0,0.7071,-0.7071,0,0.0,0,1,10.926,1,0
406006.06,20.726,8.383,0,0,1,0.0,1.0,0,0.0,0,9,8.91,1,1
3383.0,1.289,0.444,0,0,0,-0.866,-0.5,0,0.0,0,0,11.945,0,0
2200.66,0.808,-0.212,0,0,0,-1.0,-0.0,0,0.0,0,1,9.612,0,0
1260.15,0.378,-0.487,0,0,0,0.0,-1.0,0,0.1,0,0,12.596,0,0
16905.48,2.801,1.609,0,0,0,-0.2588,-0.9659,0,0.0,0,2,10.713,0,0
12.78,0.003,-0.83,0,0,1,0.9659,0.2588,1,0.2,5,6,1.046,0,1
1750.51,0.411,-0.521,0,0,0,0.2588,-0.9659,0,0.1,0,0,11.789,0,0
2272.89,0.401,-0.345,0,0,0,0.866,-0.5,0,0.3,1,6,8.116,0,0
590.24,0.345,-0.686,0,0,0,-0.7071,-0.7071,0,0.0,0,0,11.44,0,1
1823.44,0.728,-0.299,0,0,0,-0.2588,0.9659,0,0.2,0,1,10.998,0,0
259.17,0.062,-5.0,0,0,0,-0.7071,0.7071,0,0.333,0,0,12.584,0,0
1023.45,0.594,-0.363,0,0,0,0.866,-0.5,0,0.0,1,1,7.804,1,0
3672.83,1.24,0.434,0,0,0,-0.2588,0.9659,1,0.4,0,1,9.143,2,0
1436.43,1.407,1.372,0,0,0,-0.5,-0.866,0,0.0,0,1,10.339,2,0
7.52,0.05,-0.576,0,0,0,-0.9659,0.2588,0,0.2,12,12,2.41,0,1
1392.55,0.759,-0.239,0,0,0,0.7071,-0.7071,1,0.2,0,3,8.379,1,0
14980.39,1.0,0.0,0,0,0,0.866,-0.5,0,0.0,0,0,14.768,0,0
368.55,0.414,-0.459,0,0,0,0.7071,-0.7071,0,0.0,0,1,11.224,2,0
2896.09,1.058,0.107,1,0,0,-0.2588,-0.9659,0,0.1,0,1,9.713,0,0
739.14,1.092,0.088,0,0,0,-0.7071,-0.7071,0,0.1,0,0,11.754,0,0
1335.1,0.263,-0.567,0,0,0,0.2588,-0.9659,0,0.0,0,1,11.297,0,0
9533.95,5.039,15.0,1,0,1,0.5,0.866,0,0.0,0,0,11.764,2,1
1296.97,0.894,-0.152,0,0,0,-0.7071,-0.7071,0,0.1,0,1,10.662,1,0
963.56,0.265,-0.904,0,0,0,-0.2588,-0.9659,0,0.0,0,3,9.949,0,0
559.09,0.201,-0.713,0,0,0,-0.7071,-0.7071,0,0.0,0,1,11.291,0,0
604.4,1.163,0.149,0,0,0,0.2588,-0.9659,1,0.2,0,0,11.615,0,0
756.86,0.681,-0.306,0,0,0,-0.7071,0.7071,0,0.0,0,0,12.132,1,0
698.36,0.488,-0.438,0,0,0,0.866,-0.5,0,0.0,0,0,13.349,0,0
198.05,0.717,-0.563,0,0,0,-0.9659,-0.2588,0,0.0,0,1,10.947,0,0
2000.79,0.913,-0.069,0,0,0,-0.7071,0.7071,0,0.0,0,0,11.671,0,0
44.1,0.097,-0.769,0,0,0,0.0,-1.0,0,0.3,9,10,2.845,0,1
6235.96,4.907,3.214,0,0,0,-1.0,-0.0,0,0.0,0,1,11.343,0,0
5349.44,1.294,0.243,0,0,0,0.2588,-0.9659,0,0.1,0,3,10.193,1,0
594.98,0.698,-0.285,0,0,0,0.5,-0.866,0,0.1,0,3,10.425,0,0
1179.66,0.197,-0.599,1,0,0,-0.866,0.5,0,0.1,0,1,11.198,1,0
4198.75,1.423,0.369,0,0,0,-0.5,0.866,0,0.0,0,2,10.445,0,0
1495.41,0.277,-0.527,0,0,0,-0.866,-0.5,0,0.0,0,0,12.899,0,0
6365.46,1.657,0.53,0,0,0,-0.9659,0.2588,0,0.1,0,0,11.818,1,0
446.45,0.705,-0.845,0,0,0,0.7071,-0.7071,0,0.0,0,1,11.353,3,0
11060.08,1.616,0.464,0,0,0,-0.9659,-0.2588,0,0.0,0,1,10.946,0,0
368.85,0.96,-0.093,0,0,0,-0.2588,-0.9659,0,0.0,0,0,13.265,1,0
1434.75,0.235,-0.813,0,0,0,-0.9659,0.2588,0,0.1,0,0,12.172,0,0
3936.02,1.284,0.632,0,0,0,-1.0,-0.0,1,0.25,3,3,6.554,2,1
2725.95,1.316,0.143,0,0,0,0.2588,-0.9659,0,0.1,0,0,11.583,1,0
534.53,0.5,-0.637,0,0,0,-1.0,-0.0,1,0.2,0,0,12.254,0,0
1518.88,0.357,-0.544,1,0,0,0.866,-0.5,0,0.0,0,2,9.422,0,0
980.46,0.871,0.0,0,0,0,-0.5,-0.866,0,0.0,0,1,9.296,0,0
3824.38,1.926,1.301,0,0,0,0.7071,-0.7071,0,0.0,1,1,6.272,2,1
1425.19,0.54,-0.425,0,0,0,-0.7071,0.7071,0,0.0,0,2,10.984,0,0
1333.09,1.045,0.048,0,0,0,-0.866,-0.5,0,0.1,0,0,11.39,1,0
2245.96,0.606,-0.329,0,0,0,-0.2588,0.9659,0,0.1,0,1,11.19,0,0
554.56,0.889,-0.063,0,0,0,-0.2588,0.9659,0,0.0,0,2,11.155,1,0
2229.47,0.595,-1.145,1,0,0,-0.5,-0.866,0,0.2,0,1,11.205,0,0
2157.99,1.187,0.191,0,0,0,-0.2588,-0.9659,0,0.0,0,0,12.567,0,0
2360.62,0.802,-0.18,0,0,0,-0.9659,-0.2588,0,0.0,0,3,8.395,0,0
3898.13,1.099,0.448,0,0,0,-0.7071,-0.7071,0,0.2,2,4,7.031,3,1
5386.03,0.712,-0.209,0,0,0,0.7071,-0.7071,0,0.0,0,0,13.266,0,0
787.39,0.302,-0.724,0,0,0,-0.866,0.5,0,0.1,0,2,10.445,1,1
20.23,0.005,-0.78,0,0,0,-0.9659,0.2588,1,0.3,8,8,3.585,0,1
1854.33,0.642,-0.675,0,0,0,-0.866,0.5,0,0.2,0,1,11.145,2,0
1542.22,0.664,-0.505,0,0,0,-0.2588,0.9659,0,0.0,0,0,12.848,0,0
193.99,0.183,-0.633,0,0,0,0.0,-1.0,0,0.0,0,3,9.568,1,0
1625.69,0.289,-0.56,0,0,0,-0.9659,0.2588,0,0.1,0,1,10.957,1,0
1070.42,0.482,-0.325,0,0,0,0.5,-0.866,0,0.2,0,14,8.617,0,0
815.9,0.662,-0.742,0,0,0,-0.866,-0.5,0,0.0,0,0,12.751,2,0
1036.72,0.48,-0.465,0,0,0,0.5,-0.866,0,0.0,0,1,10.857,0,0
1189.38,0.592,-0.295,0,0,0,0.7071,-0.7071,0,0.3,0,2,10.694,2,0
295.29,0.499,-0.892,0,0,0,-0.2588,-0.9659,0,0.0,0,0,13.334,1,0
623.22,0.458,-0.503,0,0,0,0.7071,-0.7071,0,0.0,0,0,13.005,0,0
4193.13,1.548,0.983,0,0,0,0.7071,-0.7071,1,0.25,0,5,8.237,3,1
3122.21,3.607,2.432,0,0,0,-0.2588,-0.9659,0,0.1,0,2,10.545,1,0
2157.51,0.731,-0.343,0,0,0,0.0,-1.0,0,0.0,0,1,10.226,0,0
34.57,0.035,-0.826,0,0,1,0.9659,0.2588,0,0.5,7,8,2.707,0,1
2132.45,0.67,-0.299,0,0,0,-0.866,-0.5,0,0.1,0,2,10.782,1,0
364.3,0.521,-0.244,0,0,0,-0.866,-0.5,0,0.0,0,0,12.137,1,0
1787.61,2.072,0.0,0,0,0,-1.0,-0.0,0,0.0,0,1,10.223,1,0
1218.96,0.49,-1.072,0,0,0,-0.9659,0.2588,0,0.0,0,1,10.595,0,0
4385.68,1.224,1.156,0,0,0,-0.866,-0.5,0,0.0,0,0,12.601,0,0
1991.63,1.0,0.0,0,0,0,0.0,-1.0,0,0.0,0,0,14.768,0,0
1447.97,0.373,0.0,0,0,0,-1.0,-0.0,0,0.0,0,0,12.162,1,0
1615.44,1.508,1.002,0,0,0,-0.866,-0.5,0,0.0,0,0,12.626,2,0
688.94,1.101,0.056,0,0,0,-0.9659,-0.2588,0,0.1,0,2,10.814,1,0
1775.65,1.324,0.75,1,1,0,-1.0,-0.0,0,0.0,0,0,12.442,1,0
733.86,0.947,-0.031,0,0,0,-0.9659,-0.2588,0,0.0,1,1,6.234,1,0
13439.25,1.976,1.079,0,0,0,0.5,-0.866,0,0.0,2,2,7.745,4,1
1618.85,0.869,-0.132,0,0,0,-0.9659,-0.2588,0,0.2,0,4,9.963,0,0
681.56,0.771,-0.288,0,0,0,-0.9659,0.2588,0,0.0,1,2,7.827,0,0
6505.28,5.979,8.718,0,0,0,-0.9659,-0.2588,0,0.25,0,2,10.432,1,0
3650.06,1.018,0.016,0,0,0,0.0,-1.0,0,0.0,0,1,11.051,0,0
288.1,0.728,-0.637,0,0,0,0.5,-0.866,0,0.0,0,0,12.111,1,0
299.0,0.708,-0.367,0,0,0,-0.866,0.5,0,0.2,0,2,9.497,0,0
1552.29,0.667,-1.143,0,0,0,-0.7071,-0.7071,0,0.0,0,0,12.76,0,0
7.71,0.011,-0.661,0,0,1,0.9659,0.2588,0,0.3,28,29,2.834,0,1
393.6,0.805,-0.164,0,0,0,-0.7071,0.7071,0,0.0,0,0,12.143,1,0
893.19,1.0,0.0,0,0,0,-0.866,0.5,0,0.0,0,0,14.768,0,0
1615.3,0.705,-0.297,0,0,0,-0.2588,-0.9659,0,0.1,0,0,11.815,0,0
2166.96,0.874,-0.121,0,0,0,-0.9659,0.2588,0,0.2,0,0,11.38,0,0
586.12,0.833,-0.075,0,0,0,-0.7071,-0.7071,0,0.1,0,1,11.367,1,0
932.42,0.824,-0.183,0,0,0,0.5,-0.866,0,0.0,0,1,10.904,1,0
588.01,0.772,-0.151,1,1,0,0.866,-0.5,0,0.0,0,0,11.654,1,0
187.0,0.158,-0.927,0,0,0,0.0,-1.0,1,0.1,0,2,8.545,1,1
2501.82,2.182,2.015,0,0,0,0.866,-0.5,0,0.0,0,1,9.166,0,0
1263.47,0.413,-0.616,0,0,0,-1.0,-0.0,0,0.222,0,1,8.255,0,0
362.65,0.721,-0.256,0,0,0,-0.9659,0.2588,0,0.1,1,2,7.365,0,0
41.14,0.28,-0.736,0,0,1,0.7071,0.7071,0,0.375,6,6,3.478,0,1
813.85,1.61,1.578,0,0,0,-0.2588,0.9659,0,0.0,0,2,10.548,1,0
6662.12,1.811,0.936,0,0,0,-1.0,-0.0,0,0.333,2,2,6.897,2,1
1867.9,2.754,15.0,1,0,0,-0.5,-0.866,0,0.0,0,1,10.633,0,0
525.38,1.471,0.571,0,0,0,-0.2588,0.9659,0,0.0,0,0,11.424,1,1
1923.88,1.357,0.186,0,0,0,-0.9659,0.2588,0,0.0,0,3,9.73,0,0
375.32,0.418,-1.683,0,0,0,-0.866,0.5,0,0.0,0,1,9.91,0,0
37.75,0.009,-0.757,0,0,0,-0.9659,0.2588,0,0.2,9,9,3.099,0,1
425.85,0.607,-0.184,0,0,0,0.0,-1.0,0,0.0,0,4,8.574,1,0
3009.7,1.148,0.351,0,0,0,-0.9659,0.2588,0,0.0,0,0,11.949,1,0
536.8,1.0,0.0,0,0,0,-0.866,-0.5,0,0.0,0,0,14.768,0,0
2506.89,0.248,-1.347,0,0,0,-0.5,0.866,0,0.0,0,2,10.914,0,0
1131.27,0.382,-0.624,0,0,0,-0.866,0.5,0,0.0,0,0,11.697,1,0
31.14,0.032,-0.691,0,0,0,-0.7071,0.7071,0,0.6,14,15,2.355,0,1
2258.82,1.514,1.068,0,0,1,0.9659,0.2588,0,0.1,0,1,11.099,1,0
3801.13,0.557,-0.394,0,0,0,-0.2588,-0.9659,0,0.2,0,0,11.45,0,1
2896.97,0.528,-0.344,0,0,0,0.0,-1.0,0,0.0,0,1,10.505,1,0
1572.87,0.398,-0.627,0,0,0,0.0,-1.0,0,0.1,0,0,11.909,0,0
1037.98,0.458,-1.074,1,0,0,-1.0,-0.0,0,0.0,0,0,12.626,0,0
14200.57,12.908,15.0,0,0,0,-0.866,-0.5,3,0.5,3,3,6.984,4,1
360.75,0.088,-1.019,0,0,0,-0.866,0.5,0,0.0,0,0,11.577,0,0
2037.34,0.873,-0.103,0,0,0,0.2588,-0.9659,0,0.0,0,3,9.878,0,0
283.47,0.5,-0.429,0,0,0,0.0,-1.0,0,0.0,0,1,9.882,0,0
870.22,0.414,-0.466,1,0,0,0.2588,-0.9659,0,0.0,1,1,7.297,0,0
576.02,0.229,-0.59,0,0,0,0.0,-1.0,0,0.0,0,1,10.164,0,0
979.63,1.779,0.793,0,0,0,-0.2588,0.9659,0,0.2,0,1,10.765,0,0
4594.0,2.076,0.576,0,0,0,0.866,-0.5,0,0.1,0,2,10.942,1,0
6253.62,1.411,0.751,0,0,1,0.5,0.866,0,0.0,2,3,6.922,3,1
17561.8,11.816,15.0,0,0,0,0.9659,-0.2588,0,0.0,0,0,11.534,0,0
59.86,0.125,-0.554,0,0,0,-0.2588,-0.9659,1,0.6,24,24,3.691,1,1
425.41,0.234,-0.764,0,0,0,0.5,-0.866,0,0.2,0,0,12.796,1,0
4123.14,1.651,0.956,0,0,0,0.7071,-0.7071,0,0.0,1,1,7.057,3,1
886.39,0.265,-0.716,0,0,0,-0.2588,0.9659,0,0.0,0,1,10.294,1,0
880.73,1.255,0.124,0,0,0,-0.2588,0.9659,0,0.1,0,0,12.865,1,0
1165.58,0.757,-0.667,0,0,0,0.5,-0.866,0,0.0,1,1,6.351,0,0
1670.74,0.442,-0.413,0,0,0,0.5,-0.866,0,0.1,0,0,12.044,0,0
533.69,0.904,-0.079,0,0,0,0.2588,-0.9659,0,0.1,0,2,9.48,0,0
319.34,0.202,-0.7,0,0,0,0.2588,-0.9659,0,0.0,0,1,9.746,1,0
905.79,0.724,-0.266,0,0,0,-0.7071,0.7071,0,0.0,0,3,8.674,1,0
3209.91,0.47,-0.424,0,0,0,-0.7071,0.7071,0,0.0,0,0,12.598,0,0
1860.92,0.427,-0.446,0,0,0,0.5,-0.866,0,0.1,0,1,11.193,0,0
5368.14,3.008,1.584,0,0,0,-0.2588,0.9659,0,0.0,0,1,10.734,1,0
637.61,0.614,-0.357,0,0,1,0.9659,0.2588,0,0.0,0,1,9.038,1,0
3447.58,0.859,-0.101,0,0,0,-0.2588,0.9659,0,0.333,0,2,9.591,0,0
1425.4,0.412,-0.469,0,0,0,0.9659,-0.2588,0,0.0,0,0,12.044,0,0
923.93,0.324,-0.608,0,0,0,-1.0,-0.0,0,0.0,0,3,8.95,1,0
1861.52,0.709,-0.278,0,0,0,-0.5,0.866,0,0.1,0,0,11.527,0,0
1104.12,0.222,-0.587,0,0,0,0.5,-0.866,0,0.1,0,1,9.749,1,1
687.0,0.71,-0.301,0,0,0,-0.7071,-0.7071,0,0.0,0,0,11.818,1,0
795.14,1.065,0.194,0,0,0,-1.0,-0.0,0,0.0,0,0,11.991,0,0
13826.13,2.872,1.639,0,0,0,-0.866,-0.5,0,0.0,1,1,7.127,4,1
893.33,0.545,-1.476,0,0,0,-0.2588,-0.9659,0,0.2,0,2,9.481,1,0
14373.62,7.811,0.0,0,0,0,0.5,-0.866,1,0.5,1,1,7.711,4,1
971.79,0.246,-0.888,0,0,0,-0.9659,0.2588,0,0.1,1,2,8.077,0,0
1001.58,0.684,-0.24,0,0,0,0.2588,-0.9659,0,0.0,0,2,8.493,0,0
294.79,0.312,-0.648,0,0,0,0.5,-0.866,0,0.111,0,3,9.628,0,1
766.26,0.412,-0.627,0,0,0,-0.866,0.5,0,0.1,0,2,11.308,0,0
11498.35,3.452,2.151,0,0,0,-0.866,0.5,0,0.1,0,1,10.542,2,0
1641.1,0.765,-0.221,0,0,0,0.866,-0.5,0,0.0,0,2,8.755,0,0
17828.91,5.896,4.617,0,0,0,-1.0,-0.0,0,0.1,0,3,8.947,1,0
431.61,0.628,-0.311,0,0,0,-0.2588,-0.9659,0,0.0,0,3,10.182,0,0
270.55,0.283,-0.521,0,0,0,-0.2588,0.9659,0,0.1,0,0,12.585,2,0
626.27,1.239,0.885,0,0,0,0.0,-1.0,1,0.286,0,0,12.684,0,0
2006.37,0.915,-0.097,0,0,0,-0.2588,0.9659,0,0.0,0,1,11.192,0,0
2050.99,1.035,0.053,0,0,0,-0.7071,-0.7071,0,0.0,0,0,11.556,0,0
18.38,0.004,-1.24,0,1,0,0.9659,-0.2588,2,0.25,3,3,2.665,1,1
1131.9,0.556,-0.437,0,0,0,0.9659,-0.2588,0,0.0,0,0,12.602,0,0
605.27,0.658,-0.421,0,0,0,-0.7071,-0.7071,0,0.0,0,1,10.752,0,0
1026.63,0.655,-0.327,0,0,0,0.2588,-0.9659,0,0.0,0,0,12.233,1,0
2040.64,0.697,-0.37,0,0,0,-0.2588,0.9659,0,0.0,0,1,11.334,0,0
2486.09,0.962,-0.027,0,0,0,-0.5,-0.866,0,0.125,0,2,8.241,0,0
11480.4,1.218,0.302,0,0,0,-0.7071,0.7071,0,0.0,0,1,9.666,0,0
3591.43,3.403,0.0,0,0,0,-0.5,-0.866,0,0.5,0,1,11.337,1,0
1339.9,1.079,0.064,1,0,0,-0.2588,0.9659,0,0.0,0,0,12.847,0,0
737.36,1.074,0.146,0,0,0,-0.9659,-0.2588,0,0.0,0,0,12.621,0,0
1189.89,0.145,-0.712,0,0,0,-0.7071,-0.7071,0,0.0,0,2,10.43,1,0
1001.25,0.795,-0.139,0,0,0,0.2588,-0.9659,0,0.1,0,2,9.678,1,0
542.72,0.308,-0.535,0,0,0,-0.866,-0.5,0,0.0,0,0,12.576,0,0
13616.51,3.885,2.259,0,0,0,-0.866,0.5,0,0.0,0,1,11.265,0,0
2004.77,0.329,-0.56,0,0,0,-0.7071,0.7071,0,0.1,0,1,10.877,1,0
888.48,0.745,-0.18,0,1,0,0.2588,-0.9659,0,0.0,0,0,11.662,0,0
1729.31,0.263,-0.406,0,0,0,0.5,-0.866,0,0.1,0,5,9.987,0,0
1513.52,0.714,-0.259,0,0,0,-1.0,-0.0,0,0.1,0,2,10.523,0,0
6357.95,1.491,0.765,0,0,0,-0.866,-0.5,1,0.286,5,5,5.061,2,1
916.81,0.395,-0.623,0,0,0,-0.2588,-0.9659,0,0.1,0,5,10.08,0,0
949.15,1.096,0.0,0,1,0,0.5,-0.866,0,0.0,0,0,11.537,0,0
3844.16,0.943,-0.041,0,0,0,0.866,-0.5,0,0.1,0,2,9.541,0,0
15826.96,1.0,0.0,0,0,0,-0.2588,-0.9659,0,0.0,0,0,14.768,1,0
15.01,0.045,-1.376,0,0,0,-0.7071,0.7071,3,0.5,10,12,1.024,1,1
3298.18,1.873,0.798,0,0,0,-0.9659,-0.2588,0,0.0,0,1,11.273,0,0
319.24,1.0,0.0,0,0,0,0.7071,-0.7071,0,0.0,0,0,14.768,1,1
2509.7,1.0,0.0,0,0,0,-0.9659,-0.2588,0,0.0,0,0,14.768,0,0
2441.99,2.226,2.837,0,0,0,-0.7071,0.7071,1,0.333,0,2,10.686,0,0
164.37,0.321,-1.256,0,0,0,-0.2588,0.9659,0,0.0,0,0,12.651,1,0
2904.87,0.738,-0.207,0,1,0,-1.0,-0.0,0,0.2,0,1,10.582,0,0
535.94,1.076,0.131,0,0,0,0.5,-0.866,0,0.0,0,0,11.479,0,0
36.65,0.021,-0.668,0,1,0,-0.2588,-0.9659,1,0.3,6,6,2.37,1,1
2257.39,0.168,-1.078,0,0,0,-0.5,0.866,0,0.0,0,1,9.515,0,0
1132.26,0.73,-0.233,0,0,0,-1.0,-0.0,0,0.0,0,1,11.227,1,0
1294.09,0.574,-0.454,0,0,0,0.866,-0.5,0,0.0,0,5,10.506,0,0
824.66,0.261,-0.573,0,0,0,-0.2588,0.9659,0,0.0,0,2,11.115,0,0
817.67,0.28,-0.657,0,0,0,-0.866,0.5,0,0.2,1,6,8.1,0,0
830.14,1.26,0.544,0,0,0,-0.5,0.866,0,0.0,0,0,12.006,0,0
1629.05,0.433,-0.515,0,0,0,-0.9659,0.2588,0,0.0,0,1,10.806,0,0
39.27,0.009,-0.663,0,0,0,0.2588,-0.9659,1,0.4,10,10,3.365,1,1
481.59,0.532,-0.353,0,0,0,0.7071,-0.7071,0,0.0,0,3,10.256,1,0
5278.92,0.608,-0.326,0,0,0,-0.2588,-0.9659,1,0.25,0,0,11.655,1,0
3081.27,5.158,4.03,0,0,0,1.0,0.0,0,0.0,0,2,11.227,0,0
386.7,0.643,-0.288,1,0,0,0.7071,-0.7071,0,0.0,0,1,10.931,1,0
723.72,0.551,-0.808,0,0,0,-0.5,0.866,0,0.0,0,0,13.394,2,0
2579.31,0.623,-0.261,0,0,0,0.866,-0.5,0,0.1,1,3,7.333,1,0
3760.19,1.44,0.282,0,0,0,-0.2588,-0.9659,0,0.0,0,1,8.912,1,0
1034.92,3.381,14.457,0,0,0,-0.9659,0.2588,0,0.0,0,0,12.086,1,0
886.63,0.345,-0.94,0,0,0,-0.866,-0.5,0,0.0,0,0,12.122,0,0
1183.26,1.244,0.217,1,0,0,-0.2588,0.9659,0,0.0,1,4,7.509,2,0
15878.72,4.403,3.957,0,0,0,-0.2588,0.9659,0,0.1,0,0,11.991,0,0
722.42,0.704,-0.234,0,1,0,0.7071,-0.7071,0,0.1,0,0,11.978,0,0
1270.71,0.276,-0.577,0,0,0,-1.0,-0.0,0,0.2,0,5,9.474,0,0
7284.71,2.777,3.218,0,0,0,-0.9659,-0.2588,0,0.0,0,1,10.404,2,0
3838.5,0.703,-0.275,0,0,0,-0.2588,0.9659,0,0.1,0,2,9.806,1,0
902.9,0.773,-0.354,0,0,0,-0.5,0.866,0,0.0,0,2,10.612,0,0
1034.57,0.342,-0.581,0,0,0,0.2588,-0.9659,0,0.0,0,0,11.802,0,0
1964.44,0.783,-0.233,0,0,0,0.0,-1.0,0,0.0,0,1,10.597,0,0
511.31,0.565,-0.408,0,0,0,-0.866,-0.5,0,0.1,0,1,10.938,0,0
1710.08,1.47,1.238,0,0,0,0.2588,-0.9659,0,0.0,0,0,12.282,1,0
4408.63,0.851,-0.123,0,0,0,-0.7071,0.7071,0,0.0,0,1,8.666,0,0
727.2,0.996,-0.01,0,0,0,0.9659,-0.2588,0,0.0,0,2,8.213,0,0
2045.44,0.716,-0.241,0,0,0,0.5,-0.866,0,0.0,0,1,11.101,0,0
2339.48,1.272,0.281,0,0,0,-0.7071,0.7071,0,0.1,1,2,7.47,0,0
1300.11,0.371,-0.569,0,0,0,-1.0,-0.0,0,0.1,0,0,11.568,0,0
2265.06,1.113,15.0,1,0,0,0.5,-0.866,0,0.0,0,0,13.023,0,0
2288.37,0.881,-0.082,0,1,0,0.5,-0.866,0,0.0,0,1,9.385,1,0
2347.83,3.239,15.0,1,1,0,0.5,-0.866,0,0.0,0,0,12.873,1,0
9232.02,1.916,1.226,0,0,1,0.5,0.866,0,0.167,3,3,5.349,2,1
956.64,0.335,-0.533,0,0,0,-0.5,-0.866,0,0.2,0,2,9.508,0,0
4474.11,0.842,-0.112,0,0,0,-0.2588,-0.9659,0,0.0,0,2,11.29,0,0
24.83,0.011,-0.711,0,0,1,0.866,0.5,0,0.2,4,4,2.008,1,1
1353.69,0.316,-0.599,0,0,0,0.5,-0.866,0,0.0,0,1,11.093,0,0
1802.13,0.917,0.0,1,0,0,-0.2588,0.9659,0,0.5,1,1,7.591,0,0
226.79,0.442,-2.536,0,0,1,0.7071,0.7071,0,0.0,0,0,11.496,1,0
1191.25,1.04,0.044,0,0,0,0.0,-1.0,0,0.0,0,1,11.08,1,0
1087.42,0.919,-0.065,0,0,0,-0.2588,-0.9659,0,0.1,1,2,7.073,0,0
48.01,0.011,-0.459,0,0,0,-0.2588,0.9659,0,0.6,28,28,3.727,0,1
2708.95,1.068,0.044,0,0,0,0.0,-1.0,0,0.3,0,1,11.211,0,0
3496.24,0.532,-0.383,0,1,0,-0.9659,0.2588,0,0.0,0,1,10.027,1,0
1199.3,1.294,0.745,0,0,0,-0.866,-0.5,0,0.1,0,1,11.025,1,0
755.85,0.506,-0.195,0,0,0,-0.7071,0.7071,0,0.3,1,1,6.184,1,0
1497.6,0.632,-0.261,0,0,0,-0.866,0.5,0,0.0,0,3,9.835,0,0
149.36,0.104,-1.108,0,0,0,-0.9659,-0.2588,0,0.0,0,1,10.722,0,0
782.68,0.697,-1.638,0,0,0,-0.866,0.5,0,0.0,0,1,10.463,0,0
3166.67,0.316,-0.547,0,0,0,-0.7071,0.7071,0,0.1,0,1,11.189,0,0
1248.63,0.591,-0.362,1,0,0,0.9659,-0.2588,0,0.2,0,1,10.243,1,0
2150.82,0.534,-0.492,0,0,0,-0.866,0.5,0,0.2,0,0,11.642,0,0
2833.39,0.99,-0.008,0,0,0,-0.2588,-0.9659,0,0.0,0,1,10.695,0,0
368.24,0.599,-0.387,0,0,0,0.7071,-0.7071,0,0.0,0,0,12.345,0,0
1495.83,0.236,-0.578,0,0,0,-0.9659,0.2588,0,0.0,0,2,8.924,0,0
1095.93,1.475,0.325,0,0,0,-1.0,-0.0,0,0.2,0,1,10.714,1,0
583.84,0.309,-0.648,0,0,0,-0.9659,0.2588,0,0.1,0,1,11.283,1,0
1359.28,0.637,-0.208,0,0,0,-0.7071,0.7071,0,0.0,0,1,10.141,0,0
582.18,1.263,0.0,0,0,0,-1.0,-0.0,0,0.0,0,0,13.711,0,0
18039.42,8.945,15.0,0,0,0,-0.9659,-0.2588,2,0.2,0,0,12.215,0,0
688.4,0.575,-0.457,0,0,0,-0.5,-0.866,0,0.0,0,0,12.329,1,0
1164.29,0.375,-0.775,0,0,0,-0.2588,0.9659,0,0.167,0,0,12.063,1,0
3665.53,1.188,0.628,0,0,0,0.2588,-0.9659,0,0.0,0,0,11.568,0,0
341.0,0.292,-0.724,0,0,0,0.0,-1.0,0,0.0,0,0,11.432,1,0
1103.78,0.833,-0.323,0,0,0,-0.9659,0.2588,0,0.111,0,1,10.8,2,0
10109.89,20.545,15.0,1,1,0,-0.866,-0.5,0,0.1,0,2,10.516,0,1
1532.75,0.663,-0.225,0,0,0,0.866,-0.5,0,0.0,0,2,10.937,1,0
18.65,0.013,-0.763,0,0,1,0.7071,0.7071,2,0.6,11,11,2.801,0,1
508.12,0.209,-0.539,0,0,0,-0.5,-0.866,0,0.1,0,1,11.095,0,0
47.29,0.031,-0.81,0,0,1,0.7071,0.7071,0,0.2,4,4,1.714,0,1
6045.7,1.025,0.021,0,0,0,-1.0,-0.0,0,0.0,0,1,10.869,0,0
841.22,1.232,0.573,0,0,0,0.0,-1.0,0,0.0,1,4,6.783,1,0
610.85,1.0,0.0,0,0,0,-0.7071,-0.7071,0,0.0,0,0,14.768,0,0
1575.55,1.201,0.684,0,1,0,-0.5,-0.866,0,0.2,0,2,10.198,1,0
709.45,0.239,-0.819,0,0,0,-0.9659,0.2588,0,0.167,0,0,11.971,1,0
737.14,0.935,-0.149,0,0,0,0.2588,-0.9659,0,0.2,0,1,10.344,0,1
377.48,1.148,0.38,0,0,0,-0.9659,0.2588,0,0.0,0,0,11.547,1,0
13746.53,5.257,7.693,0,0,0,-0.5,-0.866,0,0.1,0,0,12.647,0,0
469.91,0.718,-0.274,0,0,0,-0.2588,-0.9659,0,0.0,0,1,10.845,1,0
2864.66,1.249,0.236,0,0,0,-0.5,0.866,0,0.0,0,1,10.366,0,0
379.85,1.0,0.0,0,0,0,-0.7071,0.7071,0,0.0,0,0,14.768,0,0
39.74,0.026,-0.85,0,1,1,0.5,0.866,0,0.1,4,4,1.843,0,1
2012.89,2.43,0.0,0,0,0,-0.9659,0.2588,0,0.0,0,0,11.549,0,0
1898.2,0.994,-0.005,0,0,0,0.5,-0.866,0,0.0,0,0,12.389,1,0
2854.63,0.897,-0.091,0,0,0,-0.7071,-0.7071,0,0.1,0,1,11.229,2,0
5717.15,1.156,0.142,0,0,0,0.0,-1.0,0,0.1,0,1,8.963,0,0
1130.72,0.499,0.0,0,0,0,-0.866,0.5,0,0.0,0,1,10.434,2,0
1973.55,1.158,0.189,0,0,0,-0.2588,-0.9659,0,0.0,0,0,11.691,0,0
816.57,0.748,-0.177,0,0,0,0.5,-0.866,0,0.0,0,2,8.267,1,0
751.41,0.491,-0.48,0,0,0,0.0,-1.0,1,0.2,1,2,7.868,0,0
2295.74,0.646,-0.43,0,0,0,0.2588,-0.9659,1,0.2,0,1,9.199,0,0
2519.58,0.365,-0.499,0,0,0,-0.9659,-0.2588,0,0.0,0,2,10.391,1,0
3535.98,2.982,0.0,0,0,0,-0.5,-0.866,0,0.0,0,0,13.463,0,0
443.58,0.324,-2.427,0,0,0,-1.0,-0.0,0,0.333,0,0,12.328,1,0
1721.22,0.415,-0.475,0,0,0,-0.2588,0.9659,0,0.1,0,0,12.949,1,1
3982.95,1.542,1.009,0,0,0,0.7071,-0.7071,0,0.0,2,2,6.831,2,1
2876.55,0.577,-0.347,0,1,0,-0.5,-0.866,0,0.0,0,3,10.02,0,0
8630.96,4.608,2.618,0,0,0,-0.7071,0.7071,0,0.8,0,16,9.376,1,0
1515.63,0.613,-0.262,0,0,0,-0.9659,0.2588,0,0.0,0,0,11.775,1,0
872.98,1.568,1.376,0,0,0,0.0,-1.0,0,0.125,0,1,10.547,0,0
511.82,0.279,-0.61,0,0,0,-0.7071,0.7071,0,0.0,0,1,10.835,0,0
1265.8,0.724,-0.319,0,0,0,-0.7071,0.7071,0,0.0,0,0,11.492,1,0
558.53,0.232,-0.626,0,0,0,-0.9659,0.2588,0,0.0,0,1,10.795,1,0
1736.01,0.463,-0.432,0,0,0,-0.866,0.5,0,0.0,0,4,8.376,0,0
1746.64,0.599,-0.37,0,0,0,-0.2588,0.9659,0,0.0,0,0,11.537,0,0
4955.36,1.093,0.154,0,0,0,-0.5,-0.866,0,0.125,0,1,10.434,0,0
26.66,0.011,-0.663,0,0,0,-0.866,-0.5,0,0.2,17,18,2.629,0,1
1040.06,0.559,-0.783,0,0,0,-0.2588,-0.9659,0,0.0,0,0,11.446,0,1
3737.15,0.513,-0.434,0,0,0,-0.2588,0.9659,0,0.1,0,1,11.126,0,0
2334.42,2.51,1.225,0,0,0,-0.2588,-0.9659,0,0.0,0,1,11.066,0,0
424.73,0.44,-0.489,0,0,0,-0.9659,0.2588,0,0.0,0,2,10.668,0,0
1417.93,0.315,-0.814,1,0,0,-0.866,-0.5,0,0.0,0,3,10.895,0,0
9537.52,2.091,1.458,0,0,0,0.0,-1.0,0,0.0,1,2,7.787,3,1
1475.07,1.915,0.8,0,0,0,-0.2588,0.9659,0,0.1,0,0,11.834,0,0
3001.9,0.427,-0.507,0,0,0,-1.0,-0.0,0,0.0,1,1,8.15,0,0
18240.92,6.429,4.307,1,0,0,1.0,0.0,0,0.1,0,7,8.942,0,1
8104.41,0.902,-0.081,0,0,0,-1.0,-0.0,1,0.1,0,1,10.112,0,0
272.32,0.366,-0.479,0,0,0,-0.5,0.866,0,0.0,0,2,8.198,0,0
50.86,0.027,-0.705,0,0,1,0.0,1.0,0,0.0,4,4,2.804,1,1
1693.03,0.833,-0.106,0,0,0,-0.2588,0.9659,0,0.2,1,2,7.828,0,0
788.44,0.233,-2.899,0,0,0,-0.2588,0.9659,0,0.0,0,0,11.924,0,0
1563.5,1.622,1.537,0,0,0,-0.866,-0.5,1,0.1,0,1,11.366,1,0
3228.09,0.911,-0.11,0,0,0,-0.7071,0.7071,0,0.0,0,0,12.296,0,0
2088.89,0.933,-0.063,0,0,0,0.5,-0.866,0,0.0,0,0,11.974,1,0
198.99,0.609,-5.0,0,0,0,-0.5,-0.866,0,0.0,0,0,12.376,0,0
480.28,1.0,0.0,0,0,0,-0.9659,-0.2588,0,0.0,0,0,14.768,1,0
1612.79,0.555,-0.322,0,0,0,-0.5,-0.866,0,0.0,0,0,12.671,0,1
525.45,0.659,-1.279,0,0,0,0.7071,-0.7071,0,0.167,0,0,11.864,0,0
599.32,0.675,-0.233,0,0,0,-0.9659,-0.2588,0,0.0,0,1,11.154,0,0
2006.67,1.092,0.089,0,0,0,-0.5,0.866,0,0.0,0,1,10.113,0,0
1543.92,0.419,-0.445,0,0,0,0.2588,-0.9659,1,0.1,0,1,10.993,0,0
2168.78,0.824,-0.12,0,0,0,0.0,-1.0,0,0.0,0,1,9.022,1,0
771.52,1.627,0.0,0,0,0,-0.7071,-0.7071,0,0.0,0,0,11.61,0,0
1480.53,0.548,-0.405,0,0,0,0.2588,-0.9659,0,0.0,0,1,8.407,0,0
2503.05,0.891,-0.121,0,0,0,-0.866,0.5,0,0.0,0,2,10.775,0,0
9356.93,2.29,1.627,0,0,0,-0.2588,-0.9659,0,0.0,1,1,7.814,4,1
419.61,0.291,-0.595,0,0,0,0.2588,-0.9659,0,0.0,0,1,10.042,0,0
10715.27,7.84,15.0,0,0,0,0.9659,-0.2588,0,0.0,0,0,11.732,1,0
16970.7,5.353,4.127,0,0,0,-0.866,0.5,0,0.0,0,1,11.342,1,0
1745.04,0.483,-0.465,0,0,0,-0.2588,0.9659,0,0.3,0,2,9.907,0,0
2668.21,0.483,-0.356,1,0,0,-1.0,-0.0,0,0.1,0,0,12.485,0,0
444.27,0.875,-0.236,0,0,0,0.5,-0.866,0,0.0,0,2,8.964,0,0
492.99,1.003,0.003,0,0,0,0.5,-0.866,0,0.1,0,2,10.755,1,0
4749.73,4.201,3.634,0,0,0,0.2588,-0.9659,0,0.1,0,0,11.639,1,0
1166.74,0.588,-0.506,0,0,0,-0.866,0.5,2,0.3,0,0,12.146,0,0
1591.52,1.202,0.0,1,1,0,-1.0,-0.0,0,0.0,0,0,12.94,1,0
591.48,0.733,-0.383,0,0,0,-0.7071,0.7071,0,0.1,0,0,12.026,0,0
14249.17,2.37,1.165,0,0,1,0.9659,0.2588,0,0.1,0,2,9.228,1,0
1953.95,0.328,-0.511,0,0,0,-1.0,-0.0,0,0.1,0,1,9.419,0,0
377.82,0.565,-1.161,0,0,0,0.7071,-0.7071,0,0.1,0,4,10.095,0,0
465.1,0.92,-0.294,1,0,0,0.7071,-0.7071,0,0.167,1,1,7.093,0,1
1064.34,0.415,-0.635,0,0,1,0.866,0.5,0,0.167,1,1,7.726,1,0
4280.53,1.171,0.187,0,0,0,0.866,-0.5,0,0.1,0,0,12.896,0,0
2788.18,0.606,-0.307,0,0,0,-0.866,0.5,0,0.0,0,3,10.228,0,0
2124.86,0.474,-0.404,0,0,0,-0.7071,-0.7071,0,0.0,0,1,10.093,1,0
1364.35,0.372,-0.558,0,0,0,-0.866,-0.5,0,0.0,0,0,11.825,0,0
1447.79,0.402,-0.66,0,1,0,-0.2588,0.9659,0,0.0,0,0,11.925,0,0
1111.03,0.812,-0.396,0,0,0,-0.2588,-0.9659,0,0.3,0,0,12.074,1,0
1634.37,0.932,-0.067,0,0,0,-1.0,-0.0,0,0.0,0,2,10.76,0,0
6697.9,2.913,1.785,0,0,0,-0.2588,0.9659,0,0.0,0,3,9.244,0,0
2789.81,1.0,0.0,0,0,0,-0.9659,-0.2588,0,0.0,0,0,14.768,0,0
1446.28,0.541,-0.438,0,0,0,-0.9659,0.2588,0,0.0,0,3,8.619,0,0
2949.03,1.992,0.842,0,0,0,-0.866,0.5,0,0.0,0,0,12.16,1,0
128.84,0.31,-0.722,0,0,0,0.2588,-0.9659,0,0.1,0,2,10.46,1,0
1102.54,0.312,-0.79,0,0,0,-1.0,-0.0,0,0.143,0,3,10.246,1,0
2655.58,0.622,-0.319,1,0,0,-0.2588,0.9659,1,0.1,0,0,11.676,1,0
1629.95,0.588,-0.305,0,0,0,0.5,-0.866,0,0.0,0,1,10.867,0,0
1916.76,2.845,4.913,0,0,0,-0.866,-0.5,0,0.333,0,1,10.635,1,0
357.51,0.8,0.0,0,0,0,0.866,-0.5,0,0.0,0,1,9.983,0,0
1534.9,1.039,0.058,0,0,0,-0.2588,-0.9659,1,0.25,0,1,10.381,0,0
4435.79,0.899,-0.076,0,0,0,0.5,-0.866,0,0.0,0,1,11.345,0,0
300.71,0.777,-0.18,0,0,0,-0.7071,-0.7071,0,0.0,0,0,12.374,0,0
1354.99,1.156,0.264,0,0,0,0.7071,-0.7071,0,0.1,0,2,10.496,1,0
331.64,0.37,-0.451,0,0,0,0.5,-0.866,0,0.0,0,0,12.448,0,0
780.2,0.455,-0.476,0,0,0,-0.866,-0.5,0,0.0,0,1,10.27,1,0
606.4,0.623,-0.363,0,0,0,-0.866,-0.5,1,0.2,0,4,8.193,0,0
467.26,0.289,-2.867,1,0,0,0.5,-0.866,0,0.25,0,0,11.697,1,0
427.9,0.738,-0.212,0,0,0,0.5,-0.866,0,0.2,0,0,12.234,0,0
59.25,0.067,-1.758,1,1,0,0.9659,-0.2588,0,0.167,1,3,0.0,0,1
614.69,0.796,-0.18,0,0,0,-0.7071,-0.7071,0,0.0,0,0,11.457,0,0
681.61,0.263,-0.671,1,0,0,0.5,-0.866,0,0.0,0,0,12.447,1,0
451.85,0.898,0.0,0,0,0,0.5,-0.866,0,0.0,0,1,11.072,0,0
4099.97,1.323,0.78,0,0,0,0.7071,-0.7071,0,0.111,2,6,7.653,2,1
568.03,0.368,-0.537,0,0,0,-0.9659,0.2588,0,0.1,0,0,12.0,0,0
398.06,0.938,0.0,0,0,0,-0.866,0.5,0,0.0,0,1,11.217,0,0
623.83,0.628,-0.375,0,0,0,0.2588,-0.9659,0,0.0,0,1,10.929,0,0
558.63,0.758,-0.334,0,0,0,0.5,-0.866,0,0.0,0,0,11.878,1,0
459.52,0.257,-0.603,0,0,0,-0.2588,-0.9659,1,0.2,0,0,11.464,0,0
2423.14,0.821,0.0,0,0,0,-0.9659,0.2588,0,0.0,0,1,11.242,0,0
2106.32,0.828,-0.201,0,0,0,1.0,0.0,0,0.2,0,1,10.75,0,0
1333.22,0.614,-0.644,0,0,0,-0.866,0.5,0,0.0,0,1,10.863,1,0
6930.88,3.062,2.071,0,0,0,-1.0,-0.0,0,0.0,1,2,8.0,0,0
296.31,0.355,-0.494,0,0,0,0.2588,-0.9659,0,0.0,0,0,11.835,0,0
1217.41,1.566,0.304,0,0,0,0.0,-1.0,0,0.1,0,0,12.834,1,0
1095.62,0.663,-0.451,0,0,0,-0.7071,-0.7071,0,0.1,0,1,8.354,1,0
1263.67,0.314,-0.586,0,0,0,-0.866,0.5,0,0.0,0,0,12.06,0,0
2442.07,0.738,-0.22,0,0,0,0.2588,-0.9659,0,0.0,0,2,11.24,0,0
1574.39,0.972,-0.024,0,0,0,0.5,-0.866,0,0.0,0,2,10.493,1,0
1193.03,0.473,-0.509,0,0,0,-1.0,-0.0,0,0.2,0,1,11.207,1,0
47.84,0.364,-0.636,0,0,0,-0.9659,0.2588,0,0.2,20,21,3.832,0,1
435.33,0.795,-0.532,0,0,0,0.7071,-0.7071,0,0.0,0,1,11.116,3,0
1884.48,1.0,0.0,0,0,0,-0.9659,-0.2588,0,0.0,0,0,14.768,0,0
36.53,0.03,-0.695,0,0,1,0.5,0.866,0,0.5,13,13,4.224,0,1
913.0,0.683,-0.871,0,0,0,1.0,0.0,0,0.1,0,1,8.595,1,0
3490.32,5.521,11.412,0,0,0,-0.9659,0.2588,0,0.0,0,0,12.734,0,0
782.8,0.104,0.0,0,0,0,0.2588,-0.9659,0,0.0,0,1,9.554,1,0
59.4,0.028,-0.396,0,0,0,-0.9659,-0.2588,3,0.6,19,19,4.595,1,1
1562.73,0.475,-0.447,0,0,0,-0.9659,0.2588,0,0.0,0,2,9.666,0,0
430.32,1.19,0.18,0,0,0,0.0,-1.0,0,0.0,0,1,11.361,1,0
356.21,0.713,-0.32,0,0,0,0.0,-1.0,0,0.1,0,0,11.82,1,0
2138.88,0.539,-0.342,0,0,0,0.5,-0.866,0,0.0,0,0,11.389,0,0
1306.61,0.511,-0.529,0,0,0,-0.9659,-0.2588,0,0.0,0,1,11.179,0,0
4245.78,1.9,0.744,0,0,0,0.866,-0.5,0,0.1,0,1,9.078,1,0
980.4,0.692,-0.283,0,0,0,-0.7071,-0.7071,0,0.1,0,3,8.959,0,0
28.15,0.028,-0.606,0,0,1,0.5,0.866,3,0.4,21,21,4.148,0,0
897.87,0.428,-0.694,0,0,0,-0.7071,0.7071,0,0.1,0,0,11.638,0,0
2265.87,0.547,-0.21,0,0,0,-1.0,-0.0,0,0.4,0,1,11.158,0,0
432.88,0.32,-0.776,0,0,0,0.5,-0.866,0,0.2,0,1,8.987,1,0
24.85,0.043,-0.597,0,0,1,0.0,1.0,1,0.4,15,15,2.94,0,1
2041.75,1.955,1.467,0,0,0,0.5,-0.866,0,0.0,0,2,11.009,0,0
23.44,0.109,-0.824,0,0,0,-0.7071,0.7071,0,0.2,19,21,3.84,1,1
685.39,0.259,-0.801,0,0,0,0.9659,-0.2588,0,0.1,0,4,10.11,0,0
651.36,1.245,1.098,0,0,0,-0.9659,-0.2588,0,0.0,0,0,12.204,0,0
746.95,1.24,0.185,0,0,0,-0.2588,-0.9659,0,0.2,0,1,10.264,0,0
21135.07,7.707,13.42,0,0,0,0.5,-0.866,0,0.2,0,1,9.894,0,0
131.54,0.163,-0.776,0,0,0,-0.866,0.5,0,0.0,0,2,8.919,0,0
10966.93,3.448,2.215,0,0,0,-0.7071,0.7071,0,0.0,0,0,11.948,0,0
662.5,0.237,-0.678,0,0,0,-0.866,-0.5,0,0.0,0,0,11.724,1,0
1950.38,0.856,-0.094,0,0,0,-0.2588,0.9659,0,0.0,0,2,10.563,0,0
1047.86,1.515,0.427,0,0,0,-0.866,0.5,0,0.0,0,0,11.463,0,0
404.62,0.783,-0.201,0,0,0,-0.9659,0.2588,0,0.1,0,1,10.784,1,0
1887.47,0.701,-0.261,0,0,0,-1.0,-0.0,0,0.0,0,3,8.576,0,0
4104.59,0.77,-0.303,0,0,0,-1.0,-0.0,0,0.3,0,1,10.239,0,0
880.17,1.0,0.0,0,0,0,-0.9659,0.2588,0,0.0,0,0,14.768,1,0
1287.0,0.709,-0.245,0,0,0,0.9659,-0.2588,0,0.1,0,5,9.712,0,0
3192.14,1.097,0.113,0,0,0,-0.866,0.5,0,0.0,0,0,12.767,0,0
1044.7,0.762,-0.169,0,0,0,-0.2588,0.9659,0,0.1,0,0,11.822,1,0
1601.74,0.781,-0.248,0,0,0,-0.9659,-0.2588,0,0.1,0,1,8.587,0,0
809.25,0.488,-0.529,0,0,0,-0.9659,-0.2588,0,0.0,0,1,11.219,0,0
1502.29,1.356,0.279,0,0,1,0.9659,0.2588,0,0.0,0,1,10.877,1,0
4879.68,3.4,1.589,0,0,0,-0.866,0.5,0,0.0,0,1,11.259,1,0
405.05,0.822,-0.169,1,0,0,-0.866,0.5,0,0.1,1,2,7.819,0,0
1145.99,3.199,0.0,0,0,0,0.9659,-0.2588,0,0.0,0,1,9.981,0,0
611.24,0.806,-0.338,0,0,0,-0.7071,-0.7071,0,0.1,0,0,11.94,2,0
444.38,0.352,-0.51,0,0,0,-0.9659,0.2588,0,0.0,0,1,8.371,0,0
2947.43,1.318,0.303,0,0,0,-0.9659,-0.2588,0,0.1,0,0,12.131,0,0
2073.67,1.02,0.059,1,0,0,-0.866,-0.5,0,0.0,0,1,8.962,0,0
54290.72,12.348,7.486,1,0,0,-0.2588,-0.9659,0,0.0,0,9,8.523,0,1
2384.01,0.492,-0.457,0,0,0,0.2588,-0.9659,0,0.1,0,0,11.553,0,0
1936.09,0.629,-0.422,0,0,0,-0.9659,-0.2588,0,0.0,0,0,11.609,0,1
2821.82,0.85,-0.129,0,0,0,-0.2588,0.9659,0,0.0,0,0,12.162,0,0
279.18,0.65,0.0,0,0,0,-0.2588,-0.9659,0,0.0,0,0,12.373,0,0
1076.72,0.596,-0.432,0,0,0,-0.9659,-0.2588,0,0.1,0,2,10.244,0,0
325.49,0.205,-0.686,0,0,0,1.0,0.0,0,0.2,0,0,11.735,0,0
222.76,0.228,-1.007,0,0,0,-0.5,-0.866,0,0.0,0,0,11.744,0,0
47.05,0.052,-0.785,0,0,0,-0.9659,-0.2588,1,0.4,19,19,2.492,0,1
319.19,0.409,-0.336,0,0,0,-1.0,-0.0,0,0.0,0,0,12.06,1,0
17.55,0.038,-0.828,0,0,0,-0.866,0.5,1,0.222,5,5,2.976,1,1
415.41,0.421,-0.485,0,0,0,-0.2588,0.9659,0,0.0,0,0,11.834,0,0
981.89,0.766,-0.279,0,0,0,0.0,-1.0,0,0.0,0,2,10.457,2,0
6416.93,5.115,6.135,0,0,0,-0.9659,0.2588,0,0.2,0,1,11.311,0,0
3339.21,1.75,1.186,0,0,0,-0.9659,0.2588,0,0.1,0,4,10.812,0,0
1016.89,0.31,-0.621,0,0,0,-0.5,0.866,0,0.1,0,1,10.135,0,0
1086.67,0.449,0.0,1,1,0,-0.7071,-0.7071,0,0.0,0,0,13.747,0,1
912.97,0.909,-0.119,0,0,0,-0.9659,0.2588,0,0.0,0,0,11.397,1,0
471.73,0.355,-0.712,0,0,0,-0.5,-0.866,0,0.0,0,1,10.798,1,0
511.5,0.491,-0.535,0,0,0,-0.7071,-0.7071,0,0.0,0,0,12.956,1,0
420.95,0.443,-0.547,0,0,1,0.866,0.5,0,0.0,0,1,10.55,0,0
908.0,1.426,0.0,0,0,0,0.7071,-0.7071,0,0.0,0,1,10.404,0,0
1669.43,0.919,-0.048,0,0,0,-0.2588,0.9659,0,0.0,0,2,10.408,0,0
635.89,0.545,-0.784,0,0,0,0.0,-1.0,0,0.0,0,5,10.245,1,0
9713.05,3.835,5.751,0,0,0,0.866,-0.5,0,0.1,0,0,12.531,0,0
2228.53,0.544,-0.201,0,0,0,-0.7071,0.7071,0,0.1,0,1,10.701,1,0
1210.25,1.103,0.083,0,0,0,-0.866,0.5,0,0.0,0,0,12.121,1,0
286.17,0.547,0.0,0,0,0,-0.9659,0.2588,0,0.0,0,0,11.645,0,0
1967.74,0.401,-0.462,0,0,0,0.5,-0.866,0,0.0,0,0,11.463,0,0
507.65,0.633,-0.503,0,0,0,-0.866,0.5,0,0.0,0,0,11.927,0,0
1400.6,0.452,-0.55,0,0,0,-0.9659,0.2588,0,0.0,0,1,10.878,1,0
776.24,0.572,-0.986,0,0,0,-0.7071,-0.7071,0,0.0,0,0,13.155,0,0
1335.26,2.285,15.0,0,0,0,0.2588,-0.9659,0,0.0,0,1,10.462,0,0
959.47,0.242,-0.937,0,0,0,1.0,0.0,0,0.0,0,2,11.247,0,0
697.3,0.531,-0.439,0,0,0,-0.9659,0.2588,0,0.0,0,1,9.029,1,0
949.19,0.819,-0.174,0,0,0,0.9659,-0.2588,0,0.0,0,0,11.453,0,0
4292.69,4.187,15.0,0,0,0,0.0,-1.0,0,0.0,0,1,11.181,1,0
2791.47,0.806,0.0,0,0,0,-0.2588,0.9659,0,0.0,0,0,12.196,0,0
491.41,0.165,-0.621,0,0,0,0.0,-1.0,0,0.0,0,2,10.821,0,0
616.41,0.739,-1.294,0,0,0,-0.9659,0.2588,0,0.333,0,1,10.64,0,0
218.17,0.414,-0.506,0,0,0,-0.7071,0.7071,0,0.0,0,0,11.571,1,0
500.04,0.341,-0.501,0,0,0,-0.7071,0.7071,0,0.1,0,1,9.6,0,0
1696.87,0.705,-0.274,0,0,0,-0.866,-0.5,0,0.0,0,1,9.524,1,0
252.89,0.366,-0.573,0,0,0,-0.866,-0.5,0,0.0,0,0,12.154,1,0
2458.25,0.973,-0.072,0,0,0,-0.5,0.866,0,0.0,0,0,12.122,0,0
640.33,0.578,-0.894,0,0,0,-0.866,-0.5,0,0.2,1,4,8.126,2,0
1495.42,3.15,8.193,1,0,0,0.0,-1.0,0,0.0,0,0,13.587,1,0
1569.9,0.493,-0.412,0,0,0,0.5,-0.866,0,0.0,0,1,11.198,0,0
710.96,0.135,-0.625,0,0,0,0.7071,-0.7071,0,0.0,0,0,12.682,0,0
399.94,1.0,0.0,0,0,0,0.5,-0.866,0,0.0,0,0,14.768,1,0
6932.42,1.188,0.153,0,0,0,0.2588,-0.9659,0,0.2,0,1,10.044,1,0
3188.03,1.612,1.468,0,0,0,0.0,-1.0,0,0.1,0,0,11.49,1,0
1129.03,0.413,-0.353,0,0,0,-1.0,-0.0,0,0.0,0,1,11.099,1,0
1286.08,0.619,-0.322,0,0,0,0.866,-0.5,0,0.2,0,3,8.807,1,0
1348.91,0.547,-0.477,1,0,0,-0.5,-0.866,0,0.1,0,1,11.146,1,0
2892.83,1.35,0.643,0,0,0,-0.866,0.5,0,0.143,0,1,10.79,0,0
1215.14,0.329,-0.677,0,1,0,-1.0,-0.0,0,0.0,0,1,10.303,0,0
16819.22,11.09,7.073,0,0,0,-0.866,-0.5,2,0.3,1,4,7.895,1,1
40303.4,9.158,6.097,1,0,1,0.5,0.866,0,0.1,0,1,9.963,2,1
5.22,0.006,-0.567,0,0,0,0.0,-1.0,0,0.3,18,20,1.399,1,1
28.88,0.039,-0.851,1,1,0,0.2588,-0.9659,0,0.0,2,6,0.0,1,1
3125.73,0.801,-0.154,0,0,0,-0.2588,0.9659,0,0.286,0,3,10.602,0,0
2361.61,1.212,0.33,0,0,0,-0.9659,0.2588,0,0.1,0,2,10.112,0,0
3229.36,1.147,0.104,0,0,0,-0.2588,-0.9659,0,0.2,0,2,10.135,0,0
401.73,0.511,0.0,0,0,0,-0.7071,-0.7071,0,0.0,1,1,7.331,2,0
3678.08,0.739,-0.185,0,0,0,0.0,-1.0,0,0.1,0,2,10.722,1,0
332.65,0.259,-0.815,0,0,0,-0.7071,-0.7071,0,0.2,0,2,8.959,1,0
3943.3,1.115,0.525,0,0,0,-1.0,-0.0,0,0.2,3,4,6.185,2,1
929.81,0.429,-2.206,0,0,0,-1.0,-0.0,0,0.0,0,2,9.491,0,0
3119.54,0.87,-0.109,0,0,0,-0.7071,-0.7071,0,0.0,0,2,11.104,0,0
3986.1,0.459,-0.268,0,0,0,-0.9659,-0.2588,0,0.2,0,5,10.618,0,0
463.53,0.614,-0.441,0,0,0,0.7071,-0.7071,0,0.167,0,0,12.148,1,0
1135.52,1.314,0.888,0,0,0,-0.7071,0.7071,0,0.0,0,1,11.149,1,0
1361.88,0.477,-0.479,0,0,0,-0.866,-0.5,1,0.2,0,1,11.16,1,0
725.9,0.315,0.0,1,1,0,-0.9659,0.2588,0,0.0,0,0,13.634,0,0
1.32,0.0,-0.51,0,0,0,-0.2588,0.9659,3,0.4,20,20,3.495,0,1
150.57,0.128,-0.623,0,0,0,0.7071,-0.7071,0,0.0,0,1,11.301,0,0
765.21,0.81,-0.114,0,0,0,-0.5,-0.866,0,0.2,0,0,11.595,0,0
125.61,0.32,-2.853,0,0,0,-0.2588,-0.9659,0,0.167,0,0,12.716,0,0
1986.91,0.71,-0.467,1,0,0,-0.866,0.5,1,0.1,1,2,6.461,0,0
353.72,0.657,-0.567,0,0,0,-0.866,0.5,0,0.0,0,0,11.511,1,0
1401.89,0.232,-0.592,0,0,0,-0.2588,0.9659,0,0.0,0,1,9.896,0,0
41.04,0.04,-1.122,0,0,0,-0.5,0.866,0,0.2,7,7,2.409,0,1
4083.31,6.69,15.0,1,1,0,0.7071,-0.7071,0,0.0,0,0,12.909,2,1
1378.15,2.846,1.384,0,0,0,0.2588,-0.9659,0,0.2,0,29,10.471,0,0
52.23,0.074,-0.597,0,1,0,-0.9659,0.2588,0,0.2,2,2,2.797,0,1
452.05,0.384,-0.431,0,0,0,0.2588,-0.9659,0,0.0,0,1,10.664,1,0
4793.84,2.063,0.989,0,0,0,-1.0,-0.0,0,0.1,0,2,10.932,0,0
1168.8,0.413,-0.458,0,0,0,-1.0,-0.0,0,0.0,0,0,12.034,1,0
1334.24,0.996,-0.003,0,0,0,-0.2588,0.9659,0,0.0,0,0,12.245,0,0
1493.88,1.013,0.014,0,0,0,-0.9659,-0.2588,0,0.0,1,1,7.86,0,0
285.46,0.792,-0.446,0,0,0,-0.866,0.5,0,0.0,0,1,10.089,0,0
441.04,0.712,-0.281,0,0,0,-1.0,-0.0,0,0.0,0,0,13.138,1,1
2002.41,0.747,-0.189,0,0,0,-0.5,0.866,0,0.1,0,0,11.367,0,0
558.4,1.024,0.019,0,0,0,-0.866,0.5,0,0.0,0,0,11.567,0,0
2460.25,1.483,0.431,0,0,0,0.7071,-0.7071,0,0.0,0,2,9.72,1,0
4116.91,2.028,1.62,0,0,1,0.7071,0.7071,0,0.0,1,1,7.998,4,1
7713.13,0.753,-0.106,0,0,0,-0.5,0.866,0,0.1,0,5,9.749,0,0
1612.77,1.66,1.409,0,0,0,0.7071,-0.7071,0,0.0,0,0,11.52,1,0
2568.8,0.614,-0.34,0,0,0,-1.0,-0.0,0,0.2,1,2,8.044,0,0
56.07,0.066,-0.632,0,1,0,-1.0,-0.0,0,0.2,5,5,3.077,0,1
1007.28,0.877,-0.213,0,0,0,-0.9659,0.2588,0,0.1,0,1,10.983,0,0
585.56,0.937,-0.042,0,0,1,0.866,0.5,0,0.1,0,0,12.109,0,0
8719.52,1.681,0.718,0,0,0,-0.9659,0.2588,0,0.0,0,2,9.39,1,0
1625.03,0.323,-0.478,0,0,0,-1.0,-0.0,0,0.2,0,1,11.256,1,0
1599.87,0.467,-0.447,0,0,0,-0.866,-0.5,0,0.0,0,1,10.424,0,0
2233.02,4.603,3.068,0,0,0,-0.5,0.866,0,0.0,0,0,11.623,1,0
1212.99,0.916,-0.133,0,0,0,-0.866,0.5,0,0.0,0,1,10.25,1,0
19579.43,4.734,2.901,0,0,0,-0.5,-0.866,0,0.3,0,2,8.682,0,0
3108.14,0.827,-0.293,0,0,0,0.0,-1.0,0,0.0,0,0,11.666,1,0
745.04,0.836,-0.133,0,0,0,-0.866,0.5,0,0.0,0,2,9.346,0,0
1490.2,3.247,0.0,0,0,0,0.0,-1.0,0,0.0,0,0,12.445,0,0
1650.74,1.0,0.0,0,0,0,-0.7071,-0.7071,0,0.0,0,0,14.768,0,0
6506.58,3.763,4.191,0,0,0,0.0,-1.0,0,0.0,0,0,12.525,0,0
3205.9,8.754,15.0,0,0,0,-0.866,0.5,0,0.0,0,0,12.31,0,0
2709.27,0.891,-0.183,1,0,0,-0.5,0.866,0,0.0,0,1,9.632,0,0
1607.64,1.361,0.954,0,0,0,0.2588,-0.9659,0,0.0,0,1,9.558,1,0
2322.93,0.842,-0.151,0,0,0,-0.2588,-0.9659,0,0.0,0,3,10.828,0,0
254.48,1.0,0.0,0,0,0,0.7071,-0.7071,0,0.0,0,0,14.768,0,0
3295.04,1.294,0.0,0,0,0,-0.7071,0.7071,0,0.0,0,1,10.234,2,0
1601.66,0.948,0.0,0,0,0,0.5,-0.866,0,0.0,0,1,10.692,0,0
4132.89,0.787,-0.181,0,0,0,0.0,-1.0,0,0.0,0,1,10.879,1,0
867.57,0.542,-0.269,0,0,0,1.0,0.0,0,0.0,0,3,11.161,0,0
7280.51,5.145,0.0,0,0,0,-0.5,-0.866,0,0.0,0,1,10.839,1,0
500.65,0.352,-5.0,0,0,0,0.9659,-0.2588,0,0.0,1,1,5.198,1,0
4886.48,0.785,-0.181,0,0,0,-1.0,-0.0,0,0.1,0,2,11.006,1,0
261.7,0.531,-1.46,0,0,0,-0.866,-0.5,0,0.0,0,1,8.668,0,0
888.89,0.207,-0.743,0,0,0,0.2588,-0.9659,0,0.1,0,2,9.057,0,0
6777.84,7.149,6.005,0,0,0,-0.5,0.866,0,0.1,0,2,10.786,0,0
1234.78,0.258,-0.533,0,0,0,-0.5,-0.866,0,0.0,0,2,9.877,0,0
320.46,0.306,-0.6,0,0,1,0.9659,0.2588,0,0.0,0,0,12.361,0,0
801.09,0.681,-0.229,0,0,0,-0.7071,0.7071,0,0.3,0,0,13.581,1,0
2405.27,3.966,6.964,1,0,0,0.5,-0.866,0,0.0,0,0,12.328,0,0
267.21,0.201,-0.661,0,0,0,-0.9659,-0.2588,0,0.2,0,1,11.32,0,0
409.98,0.686,-0.287,0,0,0,-0.2588,-0.9659,0,0.0,0,0,12.268,0,0
1252.43,0.893,-0.159,0,0,0,-0.7071,-0.7071,0,0.0,0,0,12.601,0,0
1170.53,0.899,-0.122,0,0,0,0.2588,-0.9659,0,0.0,0,1,11.344,1,0
1303.01,0.314,-0.523,0,0,0,0.5,-0.866,0,0.1,0,2,11.185,0,0
621.78,0.979,-0.06,0,0,0,0.866,-0.5,0,0.0,0,1,11.262,3,0
13.12,0.068,-0.628,0,0,0,-0.7071,-0.7071,0,0.3,21,21,3.116,1,1
705.22,0.582,-0.476,0,0,0,0.866,-0.5,0,0.0,0,1,11.136,0,0
420.48,0.213,-1.19,0,0,0,0.2588,-0.9659,0,0.0,0,0,11.85,0,0
18.96,0.011,-0.562,0,0,1,0.866,0.5,2,0.5,25,25,4.049,1,1
1493.32,0.518,-0.4,0,0,0,-0.7071,-0.7071,0,0.0,0,1,9.793,0,0
621.65,0.121,-0.671,0,0,0,-0.5,-0.866,0,0.2,0,2,10.398,3,0
1070.16,1.032,0.141,0,0,0,-0.2588,0.9659,0,0.0,0,0,13.49,0,0
19.02,0.018,-4.3,1,1,0,0.0,-1.0,1,0.2,1,2,0.0,0,1
1453.5,0.281,-0.517,0,0,0,0.5,-0.866,0,0.2,0,0,11.455,1,0
2880.05,1.232,0.232,0,0,0,-0.5,0.866,0,0.1,0,1,11.289,0,0
5735.14,0.765,-0.714,0,0,0,-0.9659,-0.2588,0,0.0,0,0,12.702,2,0
34375.82,5.921,3.262,0,0,0,-0.9659,-0.2588,0,0.0,0,0,11.648,0,0
249.6,0.891,-0.344,0,0,0,-0.866,0.5,0,0.125,0,0,13.243,1,0
80249.55,10.041,5.443,0,0,0,-0.5,-0.866,0,0.0,0,7,9.157,2,1
1179.98,1.393,0.498,0,0,0,-0.866,0.5,0,0.0,0,0,12.693,0,0
597.04,0.385,-0.675,0,0,0,-0.866,0.5,0,0.0,0,2,10.58,0,0
6538.24,4.903,5.538,1,0,1,0.2588,0.9659,0,0.0,0,2,8.784,1,0
37.78,0.134,-0.852,0,0,0,0.866,-0.5,0,0.2,19,21,4.706,0,1
14383.77,6.944,0.0,1,1,1,0.866,0.5,0,0.0,0,0,14.245,2,1
5044.97,0.976,-0.035,0,0,0,-0.2588,0.9659,0,0.0,0,2,10.195,0,0
1278.26,0.222,-0.693,0,0,0,-1.0,-0.0,0,0.0,0,0,12.527,0,0
173.18,0.137,-0.81,0,0,0,0.7071,-0.7071,0,0.0,0,0,13.038,1,0
474.61,0.378,-0.544,0,0,0,-0.866,0.5,0,0.0,0,0,11.583,1,0
366.23,1.043,0.032,0,0,0,-0.5,-0.866,0,0.1,0,0,12.581,1,0
436.64,0.813,-0.144,0,0,0,0.0,-1.0,0,0.1,0,0,12.505,1,0
957.33,0.307,-0.66,0,0,0,-0.5,-0.866,0,0.2,0,0,11.576,1,0
468.07,0.395,-0.272,0,0,0,-0.866,-0.5,0,0.0,0,0,12.583,2,0
1750.15,1.625,0.46,0,0,0,0.5,-0.866,0,0.0,0,2,10.533,1,1
1487.67,0.696,-0.755,0,0,0,-0.9659,-0.2588,0,0.0,1,2,5.912,0,0
1188.01,0.338,-0.855,0,0,0,-0.2588,0.9659,0,0.0,0,1,10.234,0,0
1072.77,0.84,-0.129,0,0,0,-0.9659,-0.2588,0,0.0,0,1,11.193,0,0
1841.94,1.018,0.016,0,0,0,0.5,-0.866,0,0.1,0,1,9.559,1,0
25.45,0.251,-0.387,0,0,0,-0.9659,0.2588,0,0.3,23,23,3.578,0,1
11.93,0.016,-0.983,0,0,0,-0.2588,0.9659,1,0.1,9,12,2.366,1,1
1823.05,0.548,-0.417,1,0,0,-0.2588,0.9659,0,0.0,0,2,9.059,2,0
2300.45,0.997,-0.003,0,0,0,0.7071,-0.7071,0,0.1,0,0,11.594,1,0
8784.0,6.887,7.651,1,0,0,-0.9659,-0.2588,0,0.1,0,4,10.692,0,0
165.95,0.77,0.0,0,0,0,0.2588,-0.9659,0,0.0,0,1,8.682,0,0
1727.13,0.629,-1.471,0,0,0,-0.2588,-0.9659,0,0.0,0,1,10.314,2,0
1236.06,0.46,-0.507,0,0,0,-0.5,-0.866,0,0.0,0,0,11.511,0,0
2207.06,1.504,0.533,1,0,0,0.9659,-0.2588,0,0.2,0,0,12.626,0,0
1491.61,0.981,0.0,0,0,0,-0.9659,-0.2588,0,0.0,0,0,11.95,2,0
8164.06,1.903,0.977,0,0,0,0.9659,-0.2588,0,0.167,0,2,10.276,0,0
210.11,0.739,-1.092,0,0,0,0.7071,-0.7071,0,0.0,0,1,11.076,0,0
501.2,0.257,-0.725,0,0,0,0.5,-0.866,0,0.0,0,0,12.681,0,0
14708.6,1.942,1.147,0,0,0,-0.9659,-0.2588,0,0.0,2,2,7.256,2,1
560.87,1.119,0.13,0,0,0,0.866,-0.5,0,0.1,0,1,9.698,0,0
43.74,0.027,-1.003,0,0,0,-0.2588,-0.9659,0,0.3,17,18,2.987,0,1
1529.28,0.268,-0.33,0,0,0,-0.7071,0.7071,0,0.2,0,4,10.568,1,0
1587.28,0.769,-0.225,0,0,0,-0.5,0.866,0,0.0,0,1,10.562,0,0
2139.11,0.746,-0.227,0,0,0,-0.7071,-0.7071,0,0.0,0,2,10.157,1,0
31.76,0.012,-0.862,1,1,0,0.866,-0.5,0,0.2,1,3,0.0,1,1
1380.96,2.552,1.401,1,0,0,0.5,-0.866,0,0.0,0,0,11.786,0,0
1010.37,0.954,-0.037,0,0,0,0.2588,-0.9659,0,0.1,0,0,11.64,0,0
7062.61,1.667,1.83,0,0,0,0.2588,-0.9659,0,0.0,0,1,10.614,0,0
514.24,0.225,-1.021,0,0,1,0.866,0.5,0,0.0,0,1,11.069,2,0
804.1,0.487,-0.507,0,0,1,0.9659,0.2588,0,0.0,0,2,9.315,1,0
6786.18,2.896,1.705,0,0,1,0.2588,0.9659,0,0.0,0,2,9.521,0,0
545.99,0.471,-0.483,0,0,0,0.7071,-0.7071,0,0.0,0,1,10.92,0,0
1223.26,0.809,-0.183,0,0,0,0.9659,-0.2588,1,0.1,0,0,11.854,0,0
3179.69,1.081,0.071,0,0,0,-0.9659,0.2588,0,0.1,0,2,8.198,1,0
3954.83,3.871,0.0,0,0,0,0.5,-0.866,0,0.0,0,0,11.807,0,0
4713.8,1.747,0.58,0,0,0,-0.7071,-0.7071,0,0.0,0,1,10.663,0,0
29085.5,4.683,2.836,1,0,0,-0.7071,-0.7071,0,0.0,0,0,12.707,0,0
4433.2,1.994,1.413,0,0,0,0.866,-0.5,0,0.0,0,0,11.85,0,0
700.5,0.378,-0.505,0,0,0,-1.0,-0.0,1,0.143,0,1,11.276,1,0
2762.81,0.626,-0.306,0,0,0,-0.9659,0.2588,0,0.0,0,0,12.909,0,0
587.78,1.08,0.199,0,0,0,0.5,-0.866,0,0.0,0,0,11.583,3,0
1757.98,0.766,-0.201,0,0,0,-0.866,0.5,0,0.0,0,1,10.484,0,0
639.26,0.691,-0.155,0,0,0,-0.9659,-0.2588,2,0.3,0,16,11.141,0,0
839.3,0.525,-0.33,0,0,0,-0.2588,0.9659,0,0.167,0,1,11.019,0,0
1400.93,0.689,-0.219,0,0,0,-0.866,-0.5,0,0.3,0,1,9.251,0,0
1268.07,0.155,-0.734,0,0,0,-0.5,-0.866,0,0.0,0,0,11.935,0,0
1006.21,0.616,-0.283,0,0,0,-0.5,0.866,0,0.0,0,0,11.391,1,0
759.54,0.5,0.0,1,0,0,-0.2588,-0.9659,0,0.0,0,0,13.204,1,0
2046.12,1.0,0.0,0,0,0,-0.7071,0.7071,0,0.0,0,0,14.768,0,0
415.93,0.418,-0.505,0,0,0,-0.2588,-0.9659,0,0.0,0,0,12.388,1,0
381.52,0.237,-0.593,0,0,0,1.0,0.0,0,0.1,0,1,8.515,0,0
4008.62,3.954,0.0,1,1,1,0.0,1.0,0,0.0,0,0,13.229,2,1
2254.41,1.0,0.0,0,0,0,0.866,-0.5,0,0.0,0,0,14.768,1,0
8625.31,7.173,15.0,0,0,0,0.0,-1.0,1,0.333,1,1,7.302,3,1
2337.84,1.184,0.467,0,0,0,-0.5,0.866,0,0.0,0,2,10.249,1,0
4349.31,1.388,0.475,0,0,0,0.2588,-0.9659,0,0.0,1,1,6.362,3,0
5024.45,1.507,0.357,0,0,0,-0.7071,-0.7071,0,0.5,0,2,10.641,0,0
1447.26,0.481,-0.291,0,0,0,-0.866,0.5,0,0.2,1,7,7.25,1,0
462.85,0.125,-0.914,0,0,0,1.0,0.0,0,0.2,0,0,11.466,1,0
926.57,2.933,0.0,0,0,0,-0.5,0.866,0,0.0,0,1,9.342,1,0
1600.28,0.802,-0.481,0,0,0,-0.9659,0.2588,0,0.0,0,2,11.319,0,0
865.77,1.0,0.0,0,0,0,0.9659,-0.2588,0,0.0,0,0,14.768,0,0
861.16,0.341,-1.734,0,0,0,-0.2588,0.9659,1,0.25,0,0,12.677,0,0
2206.96,0.411,-0.505,0,0,0,-0.7071,-0.7071,0,0.0,0,1,11.169,1,0
749.5,0.409,-0.517,0,1,0,1.0,0.0,1,0.2,0,2,9.612,1,0
931.24,0.578,-0.36,0,0,0,-0.866,-0.5,0,0.0,0,0,12.476,1,0
1706.31,0.66,-0.321,0,0,0,-0.2588,0.9659,1,0.2,0,3,10.367,0,0
2239.39,0.391,-0.352,0,0,0,-0.5,-0.866,1,0.3,0,5,11.157,0,0
901.08,1.494,1.335,0,0,0,0.5,-0.866,0,0.0,0,1,10.57,0,0
1318.71,0.754,-0.215,0,0,0,0.866,-0.5,0,0.1,0,1,10.576,0,0
31.44,0.007,-0.482,0,0,0,-0.2588,0.9659,1,0.5,24,24,3.387,0,1
1008.12,0.653,-0.323,0,0,0,-0.5,0.866,1,0.1,0,1,11.068,1,0
1368.08,1.437,1.54,0,0,0,-1.0,-0.0,0,0.1,0,0,12.139,1,0
4932.0,0.85,0.0,0,0,0,-0.7071,0.7071,0,0.0,0,1,9.542,1,0
4729.49,1.019,0.015,0,0,0,0.866,-0.5,0,0.0,0,1,10.946,0,0
445.41,0.165,-1.089,0,0,0,-0.5,-0.866,0,0.0,0,1,11.251,0,0
4617.55,1.503,0.595,0,0,0,-0.9659,-0.2588,0,0.0,0,0,12.34,3,0
1364.85,0.615,-0.356,0,0,0,-0.2588,-0.9659,0,0.3,0,0,12.978,0,0
6459.37,0.995,-0.004,0,0,0,-0.2588,0.9659,0,0.0,0,5,8.396,1,0
823.58,1.171,0.836,0,0,0,0.7071,-0.7071,0,0.0,0,0,12.38,1,0
4166.78,4.399,3.266,0,0,0,-0.7071,-0.7071,0,0.3,0,0,11.558,0,0
359.32,0.507,-0.718,1,0,0,0.866,-0.5,0,0.0,0,1,11.347,2,0
3274.18,1.636,0.25,0,0,0,-0.2588,-0.9659,0,0.5,0,20,9.41,1,0
1006.45,0.385,-0.886,0,0,0,0.0,-1.0,0,0.0,0,2,8.885,2,0
1313.39,0.255,-0.732,0,0,0,0.7071,-0.7071,0,0.0,0,0,11.452,1,0
9084.41,2.206,1.328,0,0,0,-0.5,-0.866,0,0.25,2,2,6.778,2,1
1389.28,0.762,-0.191,0,0,0,0.7071,-0.7071,0,0.1,0,2,10.644,0,0
13522.47,2.393,1.293,0,0,0,-0.866,-0.5,0,0.0,1,1,6.653,4,1
447.48,0.686,-0.249,0,0,0,0.866,-0.5,0,0.1,0,0,12.874,0,0
1796.76,0.641,-0.95,0,0,0,0.2588,-0.9659,0,0.0,0,1,10.133,0,0
566.53,0.723,-1.55,0,0,0,-0.7071,-0.7071,0,0.0,0,1,10.467,1,0
44.12,0.038,-0.672,0,0,0,-0.9659,0.2588,1,0.2,4,5,2.684,1,1
1928.81,1.09,0.323,0,0,0,0.5,-0.866,0,0.5,0,0,13.613,1,0
675.44,0.763,-0.176,0,0,0,0.2588,-0.9659,0,0.0,0,1,11.104,0,0
2958.29,1.108,0.096,1,0,0,0.0,-1.0,0,0.0,0,0,12.384,0,0
6398.29,1.165,0.154,0,0,0,0.866,-0.5,1,0.1,0,2,10.161,1,0
22116.21,2.064,0.874,0,0,0,-0.866,0.5,0,0.0,0,1,10.315,0,0
730.8,0.158,-1.052,0,0,0,0.866,-0.5,0,0.0,0,1,10.383,1,0
6686.2,1.401,0.339,0,0,0,-0.9659,0.2588,1,0.4,0,1,11.124,0,0
271.56,0.187,-0.427,0,0,0,-0.5,0.866,0,0.0,0,1,10.946,0,0
698.75,0.19,-0.653,0,0,0,-0.2588,-0.9659,0,0.0,0,1,11.005,0,0
3478.78,0.536,-0.492,0,0,0,-0.866,0.5,0,0.0,0,2,9.057,0,0
1362.53,0.483,-0.403,0,0,0,-0.7071,0.7071,0,0.0,0,0,11.602,1,0
3212.08,0.889,-0.094,0,0,0,-0.2588,0.9659,0,0.1,0,2,10.574,0,0
1797.47,0.698,-0.268,1,0,0,-0.2588,-0.9659,0,0.2,0,0,11.412,0,0
290.4,0.422,-0.62,0,0,0,-0.2588,-0.9659,0,0.0,0,1,9.694,1,0
6.62,0.004,-0.649,0,0,1,0.0,1.0,1,0.125,6,6,2.721,1,1
686.38,1.306,1.213,0,0,0,-0.2588,-0.9659,0,0.25,0,0,12.032,0,0
49.2,0.019,-0.655,0,0,0,0.9659,-0.2588,0,0.4,11,11,3.024,1,1
1735.32,1.279,2.915,0,0,0,-0.2588,-0.9659,0,0.5,0,0,11.709,1,0
1656.37,0.32,-0.535,0,0,0,-1.0,-0.0,0,0.0,0,0,11.581,0,0
18.34,0.008,-0.75,0,0,0,0.866,-0.5,1,0.3,17,19,2.553,1,1
2980.57,0.535,-0.267,0,0,0,0.0,-1.0,0,0.3,0,3,10.844,0,0
16557.9,8.666,3.895,0,0,0,0.0,-1.0,0,0.5,0,30,8.393,0,1
249.45,0.428,-1.022,0,0,0,0.7071,-0.7071,0,0.0,0,3,9.588,0,0
6256.49,0.703,-0.327,0,0,0,-0.9659,0.2588,0,0.1,0,0,11.771,2,0
819.0,0.129,-1.142,0,0,0,-0.7071,-0.7071,0,0.0,1,2,7.891,0,0
150.88,0.281,-0.671,0,0,0,-0.866,-0.5,0,0.1,0,0,11.922,0,0
8895.79,1.781,1.014,0,0,0,-0.9659,-0.2588,1,0.333,2,2,6.355,3,1
260.58,0.229,-0.807,0,0,1,0.9659,0.2588,0,0.143,0,1,8.899,0,0
1785.91,0.601,-0.35,0,0,0,-0.9659,0.2588,0,0.2,0,1,9.506,0,0
668.24,1.423,0.214,0,0,0,-0.2588,0.9659,0,0.1,0,0,12.133,0,0
2697.93,0.809,-0.169,0,0,0,-0.866,0.5,0,0.0,0,0,11.709,1,0
1295.86,0.974,-0.085,1,0,0,-0.2588,-0.9659,0,0.0,0,1,9.067,0,0
150.96,0.18,-0.705,0,0,0,-0.5,0.866,0,0.2,0,1,9.793,2,0
4998.97,2.421,1.224,0,0,0,0.7071,-0.7071,0,0.2,0,1,10.407,0,1
1190.44,0.722,-0.236,0,0,0,-0.7071,0.7071,0,0.1,0,0,11.745,0,0
3374.46,1.033,0.039,0,0,0,0.866,-0.5,0,0.0,0,2,10.64,3,0
1808.33,0.867,-0.127,0,0,0,0.5,-0.866,0,0.1,0,3,10.811,0,0
43.4,0.194,-0.767,0,0,0,-0.7071,0.7071,0,0.3,18,20,3.093,1,1
90003.47,14.822,6.606,0,0,0,-0.2588,0.9659,0,0.1,1,4,6.506,1,1
1954.37,0.284,-0.5,0,1,0,-0.9659,-0.2588,0,0.1,0,1,10.005,1,0
1060.23,0.389,-0.564,0,0,0,-0.5,-0.866,1,0.2,0,1,10.855,0,0
502.24,0.676,-0.208,0,0,0,-0.7071,0.7071,0,0.0,0,0,12.511,1,0
29.46,0.074,-1.23,1,1,1,0.9659,0.2588,0,0.1,1,1,0.0,0,1
1171.01,1.065,0.053,0,0,0,-0.9659,-0.2588,0,0.0,0,0,11.709,2,0
1161.67,0.02,-0.424,0,0,0,0.5,-0.866,0,0.0,0,2,10.317,1,0
1421.13,0.652,-0.345,0,0,0,0.7071,-0.7071,0,0.0,0,0,11.83,1,0
6706.41,2.019,1.484,0,0,0,-0.866,-0.5,0,0.0,1,1,6.111,2,1
409.59,0.134,-0.639,0,0,0,-0.9659,-0.2588,0,0.0,0,1,11.126,1,0
2797.46,1.545,0.328,0,0,0,-1.0,-0.0,0,0.0,0,3,9.445,0,0
6936.28,1.833,1.003,0,0,0,0.7071,-0.7071,0,0.0,0,2,10.522,0,0
4.81,0.013,-1.214,0,0,1,0.9659,0.2588,0,0.1,2,2,3.107,0,1
1910.06,0.459,-0.401,1,0,0,0.7071,-0.7071,0,0.0,0,3,9.951,0,0
2177.67,0.75,-0.35,0,0,0,-0.866,0.5,0,0.0,0,0,12.444,0,0
1249.08,0.443,-0.465,0,0,0,-0.9659,-0.2588,0,0.0,0,1,9.948,2,0
675.89,1.255,0.243,0,0,0,-0.2588,0.9659,0,0.0,0,2,10.706,0,0
2128.96,1.16,0.168,0,0,0,-0.866,0.5,0,0.0,1,2,7.162,0,1
23946.86,9.586,4.661,0,0,1,0.5,0.866,0,0.1,1,5,6.387,1,1
265.86,0.418,-0.723,0,0,0,0.7071,-0.7071,0,0.0,0,0,12.267,3,0
432.81,0.612,-0.234,0,0,0,0.5,-0.866,0,0.0,0,0,11.943,3,0
1223.35,0.85,-0.15,0,0,0,-0.2588,0.9659,0,0.0,0,2,10.375,1,0
2502.52,1.821,0.0,0,0,0,-0.7071,0.7071,0,0.5,0,0,13.149,0,0
2004.41,0.47,-0.418,0,0,0,-0.2588,-0.9659,0,0.2,0,0,11.556,0,0
1080.98,0.905,-0.124,0,0,0,-1.0,-0.0,0,0.0,0,3,9.097,1,0
33.73,0.008,-1.002,1,0,0,0.866,-0.5,0,0.0,1,2,0.0,0,1
1205.87,0.558,-0.43,0,0,0,0.5,-0.866,0,0.0,0,0,13.09,0,0
1035.23,0.497,-0.29,0,0,0,-0.9659,0.2588,0,0.0,0,0,12.139,0,0
415.18,2.287,1.162,0,0,0,0.0,-1.0,0,0.0,0,0,11.988,0,0
9828.45,8.387,15.0,0,0,0,-1.0,-0.0,0,0.0,0,2,10.201,1,0
4418.5,7.946,12.676,0,0,0,1.0,0.0,0,0.0,0,4,10.258,0,1
424.15,1.0,0.0,0,0,0,-0.7071,-0.7071,0,0.0,0,0,14.768,0,0
550.36,0.273,-1.471,0,0,0,0.0,-1.0,1,0.3,0,2,10.23,0,0
1620.09,0.526,-0.448,0,0,0,-0.866,0.5,0,0.0,0,2,9.552,0,0
9195.52,4.725,2.208,0,0,0,-0.5,-0.866,0,0.0,1,1,7.35,0,0
2308.83,0.823,-0.164,0,0,0,0.5,-0.866,0,0.0,0,6,8.312,0,0
399.88,0.498,-3.229,0,0,0,0.2588,-0.9659,0,0.0,0,1,11.185,1,0
47.08,0.127,-1.135,0,0,0,0.866,-0.5,3,0.5,9,11,1.866,0,1
3815.62,3.34,4.261,1,0,0,-0.9659,0.2588,0,0.1,1,3,6.165,0,0
1851.97,1.283,0.248,0,0,0,0.0,-1.0,0,0.1,1,3,7.476,0,0
3372.0,0.89,-0.098,0,0,0,-1.0,-0.0,0,0.2,0,4,9.193,1,0
1804.13,0.894,-0.095,0,0,0,-0.7071,-0.7071,0,0.0,0,0,12.063,0,0
2788.49,0.889,-0.109,0,0,0,-0.2588,0.9659,0,0.0,0,0,11.656,0,0
1393.13,1.074,0.092,0,0,0,-0.7071,-0.7071,0,0.1,0,0,12.113,1,0
1065.84,1.024,0.014,0,0,0,-0.9659,-0.2588,0,0.0,0,1,11.317,1,0
4736.86,0.956,-0.036,0,0,0,-0.5,0.866,0,0.125,0,3,9.852,1,0
866.2,0.323,-0.645,0,0,0,-0.2588,0.9659,0,0.1,0,2,10.755,0,0
5116.21,1.156,0.134,0,0,0,-0.866,0.5,0,0.2,0,0,11.574,0,0
1266.79,0.404,-0.616,0,0,0,-0.866,0.5,0,0.0,0,1,9.788,0,0
1075.5,0.406,-0.5,0,0,0,-0.866,-0.5,0,0.0,1,1,6.68,2,0
1768.14,0.982,-0.083,0,0,0,-0.7071,0.7071,0,0.0,0,0,11.911,0,0
43.0,0.03,-0.441,0,0,0,0.9659,-0.2588,0,0.4,26,26,3.566,1,1
46.29,0.155,-0.836,0,0,1,0.9659,0.2588,1,0.3,9,9,3.381,0,1
525.95,0.693,-0.298,0,1,0,-0.5,-0.866,0,0.0,0,0,11.518,0,0
2789.68,0.873,-0.221,0,0,0,-0.9659,0.2588,0,0.0,0,0,13.224,0,0
817.16,0.931,-0.222,0,0,0,-0.2588,0.9659,0,0.0,0,2,9.375,0,1
735.41,0.446,-0.421,0,0,0,0.7071,-0.7071,0,0.2,0,0,11.999,0,0
7105.24,8.874,15.0,0,0,0,-0.7071,0.7071,0,0.0,0,1,10.406,0,0
550.49,0.137,0.0,0,0,0,0.0,-1.0,0,0.0,0,1,11.142,2,0
5.69,0.018,-1.054,0,0,0,0.866,-0.5,0,0.4,14,16,3.511,0,1
1003.26,0.551,-2.487,0,0,0,0.866,-0.5,0,0.286,0,0,11.87,0,0
41.19,0.082,-0.722,0,1,1,0.9659,0.2588,0,0.0,2,4,2.669,0,1
49.69,0.021,-0.722,0,1,1,0.866,0.5,1,0.1,2,2,3.251,1,1
349.36,0.976,-0.099,0,0,0,-0.9659,-0.2588,1,0.286,0,0,12.718,0,0
310.27,0.105,-0.754,0,0,0,-0.866,-0.5,0,0.0,0,1,10.199,2,0
478.27,0.776,-0.145,1,0,0,0.7071,-0.7071,0,0.1,0,0,12.107,2,0
2452.27,0.446,-0.536,0,0,0,-0.5,-0.866,0,0.143,0,2,10.478,0,0
6077.41,1.75,0.643,0,0,0,-0.5,-0.866,0,0.1,0,0,11.46,1,0
1651.87,0.347,-0.552,0,0,0,-1.0,-0.0,0,0.0,0,0,12.803,0,0
630.24,1.0,0.0,0,0,0,0.2588,-0.9659,0,0.0,0,0,14.768,0,0
1317.89,0.843,-0.144,0,0,0,0.7071,-0.7071,1,0.2,0,2,9.855,0,0
613.54,0.528,-0.653,0,0,0,-0.7071,-0.7071,0,0.1,0,2,11.063,1,0
3528.4,1.299,0.92,0,0,0,1.0,0.0,0,0.0,0,0,11.861,1,0
242.2,0.258,-0.345,0,0,0,-0.9659,0.2588,1,0.1,0,1,10.791,0,0
1102.48,0.908,-0.132,0,0,0,0.9659,-0.2588,0,0.1,0,2,9.444,2,0
949.22,0.362,-0.566,0,1,0,-0.9659,0.2588,0,0.1,0,3,9.073,0,0
37.99,0.011,-0.822,0,0,0,0.9659,-0.2588,1,0.4,8,8,3.636,1,1
1452.15,0.343,-0.83,0,0,0,0.2588,-0.9659,0,0.0,0,1,9.474,0,0
172.97,0.58,-2.132,1,0,0,0.9659,-0.2588,0,0.0,0,1,10.449,2,0
2105.84,3.923,0.0,0,0,0,-0.866,0.5,0,0.0,0,0,12.071,0,0
315.66,0.422,-0.552,0,0,0,-0.2588,0.9659,0,0.1,0,1,9.899,1,0
2587.05,1.093,0.071,0,0,0,-1.0,-0.0,0,0.0,0,0,11.503,1,0
721.94,0.623,-0.391,0,0,0,-0.2588,0.9659,0,0.0,0,1,11.07,0,0
6364.08,0.768,-0.206,0,0,0,-0.5,0.866,0,0.1,0,0,12.524,0,0
27.59,0.038,-1.334,0,0,0,0.0,-1.0,0,0.333,5,6,2.941,0,1
5309.15,1.195,0.179,0,0,0,-0.866,0.5,0,0.0,0,4,10.444,1,0
425.29,0.325,-1.091,0,0,0,-0.7071,0.7071,0,0.0,0,1,10.116,1,0
3997.21,1.01,0.01,0,0,0,-1.0,-0.0,0,0.0,0,0,12.457,0,0
1705.23,0.629,-0.327,0,0,0,-0.866,-0.5,0,0.1,0,0,11.691,0,0
308.5,0.711,-1.522,0,0,0,0.2588,-0.9659,0,0.333,0,0,11.677,1,0
862.65,0.638,-0.344,0,0,0,-0.5,0.866,0,0.1,0,2,9.948,1,0
28639.44,17.691,9.342,0,0,1,0.9659,0.2588,1,0.6,1,28,6.188,1,1
25113.09,5.05,3.636,0,0,0,-0.866,-0.5,0,0.0,0,0,11.71,0,0
1239.0,0.818,-0.139,0,0,0,-0.866,0.5,0,0.0,0,1,8.778,0,0
42874.28,1.0,0.0,0,0,0,-0.7071,0.7071,0,0.0,0,0,14.768,0,0
5900.45,2.369,1.326,0,0,0,-0.2588,0.9659,0,0.1,1,1,6.851,1,0
838.24,1.148,0.374,0,0,0,1.0,0.0,1,0.1,1,4,7.692,0,0
715.31,0.658,-0.371,0,0,0,1.0,0.0,0,0.1,0,1,11.284,0,0
806.74,0.62,-0.485,0,0,0,0.5,-0.866,0,0.1,0,1,10.421,1,0
220.36,0.319,-0.554,0,0,0,-0.9659,-0.2588,0,0.0,0,0,11.368,0,0
298.22,0.585,-0.381,0,0,0,1.0,0.0,0,0.0,1,4,7.654,1,0
2192.2,1.36,0.756,0,0,0,-0.7071,-0.7071,0,0.0,0,3,10.299,0,0
11933.02,5.477,5.122,0,0,0,-0.9659,-0.2588,0,0.0,0,2,10.216,0,0
282.2,0.602,-0.313,0,0,0,-0.7071,0.7071,0,0.2,0,0,11.772,1,0
522.26,1.0,0.0,0,0,0,-0.7071,0.7071,0,0.0,0,0,14.768,0,0
428.15,0.639,-0.6,0,0,0,0.5,-0.866,0,0.0,0,2,9.298,0,0
4022.07,1.27,0.222,0,0,0,0.5,-0.866,0,0.1,0,1,10.848,0,0
307.26,0.741,-0.294,0,0,0,0.7071,-0.7071,0,0.2,0,2,10.917,0,0
15238.29,5.237,7.389,0,0,0,-0.866,0.5,0,0.1,0,1,9.063,2,0
863.78,1.013,0.014,0,0,0,0.866,-0.5,0,0.1,0,1,10.735,0,0
914.79,0.764,-0.319,0,0,0,-0.2588,-0.9659,0,0.0,0,4,8.691,1,0
517.24,0.184,-0.655,0,0,0,0.866,-0.5,0,0.2,0,1,11.078,0,0
1471.85,0.738,-0.321,0,0,0,-0.866,0.5,0,0.1,0,0,11.834,0,0
4148.65,2.62,1.652,0,0,0,-0.2588,0.9659,0,0.0,0,1,10.886,1,0
1184.12,0.46,-0.486,0,0,0,-0.9659,-0.2588,0,0.0,0,0,13.147,1,0
4900.34,1.505,0.454,0,0,0,-0.9659,0.2588,0,0.0,0,1,8.317,0,0
14313.39,4.019,2.469,0,0,0,-0.866,0.5,0,0.0,0,2,10.892,1,0
1805.28,0.895,-0.075,0,0,0,-0.7071,-0.7071,1,0.4,0,1,10.578,2,0
828.63,0.814,-0.317,0,0,0,0.0,-1.0,0,0.0,0,0,13.668,1,0
1379.11,1.075,0.062,0,0,0,-0.2588,-0.9659,1,0.1,0,1,10.335,0,0
56.92,0.034,-0.549,0,0,1,0.866,0.5,0,0.3,23,23,2.654,1,1
5786.14,4.967,2.857,0,0,0,-0.2588,0.9659,1,0.2,0,2,8.518,1,0
297.46,0.658,-0.524,0,0,0,-0.7071,-0.7071,0,0.0,0,0,13.206,1,0
3325.58,1.184,0.355,0,0,0,0.5,-0.866,0,0.0,0,1,10.915,0,0
400.56,0.155,-0.578,0,0,0,-0.9659,0.2588,0,0.0,0,1,11.3,1,0
169.97,0.188,-0.635,0,0,0,0.7071,-0.7071,0,0.0,0,1,9.875,1,0
512.22,0.432,-0.256,0,0,0,-0.2588,0.9659,0,0.0,0,1,9.121,0,0
2306.54,0.568,-0.332,0,0,0,-0.2588,0.9659,0,0.0,0,2,9.978,3,0
111491.49,10.123,4.854,0,0,0,-0.9659,0.2588,0,0.1,0,23,9.356,1,1
561.19,1.583,1.325,0,0,0,0.2588,-0.9659,0,0.0,0,0,12.354,1,0
471.52,0.972,-0.059,1,0,0,0.5,-0.866,0,0.0,0,0,11.51,0,0
46.84,0.014,-0.855,0,0,0,-0.866,0.5,3,0.5,7,8,2.417,1,1
32.26,0.006,-0.507,0,0,0,-0.2588,0.9659,2,0.4,19,19,1.427,0,1
4403.61,0.996,-0.003,0,0,0,0.5,-0.866,0,0.0,0,1,9.376,1,0
1270.35,0.422,-0.484,0,0,0,-0.7071,-0.7071,0,0.0,0,1,11.348,1,0
1510.28,0.664,-0.26,0,0,0,-0.866,0.5,0,0.0,0,4,9.029,0,0
1194.94,0.34,-0.587,0,0,0,-0.2588,0.9659,0,0.3,1,3,7.813,0,0
2.39,0.001,-0.839,0,0,0,0.0,-1.0,1,0.2,2,4,2.691,1,1
306.85,1.086,0.193,0,0,0,0.9659,-0.2588,0,0.0,0,1,9.429,0,0
580.43,0.405,-0.634,0,0,0,0.2588,-0.9659,0,0.0,0,0,11.42,2,0
279.69,0.422,-1.162,0,0,0,-0.5,0.866,0,0.0,0,0,12.339,0,0
6405.4,1.377,0.73,0,0,0,-0.866,-0.5,1,0.167,4,4,4.66,2,1
26.91,0.008,-0.86,0,0,0,-0.866,0.5,7,0.8,11,12,3.514,1,1
483.34,0.268,-0.777,0,0,0,0.5,-0.866,0,0.0,0,1,10.881,1,0
426.09,0.206,-0.486,0,0,0,-0.2588,-0.9659,0,0.0,0,0,11.684,0,0
1611.61,0.327,-0.566,0,0,0,-0.5,0.866,0,0.3,0,1,10.165,0,0
25.41,0.019,-0.889,0,0,0,-0.5,-0.866,0,0.0,15,15,3.606,2,1
926.92,0.393,-0.642,0,0,0,0.7071,-0.7071,0,0.0,0,2,10.138,0,0
406.69,0.761,-0.21,0,0,0,0.7071,-0.7071,0,0.0,0,0,11.648,1,0
463.0,0.545,-0.398,0,0,0,-1.0,-0.0,0,0.2,0,2,10.673,0,0
437.26,0.502,-0.692,0,0,0,0.7071,-0.7071,0,0.0,0,3,9.669,0,1
863.01,0.326,-1.619,0,1,0,-0.866,-0.5,0,0.0,0,1,10.819,0,0
480.48,0.314,-0.45,0,0,0,-0.2588,-0.9659,0,0.0,0,0,12.553,1,0
3092.72,1.288,0.249,0,0,0,-0.7071,0.7071,0,0.0,0,2,10.782,1,0
545.31,0.414,-1.067,0,0,0,-0.866,-0.5,0,0.1,0,0,12.527,1,0
959.09,0.997,-0.003,0,0,0,-0.7071,0.7071,0,0.1,0,3,10.356,0,0
2605.65,0.844,-0.12,0,0,0,-0.7071,0.7071,0,0.0,0,2,8.783,0,0
848.42,0.118,-0.776,0,0,0,-0.7071,0.7071,0,0.0,1,2,8.045,1,0
441.98,0.293,-0.984,0,0,0,-0.9659,-0.2588,0,0.0,0,0,12.162,1,0
792.76,0.262,-0.486,0,0,0,-0.9659,0.2588,0,0.1,0,1,11.223,1,0
939.47,0.547,-0.404,0,0,0,0.5,-0.866,0,0.0,0,2,11.052,1,0
441.99,0.471,-0.441,0,0,0,0.2588,-0.9659,1,0.1,1,3,8.138,0,0
3234.88,1.266,0.449,0,0,0,-1.0,-0.0,0,0.0,0,0,12.165,2,0
2399.59,1.037,0.034,0,0,0,-0.9659,-0.2588,0,0.0,0,1,10.759,0,0
2048.55,0.287,-0.636,0,0,0,-0.7071,0.7071,0,0.0,0,0,12.045,0,0
193.23,0.615,-0.428,1,1,0,-0.2588,0.9659,0,0.0,0,1,10.979,0,0
13243.54,4.158,3.078,0,0,0,-0.866,-0.5,0,0.0,0,0,11.962,0,0
534.1,0.311,-0.628,0,0,0,0.5,-0.866,0,0.0,0,2,8.878,1,0
156.62,0.458,-1.264,0,0,0,-0.9659,-0.2588,0,0.0,1,1,7.961,0,0
1123.06,0.259,-0.654,0,0,0,-0.9659,0.2588,0,0.1,0,0,11.656,0,0
546.77,0.322,-1.307,0,0,0,-0.866,-0.5,0,0.1,0,0,11.58,2,0
1579.25,0.415,-0.453,0,0,0,-0.5,-0.866,0,0.0,0,4,10.87,0,0
1032.49,0.406,-0.928,0,0,0,-0.9659,-0.2588,0,0.222,0,2,9.653,0,0
2.22,0.015,-1.039,0,0,0,-0.9659,0.2588,0,0.4,16,17,1.48,0,1
39.8,0.028,-1.012,0,1,0,-0.866,0.5,0,0.0,1,1,0.0,0,1
1542.94,0.882,-0.109,0,0,0,-0.9659,0.2588,0,0.0,0,3,10.081,0,0
46769.26,8.885,5.78,0,0,0,-0.5,0.866,0,0.1,0,12,9.25,1,1
229.58,0.36,-0.524,0,0,0,0.866,-0.5,0,0.0,0,1,11.107,0,0
392.85,0.511,-0.367,0,0,0,-0.9659,0.2588,0,0.0,0,1,11.012,0,0
1082.37,1.181,0.23,0,0,0,-0.866,0.5,0,0.0,0,4,10.398,0,0
1380.11,0.434,-0.516,0,0,0,-0.2588,0.9659,0,0.0,0,0,12.063,1,0
2133.7,1.268,0.654,0,0,0,0.5,-0.866,0,0.1,0,1,11.06,1,0
42.08,0.004,-0.831,1,1,0,-0.2588,0.9659,0,0.0,1,1,0.0,0,1
1514.39,0.332,-0.533,0,0,0,-0.7071,0.7071,0,0.1,0,1,11.105,0,0
2590.3,1.226,0.164,0,0,0,-0.866,-0.5,0,0.0,0,0,11.946,0,0
1682.64,0.872,-3.429,0,0,0,-0.5,0.866,0,0.5,0,1,11.124,0,0
1379.79,0.448,-0.432,0,0,0,-0.866,-0.5,0,0.0,0,0,11.862,0,0
2272.3,0.45,-0.392,0,0,0,-0.9659,0.2588,0,0.0,0,0,11.894,0,0
1373.28,1.739,0.666,0,0,0,-1.0,-0.0,0,0.0,0,1,10.893,0,0
431.17,0.603,-0.328,0,0,0,-0.9659,0.2588,0,0.0,0,1,10.099,0,0
1595.3,1.662,1.09,0,0,0,-0.9659,0.2588,0,0.0,0,1,10.859,1,0
493.17,0.521,-0.446,0,0,0,0.866,-0.5,0,0.1,0,1,10.585,0,0
422.79,0.27,-0.774,0,0,0,0.7071,-0.7071,0,0.0,0,3,9.669,1,0
6975.67,2.082,1.011,0,1,0,-0.866,0.5,0,0.0,1,1,7.955,0,0
189.72,0.641,-0.936,1,1,0,-0.866,0.5,0,0.0,0,1,11.211,0,0
36115.16,15.244,10.727,0,0,1,0.5,0.866,0,0.1,1,3,6.695,0,1
313.55,0.19,-0.724,0,0,0,-0.866,-0.5,0,0.1,0,1,11.084,1,0
2998.64,0.901,-0.085,0,0,0,-0.5,-0.866,0,0.2,0,0,12.512,0,0
419.09,0.524,-3.539,0,0,0,-0.7071,0.7071,0,0.0,0,0,11.535,0,0
4973.85,0.958,-0.034,0,0,0,-0.5,0.866,0,0.1,0,0,11.609,0,0
656.55,0.242,-0.515,0,0,0,-0.2588,-0.9659,0,0.0,0,0,12.794,0,0
1859.61,0.8,-0.366,0,0,0,-0.7071,-0.7071,0,0.333,0,0,11.422,1,0
52.21,0.033,-1.116,0,0,0,-0.866,0.5,0,0.1,8,9,3.322,0,1
2115.09,1.384,0.352,0,0,0,-0.866,0.5,0,0.0,0,0,11.812,1,0
633.51,0.428,-0.674,0,0,0,0.0,-1.0,0,0.0,0,1,11.224,2,0
452.33,0.284,-1.057,0,0,0,-0.9659,0.2588,0,0.0,0,1,11.325,1,0
3619.63,1.587,0.538,0,0,0,-1.0,-0.0,0,0.0,0,1,11.218,0,0
1983.98,1.058,7.247,0,0,0,0.866,-0.5,0,0.0,0,2,10.535,0,0
3971.14,2.427,0.0,1,1,0,-0.7071,-0.7071,0,0.0,0,0,12.51,3,1
2944.96,1.481,1.07,0,0,0,-1.0,-0.0,0,0.0,0,0,12.026,0,0
2706.67,0.76,-0.213,0,0,0,-0.9659,0.2588,0,0.1,0,2,8.599,2,0
1286.93,0.807,-0.642,0,0,0,-0.2588,-0.9659,0,0.0,0,0,11.639,0,0
1758.79,0.832,-0.33,0,0,0,-0.2588,-0.9659,0,0.0,0,0,12.182,2,0
228.56,0.496,-1.471,0,0,0,0.2588,-0.9659,0,0.0,0,0,11.463,0,0
4530.96,4.894,3.563,0,0,0,-0.2588,0.9659,0,0.0,0,1,9.81,1,0
1112.19,1.04,0.106,0,0,0,0.0,-1.0,0,0.0,0,0,12.64,0,0
240.21,0.342,-1.674,0,0,0,0.5,-0.866,0,0.2,0,0,12.873,0,0
1372.46,0.33,-1.082,0,0,0,-0.7071,0.7071,0,0.0,0,1,11.205,0,0
1514.29,0.831,-0.152,0,0,0,0.5,-0.866,1,0.1,0,0,12.609,1,0
6994.54,1.305,2.842,0,1,0,-0.866,0.5,0,0.25,0,2,10.758,0,0
467.29,0.842,0.0,1,0,0,0.2588,-0.9659,0,0.0,1,1,8.161,1,0
316.23,0.452,-0.537,0,0,0,-0.5,-0.866,0,0.0,0,1,10.342,1,0
1563.6,0.837,-0.153,0,0,0,-0.7071,-0.7071,0,0.1,1,1,5.931,1,0
659.24,0.735,-0.248,0,0,0,0.7071,-0.7071,0,0.1,0,0,11.559,0,0
234.89,0.584,-0.285,0,0,0,0.7071,-0.7071,0,0.0,0,0,11.803,0,0
13521.11,3.884,5.172,0,0,0,0.5,-0.866,0,0.0,0,0,14.027,0,0
387.77,1.163,0.0,0,0,0,-1.0,-0.0,1,0.5,0,0,12.387,1,0
1879.6,0.691,-0.27,0,0,0,-0.5,0.866,1,0.4,0,1,8.937,0,0
797.09,0.373,-0.583,1,0,0,-0.7071,0.7071,0,0.1,0,1,10.165,1,0
744.32,0.585,-0.401,0,0,0,-0.2588,0.9659,0,0.0,0,3,9.212,1,0
3133.42,0.518,-0.357,1,0,0,-0.866,0.5,1,0.1,0,0,11.392,0,0
26.63,0.013,-1.021,0,0,0,1.0,0.0,0,0.0,2,2,1.967,0,1
532.19,0.559,-0.366,0,0,0,0.866,-0.5,0,0.0,0,0,11.4,0,0
3056.3,3.367,1.963,0,0,0,0.2588,-0.9659,0,0.0,0,2,9.542,2,0
455.83,0.246,-0.707,0,0,0,-0.866,0.5,0,0.2,0,2,8.33,0,0
311.11,0.336,-0.704,0,0,0,-0.5,-0.866,0,0.1,0,1,10.312,1,0
720.75,0.657,-0.794,0,0,0,-0.2588,0.9659,0,0.2,1,2,7.82,0,0
1454.43,0.345,-0.508,0,0,0,-0.866,0.5,0,0.1,0,1,10.848,0,0
3606.77,0.952,-0.035,0,0,0,0.7071,-0.7071,2,0.2,0,1,9.927,0,0
3351.3,0.405,-0.445,0,0,0,-0.5,-0.866,0,0.1,0,1,11.186,0,0
398.7,0.268,-0.607,0,0,0,0.0,-1.0,0,0.2,0,0,12.134,0,0
449.66,0.56,-0.921,0,0,0,-0.7071,0.7071,0,0.0,1,1,7.183,0,0
4222.91,1.739,1.121,0,0,1,0.7071,0.7071,0,0.0,1,1,8.016,4,1
1853.5,0.446,-0.465,0,0,0,-0.2588,-0.9659,0,0.1,0,1,11.211,1,0
25.21,0.055,-0.794,0,0,0,0.9659,-0.2588,1,0.5,11,13,3.233,0,1
939.25,0.287,-0.587,0,0,0,0.5,-0.866,0,0.0,0,0,11.838,0,0
533.99,0.276,-0.697,0,0,0,0.9659,-0.2588,0,0.1,0,0,12.091,1,1
13989.77,11.683,15.0,1,0,0,0.5,-0.866,0,0.0,0,0,13.865,4,1
3624.76,0.815,-0.171,0,0,0,-0.5,0.866,0,0.0,0,0,11.959,0,0
3410.44,0.718,-0.73,0,0,0,-0.9659,0.2588,0,0.0,0,3,10.449,0,0
1845.99,0.954,-2.87,1,1,0,-0.9659,0.2588,0,0.0,0,0,13.275,0,0
3455.76,0.451,-0.442,1,0,0,-0.5,-0.866,0,0.0,0,0,12.565,1,0
1101.29,0.443,-0.455,1,0,0,0.2588,-0.9659,0,0.0,0,0,12.026,2,0
269.62,0.312,-0.592,0,0,0,0.7071,-0.7071,0,0.0,0,1,10.775,0,0
2140.81,0.519,-0.255,0,0,0,0.2588,-0.9659,0,0.0,0,1,11.102,0,0
696.95,0.617,0.0,0,0,0,0.0,-1.0,0,0.0,0,0,11.567,1,0
2550.6,1.243,0.277,0,0,0,-0.866,0.5,0,0.0,0,1,9.753,0,0
1262.44,0.484,-0.558,0,0,0,-0.5,0.866,0,0.0,0,0,11.414,0,0
3647.89,3.535,2.768,0,0,0,0.9659,-0.2588,0,0.1,0,0,11.801,0,0
286.4,0.922,0.0,0,0,0,-0.7071,0.7071,0,0.0,0,0,12.673,0,0
483.58,0.476,-1.184,0,0,0,-0.2588,-0.9659,0,0.0,0,0,12.502,1,0
42.12,0.027,-0.468,0,0,0,0.9659,-0.2588,0,0.2,21,21,3.076,1,1
1738.45,0.589,-0.695,0,0,0,-0.5,-0.866,0,0.0,0,1,10.372,0,0
6342.5,4.238,7.644,1,1,0,-1.0,-0.0,0,0.0,0,0,13.334,4,1
590.45,1.087,0.151,0,0,0,0.2588,-0.9659,0,0.0,0,0,11.89,1,0
298.78,0.187,-0.566,0,0,0,-1.0,-0.0,1,0.286,0,1,10.781,0,1
722.06,0.611,-1.293,0,0,0,-0.2588,0.9659,0,0.0,0,0,12.219,0,0
899.4,0.713,-0.234,0,0,0,-0.9659,-0.2588,0,0.0,0,2,10.915,0,0
388.28,0.428,-0.562,0,0,0,0.9659,-0.2588,0,0.0,0,1,10.803,0,0
3116.54,0.533,-0.367,0,0,0,-0.5,0.866,0,0.2,0,1,11.336,1,0
379.8,0.219,-0.629,0,0,0,0.2588,-0.9659,0,0.2,0,1,9.426,0,0
1043.45,0.908,-0.173,0,0,0,-0.866,0.5,0,0.0,0,0,12.875,2,0
5246.5,1.91,3.012,0,0,0,0.0,-1.0,0,0.25,0,2,9.568,1,0
332.78,0.781,-0.339,1,0,0,-0.2588,0.9659,1,0.143,0,0,11.648,0,0
1152.56,0.891,-0.112,0,0,0,-0.2588,0.9659,0,0.0,0,2,10.013,1,0
8473.08,6.985,13.238,0,0,0,-1.0,-0.0,0,0.0,0,0,11.65,2,0
17458.02,3.639,2.008,0,0,0,0.5,-0.866,0,0.5,1,1,6.61,0,0
705.7,0.386,-0.545,0,0,0,0.866,-0.5,0,0.0,0,2,8.598,1,0
1030.43,0.19,-0.59,0,0,0,-0.5,-0.866,0,0.0,0,2,10.394,1,0
1163.34,1.643,2.438,0,0,0,-0.9659,0.2588,0,0.0,0,0,12.917,1,0
1715.2,0.592,-0.336,0,0,0,-0.2588,-0.9659,0,0.1,0,1,10.548,1,0
3519.22,0.727,-0.19,1,0,0,-0.7071,0.7071,0,0.2,0,0,11.824,0,0
373.72,0.976,-0.064,0,0,0,0.7071,-0.7071,0,0.0,0,1,11.325,1,0
943.6,1.522,0.0,0,0,0,0.9659,-0.2588,1,1.0,0,0,11.738,0,0
627.44,0.527,-0.384,0,0,0,-0.7071,0.7071,0,0.0,0,1,11.238,1,0
1658.47,0.203,-0.629,1,1,0,-0.2588,0.9659,1,0.1,0,0,11.797,0,0
2444.61,0.871,-0.405,0,0,0,0.2588,-0.9659,0,0.286,0,1,10.855,1,0
1394.66,0.307,-0.519,0,0,0,-0.5,0.866,0,0.0,0,1,11.115,3,0
584.03,0.339,-0.565,0,0,0,-0.9659,-0.2588,0,0.0,0,1,10.883,1,0
13447.31,1.2,0.429,0,0,0,-0.5,0.866,0,0.0,3,3,5.807,3,1
4264.46,0.752,-0.208,0,0,0,-0.5,0.866,1,0.1,0,1,10.124,1,0
292.95,0.636,-1.052,0,0,0,-0.5,-0.866,0,0.0,0,1,10.022,0,0
314.65,0.269,-0.621,0,0,0,-0.866,0.5,0,0.0,0,0,11.614,1,0
1521.09,1.0,0.0,0,0,0,-0.9659,0.2588,0,0.0,0,0,14.768,2,0
947.94,0.225,-1.318,0,0,0,-0.2588,-0.9659,0,0.143,0,1,8.492,0,0
1766.3,0.468,-0.48,0,0,0,-0.5,0.866,0,0.2,0,5,9.173,1,0
23233.82,5.026,2.616,0,0,0,-0.5,0.866,0,0.1,0,2,9.865,0,0
20.73,0.229,-0.378,0,0,0,-0.9659,0.2588,0,0.4,28,28,2.603,0,1
502.13,0.467,-0.975,0,0,0,0.866,-0.5,0,0.1,0,0,11.668,0,0
5.81,0.018,-1.417,0,0,0,-0.7071,0.7071,0,0.2,7,9,2.879,1,1
3560.7,0.434,-0.509,0,0,0,-0.5,0.866,0,0.1,0,1,10.665,0,0
7007.04,6.455,6.595,0,0,1,0.9659,0.2588,0,0.0,0,3,10.623,0,1
378.58,0.411,-0.583,0,0,0,0.7071,-0.7071,0,0.0,0,1,11.3,0,0
59.61,0.032,-1.144,0,0,0,-0.2588,-0.9659,1,0.3,11,12,0.859,0,1
4730.21,0.909,-0.084,0,0,0,0.9659,-0.2588,0,0.1,0,0,13.057,0,0
1768.65,1.0,0.0,0,0,0,-0.5,-0.866,0,0.0,0,0,14.768,1,0
2178.55,1.415,1.372,0,0,0,1.0,0.0,0,0.0,1,4,7.022,0,0
6094.8,0.962,-0.028,0,0,0,-0.7071,0.7071,0,0.0,0,1,10.187,0,0
884.17,0.338,-0.488,0,0,0,-0.7071,-0.7071,0,0.0,0,2,10.659,0,0
1307.88,1.0,0.0,0,0,0,-0.866,-0.5,0,0.0,0,0,14.768,1,0
1929.47,1.061,0.0,0,0,0,-0.7071,0.7071,0,0.0,0,1,10.95,0,0
2445.84,1.0,0.0,0,0,0,0.0,-1.0,0,0.0,0,0,14.768,0,0
1990.81,1.747,1.58,0,0,0,-0.866,0.5,0,0.0,0,0,12.227,2,0
3354.38,1.454,0.505,0,0,0,-0.5,0.866,0,0.1,0,1,9.305,0,0
34046.73,8.636,5.452,0,0,1,0.2588,0.9659,0,0.5,1,20,7.58,1,1
1488.28,0.318,-0.525,0,0,0,-0.866,0.5,0,0.0,0,0,12.208,0,0
9819.15,6.386,5.006,0,0,0,-0.2588,0.9659,0,0.0,0,1,11.31,1,0
2303.26,0.691,-0.228,0,0,0,0.5,-0.866,0,0.0,0,1,11.354,0,0
53.93,0.056,-0.901,0,0,0,0.5,-0.866,1,0.3,12,12,3.294,0,1
852.11,0.481,-0.484,0,0,0,-0.2588,0.9659,0,0.0,0,1,10.899,1,0
2398.98,1.107,0.058,0,0,0,0.2588,-0.9659,0,0.3,3,5,8.028,1,0
3088.05,1.608,1.335,0,0,0,0.2588,-0.9659,1,0.1,0,0,11.783,2,0
9421.22,2.061,1.199,0,0,0,0.0,-1.0,0,0.0,1,1,6.354,3,0
608.1,0.66,-0.15,0,0,0,-0.9659,-0.2588,0,0.0,0,0,11.528,0,0
405.99,0.832,-0.374,0,0,0,0.7071,-0.7071,0,0.0,0,2,9.476,1,0
2170.84,0.426,-0.429,0,0,0,0.7071,-0.7071,0,0.1,0,1,8.42,1,0
6614.97,1.243,0.497,0,0,0,-1.0,-0.0,0,0.0,3,3,6.32,2,1
1295.77,0.465,-0.448,0,0,0,0.866,-0.5,0,0.0,1,2,5.808,1,0
1063.75,0.493,-0.478,0,0,0,0.866,-0.5,0,0.0,0,2,10.065,0,0
10313.92,5.438,9.841,0,0,0,-0.866,0.5,0,0.0,0,1,10.141,2,0
570.78,0.435,-2.253,1,1,0,-0.2588,-0.9659,0,0.0,0,0,13.363,1,0
559.03,0.371,-1.753,0,1,0,-0.866,0.5,0,0.0,0,0,12.433,2,0
2398.92,0.712,-0.374,0,0,0,0.2588,-0.9659,0,0.111,0,0,12.338,0,0
1435.04,0.426,-1.783,0,0,0,-0.9659,-0.2588,0,0.1,0,2,9.507,0,0
23.45,0.005,-0.898,0,1,1,0.2588,0.9659,1,0.1,2,2,2.522,0,1
6886.88,2.172,2.023,0,0,0,-0.5,0.866,1,0.2,1,2,7.863,3,1
874.02,1.082,0.112,0,0,0,-0.2588,0.9659,0,0.0,0,1,11.137,0,0
1928.11,1.078,0.095,0,0,0,-0.2588,-0.9659,0,0.143,0,3,10.023,1,0
8669.84,2.439,1.558,0,0,0,0.9659,-0.2588,0,0.0,1,1,7.367,4,1
7550.96,9.879,15.0,0,0,0,-0.9659,0.2588,0,0.0,0,0,12.018,0,0
3575.83,0.719,-0.25,0,0,0,0.5,-0.866,0,0.1,0,2,10.296,1,0
196.27,0.365,-0.651,0,0,0,0.0,-1.0,0,0.0,0,1,10.276,1,0
573.14,0.762,-0.675,0,0,0,-0.7071,0.7071,0,0.2,0,0,13.224,0,0
6649.0,1.632,0.965,0,0,0,-1.0,-0.0,0,0.0,1,1,7.262,2,1
4644.75,0.964,-0.025,0,0,0,-0.866,-0.5,0,0.3,0,1,10.892,1,0
1936.37,0.751,-0.23,0,0,0,-0.2588,0.9659,0,0.2,0,2,10.324,0,0
2687.94,0.852,-0.287,0,0,0,-0.9659,0.2588,0,0.0,0,1,11.093,1,0
7572.82,2.567,1.273,0,0,0,0.5,-0.866,0,0.0,0,1,10.978,0,0
826.05,0.483,-0.486,0,0,0,0.866,-0.5,0,0.0,0,1,10.638,2,0
423.37,0.349,-0.464,0,0,0,-0.5,-0.866,0,0.1,0,1,10.498,0,0
3397.0,0.431,-0.472,0,0,0,-1.0,-0.0,0,0.0,0,1,10.358,0,0
1023.66,0.37,-2.739,0,0,0,-0.2588,0.9659,0,0.0,0,0,11.57,0,0
4404.19,2.118,0.689,0,0,0,-0.2588,0.9659,1,0.1,0,0,11.427,1,0
1836.03,0.902,-0.062,0,0,0,-0.866,0.5,0,0.2,0,1,10.84,0,0
1941.88,0.553,-0.418,0,0,0,0.7071,-0.7071,0,0.0,0,2,9.598,0,0
306.39,0.199,-0.605,0,0,0,0.7071,-0.7071,0,0.0,0,0,11.988,0,0
155.68,0.138,-0.617,0,0,0,-0.2588,-0.9659,0,0.0,0,1,10.648,1,0
2374.29,2.138,2.877,0,0,0,0.5,-0.866,0,0.0,0,0,12.486,0,0
287.46,0.371,-0.465,0,0,0,-0.9659,0.2588,0,0.0,0,1,9.312,0,0
1054.87,0.103,-0.438,0,0,0,0.5,-0.866,0,0.2,0,1,11.107,1,0
878.0,0.147,-0.731,0,0,0,-0.9659,-0.2588,0,0.0,0,0,13.062,0,0
2550.6,1.355,0.436,0,0,0,0.5,-0.866,0,0.0,0,2,8.976,1,0
585.29,0.45,-0.645,0,0,0,0.0,-1.0,0,0.0,0,3,10.376,2,0
1482.38,0.219,-0.608,1,0,0,-0.866,-0.5,0,0.0,0,2,10.468,1,0
260.74,0.805,-0.135,0,0,0,0.0,-1.0,0,0.0,0,1,11.206,1,0
670.43,0.428,-0.499,0,0,0,-0.7071,0.7071,0,0.1,0,1,10.59,0,0
1273.23,0.43,-0.464,0,0,0,-0.5,-0.866,0,0.1,0,1,10.086,0,0
704.35,0.706,-0.37,0,0,0,-0.866,-0.5,0,0.1,0,1,10.53,0,0
615.54,0.819,-0.247,0,0,0,0.5,-0.866,0,0.0,0,1,11.02,0,0
29.98,0.022,-0.905,0,0,0,-0.5,-0.866,0,0.0,14,14,0.228,2,1
756.81,0.618,-0.841,0,0,0,-0.866,-0.5,0,0.25,1,3,8.043,2,0
41.33,0.074,-0.65,0,0,0,-0.2588,-0.9659,0,0.2,12,12,0.497,1,1
473.34,0.293,-0.629,0,0,0,0.866,-0.5,0,0.0,0,0,11.868,1,0
207.31,0.223,-0.817,0,0,0,-0.9659,0.2588,0,0.125,0,0,12.3,0,0
2951.26,1.721,1.436,0,0,0,-0.9659,-0.2588,0,0.0,0,0,12.89,1,0
1990.38,0.591,-0.397,0,0,0,-0.866,-0.5,0,0.0,0,2,9.783,0,0
887.6,1.333,0.724,1,0,0,0.0,-1.0,0,0.0,0,3,9.324,0,0
289.41,0.246,-0.734,0,0,0,0.5,-0.866,0,0.0,0,2,9.332,0,0
1842.33,2.65,1.109,0,0,0,-0.9659,-0.2588,0,0.0,0,1,11.146,2,0
4217.88,8.563,13.38,0,0,0,-0.2588,-0.9659,1,0.222,0,0,12.04,1,0
3352.25,1.365,0.232,0,0,0,-0.2588,-0.9659,0,0.143,0,1,10.711,0,0
942.68,0.225,-0.904,0,0,0,-1.0,-0.0,0,0.1,0,0,12.487,0,0
744.31,0.578,-0.441,0,0,0,-0.866,-0.5,0,0.0,0,3,9.909,1,0
872.83,0.572,-0.401,0,0,0,0.5,-0.866,0,0.1,0,0,11.939,1,0
1243.3,0.678,-0.298,0,0,0,-0.9659,-0.2588,0,0.0,0,1,10.929,0,0
1445.48,0.526,-0.917,0,0,0,0.0,-1.0,0,0.1,0,0,11.424,0,0
2138.29,0.628,-0.26,0,0,0,0.7071,-0.7071,0,0.6,0,14,10.434,0,0
409.03,0.7,-0.23,0,0,0,-0.9659,0.2588,0,0.0,0,1,10.303,0,0
5110.31,0.919,-0.067,0,0,0,0.0,-1.0,0,0.0,0,0,11.635,1,0
2244.6,0.744,-0.177,0,0,0,0.0,-1.0,0,0.0,0,0,11.627,0,0
6608.95,4.959,0.0,0,0,0,-0.866,0.5,0,0.0,0,0,12.974,0,0
1202.56,1.491,0.0,0,0,0,-0.866,-0.5,0,0.0,0,1,8.775,0,0
633.69,0.729,-0.286,0,0,0,-0.7071,-0.7071,0,0.1,0,0,12.465,0,0
694.41,1.173,0.576,0,0,0,-0.866,-0.5,0,0.0,0,0,11.556,1,0
1137.24,0.178,-0.788,0,0,0,0.5,-0.866,0,0.2,0,0,11.404,1,0
177.69,1.0,0.0,0,0,0,0.5,-0.866,0,0.0,0,0,14.768,0,0
222.56,0.32,-0.334,0,0,0,-1.0,-0.0,0,0.1,0,2,10.956,1,0
919.71,0.443,-0.454,0,0,0,-0.866,0.5,0,0.0,0,0,13.194,0,0
2.38,0.009,-0.798,0,0,0,-0.7071,-0.7071,0,0.1,8,8,1.059,1,1
687.77,0.777,-0.473,0,0,0,-0.7071,-0.7071,2,0.5,0,1,10.331,0,0
657.66,0.491,-1.058,1,0,0,-0.5,-0.866,0,0.0,0,1,10.787,0,0
2738.92,1.232,0.212,0,0,0,0.2588,-0.9659,0,0.0,0,0,12.681,1,0
3489.91,0.257,-0.921,0,0,0,-1.0,-0.0,0,0.333,0,2,10.682,1,0
1956.84,0.731,-0.429,0,0,0,-0.9659,0.2588,0,0.0,0,1,10.971,0,0
18165.98,6.134,9.278,0,0,0,-0.9659,0.2588,0,0.3,0,0,12.183,2,0
9471.38,1.74,1.147,0,0,0,0.9659,-0.2588,0,0.0,2,2,8.03,4,0
2452.97,1.907,1.133,0,0,0,-0.5,-0.866,0,0.0,0,1,9.354,1,0
399.46,0.422,-0.542,0,0,0,0.2588,-0.9659,0,0.0,0,0,12.582,0,0
267.08,0.36,-0.496,0,0,0,-0.9659,0.2588,0,0.0,0,2,10.87,0,0
2295.55,0.482,-0.389,0,0,0,0.0,-1.0,0,0.0,0,1,10.874,0,0
14.15,0.015,-0.456,0,0,1,0.0,1.0,2,0.4,14,14,4.439,1,1
3542.89,8.946,10.055,0,0,0,-0.866,0.5,0,0.2,0,2,10.371,0,0
1700.49,0.846,-0.13,0,0,0,0.0,-1.0,1,0.143,0,0,12.246,0,0
6.31,0.004,-0.873,0,0,1,0.7071,0.7071,0,0.2,3,3,2.103,0,1
587.02,0.442,-0.876,0,0,0,-0.9659,-0.2588,0,0.0,0,1,8.522,1,0
823.26,1.0,0.0,0,0,0,-0.866,-0.5,0,0.0,0,0,14.768,0,0
48.5,0.051,-0.809,0,0,0,-0.9659,-0.2588,1,0.4,17,17,2.019,0,1
614.19,0.781,-0.19,0,0,0,-0.7071,0.7071,0,0.1,0,2,11.178,0,0
524.78,0.192,-0.771,0,0,0,-0.2588,0.9659,0,0.0,0,2,9.751,0,0
42.24,0.048,-0.546,0,0,0,-0.9659,0.2588,1,0.4,15,16,3.171,1,1
5338.66,1.139,0.101,0,0,0,-0.2588,0.9659,0,0.0,0,2,8.664,0,0
1613.45,0.342,-0.567,0,0,0,0.5,-0.866,0,0.0,0,2,9.447,1,0
48.14,0.011,-0.915,0,0,0,0.7071,-0.7071,1,0.1,3,3,0.245,0,1
1217.89,1.179,0.153,0,1,0,-0.2588,0.9659,0,0.0,0,0,11.54,0,0
1.31,0.001,-1.3,0,0,0,0.5,-0.866,0,0.0,5,5,1.127,0,1
1382.02,1.164,0.14,0,0,0,-0.2588,-0.9659,0,0.3,0,2,10.405,0,0
4856.44,2.73,1.477,0,0,0,0.5,-0.866,0,0.1,0,1,8.423,1,0
952.09,0.68,-0.649,0,0,0,-0.2588,-0.9659,1,0.1,0,1,9.985,1,0
28.8,0.016,-0.587,0,0,1,0.866,0.5,2,0.5,20,20,1.072,1,1
1385.66,1.031,0.028,0,0,0,1.0,0.0,0,0.3,0,2,9.878,1,0
17017.77,4.127,3.189,0,0,0,-0.2588,0.9659,0,0.0,0,1,10.441,0,0
284.53,0.546,-1.006,0,0,0,-0.2588,-0.9659,0,0.0,0,2,10.403,0,0
2095.81,1.381,1.814,0,0,0,0.0,-1.0,0,0.0,0,2,9.148,0,0
53.33,0.008,-0.943,0,0,1,0.5,0.866,1,0.1,1,1,0.0,0,1
59.12,0.179,-1.184,0,0,0,-0.7071,0.7071,4,0.6,11,13,3.379,1,1
383.86,0.376,-0.736,0,0,0,-0.2588,0.9659,0,0.1,0,1,11.293,0,0
4049.62,1.621,0.913,0,0,0,0.7071,-0.7071,1,0.333,2,2,7.391,3,1
56.74,0.071,-0.851,0,0,0,-0.5,0.866,0,0.2,10,10,4.514,0,1
1278.85,0.338,-0.607,1,0,0,-1.0,-0.0,0,0.0,0,2,9.737,1,0
500.87,0.209,-0.73,0,0,0,-0.9659,-0.2588,0,0.0,0,2,8.275,0,0
1006.15,0.491,-1.193,0,0,0,-1.0,-0.0,0,0.0,0,2,10.031,2,0
907.72,0.432,-0.799,0,0,0,0.9659,-0.2588,0,0.2,0,0,12.866,2,0
2484.18,1.402,2.544,0,0,0,-0.7071,0.7071,0,0.0,0,0,11.91,0,0
4649.31,8.762,13.61,0,0,0,0.866,-0.5,0,0.25,0,1,10.295,0,0
1902.02,0.596,-0.629,0,0,0,0.2588,-0.9659,0,0.0,0,0,11.787,0,0
7475.04,6.105,15.0,0,0,0,-0.9659,0.2588,0,0.0,0,1,10.906,0,0
490.97,0.412,-0.848,0,0,0,0.866,-0.5,0,0.1,0,0,12.279,2,0
568.54,1.108,0.154,0,0,0,-0.866,-0.5,0,0.111,0,1,8.666,1,0
7958.73,2.489,0.934,0,0,0,0.0,-1.0,0,0.0,0,0,13.704,0,0
2489.17,1.21,0.2,0,0,0,-0.9659,-0.2588,0,0.0,0,1,10.583,0,0
1582.58,0.612,-0.735,0,0,0,0.7071,-0.7071,0,0.1,0,1,10.617,0,0
995.49,0.087,0.0,0,0,0,-0.9659,-0.2588,0,0.0,0,1,8.854,0,0
320.73,0.863,-0.681,0,0,0,-0.5,0.866,0,0.2,0,0,11.556,0,0
20.13,0.043,-0.597,0,0,0,-0.2588,-0.9659,1,0.6,26,26,3.022,1,1
4070.57,1.802,0.994,0,0,0,-0.866,-0.5,0,0.0,1,1,6.384,3,1
2496.22,1.57,7.487,1,0,0,-0.7071,-0.7071,0,0.0,0,1,10.82,0,0
159.05,0.31,-0.596,0,0,0,-0.5,0.866,0,0.0,0,0,12.706,0,0
1785.25,0.614,-0.334,0,1,0,0.7071,-0.7071,0,0.0,0,0,12.243,0,0
823.53,0.369,-0.468,0,0,0,-0.9659,0.2588,0,0.0,0,6,9.381,0,0
2523.86,0.67,-0.373,0,0,0,-0.866,-0.5,0,0.1,0,3,10.219,0,0
1116.96,0.3,-0.863,0,0,0,0.7071,-0.7071,0,0.0,0,1,9.704,0,0
269.22,0.747,-3.366,0,0,0,-0.2588,-0.9659,0,0.333,0,0,12.672,1,0
1211.93,1.263,0.18,0,0,0,0.0,-1.0,0,0.0,0,0,11.54,0,0
2335.08,1.045,0.048,0,0,0,0.0,-1.0,0,0.0,0,2,10.769,0,0
336.36,0.649,-0.865,0,0,0,-0.2588,-0.9659,0,0.2,0,0,12.882,1,1
6598.06,5.749,13.046,0,0,0,0.0,-1.0,0,0.0,0,0,13.062,0,0
14214.89,2.901,1.707,0,0,0,-0.866,0.5,0,0.1,0,3,9.791,0,0
2338.81,1.049,0.054,0,0,0,0.9659,-0.2588,0,0.0,0,0,11.544,0,0
3832.4,0.879,-0.101,0,0,0,-0.5,-0.866,0,0.0,0,2,11.01,1,0
648.13,1.337,0.0,0,0,0,0.0,-1.0,0,0.0,0,0,11.385,0,0
22027.12,5.155,3.959,0,0,0,-0.7071,0.7071,0,0.0,0,1,9.155,0,0
512.02,0.374,-0.496,0,0,0,-0.866,0.5,0,0.0,0,0,12.244,1,0
2137.92,0.098,0.0,0,0,0,-0.866,-0.5,0,0.0,0,0,11.988,0,0
4865.37,4.398,9.87,0,0,0,0.0,-1.0,0,0.0,0,1,10.839,0,0
763.99,1.034,0.075,0,0,0,-0.7071,0.7071,0,0.25,0,0,12.021,1,0
10988.64,3.427,2.982,0,0,0,0.0,-1.0,0,0.1,0,0,11.589,0,0
2830.41,0.593,-0.902,0,0,0,0.2588,-0.9659,0,0.25,0,3,8.902,0,1
4960.56,0.642,-0.39,0,0,0,0.0,-1.0,0,0.0,0,0,11.648,1,0
23380.18,6.604,5.609,0,0,0,1.0,0.0,1,0.1,0,0,12.055,0,0
4047.09,2.007,1.446,0,0,0,0.7071,-0.7071,0,0.2,2,2,5.882,3,1
629.81,0.238,-0.694,0,0,0,-0.2588,0.9659,0,0.2,0,1,11.357,0,0
505.9,1.52,1.5,0,0,0,0.2588,-0.9659,1,0.1,0,1,10.991,1,0
333.13,0.878,-0.104,1,0,0,-0.2588,0.9659,0,0.0,0,0,11.745,0,0
12541.87,6.219,15.0,0,0,0,-1.0,-0.0,0,0.0,0,1,8.747,0,0
781.66,0.592,-0.339,0,0,0,-0.9659,0.2588,0,0.1,0,0,12.329,0,0
395.56,0.506,-0.433,0,0,0,-0.5,0.866,0,0.1,0,1,10.993,0,1
950.98,1.623,0.0,1,1,0,-1.0,-0.0,0,0.0,0,0,13.773,0,0
13781.02,18.125,0.0,1,1,0,-0.5,0.866,0,0.0,0,0,13.645,3,1
6572.57,1.494,0.484,0,0,0,-0.9659,0.2588,0,0.0,0,0,12.547,1,0
3841.29,1.538,1.018,0,0,0,0.7071,-0.7071,0,0.0,2,2,5.173,3,1
998.36,0.527,-0.415,0,0,0,-1.0,-0.0,0,0.0,0,2,8.256,0,0
2837.09,0.846,-0.129,0,0,0,0.0,-1.0,0,0.0,1,2,8.115,0,0
1712.08,0.392,-0.537,0,0,0,0.2588,-0.9659,0,0.0,0,1,11.083,0,0
1361.72,0.561,-0.48,0,0,0,-0.5,-0.866,0,0.1,0,1,10.885,0,0
2144.05,0.455,-0.813,0,0,0,-0.2588,0.9659,0,0.0,0,2,9.394,0,0
47.87,0.027,-1.293,0,0,0,-0.866,0.5,0,0.1,6,7,1.753,0,1
4073.03,3.297,3.687,0,0,0,0.2588,-0.9659,0,0.1,0,0,12.013,1,0
996.43,0.248,-0.333,0,0,0,-0.9659,0.2588,0,0.0,1,3,7.882,1,0
12179.75,4.341,2.835,0,0,0,-0.5,-0.866,0,0.0,0,1,11.244,0,0
585.86,0.218,-0.852,0,0,0,0.7071,-0.7071,0,0.0,0,0,12.385,0,0
572.07,0.521,-0.429,0,0,0,-0.2588,0.9659,0,0.1,0,1,9.969,0,0
958.18,0.676,-0.983,1,1,0,-0.9659,0.2588,0,0.0,0,0,13.435,0,0
1100.85,0.15,-0.845,0,0,0,0.2588,-0.9659,0,0.0,0,1,9.359,1,0
5200.23,0.965,-0.03,0,0,0,0.0,-1.0,0,0.2,0,0,12.495,1,0
657.39,0.447,-0.493,0,0,0,0.9659,-0.2588,1,0.2,0,2,9.008,0,0
1843.03,1.072,0.061,0,0,0,-0.866,-0.5,0,0.0,0,2,10.405,1,0
280.24,0.815,-0.458,0,0,0,-0.866,0.5,0,0.1,0,0,12.53,0,0
3662.96,1.145,0.159,0,0,0,0.2588,-0.9659,0,0.0,0,1,10.107,3,0
1954.77,0.659,-0.251,0,0,0,-0.9659,-0.2588,0,0.0,0,0,11.543,1,0
1449.38,0.652,-0.394,0,0,0,0.866,-0.5,0,0.0,0,2,10.719,0,0
833.55,0.33,-0.451,0,0,0,-0.866,0.5,0,0.0,0,0,11.958,1,0
2284.74,2.601,0.885,0,0,0,0.866,-0.5,0,0.2,0,0,12.657,0,0
4322.88,0.668,-0.264,0,0,0,-0.5,0.866,0,0.0,0,1,10.256,1,0
1731.8,1.0,0.0,0,0,0,0.0,-1.0,0,0.0,0,0,14.768,0,0
1847.65,0.766,-0.199,0,0,0,-0.9659,0.2588,0,0.0,0,3,10.347,1,0
7154.83,4.983,15.0,0,0,0,-0.5,0.866,0,0.0,0,0,11.793,0,0
176.02,0.315,-0.766,0,0,0,-0.5,0.866,1,0.3,0,1,9.8,0,0
1775.65,0.265,-0.555,0,0,0,-0.7071,0.7071,0,0.0,0,2,11.242,0,0
1469.37,1.044,0.037,1,0,0,0.2588,-0.9659,0,0.0,0,2,9.849,0,0
22.64,0.003,-0.613,0,0,0,-0.2588,0.9659,0,0.1,8,8,1.984,0,1
2828.06,1.331,0.235,0,0,0,-0.7071,0.7071,0,0.1,0,4,8.936,0,0
387.8,0.603,-0.775,0,0,0,-0.866,-0.5,0,0.111,0,0,12.185,0,0
1799.01,0.667,-0.308,0,0,0,0.2588,-0.9659,0,0.0,0,0,11.45,0,0
31.79,0.029,-0.617,0,0,0,0.0,-1.0,1,0.5,14,16,3.419,1,1
1021.57,1.0,0.0,0,0,0,0.0,-1.0,0,0.0,0,0,14.768,0,0
5422.04,1.815,1.909,0,0,0,-1.0,-0.0,0,0.1,1,3,6.202,0,0
894.14,0.691,0.0,0,0,0,-0.5,-0.866,0,0.0,0,0,13.413,0,0
22.05,0.014,-0.638,0,0,0,-0.2588,-0.9659,5,0.8,13,13,3.684,1,1
330.84,0.388,-0.428,0,0,0,0.0,-1.0,0,0.3,0,1,11.314,0,0
4022.3,1.396,0.767,0,0,0,0.7071,-0.7071,0,0.125,2,5,7.339,2,1
1552.98,0.767,-0.272,0,0,0,-0.5,-0.866,1,0.2,0,0,11.367,0,0
1692.49,0.638,-0.247,0,0,0,-1.0,-0.0,0,0.0,0,0,12.865,1,0
793.3,0.246,-0.607,0,0,0,-0.866,-0.5,0,0.1,0,0,11.948,1,0
405.94,0.498,-0.692,0,0,0,-0.866,0.5,0,0.0,0,1,10.548,0,0
259.95,0.199,-0.642,0,0,0,-0.2588,0.9659,0,0.0,0,0,11.601,0,0
27.96,0.023,-0.708,0,1,0,-0.9659,0.2588,0,0.2,2,3,2.421,1,1
1657.55,0.251,-0.64,0,0,0,-0.9659,0.2588,0,0.0,1,4,8.181,1,0
1421.88,0.215,-0.619,0,0,0,-0.866,0.5,0,0.1,0,1,9.388,0,0
1791.7,0.505,-0.276,0,0,0,-0.9659,0.2588,0,0.0,0,6,8.264,0,0
58.3,0.423,-0.332,0,0,0,-0.9659,0.2588,0,0.2,13,13,2.852,0,1
2146.87,0.359,-0.469,0,0,0,-0.5,0.866,0,0.0,0,0,11.938,0,0
3108.83,1.898,1.422,0,0,0,0.866,-0.5,0,0.0,0,1,11.121,1,0
1838.17,1.0,0.0,0,0,0,-0.7071,0.7071,0,0.0,0,0,14.768,0,0
2142.55,1.827,1.966,0,0,0,-0.7071,-0.7071,0,0.0,0,0,11.721,1,0
595.18,0.256,-0.737,0,0,0,-0.2588,0.9659,0,0.1,0,0,11.647,0,0
1457.42,0.378,-0.534,0,0,0,0.0,-1.0,0,0.125,0,1,9.83,0,0
2009.82,0.61,-0.256,0,0,0,0.866,-0.5,0,0.1,0,4,9.79,1,0
50.91,0.079,-1.066,0,0,0,0.9659,-0.2588,1,0.3,6,8,3.279,0,1
4878.95,2.337,1.044,0,0,0,-0.866,0.5,0,0.1,0,2,9.784,0,0
5.55,0.003,-1.29,0,0,1,0.7071,0.7071,0,0.4,11,12,2.031,2,1
1.32,0.002,-1.591,1,1,0,-0.866,0.5,0,0.2,1,1,0.0,1,1
2440.9,0.452,-0.412,0,0,0,-0.7071,-0.7071,0,0.1,0,0,11.857,1,0
1139.94,0.97,-0.043,0,0,0,0.7071,-0.7071,0,0.1,0,1,9.052,2,0
577.26,0.322,-0.609,0,0,0,-0.7071,-0.7071,0,0.0,0,1,10.571,1,0
5.75,0.009,-0.771,0,0,0,-0.2588,-0.9659,0,0.0,6,6,3.32,1,1
1303.66,0.768,-0.302,0,0,0,-0.9659,0.2588,0,0.111,0,0,11.84,1,0
694.64,0.782,-0.119,0,0,0,0.866,-0.5,0,0.3,0,0,11.721,0,0
2631.52,5.118,6.373,0,0,0,0.2588,-0.9659,0,0.1,0,2,9.412,0,0
663.31,1.699,2.485,0,0,0,-0.9659,0.2588,0,0.0,0,0,11.474,0,0
585.7,0.623,-0.697,0,0,0,0.5,-0.866,0,0.1,0,0,11.524,0,0
22109.19,3.47,1.979,1,0,0,-0.7071,0.7071,0,0.1,0,1,10.537,1,0
298.92,0.609,-0.293,0,0,0,-0.9659,-0.2588,0,0.1,0,0,11.399,0,0
1747.46,0.809,-0.443,0,0,0,0.5,-0.866,0,0.0,0,0,12.432,2,0
701.82,0.81,-0.657,0,0,0,-0.5,0.866,0,0.0,0,0,11.816,0,1
2760.84,0.905,-0.077,0,0,0,0.9659,-0.2588,0,0.1,0,0,12.664,1,0
1445.87,0.591,0.0,0,0,0,0.866,-0.5,0,0.0,0,1,10.741,0,0
617.93,0.298,-0.689,0,0,0,0.5,-0.866,0,0.0,0,0,12.883,0,0
1824.47,1.321,0.579,0,0,0,-0.9659,0.2588,0,0.0,0,1,11.317,2,0
3671.03,1.176,0.273,0,0,0,0.5,-0.866,0,0.0,0,1,10.505,0,0
2007.48,1.652,0.868,0,0,0,0.2588,-0.9659,0,0.1,0,1,9.419,0,0
433.54,0.775,-0.159,0,0,0,-0.866,0.5,0,0.1,0,0,12.252,1,0
3938.97,1.935,1.408,0,0,1,0.0,1.0,0,0.25,2,2,7.335,2,1
5099.51,1.367,0.314,0,0,0,-0.2588,0.9659,0,0.2,1,4,8.011,1,0
431.04,0.272,-0.559,0,0,0,-0.9659,-0.2588,0,0.1,0,2,11.187,0,0
56.08,0.078,-0.448,0,0,0,0.0,-1.0,0,0.0,26,28,4.305,1,1
4118.88,2.019,1.882,0,0,0,-0.866,0.5,0,0.0,0,3,10.398,1,0
51.78,0.01,-0.75,0,0,0,0.2588,-0.9659,0,0.1,5,5,1.871,1,1
1497.62,1.634,0.667,0,0,0,-0.2588,-0.9659,0,0.2,0,1,11.076,0,0
2.92,0.002,-3.932,1,1,0,-0.5,0.866,0,0.25,1,1,0.0,0,1
2170.43,0.586,-0.192,0,0,0,-0.866,-0.5,0,0.1,0,0,11.856,1,0
4671.05,1.0,0.0,0,0,0,0.2588,-0.9659,0,0.0,0,0,14.768,0,0
173.36,0.291,-0.625,0,0,0,-0.5,-0.866,0,0.0,0,2,10.141,0,0
2293.64,3.665,3.283,0,0,0,0.9659,-0.2588,0,0.0,0,1,9.837,3,0
9480.34,1.742,1.1,0,0,1,0.5,0.866,0,0.0,3,3,5.814,2,1
575.27,0.363,-0.547,0,0,1,0.9659,0.2588,0,0.0,0,2,10.909,0,0
39.81,0.031,-0.7,0,0,1,0.7071,0.7071,2,0.7,16,16,2.668,0,1
410.92,0.815,-0.154,1,0,0,-0.7071,0.7071,0,0.0,0,3,10.531,1,0
297.59,1.041,0.198,0,0,0,-0.2588,-0.9659,0,0.0,0,1,11.225,0,0
794.48,0.465,-0.3,0,0,0,0.7071,-0.7071,0,0.2,0,0,13.206,0,0
1003.06,0.764,-0.176,0,0,0,-0.866,0.5,0,0.1,0,0,11.549,1,0
2064.65,1.105,0.092,0,0,0,-0.2588,0.9659,0,0.0,0,0,12.423,0,0
53.25,0.01,-0.518,0,0,0,-0.2588,0.9659,0,0.3,16,16,2.058,0,1
3757.87,1.795,1.603,0,0,0,0.0,-1.0,0,0.0,0,2,9.207,2,0
967.84,0.294,-0.678,0,0,0,-1.0,-0.0,0,0.1,0,1,10.896,0,0
2316.01,1.136,0.243,0,0,0,-0.9659,0.2588,0,0.1,0,0,12.13,0,0
11556.03,3.325,2.028,1,0,1,0.5,0.866,0,0.7,0,13,9.146,1,0
614.54,0.17,-0.789,0,0,0,-0.2588,-0.9659,0,0.0,0,1,11.33,0,0
51.85,0.015,-0.661,0,0,1,0.2588,0.9659,0,0.5,11,11,0.8,0,1
1201.96,0.414,-0.408,0,0,0,-0.2588,-0.9659,1,0.2,0,0,12.134,0,0
3461.01,0.498,-0.378,0,0,0,-1.0,-0.0,0,0.0,0,2,9.222,0,0
2151.6,0.533,-0.366,0,0,1,0.866,0.5,0,0.2,0,0,13.239,2,0
2238.79,0.711,-0.259,0,0,0,-1.0,-0.0,0,0.0,0,1,10.88,0,0
555.41,0.264,-0.333,0,0,0,0.7071,-0.7071,0,0.1,0,0,11.397,1,0
2750.24,1.251,0.117,0,0,0,-0.7071,-0.7071,0,0.4,0,0,11.704,1,0
45.55,0.036,-1.529,0,0,1,0.9659,0.2588,1,0.2,6,6,2.597,1,1
148652.94,15.401,8.514,0,0,0,-0.7071,-0.7071,0,0.0,0,7,9.351,1,1
15237.87,8.799,0.0,1,0,0,0.866,-0.5,0,0.0,0,0,12.792,3,0
967.14,1.394,0.241,0,0,0,-0.7071,-0.7071,0,0.0,0,1,9.743,3,0
53.67,0.026,-1.008,0,1,0,1.0,0.0,2,0.2,4,4,2.903,0,1
11695.95,5.755,5.143,0,0,0,-0.7071,-0.7071,0,0.0,0,1,10.954,1,0
2231.01,0.535,-1.248,0,0,0,-0.2588,-0.9659,0,0.0,0,1,11.339,1,0
1533.23,0.363,-0.292,0,0,0,-0.9659,0.2588,0,0.5,0,0,12.676,0,0
9343.4,1.495,0.877,0,0,0,0.9659,-0.2588,0,0.0,2,3,5.187,4,1
2075.73,0.501,-0.22,0,0,0,-0.866,0.5,0,0.1,0,0,11.953,1,0
11760.31,4.447,3.052,0,0,0,-0.9659,0.2588,0,0.2,0,0,11.484,0,0
278.81,1.254,1.267,0,0,0,-0.2588,-0.9659,0,0.0,0,0,11.847,0,0
1919.88,1.507,1.673,0,0,0,-0.2588,0.9659,0,0.2,1,3,7.899,1,0
3475.14,1.164,0.469,0,0,0,-0.866,-0.5,0,0.0,0,0,13.355,0,0
1539.21,2.154,2.411,0,0,0,-0.866,0.5,0,0.0,0,1,9.473,0,0
6238.94,1.259,0.512,0,0,0,-1.0,-0.0,0,0.25,3,3,7.334,2,1
4651.5,6.703,4.746,0,0,0,-0.866,0.5,0,0.0,0,3,8.645,0,0
2556.88,0.408,-0.441,0,0,0,-0.2588,-0.9659,0,0.1,0,1,10.024,1,0
3221.82,0.833,-0.137,0,0,0,-0.5,-0.866,0,0.0,0,1,11.281,0,0
677.86,0.993,-0.006,0,0,0,-0.866,0.5,0,0.0,0,0,12.346,0,0
326.1,0.309,-0.619,0,0,0,-1.0,-0.0,0,0.1,0,0,12.437,0,0
361.08,0.402,-0.48,0,0,0,-0.5,-0.866,0,0.1,0,2,11.002,1,0
1705.18,1.748,0.623,1,0,0,1.0,0.0,0,0.1,0,0,11.431,0,0
12767.23,1.0,0.0,0,0,0,-0.9659,0.2588,0,0.0,0,0,14.768,0,0
33.11,0.045,-0.658,0,0,1,0.9659,0.2588,0,0.1,24,25,2.018,0,1
361.45,0.228,-0.718,1,0,0,-0.9659,0.2588,0,0.0,0,2,9.611,0,0
3490.5,0.654,-0.259,1,0,0,0.0,-1.0,0,0.1,0,1,11.11,2,0
722.57,1.059,0.028,0,0,0,-0.5,-0.866,0,0.0,0,1,10.284,1,0
5909.59,3.169,3.387,0,0,0,0.2588,-0.9659,0,0.0,0,0,11.914,0,0
2421.88,1.0,0.0,0,0,0,0.2588,-0.9659,0,0.0,0,0,14.768,0,0
1286.96,0.191,-0.728,0,0,0,-0.866,0.5,0,0.0,0,0,11.894,0,0
2459.17,0.929,-0.052,0,0,0,0.7071,-0.7071,0,0.0,0,0,11.816,0,0
12196.22,2.307,1.233,0,0,0,0.7071,-0.7071,0,0.1,0,3,10.17,1,0
443.8,0.124,0.0,0,0,0,-0.866,-0.5,0,0.0,0,0,12.7,0,0
19655.16,4.635,2.658,0,0,0,-0.9659,0.2588,0,0.1,0,1,11.205,0,0
825.78,1.0,0.0,0,0,0,0.0,-1.0,0,0.0,0,0,14.768,0,0
417.1,0.389,-0.57,0,0,0,-0.866,-0.5,0,0.2,0,0,11.835,0,0
1175.96,2.478,2.618,0,0,0,1.0,0.0,0,0.0,0,1,10.278,0,0
1478.74,0.922,-0.06,0,0,0,-0.866,-0.5,0,0.1,0,1,11.183,1,0
1812.97,0.336,-0.448,0,0,0,-0.7071,0.7071,0,0.0,0,1,11.271,1,0
1518.19,1.142,0.154,0,0,0,0.2588,-0.9659,0,0.0,0,0,11.413,2,0
894.8,0.446,-0.765,0,0,0,0.0,-1.0,0,0.2,0,0,11.629,2,0
1830.08,0.744,-0.419,0,0,0,-0.2588,0.9659,0,0.1,0,0,12.303,0,0
975.77,0.581,-0.326,0,0,0,0.5,-0.866,0,0.1,0,0,11.531,1,0
3332.2,0.547,-0.308,0,0,0,-0.7071,-0.7071,0,0.1,0,0,11.992,1,0
4107.06,0.567,-0.384,0,0,0,-0.9659,0.2588,0,0.0,0,5,10.028,0,0
674.44,0.605,-0.422,0,0,0,0.7071,-0.7071,0,0.0,0,0,12.229,1,0
717.42,0.971,-0.031,0,0,0,-0.866,-0.5,0,0.0,0,0,13.215,1,0
42586.7,7.286,4.827,0,0,0,0.7071,-0.7071,0,0.2,0,0,12.581,0,0
1188.13,0.232,-0.708,0,0,0,0.2588,-0.9659,0,0.0,0,4,9.353,1,0
10962.79,5.506,5.717,0,0,0,-0.9659,0.2588,0,0.3,0,4,8.256,0,0
163.87,0.232,-2.103,0,0,0,-0.7071,-0.7071,0,0.0,0,0,12.265,2,0
59.01,0.011,-1.231,0,0,0,0.9659,-0.2588,1,0.143,2,2,2.003,1,1
8384.51,20.727,15.0,1,0,1,0.7071,0.7071,0,0.0,0,2,11.079,0,1
1917.65,0.441,-0.483,0,0,0,0.7071,-0.7071,0,0.0,0,0,13.329,0,0
1113.09,0.389,-0.662,0,0,0,-0.5,-0.866,0,0.0,0,1,11.248,0,0
723.35,0.24,-2.481,0,0,0,-0.7071,-0.7071,0,0.1,0,0,12.154,0,0
678.48,0.383,-0.696,0,0,0,0.7071,-0.7071,0,0.2,0,0,11.457,2,0
720.49,0.375,-0.534,0,0,0,-0.7071,0.7071,1,0.1,0,0,12.274,1,0
192.44,0.421,-0.454,0,0,0,-0.9659,-0.2588,0,0.2,0,2,11.079,1,0
1711.62,0.29,-0.579,0,0,0,-0.7071,-0.7071,0,0.0,0,0,11.616,0,0
593.32,0.509,-0.419,1,0,0,0.2588,-0.9659,0,0.2,0,2,11.116,1,0
1148.96,0.521,-0.708,0,0,0,-0.9659,-0.2588,0,0.0,0,1,9.868,1,0
2013.89,1.588,0.504,0,0,0,0.9659,-0.2588,0,0.2,20,20,6.737,2,0
724.99,2.299,0.568,0,0,0,0.2588,-0.9659,0,0.5,0,0,12.863,0,0
33.11,0.138,-0.48,0,0,0,-0.866,0.5,1,0.3,15,15,0.338,1,1
6577.57,1.236,0.483,0,0,0,-1.0,-0.0,1,0.2,2,4,8.007,2,1
5926.36,2.04,1.878,0,0,0,0.2588,-0.9659,0,0.2,0,1,9.402,0,0
3491.74,6.959,7.589,0,0,0,0.7071,-0.7071,0,0.0,0,2,11.062,0,0
1094.7,0.333,-0.592,0,0,0,-0.9659,0.2588,0,0.0,0,0,11.429,0,0
4746.65,0.954,-0.094,0,0,0,-0.5,-0.866,0,0.0,0,2,10.615,0,0
794.06,0.407,-0.604,0,0,0,-0.7071,-0.7071,0,0.0,0,3,9.403,0,0
51.93,0.036,-0.775,0,0,1,0.7071,0.7071,2,0.4,7,7,2.931,0,1
71490.48,13.88,6.204,1,0,0,-0.9659,-0.2588,0,0.3,0,33,9.463,0,1
1754.99,1.222,0.194,0,0,0,-1.0,-0.0,0,0.0,0,1,9.376,0,1
8921.79,20.952,0.0,1,1,0,-0.2588,-0.9659,0,0.0,0,0,14.248,4,1
25176.27,6.42,5.037,1,0,0,1.0,0.0,0,0.0,0,4,8.54,1,1
1599.99,0.775,-0.211,0,0,0,0.866,-0.5,0,0.111,0,1,10.56,0,0
1286.52,1.0,0.0,0,0,0,-0.7071,-0.7071,0,0.0,0,0,14.768,1,0
552.24,0.629,-0.296,0,0,0,0.2588,-0.9659,1,0.1,0,0,12.894,0,0
2980.51,1.898,1.306,0,0,0,-0.2588,0.9659,0,0.0,0,2,9.896,1,0
639.83,0.232,-0.788,0,0,0,-0.9659,-0.2588,0,0.143,0,1,10.88,0,0
843.37,0.878,-0.434,1,0,0,-0.7071,0.7071,0,0.0,0,0,12.447,0,0
1527.57,0.364,-0.496,0,0,0,-0.2588,-0.9659,0,0.1,0,0,11.398,0,0
7388.03,5.314,6.134,0,0,0,-0.2588,-0.9659,0,0.0,0,3,9.484,0,1
18.1,0.011,-1.052,0,0,0,-0.2588,-0.9659,0,0.3,16,17,2.721,0,1
1455.49,0.738,-0.258,0,0,0,0.9659,-0.2588,1,0.3,0,0,12.118,2,0
8502.94,4.628,3.001,0,0,0,-0.5,-0.866,0,0.0,0,0,11.407,1,0
260.17,0.163,-0.806,0,0,0,1.0,0.0,0,0.2,0,0,11.925,0,0
561.87,0.73,-0.172,0,0,0,-0.9659,-0.2588,0,0.1,0,1,10.992,0,0
340.04,1.259,0.546,0,0,0,-0.5,0.866,0,0.0,0,2,9.535,0,1
3205.68,1.507,0.386,0,0,0,-0.9659,0.2588,0,0.0,0,2,9.751,0,0
2583.7,1.284,0.182,0,0,0,-0.9659,0.2588,0,0.1,0,1,11.24,0,0
3829.67,0.586,-0.332,0,0,0,-0.7071,0.7071,0,0.0,0,2,9.464,0,0
527.53,1.183,0.585,0,0,0,0.2588,-0.9659,0,0.25,0,0,11.531,0,0
762.69,0.484,-0.629,0,0,0,-0.5,-0.866,0,0.0,0,2,9.548,0,0
301.34,0.307,-0.595,0,0,0,-0.5,0.866,0,0.0,0,0,12.178,2,0
23078.35,3.941,2.235,0,0,0,-0.9659,-0.2588,0,0.0,0,0,11.501,0,0
2619.53,0.844,-0.135,0,0,0,-0.9659,0.2588,0,0.0,0,1,11.162,0,0
14241.4,2.881,1.699,0,0,0,0.5,-0.866,0,0.0,1,1,6.323,4,1
592.27,0.169,-0.677,0,0,0,0.2588,-0.9659,1,0.2,1,2,7.947,0,0
3011.59,3.804,2.604,0,0,0,0.2588,-0.9659,0,0.1,0,1,9.595,1,0
110.22,0.212,-0.72,0,0,0,-0.9659,-0.2588,0,0.0,0,1,9.581,1,0
930.59,0.556,-0.353,0,0,0,-0.866,0.5,0,0.0,0,2,10.295,0,0
4095.64,3.236,2.1,0,0,0,-0.7071,0.7071,1,0.2,0,0,11.438,0,0
287.33,0.123,-0.561,0,0,0,0.866,-0.5,0,0.2,0,6,10.225,0,0
494.79,1.0,0.0,0,0,0,-1.0,-0.0,0,0.0,0,0,14.768,1,0
1402.12,0.304,-0.713,0,0,0,-0.5,-0.866,0,0.0,0,3,8.664,0,0
1358.08,0.32,-0.572,0,0,0,-1.0,-0.0,0,0.1,0,0,11.417,0,0
8854.05,2.29,1.274,0,0,0,0.0,-1.0,0,0.0,1,1,6.912,3,1
326.02,0.203,-0.742,0,0,0,0.2588,-0.9659,0,0.0,0,0,11.712,0,0
113.5,0.174,0.0,0,0,0,0.0,-1.0,0,0.0,0,0,12.309,1,0
1106.15,0.308,-4.274,0,0,0,-0.5,-0.866,0,0.0,0,0,11.469,0,0
340.22,0.521,-1.653,0,0,0,0.866,-0.5,0,0.0,0,1,11.255,0,0
456.31,0.737,-0.241,0,0,0,0.7071,-0.7071,0,0.1,0,2,8.841,0,1
2943.8,1.157,0.422,0,0,0,-1.0,-0.0,0,0.0,0,1,10.064,0,0
8593.22,1.512,0.741,0,0,1,0.5,0.866,0,0.125,2,5,4.047,2,1
1776.15,0.377,-0.423,0,0,0,-0.866,-0.5,0,0.0,0,2,9.409,0,0
230.19,0.64,-1.085,0,0,0,0.2588,-0.9659,0,0.0,0,0,11.378,1,0
329.95,0.29,-0.321,0,0,0,-0.866,0.5,0,0.0,0,1,10.029,2,0
13981.45,2.62,1.322,0,0,0,1.0,0.0,0,0.1,0,2,9.557,0,0
1196.23,0.421,-0.52,0,0,0,-0.9659,0.2588,1,0.3,0,2,10.448,0,0
2419.36,0.606,-0.372,0,0,0,-0.9659,-0.2588,0,0.2,0,2,10.008,0,0
1016.39,0.712,-0.374,0,0,0,-0.2588,-0.9659,0,0.0,0,2,11.088,1,0
1671.0,0.593,-0.363,0,0,0,0.7071,-0.7071,0,0.0,0,2,10.028,0,0
2542.61,0.874,-0.22,0,0,0,-0.9659,0.2588,1,0.2,0,0,11.517,2,0
376.36,0.42,-5.0,0,0,0,0.7071,-0.7071,1,0.25,0,1,10.481,0,0
649.94,0.59,-0.764,0,0,0,-0.866,-0.5,0,0.1,0,0,11.445,0,0
1482.04,1.111,0.136,0,0,0,-0.866,0.5,0,0.1,0,4,9.495,1,0
4028.02,1.297,1.034,0,0,0,-0.866,-0.5,0,0.0,3,3,5.229,3,1
111.59,0.195,-0.64,0,0,0,-0.9659,-0.2588,0,0.1,0,2,9.727,0,1
647.98,0.942,-0.048,0,0,0,0.7071,-0.7071,0,0.0,0,2,10.306,0,0
266.08,0.152,-0.793,0,0,0,0.866,-0.5,0,0.0,0,0,12.307,0,0
1385.4,0.618,-0.349,0,0,0,0.2588,-0.9659,0,0.0,0,0,11.738,1,0
1916.78,0.791,-0.326,0,0,0,0.5,-0.866,0,0.0,0,1,11.244,0,0
1783.05,0.932,-0.157,0,0,0,-0.2588,-0.9659,0,0.1,0,3,8.906,1,0
978.9,0.565,-0.392,0,0,0,-0.866,-0.5,0,0.1,0,0,11.712,1,0
12932.24,4.753,11.045,0,0,0,-1.0,-0.0,0,0.0,0,3,9.013,0,0
2686.43,0.653,-0.252,0,0,0,-0.2588,0.9659,1,0.1,0,1,11.259,0,0
1112.59,0.577,-2.04,0,0,0,0.5,-0.866,0,0.333,0,0,13.353,1,0
646.41,0.613,-0.348,0,0,0,-0.7071,-0.7071,0,0.0,0,0,11.371,1,0
5863.37,1.587,0.544,0,0,0,-0.7071,0.7071,0,0.0,0,2,8.388,0,0
26281.77,6.933,4.583,0,0,0,-0.9659,-0.2588,0,0.0,0,0,12.005,3,0
941.27,0.292,-0.761,0,0,0,0.5,-0.866,0,0.1,0,0,11.371,0,0
50.91,0.009,-0.533,0,0,0,-0.2588,0.9659,0,0.3,15,15,0.932,0,1
1139.89,0.422,-1.593,0,0,0,-0.7071,0.7071,0,0.0,0,1,9.493,1,0
366.1,0.577,-0.345,0,0,0,-0.2588,-0.9659,0,0.1,0,2,10.347,0,0
1117.28,0.275,-0.528,0,0,0,-0.2588,-0.9659,1,0.1,0,1,10.305,0,0
1458.34,0.386,-0.586,0,0,0,-0.9659,-0.2588,0,0.0,0,0,11.822,0,0
1030.44,0.565,-0.39,0,0,0,-0.866,0.5,0,0.1,0,1,10.191,1,0
863.85,0.696,-0.248,0,0,0,-0.9659,0.2588,0,0.0,0,2,10.723,0,0
982.93,0.239,-0.581,0,0,0,-0.9659,0.2588,0,0.0,0,0,11.84,0,0
2090.02,0.514,-0.436,0,0,0,-0.5,0.866,0,0.0,0,0,11.63,0,0
463.0,0.388,-1.13,0,0,0,-0.7071,-0.7071,0,0.0,0,1,9.92,1,0
3101.59,0.815,-0.292,0,0,0,-0.5,-0.866,0,0.0,0,2,10.009,0,0
1141.13,0.292,-1.229,0,0,0,0.0,-1.0,0,0.1,0,1,11.338,0,0
37198.38,7.453,3.086,0,0,0,-0.2588,0.9659,0,0.1,2,7,7.954,0,1
721.47,0.451,-0.508,0,0,0,-0.5,-0.866,0,0.0,0,2,10.005,1,0
3348.97,1.104,0.08,0,0,0,-0.866,0.5,0,0.0,0,0,11.961,2,0
716.63,0.558,-0.354,0,0,0,-0.7071,-0.7071,0,0.0,0,2,11.143,0,0
3133.01,1.982,0.883,0,0,0,-0.2588,0.9659,0,0.0,0,0,13.048,1,1
654.78,0.338,-0.589,0,0,0,-0.866,-0.5,0,0.1,0,3,10.302,0,0
435.25,0.462,-0.489,0,0,0,-0.9659,-0.2588,0,0.1,0,0,12.463,0,0
12376.57,2.416,1.231,0,0,0,0.866,-0.5,0,0.0,0,2,10.069,1,0
2848.17,4.949,3.222,0,0,0,0.2588,-0.9659,0,0.2,0,1,10.361,0,0
1132.53,0.711,-0.294,0,0,0,-0.7071,0.7071,0,0.0,0,0,11.629,1,0
2110.6,1.673,0.787,0,0,0,0.2588,-0.9659,0,0.2,0,1,10.84,2,0
212.38,0.613,-3.544,0,0,0,-0.866,-0.5,0,0.0,0,1,11.286,1,0
7034.31,1.188,0.157,1,0,0,-0.2588,0.9659,0,0.1,0,1,9.938,0,0
788.93,0.284,-0.662,0,0,0,-0.2588,-0.9659,0,0.0,0,1,11.341,1,0
605.68,0.56,-0.368,0,0,0,0.866,-0.5,0,0.0,1,1,7.63,0,0
1312.29,0.625,-0.267,0,0,0,0.7071,-0.7071,0,0.3,0,2,10.05,2,0
1022.52,0.589,0.0,1,0,0,-0.5,-0.866,0,0.0,0,0,12.493,2,0
490.34,1.0,0.0,0,0,0,-0.7071,0.7071,0,0.0,0,0,14.768,1,0
1529.22,0.975,-0.023,0,0,0,0.9659,-0.2588,0,0.0,0,1,10.176,1,0
1375.2,0.997,0.0,0,0,0,-0.9659,0.2588,0,0.0,0,1,11.34,0,0
266.89,1.502,0.0,0,0,0,0.7071,-0.7071,0,0.0,0,0,12.044,0,0
25677.43,6.617,4.925,0,0,0,1.0,0.0,0,0.5,1,16,6.908,2,1
1144.57,0.733,-0.253,0,0,0,0.866,-0.5,0,0.0,0,0,12.108,2,0
2059.2,0.747,-0.677,0,0,0,-0.866,0.5,0,0.0,2,2,7.87,0,0
2411.14,1.144,0.142,0,0,0,-0.7071,0.7071,0,0.1,0,1,11.044,1,0
16.71,0.005,-0.796,0,0,0,-0.9659,0.2588,0,0.5,8,8,2.378,0,1
379.96,0.473,-0.688,0,0,0,0.0,-1.0,0,0.125,0,2,9.844,1,0
5336.82,0.845,-0.129,0,0,0,-0.9659,0.2588,0,0.1,1,4,6.551,0,0
13.82,0.01,-1.197,0,0,0,-0.9659,-0.2588,2,0.3,3,3,1.781,0,1
27938.02,3.776,1.975,0,0,0,-0.9659,-0.2588,0,0.0,0,0,12.481,0,0
2611.33,2.479,2.449,0,0,0,-0.2588,-0.9659,0,0.333,0,0,11.999,0,0
742.67,0.562,-0.422,0,0,0,0.9659,-0.2588,0,0.125,0,1,8.34,0,0
2036.07,0.989,-0.013,0,0,0,-0.5,0.866,0,0.1,0,1,10.917,0,0
3207.73,1.846,2.116,0,0,0,0.2588,-0.9659,0,0.2,1,1,7.03,1,0
281.4,0.546,-0.4,0,0,0,-0.866,0.5,0,0.0,0,3,8.57,1,0
672.74,0.329,-0.661,0,0,0,-0.2588,0.9659,0,0.0,0,0,11.473,0,0
764.88,1.05,0.121,0,0,0,0.866,-0.5,0,0.0,0,1,10.43,0,0
2316.52,0.637,-0.267,0,0,0,0.7071,-0.7071,0,0.1,0,0,11.635,0,0
1414.14,0.894,-0.085,0,0,0,-0.7071,-0.7071,0,0.0,0,3,9.724,1,0
4628.36,0.791,-0.188,0,0,0,0.2588,-0.9659,0,0.1,0,1,11.055,0,0
734.77,0.472,-1.559,0,0,0,-0.9659,0.2588,0,0.1,0,0,13.702,0,0
1031.13,0.635,-0.297,0,0,0,-0.5,0.866,1,0.1,0,0,11.99,0,0
56.15,0.12,-0.549,0,0,0,-0.2588,-0.9659,4,0.7,29,29,2.552,1,1
16672.99,7.058,3.651,0,0,0,0.0,-1.0,2,0.3,0,14,11.201,0,0
1042.29,0.211,-0.609,0,0,0,-1.0,-0.0,0,0.0,0,0,11.66,0,0
23390.28,1.925,1.849,0,0,0,0.5,-0.866,0,0.0,0,0,12.358,1,0
5785.34,2.9,2.274,0,0,0,-0.5,0.866,0,0.1,0,1,10.624,0,0
976.97,0.863,-0.456,0,0,0,0.9659,-0.2588,0,0.0,0,2,8.392,2,0
930.09,1.102,0.143,0,0,0,-0.866,-0.5,0,0.0,0,0,11.974,0,0
2972.2,0.7,-0.228,0,0,0,-0.866,0.5,0,0.0,0,2,10.661,0,0
204.3,0.322,-0.615,0,1,0,-0.9659,0.2588,0,0.0,0,1,11.229,1,0
10492.25,8.678,15.0,0,0,0,-0.7071,0.7071,0,0.0,0,0,12.227,0,0
613.8,1.96,1.527,0,0,0,0.866,-0.5,0,0.1,0,2,8.951,0,0
2068.02,1.799,2.493,0,0,0,0.2588,-0.9659,0,0.0,0,0,12.34,0,0
1973.06,0.342,-0.737,0,0,0,0.0,-1.0,1,0.2,0,1,9.824,0,0
8960.6,7.451,15.0,1,0,0,0.0,-1.0,0,0.0,0,0,11.936,3,1
2620.24,1.649,0.534,1,0,1,0.9659,0.2588,0,0.3,0,1,11.312,0,0
1013.2,0.779,-0.249,0,0,0,0.9659,-0.2588,0,0.0,0,0,12.731,0,0
210.18,0.245,-5.0,0,0,0,0.7071,-0.7071,0,0.0,0,0,11.83,0,0
3252.82,1.098,0.194,0,0,0,-0.7071,0.7071,0,0.0,0,1,10.918,0,0
4137.4,1.861,12.481,1,1,0,-0.866,-0.5,0,0.0,0,0,13.399,3,1
226.82,0.234,-0.633,0,0,0,0.7071,-0.7071,0,0.1,0,2,8.975,0,0
543.62,0.494,-0.434,0,0,0,-0.9659,0.2588,0,0.0,0,0,12.667,1,0
312.61,0.418,-1.668,0,0,0,0.7071,-0.7071,0,0.222,0,1,10.95,1,0
258.72,0.315,-0.446,0,0,0,-1.0,-0.0,0,0.1,0,0,12.135,0,0
7748.69,5.374,3.043,0,0,0,-0.5,-0.866,0,0.0,0,0,11.61,1,0
3703.6,2.853,5.587,0,0,0,-0.7071,0.7071,0,0.167,0,0,12.89,2,0
561.94,0.627,-1.143,0,0,0,-1.0,-0.0,0,0.0,0,3,9.951,1,0
57.99,0.15,-1.159,0,0,0,0.866,-0.5,0,0.1,4,6,2.167,0,1
3359.17,0.91,-0.403,0,0,0,-0.5,-0.866,0,0.0,0,0,13.96,0,0
3385.44,0.941,-0.05,0,0,0,-0.5,0.866,0,0.1,0,2,10.47,0,0
2099.52,0.727,-0.406,0,0,0,1.0,0.0,0,0.0,0,1,10.252,2,0
2262.35,0.471,-0.385,0,0,0,-0.9659,-0.2588,1,0.4,0,0,12.487,1,0
1033.62,0.531,-0.432,0,0,0,0.9659,-0.2588,0,0.1,0,1,10.121,0,0
3408.0,7.116,6.437,0,0,0,0.5,-0.866,0,0.1,1,1,8.16,1,0
16.6,0.09,-0.44,0,0,0,-0.866,0.5,2,0.5,29,29,3.724,1,1
1707.73,0.942,-0.516,1,0,0,-0.7071,0.7071,0,0.0,0,0,13.215,1,0
1353.15,0.999,-0.001,0,0,0,0.0,-1.0,0,0.1,0,0,11.773,1,0
1191.62,1.188,0.165,0,0,0,0.7071,-0.7071,0,0.1,0,0,12.401,0,0
19.29,0.211,-0.585,0,0,1,0.7071,0.7071,0,0.5,13,13,3.007,0,1
365.76,0.658,-0.168,0,0,0,-0.7071,0.7071,0,0.0,0,2,9.499,0,0
458.69,0.295,-0.792,0,0,0,-0.2588,-0.9659,0,0.111,0,2,10.51,1,1
13.37,0.012,-1.323,0,1,0,-0.5,0.866,0,0.3,6,7,2.441,0,1
861.41,1.17,0.484,0,0,0,-0.9659,0.2588,0,0.1,0,1,10.819,0,0
42412.04,10.714,5.953,0,0,0,0.0,-1.0,0,0.0,0,6,9.205,1,1
848.11,0.398,-0.823,0,0,0,0.2588,-0.9659,0,0.3,0,1,10.911,2,0
1882.37,0.518,-0.904,0,0,0,0.7071,-0.7071,0,0.0,0,1,10.515,1,0
582.41,0.618,-0.286,0,0,0,0.5,-0.866,0,0.0,0,1,11.213,1,0
2152.58,1.604,0.0,0,0,0,0.7071,-0.7071,0,0.667,0,2,10.47,0,0
4208.73,1.64,1.691,0,0,0,-0.7071,-0.7071,1,0.25,1,2,7.706,3,1
4467.64,1.004,0.013,0,0,0,-1.0,-0.0,0,0.0,0,1,9.851,0,0
249.66,0.197,-2.313,0,0,0,-0.2588,-0.9659,0,0.1,1,4,7.617,1,0
2764.32,1.938,0.854,0,0,0,0.866,-0.5,1,0.3,0,0,12.417,0,0
633.49,0.39,-0.467,0,0,0,-0.5,-0.866,0,0.1,0,0,11.623,0,0
470.54,0.909,-0.183,0,0,0,-0.7071,0.7071,0,0.1,0,0,12.03,1,0
2547.43,2.326,2.36,0,0,0,0.0,-1.0,0,0.0,1,5,5.9,1,0
888.22,1.253,0.564,0,0,0,-0.866,0.5,0,0.1,0,1,9.445,0,0
708.11,0.241,-0.605,0,0,0,-0.866,-0.5,0,0.0,0,0,12.688,1,0
802.61,0.312,-0.62,0,0,0,-0.9659,-0.2588,0,0.0,0,1,10.685,0,0
1589.38,0.733,-0.251,0,0,0,0.7071,-0.7071,0,0.2,0,1,11.132,1,0
329.63,0.226,-0.517,0,0,0,0.5,-0.866,0,0.0,0,1,11.308,1,0
14809.84,2.772,1.757,0,0,0,-0.2588,-0.9659,0,0.0,0,2,9.045,0,0
197.39,0.072,-0.887,0,0,0,-1.0,-0.0,0,0.1,0,0,12.584,2,0
324.15,0.622,-0.355,0,0,0,0.2588,-0.9659,0,0.2,1,1,8.125,0,0
1823.78,0.642,-0.313,0,0,0,-0.866,-0.5,0,0.0,0,0,11.735,1,0
21992.83,52.737,15.0,1,0,0,-0.2588,0.9659,1,0.5,0,14,10.804,1,1
33.96,0.037,-0.785,0,0,1,0.9659,0.2588,0,0.7,14,15,2.968,0,1
189.18,0.555,-1.011,0,0,0,-0.5,0.866,0,0.0,0,0,11.921,0,0
1781.56,1.079,0.0,0,0,0,-0.9659,0.2588,1,0.5,0,0,12.499,0,0
3075.63,5.524,2.281,0,0,0,-0.7071,0.7071,0,0.2,0,1,10.048,1,0
5016.79,1.763,0.672,0,0,1,0.9659,0.2588,2,0.2,0,5,8.918,0,0
494.1,0.369,-0.698,0,0,1,0.866,0.5,0,0.0,0,0,12.253,1,0
50.55,0.052,-0.614,0,0,0,-0.7071,-0.7071,2,0.6,10,11,2.272,0,1
237.85,0.457,-0.514,0,0,1,0.9659,0.2588,0,0.0,0,2,10.755,0,0
881.59,0.468,-0.493,1,0,0,-0.9659,0.2588,0,0.0,0,1,11.199,2,0
243.82,0.385,-0.496,0,0,0,1.0,0.0,0,0.1,1,1,7.786,0,0
13234.71,4.953,6.843,0,0,0,-0.866,0.5,0,0.0,0,0,12.185,0,0
6580.52,2.058,0.932,0,0,0,-0.866,0.5,0,0.0,0,0,11.771,0,0
173.37,0.255,-0.73,1,0,0,0.2588,-0.9659,0,0.0,0,1,10.095,0,0
2925.03,0.525,-0.357,0,0,0,-0.866,-0.5,0,0.0,0,2,9.012,0,0
416.52,0.851,-0.115,0,0,0,-1.0,-0.0,0,0.0,1,3,6.377,1,1
868.43,0.233,-1.149,0,0,0,-0.9659,-0.2588,0,0.0,0,0,13.041,1,0
6775.08,1.312,0.736,0,0,0,-0.866,-0.5,0,0.125,3,6,7.263,2,1
454.55,1.0,0.0,0,0,0,-0.7071,0.7071,0,0.0,0,0,14.768,0,0
1051.42,0.512,-0.425,1,0,0,-0.2588,0.9659,0,0.0,0,1,11.291,1,0
1732.39,4.809,14.399,0,0,0,0.9659,-0.2588,0,0.167,0,0,11.711,1,0
14049.06,4.833,5.476,0,0,0,-0.7071,0.7071,0,0.0,0,0,12.059,2,0
2353.43,0.45,-0.457,0,0,0,-0.2588,0.9659,0,0.1,0,0,11.513,0,0
1192.3,0.368,0.0,0,1,0,-0.9659,0.2588,0,0.0,0,0,11.784,0,1
3232.69,2.601,3.478,0,0,0,0.5,-0.866,0,0.1,0,0,12.318,0,0
41.78,0.022,-1.205,0,0,0,-0.2588,-0.9659,0,0.2,9,10,2.257,0,1
336.18,0.35,-0.556,1,0,0,-0.5,-0.866,0,0.0,0,0,11.557,0,0
1209.65,0.564,-0.393,0,0,0,-0.2588,-0.9659,0,0.0,1,2,7.832,0,0
2099.46,0.552,-0.373,0,0,0,-0.7071,-0.7071,0,0.0,0,0,12.405,0,0
468.43,0.503,-0.414,0,0,0,0.2588,-0.9659,0,0.1,0,4,10.748,0,0
804.49,1.032,0.076,0,0,0,-0.9659,0.2588,0,0.1,0,1,10.329,0,0
3915.29,4.417,3.46,0,0,0,0.7071,-0.7071,0,0.0,1,1,7.849,0,0
3558.21,0.941,-0.055,0,0,0,-0.5,0.866,0,0.0,0,2,9.973,0,0
1447.53,0.68,-0.193,0,0,0,-0.2588,-0.9659,0,0.0,0,0,12.076,0,0
158.28,0.577,-1.216,0,0,0,0.9659,-0.2588,0,0.0,0,0,13.605,0,0
283.91,0.094,-0.782,0,0,0,-0.866,-0.5,0,0.0,0,0,11.617,2,0
180.1,0.438,-5.0,0,0,0,-0.9659,-0.2588,0,0.0,0,0,13.302,0,0
2846.7,0.69,-0.223,0,0,0,0.5,-0.866,0,0.0,0,3,9.844,0,0
203.09,0.345,-0.551,0,0,0,-0.2588,-0.9659,0,0.0,0,0,11.633,1,0
2709.41,0.721,-0.207,0,0,0,-0.2588,-0.9659,0,0.1,0,1,9.648,0,0
1925.54,0.415,-0.542,0,1,0,-0.7071,0.7071,0,0.1,0,0,11.667,0,0
1553.67,0.372,-0.522,0,0,0,0.5,-0.866,0,0.1,0,2,10.32,1,0
1598.86,2.36,0.612,0,0,0,0.5,-0.866,0,0.0,0,3,9.825,1,0
25730.86,2.844,1.577,0,0,0,-0.866,0.5,1,0.143,0,0,12.294,0,1
1799.9,0.316,-0.564,0,0,0,0.866,-0.5,0,0.0,0,0,12.056,0,0
666.98,0.228,-0.716,0,0,0,-0.9659,0.2588,0,0.1,1,2,5.198,0,0
1541.07,1.094,0.171,0,0,0,-0.5,-0.866,0,0.1,0,1,11.224,0,0
1352.06,1.109,0.119,0,0,0,-0.2588,-0.9659,0,0.0,1,1,7.778,1,0
8539.16,1.254,0.178,0,0,0,0.0,-1.0,0,0.0,0,0,11.588,0,0
752.28,0.44,-0.397,0,0,0,0.7071,-0.7071,0,0.0,0,3,10.601,1,1
4081.87,0.845,-0.132,0,0,0,-1.0,-0.0,0,0.0,0,1,9.79,0,0
1468.13,0.551,-0.983,0,0,0,-0.9659,-0.2588,0,0.0,0,0,12.407,1,0
884.01,1.287,0.14,0,0,0,-0.866,0.5,0,0.1,0,0,12.248,1,0
28751.75,9.589,15.0,0,0,0,-0.5,-0.866,0,0.0,0,1,10.652,0,0
860.84,0.305,-1.049,0,0,0,0.7071,-0.7071,0,0.0,0,0,12.305,2,0
8514.98,3.055,2.003,0,0,0,-0.5,-0.866,0,0.0,0,1,11.337,1,0
1081.98,1.815,0.685,0,0,0,-0.2588,0.9659,0,0.0,0,1,8.996,1,0
128.25,0.403,-1.706,0,0,0,-0.9659,0.2588,0,0.0,0,0,11.856,0,0
609.31,0.428,-1.131,0,0,0,-0.9659,-0.2588,1,0.1,0,1,10.764,0,0
1883.75,0.936,-0.075,0,0,0,-0.9659,0.2588,0,0.1,0,0,11.611,0,0
18641.01,2.242,0.693,0,0,0,-0.2588,-0.9659,0,0.0,0,0,11.737,0,0
2447.81,0.338,-0.522,0,0,0,-0.2588,-0.9659,0,0.0,0,0,12.775,0,0
2271.61,1.0,0.0,0,0,0,-0.9659,-0.2588,0,0.0,0,0,14.768,0,0
416.37,0.861,-0.132,0,0,0,-0.866,0.5,0,0.1,0,1,10.265,1,0
34.18,0.081,-0.837,0,0,0,-0.866,0.5,2,0.2,27,27,2.337,0,1
51.39,0.023,-0.588,0,0,0,0.9659,-0.2588,1,0.2,14,14,2.823,1,1
4082.45,1.214,0.144,0,0,0,-0.2588,-0.9659,2,0.6,0,13,10.854,0,0
2244.39,0.386,-1.019,0,0,0,-0.9659,0.2588,0,0.0,0,0,13.521,0,0
57.63,0.428,-0.577,0,0,0,-0.9659,0.2588,0,0.3,19,20,3.692,0,1
561.16,0.196,-0.679,0,0,0,0.0,-1.0,0,0.0,0,0,11.678,0,0
9049.38,2.265,1.408,0,0,0,-0.9659,-0.2588,0,0.0,1,1,5.151,3,1
10027.04,2.638,1.649,0,0,0,-0.7071,-0.7071,1,0.1,0,0,12.459,0,0
42.87,0.473,-0.258,0,0,0,-0.9659,0.2588,1,0.5,29,29,2.416,0,1
2178.16,0.389,-0.42,0,0,0,-0.7071,-0.7071,0,0.0,0,1,10.758,0,0
13772.81,18.086,15.0,0,1,0,-0.866,0.5,1,0.4,0,1,8.208,0,0
3058.88,1.62,1.123,0,0,0,-0.866,0.5,0,0.0,0,0,12.377,0,0
407.65,0.286,-0.668,0,0,0,0.5,-0.866,0,0.0,0,0,11.442,0,0
196.9,0.23,-0.541,0,0,0,-0.5,-0.866,0,0.0,0,1,10.198,0,0
930.3,0.592,-0.492,0,0,0,-0.5,-0.866,0,0.0,0,0,11.563,1,0
1165.14,0.8,-0.194,0,0,0,-0.866,-0.5,0,0.0,0,0,12.208,1,0
513.33,1.612,1.647,1,0,0,-1.0,-0.0,0,0.0,0,1,10.549,0,0
505.17,0.065,-0.834,0,0,0,-0.7071,0.7071,0,0.1,0,0,11.376,0,0
414.53,1.285,0.774,0,0,0,-0.9659,-0.2588,0,0.0,0,1,9.998,1,0
343.24,0.628,-0.334,0,0,0,-0.5,-0.866,0,0.1,0,2,10.403,0,0
3118.08,0.748,-0.214,0,0,0,0.0,-1.0,0,0.0,0,0,12.378,0,0
1510.78,1.0,0.0,0,0,0,-0.7071,0.7071,0,0.0,0,0,14.768,0,0
3492.17,0.981,-0.016,0,0,0,-0.5,0.866,0,0.1,0,1,10.84,0,0
391.58,1.143,0.0,0,0,0,0.7071,-0.7071,0,0.0,0,0,11.736,0,0
846.67,0.585,-0.506,0,0,0,-0.2588,-0.9659,0,0.0,0,0,11.406,0,0
891.95,0.153,-0.831,0,0,0,0.2588,-0.9659,0,0.1,0,1,9.029,1,0
34176.02,8.719,6.666,1,0,0,-0.2588,-0.9659,0,0.3,1,9,7.452,0,1
2949.04,0.789,-0.208,0,0,0,-0.866,-0.5,0,0.1,0,2,9.391,0,0
836.18,0.843,-0.529,0,0,0,-0.866,0.5,0,0.0,0,0,13.807,0,0
1593.63,0.843,-0.14,0,0,0,0.0,-1.0,0,0.0,0,4,10.181,1,0
191.37,0.504,0.0,0,0,0,-0.9659,0.2588,0,0.0,0,0,11.984,0,0
458.05,0.149,-0.997,0,0,0,-0.866,-0.5,0,0.0,0,1,9.273,0,0
1029.87,0.442,-0.592,0,1,0,0.0,-1.0,0,0.0,1,2,6.71,0,0
1818.83,2.098,0.779,0,0,0,1.0,0.0,0,0.1,0,2,9.894,0,0
2502.49,0.568,-0.188,0,0,0,-1.0,-0.0,0,0.2,0,0,11.571,1,0
4812.94,0.778,-0.173,0,0,0,-0.7071,0.7071,0,0.0,0,0,12.288,0,0
1317.29,0.562,-0.324,0,0,0,-0.9659,-0.2588,0,0.0,2,5,5.198,0,0
1017.75,1.408,1.502,0,0,0,0.2588,-0.9659,0,0.0,0,1,9.912,1,0
1762.28,0.154,-0.349,0,0,0,-0.5,0.866,0,0.2,0,5,10.889,0,0
567.75,0.524,-0.388,0,0,0,0.2588,-0.9659,1,0.1,0,2,9.298,0,0
1674.15,1.0,0.0,0,0,0,0.2588,-0.9659,0,0.0,0,0,14.768,0,0
263.27,1.0,0.0,0,0,1,0.5,0.866,0,0.0,0,0,14.768,0,0
7222.44,25.493,15.0,0,0,1,0.2588,0.9659,1,0.4,1,27,5.473,0,1
1510.95,0.186,-0.539,0,0,0,0.2588,-0.9659,0,0.0,0,1,9.099,0,0
1084.94,0.742,-0.27,0,0,1,0.9659,0.2588,0,0.0,0,2,9.532,2,0
1010.79,0.657,-0.32,0,0,0,0.2588,-0.9659,1,0.1,0,2,10.449,1,0
1993.45,1.119,0.203,0,0,0,-0.5,-0.866,0,0.0,0,3,10.731,0,0
1178.52,1.345,0.279,0,0,0,0.2588,-0.9659,1,0.2,1,3,7.993,0,0
187.11,0.384,-0.489,0,0,0,-0.9659,0.2588,0,0.1,0,2,8.635,1,0
474.54,1.078,0.231,0,0,0,-0.2588,-0.9659,1,0.2,0,1,10.018,1,0
939.97,1.0,0.0,0,0,0,0.866,-0.5,0,0.0,0,0,14.768,0,0
3245.86,0.536,-0.319,0,0,0,-0.2588,-0.9659,0,0.2,0,0,12.293,0,0
743.49,0.584,-0.338,0,0,0,-0.9659,-0.2588,0,0.0,0,0,11.862,0,0
5507.39,4.29,2.879,0,0,0,-0.7071,-0.7071,0,0.2,1,21,7.934,2,0
639.03,0.262,-3.351,0,0,0,-0.7071,0.7071,0,0.0,0,1,9.752,1,1
1066.15,0.493,-1.396,0,0,0,-0.7071,-0.7071,0,0.0,0,1,10.734,1,0
6065.31,1.49,0.599,0,0,0,0.5,-0.866,0,0.0,0,0,12.474,0,0
1024.82,0.515,-0.468,0,0,0,0.866,-0.5,0,0.0,0,0,11.452,2,0
3236.78,0.856,-0.124,0,0,0,-1.0,-0.0,0,0.3,0,0,11.915,0,0
420.63,1.0,0.0,0,0,0,-1.0,-0.0,0,0.0,0,0,14.768,1,0
642.83,0.433,-0.432,0,0,0,-0.7071,0.7071,0,0.1,0,0,11.913,0,0
1443.7,1.12,0.149,0,0,0,-0.7071,-0.7071,0,0.0,0,1,11.3,0,0
548.8,0.819,-0.474,0,0,0,0.0,-1.0,0,0.0,0,0,11.478,0,0
4893.96,5.199,3.508,0,0,0,0.0,-1.0,0,0.0,0,0,11.991,0,0
1932.07,0.365,-0.634,0,0,0,-0.2588,0.9659,0,0.0,0,0,12.599,0,0
21898.02,8.661,13.182,0,0,0,0.0,-1.0,0,0.0,0,1,11.028,0,0
3436.45,0.898,-0.096,0,0,0,0.2588,-0.9659,0,0.0,0,0,11.973,3,0
43.39,0.122,-1.398,0,0,0,-0.7071,0.7071,1,0.2,6,8,3.532,1,1
20.97,0.034,-0.729,0,0,0,-0.2588,-0.9659,0,0.0,7,7,0.263,1,1
1645.56,1.922,1.27,0,0,0,-0.866,-0.5,0,0.1,0,0,12.847,0,0
7547.85,2.091,0.901,0,0,0,0.0,-1.0,0,0.0,0,0,12.401,0,0
6193.49,13.591,15.0,0,0,0,-0.9659,0.2588,0,0.25,0,0,11.679,0,0
3187.73,1.048,0.086,0,0,0,0.2588,-0.9659,0,0.0,0,1,11.172,0,0
1483.46,0.597,-0.423,0,0,0,0.7071,-0.7071,0,0.1,0,0,11.985,0,0
640.96,1.164,0.173,0,0,0,-0.7071,0.7071,0,0.1,0,1,10.989,0,0
573.04,0.44,-0.501,0,0,0,0.866,-0.5,0,0.0,0,1,8.891,0,0
366.9,0.283,-0.878,0,0,0,0.5,-0.866,0,0.0,0,0,12.068,1,0
693.32,0.482,-0.418,1,0,0,-0.866,0.5,0,0.1,0,1,10.906,2,0
2469.66,0.757,-0.178,0,0,0,0.9659,-0.2588,0,0.1,0,1,11.323,0,0
639.02,0.103,-0.673,0,0,0,-0.866,0.5,0,0.0,0,3,10.112,0,0
2179.61,0.662,-0.658,0,0,0,-0.5,0.866,0,0.0,0,1,8.305,1,0
1548.68,4.019,0.0,1,0,0,-0.5,0.866,0,0.0,0,1,9.563,0,0
8342.54,1.962,0.754,0,0,0,-0.9659,-0.2588,0,0.0,0,2,8.53,0,0
58.52,0.278,-0.51,0,0,0,-0.7071,-0.7071,0,0.4,17,17,2.909,1,1
3807.83,1.756,1.111,0,0,0,-0.5,-0.866,0,0.0,0,0,12.809,0,0
826.69,0.251,-0.634,0,0,0,0.0,-1.0,0,0.0,0,1,9.906,0,0
1988.08,1.155,0.137,0,0,0,0.9659,-0.2588,0,0.0,0,0,12.043,0,0
1278.31,0.621,-0.681,0,0,0,-1.0,-0.0,1,0.1,0,0,12.581,0,0
981.49,0.414,0.0,0,0,0,-0.7071,0.7071,0,0.5,0,0,13.423,0,0
212.22,0.575,-0.5,0,0,0,-0.9659,-0.2588,0,0.0,0,1,11.278,1,0
988.24,0.495,-0.489,0,0,0,-0.7071,-0.7071,0,0.0,0,1,11.298,0,0
1007.81,0.107,-0.695,0,0,0,-0.9659,0.2588,0,0.1,0,0,11.881,0,0
2668.44,0.767,-0.169,0,0,0,-0.2588,0.9659,0,0.0,0,1,11.033,0,0
1072.78,0.406,-0.808,0,0,0,0.7071,-0.7071,0,0.0,0,0,11.429,0,0
41.88,0.014,-0.772,0,1,0,-0.2588,-0.9659,1,0.1,1,2,0.0,0,1
2344.9,1.075,0.074,0,0,0,-0.866,-0.5,0,0.0,0,2,9.588,1,1
36.57,0.077,-0.937,0,0,0,-0.866,0.5,0,0.0,20,20,1.402,0,1
3010.67,0.714,-0.255,0,0,0,-0.866,0.5,0,0.1,0,0,12.637,0,0
901.8,0.427,-0.364,0,0,0,-0.2588,0.9659,0,0.1,0,0,11.879,1,0
908.59,0.762,-0.307,0,0,0,0.7071,-0.7071,0,0.0,0,1,10.458,1,0
1190.24,0.35,0.0,0,0,0,-1.0,-0.0,0,0.0,0,1,10.907,0,0
4763.51,3.246,2.286,0,0,0,-0.2588,0.9659,1,0.1,0,3,8.827,1,0
804.62,0.193,-0.994,0,0,0,-0.5,-0.866,0,0.0,0,0,12.022,1,0
3009.43,0.904,-0.085,1,0,0,-1.0,-0.0,0,0.0,0,4,9.756,1,0
404.36,0.348,-0.476,0,0,0,0.866,-0.5,0,0.0,0,2,10.769,0,0
3560.29,2.107,2.168,0,0,0,-1.0,-0.0,0,0.0,0,1,11.055,0,0
9204.77,4.124,0.0,0,0,0,-0.2588,-0.9659,2,0.667,1,2,8.173,4,1
1142.38,0.402,-0.455,0,0,0,-0.7071,0.7071,0,0.1,0,1,11.067,0,0
68615.64,9.17,5.365,0,0,0,0.2588,-0.9659,0,0.1,1,9,7.996,2,1
366.49,0.963,-0.066,0,0,0,-0.9659,-0.2588,0,0.0,0,0,11.936,1,0
585.8,0.176,-0.702,0,0,0,-0.7071,-0.7071,0,0.1,0,0,12.494,0,0
1418.32,0.743,-0.189,0,0,0,-1.0,-0.0,0,0.111,0,0,12.003,0,0
1370.3,0.608,-0.271,0,0,0,-0.2588,0.9659,0,0.2,0,2,9.601,1,0
1100.67,0.168,-0.977,0,0,0,0.866,-0.5,0,0.0,0,1,9.463,0,0
298.96,0.366,-1.692,0,0,0,-0.2588,0.9659,0,0.0,0,1,9.108,0,0
22.76,0.049,-0.943,0,0,0,-0.866,0.5,0,0.0,21,21,2.841,0,1
16.35,0.029,-0.505,0,0,0,-1.0,-0.0,0,0.4,15,15,2.835,0,1
1318.35,0.329,-0.558,0,0,0,-0.9659,-0.2588,0,0.1,0,1,10.531,1,0
34.86,0.044,-0.611,0,0,0,-1.0,-0.0,3,0.6,10,10,2.916,0,1
323.29,0.174,-0.737,0,0,0,-0.2588,0.9659,0,0.0,0,0,12.395,0,0
459.92,0.367,-0.521,0,0,0,0.0,-1.0,1,0.111,0,0,11.809,0,0
1941.36,0.305,-0.565,0,0,0,-1.0,-0.0,0,0.0,0,0,12.093,0,0
533.91,0.861,-0.161,0,0,0,0.5,-0.866,0,0.0,0,3,9.061,3,0
1109.03,0.493,-0.234,0,0,0,-0.2588,-0.9659,0,0.4,0,1,11.274,1,0
23.81,0.018,-0.851,0,0,0,-0.2588,-0.9659,0,0.4,28,29,3.602,0,1
1116.97,0.862,-0.135,0,0,0,-0.5,0.866,0,0.0,0,0,11.965,1,0
425.77,0.135,-0.71,0,0,0,-0.9659,0.2588,0,0.0,0,0,12.151,1,0
3210.58,1.815,0.0,0,0,0,0.0,-1.0,0,0.0,0,1,10.46,1,0
698.6,0.452,-0.472,0,0,0,0.7071,-0.7071,0,0.1,0,1,11.229,0,0
4147.15,1.651,1.093,0,0,1,0.0,1.0,1,0.333,2,2,3.929,2,1
1001.07,0.572,-0.431,0,0,0,-0.9659,-0.2588,0,0.0,0,0,12.093,0,0
193.93,0.561,-0.991,0,0,0,-1.0,-0.0,0,0.0,0,1,9.148,0,0
2951.55,1.0,0.0,0,0,0,-0.9659,-0.2588,0,0.0,0,0,14.768,0,0
1561.76,0.851,-0.131,0,0,0,0.7071,-0.7071,0,0.0,0,0,12.01,1,0
731.76,0.704,-0.309,0,0,0,-0.2588,-0.9659,0,0.1,0,1,11.136,0,0
2151.67,0.238,0.0,0,0,0,-0.866,-0.5,0,0.0,0,1,10.696,0,0
1268.73,0.941,-0.17,0,0,0,-0.9659,-0.2588,0,0.0,0,0,12.903,2,0
876.62,0.256,-0.694,0,0,0,-0.7071,0.7071,0,0.0,0,0,11.631,0,0
1611.25,0.42,-0.508,0,0,0,-0.2588,0.9659,0,0.2,0,1,10.777,0,0
1599.82,0.734,-0.217,0,0,0,-0.866,0.5,0,0.0,0,1,10.559,0,0
641.16,0.34,-0.629,0,0,0,-0.9659,-0.2588,0,0.2,0,0,11.814,0,0
2225.1,1.108,0.111,0,0,0,-0.2588,0.9659,1,0.1,0,1,10.872,0,0
2216.68,5.178,4.818,0,0,0,1.0,0.0,0,0.1,0,1,10.79,1,0
496.63,0.173,-0.651,0,0,0,-0.7071,0.7071,0,0.0,0,0,11.46,2,0
2427.01,1.296,0.499,0,0,0,-0.866,-0.5,0,0.0,0,0,11.58,0,0
1877.2,0.533,-0.315,0,0,0,0.2588,-0.9659,0,0.0,0,1,9.593,0,0
23.25,0.024,-0.504,0,0,0,0.9659,-0.2588,0,0.2,13,14,2.221,2,1
1241.24,0.516,-0.35,0,0,0,-0.2588,-0.9659,0,0.0,0,1,9.533,0,0
1173.93,0.297,-0.568,1,0,0,-0.2588,-0.9659,0,0.0,1,1,7.201,1,0
552.33,0.791,-0.187,0,0,0,-0.9659,0.2588,0,0.0,0,6,9.547,0,0
51.35,0.705,-0.192,0,0,1,0.7071,0.7071,0,0.6,21,21,3.808,0,1
517.9,0.691,-0.312,0,0,0,0.9659,-0.2588,0,0.0,0,2,10.966,0,0
31.14,0.113,-0.535,0,0,0,-0.866,0.5,1,0.2,11,11,0.968,1,1
297.44,0.372,-0.487,0,0,0,-0.866,-0.5,0,0.1,0,2,9.579,0,0
876.5,1.003,0.008,0,0,0,-0.2588,0.9659,0,0.111,0,0,11.579,1,0
1021.86,0.778,-0.523,0,0,0,-1.0,-0.0,0,0.0,0,3,8.885,0,0
1933.46,0.322,-0.553,0,0,0,-0.866,-0.5,0,0.1,0,1,9.53,1,0
2227.95,2.147,2.282,0,0,0,0.866,-0.5,2,0.2,0,1,10.48,2,0
2652.6,0.971,-0.081,0,0,0,0.5,-0.866,0,0.0,0,0,12.162,1,0
3338.17,0.622,-0.329,0,0,0,0.2588,-0.9659,0,0.0,0,1,11.358,1,0
1430.59,0.473,-0.626,0,0,0,-0.866,0.5,0,0.0,0,0,12.295,0,0
3136.6,0.503,-0.469,0,0,0,-0.2588,-0.9659,0,0.2,0,0,11.442,1,0
23119.25,5.896,5.055,0,0,0,-0.7071,-0.7071,1,0.1,0,0,11.519,0,0
263839.42,22.003,9.078,1,0,0,-0.7071,0.7071,0,0.0,0,10,8.628,0,1
1600.8,1.492,1.677,0,0,0,0.0,-1.0,0,0.0,0,1,11.206,2,0
1107.95,0.612,-0.353,0,0,0,-0.2588,-0.9659,0,0.0,0,3,11.02,1,0
3381.12,0.515,-0.463,0,0,0,0.7071,-0.7071,0,0.0,0,0,12.643,0,0
1817.81,1.0,0.0,0,0,0,-0.866,0.5,0,0.0,0,0,14.768,0,0
784.55,0.886,-0.242,1,0,0,-0.5,0.866,0,0.0,0,0,12.285,0,0
1397.24,0.378,-0.476,0,0,0,-0.7071,0.7071,0,0.1,0,0,12.905,0,0
660.66,1.085,0.083,1,0,0,-1.0,-0.0,0,0.0,1,1,8.176,0,0
1253.31,0.517,-0.478,0,0,0,-0.2588,0.9659,0,0.0,0,2,9.705,0,0
873.88,0.726,-0.185,0,0,1,0.9659,0.2588,0,0.1,0,0,11.952,1,1
226.56,0.798,-0.513,0,0,0,0.0,-1.0,0,0.0,0,4,8.623,0,0
7947.61,1.04,0.028,0,0,0,-1.0,-0.0,0,0.0,0,0,11.959,0,0
132.44,0.353,-0.72,0,0,0,0.9659,-0.2588,0,0.1,0,0,11.659,0,0
685.49,1.295,0.223,0,0,0,-1.0,-0.0,0,0.0,0,0,13.137,0,0
1860.56,0.934,-0.082,0,0,0,-0.7071,0.7071,0,0.3,0,1,8.781,0,0
764.16,0.373,0.0,1,1,0,-0.7071,-0.7071,0,0.0,0,0,12.146,1,0
4705.29,0.535,-0.307,0,0,0,-0.866,-0.5,0,0.0,0,0,11.413,0,0
218.76,0.32,-0.327,0,0,0,-0.7071,-0.7071,0,0.0,0,0,12.241,1,0
354.4,1.031,0.245,0,0,0,-0.866,-0.5,0,0.0,0,0,12.839,1,0
2018.17,1.206,0.151,0,0,1,0.9659,0.2588,0,0.0,0,1,11.057,0,0
6770.15,1.532,0.257,0,0,0,-0.9659,0.2588,0,0.1,0,0,11.533,0,1
605.33,0.223,-1.989,0,0,0,-0.7071,0.7071,0,0.0,0,2,9.299,0,0
21.28,0.013,-0.638,0,0,0,-0.2588,-0.9659,3,0.6,11,11,4.314,1,1
673.86,0.467,-0.374,0,0,1,0.9659,0.2588,0,0.2,0,2,10.335,1,0
1416.3,0.927,-0.069,1,0,0,0.0,-1.0,0,0.0,0,1,11.342,0,0
1001.25,0.933,-0.166,0,0,0,0.866,-0.5,0,0.0,0,2,8.46,0,0
4299.48,2.389,1.368,1,0,0,0.2588,-0.9659,1,0.1,0,2,9.972,0,0
6.69,0.039,-1.084,0,1,1,0.7071,0.7071,0,0.2,3,3,2.456,0,1
1492.47,1.273,0.185,0,0,0,-0.5,0.866,0,0.2,0,1,9.096,1,0
1249.38,0.556,-0.399,0,0,0,0.7071,-0.7071,0,0.2,0,0,11.539,0,0
285.96,0.444,-0.514,0,0,0,1.0,0.0,0,0.0,0,1,10.57,0,0
4567.65,0.771,-0.213,0,0,0,-0.2588,-0.9659,0,0.2,0,1,9.952,1,0
16108.79,8.49,4.068,0,0,0,-0.5,0.866,0,0.0,0,1,10.456,1,0
628.05,0.262,-0.557,0,0,0,-0.866,-0.5,0,0.0,0,1,11.101,0,0
2732.72,1.666,0.538,0,0,0,-1.0,-0.0,0,0.1,0,1,10.886,1,0
1940.24,0.44,-0.469,0,0,0,-0.5,-0.866,0,0.0,0,1,9.848,1,0
48073.79,9.429,4.562,0,0,1,0.9659,0.2588,0,0.2,1,3,8.052,1,1
471.9,0.762,-0.153,0,0,0,-0.7071,-0.7071,0,0.2,0,0,11.77,0,0
3078.46,3.613,2.638,0,0,0,0.0,-1.0,0,0.1,0,1,9.431,1,0
9806.32,4.862,15.0,0,0,0,0.7071,-0.7071,0,0.0,0,0,12.734,1,0
202.58,0.216,-0.877,0,0,0,-0.5,-0.866,0,0.2,0,1,9.841,0,0
181.78,0.354,-0.459,0,0,0,-0.5,-0.866,0,0.2,0,1,10.237,1,0
596.57,0.911,-0.085,0,0,0,-0.2588,0.9659,0,0.2,0,0,11.871,1,0
1673.61,0.418,-0.589,0,0,0,-0.7071,-0.7071,0,0.1,0,1,11.2,1,0
518.11,0.589,-2.749,0,0,0,-0.7071,-0.7071,0,0.25,0,1,9.826,0,0
2131.99,0.755,-0.215,0,0,0,-0.9659,0.2588,0,0.0,0,0,11.9,1,0
590.3,0.162,-0.624,0,0,0,-0.866,0.5,0,0.0,0,1,11.285,0,0
344.98,1.046,0.022,0,0,0,0.5,-0.866,0,0.4,0,1,8.55,0,0
1532.83,0.751,-0.206,1,0,0,-0.2588,0.9659,0,0.0,0,1,11.252,1,0
241.17,0.382,-0.554,0,0,0,1.0,0.0,0,0.1,0,2,9.532,0,0
1529.61,1.0,0.0,0,0,0,0.2588,-0.9659,0,0.0,0,0,14.768,2,0
2677.74,1.687,1.133,0,0,0,-0.7071,-0.7071,0,0.1,0,0,11.835,0,0
1143.66,0.709,-0.219,0,0,0,0.5,-0.866,0,0.2,0,0,11.908,0,0
1276.75,0.364,-0.521,0,0,0,-0.866,0.5,0,0.0,1,2,6.884,2,0
3103.78,1.646,1.14,0,0,0,-0.7071,0.7071,0,0.0,0,0,11.57,0,0
7416.58,3.66,2.217,0,0,0,0.7071,-0.7071,0,0.0,0,0,12.204,1,0
4198.38,5.265,0.0,1,1,0,0.7071,-0.7071,0,0.0,0,0,13.257,3,0
2529.0,1.193,0.175,0,0,0,-0.866,-0.5,1,0.2,0,0,11.766,0,0
333.46,1.0,0.0,0,0,0,-0.9659,-0.2588,0,0.0,0,0,14.768,1,0
33.14,0.011,-0.693,0,0,0,-0.9659,0.2588,0,0.5,21,21,3.779,0,1
613.64,0.585,-0.379,0,0,0,0.866,-0.5,0,0.0,0,2,9.533,1,0
1840.34,0.552,-0.346,0,0,0,-0.2588,0.9659,0,0.0,0,3,9.728,0,0
3111.41,0.344,-0.563,1,0,0,-0.7071,-0.7071,0,0.0,0,1,11.321,0,0
2524.42,0.884,-0.087,0,0,0,-0.2588,0.9659,0,0.0,0,0,13.351,1,0
18160.25,7.842,3.613,0,0,1,0.7071,0.7071,0,0.0,2,3,4.908,1,1
217.08,0.777,-0.439,0,0,0,-0.2588,0.9659,0,0.0,0,2,11.168,0,0
3401.17,0.804,-0.086,0,0,0,-0.9659,0.2588,0,0.1,0,1,10.579,1,0
421.41,0.72,-0.457,0,0,0,0.5,-0.866,0,0.333,0,0,12.98,0,0
766.02,0.422,-0.518,0,0,0,-0.866,-0.5,0,0.0,0,1,11.312,0,0
2629.67,0.585,-0.329,0,0,0,-0.7071,0.7071,0,0.0,0,2,9.992,1,0
44.21,0.013,-0.752,0,0,0,-0.9659,0.2588,1,0.6,13,13,2.602,0,1
977.11,0.82,-0.43,0,0,0,0.7071,-0.7071,0,0.125,0,1,11.301,1,0
2278.23,7.281,7.035,0,0,0,-1.0,-0.0,0,0.1,0,2,8.231,0,0
425.8,0.465,0.0,0,0,0,0.0,-1.0,0,0.0,0,1,11.001,1,0
2170.98,0.655,-0.283,0,0,0,0.866,-0.5,0,0.0,0,0,12.316,0,0
248.59,0.241,-0.596,0,0,0,-0.2588,0.9659,0,0.0,0,0,12.113,1,0
4683.2,5.303,3.611,0,0,0,0.7071,-0.7071,0,0.1,0,2,11.19,0,0
693.77,0.346,-0.617,0,0,0,-1.0,-0.0,0,0.1,0,1,10.365,1,0
1154.5,0.779,-0.167,0,0,0,-0.9659,0.2588,0,0.1,0,1,9.12,0,0
3544.87,0.553,-0.35,0,0,0,-0.866,0.5,0,0.0,0,0,12.484,0,0
8990.16,1.274,0.564,0,0,0,0.9659,-0.2588,0,0.0,1,3,7.986,4,1
213.94,0.669,-1.667,0,0,0,-0.5,-0.866,0,0.0,0,0,12.568,1,0
46.01,0.029,-1.037,0,1,0,-0.5,-0.866,0,0.0,8,8,1.409,2,0
4151.11,2.122,0.0,0,0,0,-0.5,0.866,1,0.5,1,1,6.587,2,1
40.72,0.01,-0.913,0,1,0,0.866,-0.5,0,0.0,5,6,2.016,0,1
1713.89,1.309,0.459,0,0,0,-0.7071,0.7071,0,0.0,0,3,9.523,1,0
31.09,0.008,-0.837,0,1,0,0.7071,-0.7071,0,0.1,4,4,1.865,0,1
4109.36,0.645,-0.292,0,0,0,-0.7071,0.7071,0,0.0,0,0,11.492,0,0
2451.6,0.975,-0.022,0,0,0,-0.866,-0.5,0,0.0,0,0,11.886,0,0
616.29,0.728,-0.211,0,0,0,0.5,-0.866,0,0.0,0,0,11.785,2,0
1.93,0.002,-0.617,0,0,0,0.9659,-0.2588,0,0.1,7,8,2.703,2,1
3006.88,1.269,0.538,0,0,0,-0.9659,-0.2588,2,0.2,0,0,13.621,0,0
989.8,0.438,-0.505,0,0,0,-0.5,-0.866,0,0.0,0,5,10.03,1,0
404.21,1.0,0.0,0,0,0,-0.5,0.866,0,0.0,0,0,14.768,1,0
663.57,0.378,-0.526,1,0,0,-0.9659,0.2588,0,0.0,0,1,10.945,1,0
1987.99,0.405,-0.499,0,0,0,0.0,-1.0,0,0.0,1,3,8.046,1,0
1259.04,0.914,-5.0,0,0,0,-0.2588,0.9659,0,0.0,0,0,12.063,0,0
1623.83,0.679,-0.244,0,0,0,-0.7071,0.7071,0,0.0,0,0,12.045,1,0
1176.39,0.989,-0.012,1,0,0,-0.2588,0.9659,0,0.0,0,3,10.099,2,0
285.25,0.464,-0.475,0,0,0,0.7071,-0.7071,0,0.1,0,0,12.313,0,0
386.11,0.175,-1.265,0,0,0,-0.5,0.866,0,0.0,0,0,12.207,0,1
2565.75,1.257,0.63,0,0,0,-0.866,0.5,0,0.0,0,2,9.867,1,0
3821.87,1.507,1.297,0,0,0,0.7071,-0.7071,0,0.0,0,0,11.542,0,0
736.03,0.457,-0.296,0,0,0,-0.7071,0.7071,0,0.0,0,1,10.567,0,0
3619.98,4.416,2.271,1,0,0,0.9659,-0.2588,0,0.2,0,27,9.373,0,1
2391.71,2.378,2.656,0,0,0,0.9659,-0.2588,0,0.0,0,0,12.779,1,0
7138.27,1.261,0.187,0,0,0,-0.9659,-0.2588,0,0.0,0,0,12.372,0,0
269.5,0.929,-0.201,0,0,0,0.7071,-0.7071,0,0.0,0,0,13.851,0,0
791.02,0.991,-0.019,0,0,0,0.9659,-0.2588,0,0.2,0,0,11.709,0,0
1647.21,1.784,5.196,0,0,0,-1.0,-0.0,0,0.25,0,0,11.392,1,0
690.3,0.448,-0.508,0,0,0,-1.0,-0.0,0,0.0,0,2,9.124,1,0
959.25,1.034,0.083,0,0,0,0.0,-1.0,0,0.2,0,0,11.442,0,0
740.13,0.656,-0.267,1,0,0,0.2588,-0.9659,0,0.0,0,1,9.979,0,0
2104.07,0.711,-0.285,0,0,0,-0.2588,0.9659,0,0.0,0,1,10.768,0,0
593.35,0.47,-0.512,0,0,0,-0.9659,0.2588,0,0.0,0,3,10.262,1,0
2748.45,0.777,-0.178,0,0,0,0.866,-0.5,0,0.0,0,1,10.864,1,0
893.68,0.156,-0.708,0,0,0,-0.9659,-0.2588,0,0.0,0,3,10.512,1,0
237.73,0.566,-0.42,0,0,0,0.866,-0.5,0,0.2,0,0,12.99,0,0
749.04,0.547,-0.431,0,0,0,0.7071,-0.7071,1,0.2,0,1,10.842,1,0
4768.34,1.0,0.0,0,0,0,-0.5,-0.866,0,0.0,0,0,14.768,0,0
11900.91,2.955,3.238,0,0,0,-1.0,-0.0,0,0.0,0,0,11.771,0,0
10.94,0.031,-1.105,0,0,1,0.9659,0.2588,0,0.1,3,3,0.851,0,1
1791.14,1.813,1.857,0,0,0,-1.0,-0.0,0,0.167,0,1,10.599,1,0
3261.73,0.568,-0.368,0,0,0,-0.5,0.866,0,0.0,0,1,10.891,0,0
3487.57,3.379,0.0,0,0,0,-0.5,0.866,0,0.0,0,1,10.802,0,0
1167.02,0.396,-0.615,0,0,0,-0.9659,-0.2588,0,0.0,0,2,10.651,2,0
3421.43,5.924,4.265,0,0,0,0.2588,-0.9659,0,0.0,0,3,9.902,0,0
2225.31,1.213,0.197,0,0,0,-0.866,0.5,1,0.1,0,1,11.121,0,1
2234.06,1.478,0.495,0,0,0,1.0,0.0,0,0.2,0,1,8.89,0,0
27.28,0.012,-0.767,0,0,0,0.866,-0.5,0,0.2,14,16,2.282,1,1
3743.95,0.55,-0.462,0,0,0,-0.5,-0.866,0,0.0,0,3,9.469,1,0
1726.12,0.777,-0.174,0,0,0,-0.9659,-0.2588,0,0.0,0,2,11.157,0,0
4249.38,1.378,0.0,0,0,0,-0.866,-0.5,0,0.0,0,0,14.562,1,0
564.92,0.562,-0.312,0,0,0,-0.866,0.5,0,0.0,0,1,10.567,0,0
11558.64,4.782,6.606,0,0,0,-0.9659,0.2588,0,0.1,0,0,11.69,0,0
1620.31,0.455,-0.401,0,0,0,-0.2588,-0.9659,0,0.0,0,0,11.487,0,0
203.27,1.216,0.168,0,0,0,0.7071,-0.7071,0,0.2,0,1,11.316,0,0
10631.81,3.8,2.461,0,0,0,-0.7071,0.7071,0,0.0,0,0,12.297,0,0
6503.54,13.264,0.0,1,0,0,-1.0,-0.0,0,0.0,0,0,12.538,2,1
1401.0,0.757,-0.26,0,0,0,-0.7071,-0.7071,0,0.1,0,0,12.177,1,0
2253.58,1.0,0.0,0,0,0,-1.0,-0.0,0,0.0,0,0,14.768,0,0
1088.18,0.369,-0.692,0,0,0,-0.7071,-0.7071,0,0.0,0,1,11.342,0,0
1928.5,1.38,3.261,0,0,0,-0.7071,-0.7071,0,0.167,1,2,7.479,0,0
3619.65,2.159,0.971,0,0,0,-0.9659,-0.2588,0,0.0,0,0,11.78,1,0
34.94,0.048,-0.579,0,0,0,-1.0,-0.0,0,0.5,11,11,2.154,0,1
1598.93,0.983,-0.013,0,0,0,-0.2588,0.9659,0,0.1,0,1,11.084,0,0
1151.54,0.414,-0.418,1,0,0,-0.866,-0.5,0,0.1,0,1,10.753,0,0
32.12,0.045,-0.808,0,0,1,0.9659,0.2588,0,0.2,22,22,4.059,1,1
895.31,0.164,-0.774,0,0,0,-0.2588,0.9659,0,0.0,0,0,12.107,1,0
4089.11,1.801,0.539,1,0,0,1.0,0.0,0,0.0,0,1,10.328,1,0
557.96,0.579,-0.321,0,0,0,-1.0,-0.0,0,0.0,0,1,10.506,0,0
316.75,0.23,-0.864,0,0,0,-1.0,-0.0,0,0.0,0,2,8.343,0,0
2421.46,0.76,-0.149,0,0,0,0.0,-1.0,0,0.1,0,1,11.282,0,0
1803.36,2.76,3.902,0,0,0,-0.5,-0.866,1,0.1,0,0,12.754,2,0
8798.76,1.608,0.82,0,0,0,0.0,-1.0,0,0.125,2,5,7.538,3,1
2239.04,0.561,-0.409,0,0,0,-0.9659,-0.2588,0,0.0,0,5,10.101,0,0
192.31,0.473,-0.839,0,0,0,-0.866,-0.5,0,0.1,0,1,9.828,1,0
1675.05,0.526,-0.378,0,0,0,0.7071,-0.7071,0,0.0,0,1,10.284,1,0
3513.48,1.808,1.733,0,0,0,0.5,-0.866,0,0.1,0,0,11.497,2,0
843.94,2.128,2.671,0,0,0,0.9659,-0.2588,0,0.0,0,0,12.123,1,0
616.56,1.534,1.628,0,0,0,0.2588,-0.9659,0,0.0,0,1,9.624,0,0
2312.51,0.232,-0.735,0,0,0,0.9659,-0.2588,0,0.0,0,1,9.045,1,0
2044.66,1.0,0.0,0,0,0,-0.7071,-0.7071,0,0.0,0,0,14.768,0,0
2174.78,0.213,-0.736,0,0,0,-0.5,-0.866,0,0.0,0,0,11.843,1,0
2218.92,0.595,-0.387,0,0,0,-0.7071,-0.7071,0,0.1,1,2,8.007,0,0
9317.92,4.53,3.366,0,0,0,0.866,-0.5,0,0.1,0,1,9.741,0,0
2094.42,0.179,0.0,0,0,0,0.866,-0.5,0,0.0,0,1,9.39,0,0
1073.51,1.477,0.704,0,0,0,0.7071,-0.7071,0,0.0,0,1,9.194,0,0
35.55,0.015,-0.623,0,0,0,0.9659,-0.2588,0,0.3,12,12,0.646,1,1
10336.82,4.198,2.824,0,0,1,0.866,0.5,0,0.0,0,6,9.11,0,1
2134.52,0.464,-0.431,0,0,0,-0.5,0.866,0,0.0,0,2,10.456,0,0
2383.78,0.54,-0.352,0,0,0,-0.866,0.5,0,0.0,0,0,11.444,0,0
1417.61,0.323,-0.573,0,0,0,-0.866,0.5,0,0.1,0,1,11.046,0,1
995.48,0.365,-0.525,0,0,0,-0.2588,-0.9659,0,0.0,0,0,11.921,2,0
8630.72,5.739,15.0,1,0,0,0.7071,-0.7071,0,0.0,0,2,10.871,0,0
548.84,0.816,-0.091,0,0,0,-0.866,-0.5,0,0.1,0,0,12.19,1,0
870.16,0.625,-0.457,0,1,0,0.5,-0.866,0,0.0,0,1,10.577,0,0
38.56,0.022,-1.113,0,0,0,-0.2588,-0.9659,0,0.4,14,15,3.502,0,1
2244.5,0.658,-0.257,0,0,0,-0.866,0.5,0,0.0,0,0,12.267,1,0
1891.94,0.242,-0.611,0,0,0,-1.0,-0.0,0,0.0,0,0,11.477,1,0
23425.72,3.787,2.429,1,0,0,1.0,0.0,0,0.1,1,3,7.939,0,1
9901.32,6.952,7.893,0,1,0,-0.866,0.5,0,0.1,0,1,10.027,1,0
3943.33,6.643,6.019,0,0,0,-0.2588,-0.9659,0,0.0,0,0,12.124,0,0
767.51,1.089,0.203,0,0,0,-0.866,0.5,0,0.1,0,2,9.742,0,0
9294.98,4.133,0.0,1,1,0,0.0,-1.0,0,0.0,0,0,13.618,3,1
757.24,0.277,-0.672,0,0,0,-1.0,-0.0,0,0.2,0,0,12.169,0,0
614.5,0.921,-0.354,0,0,0,-0.7071,0.7071,0,0.2,0,1,10.349,1,0
2622.69,1.089,0.133,1,0,0,0.866,-0.5,0,0.0,0,0,12.389,0,0
2941.75,0.626,-0.323,0,0,0,-0.7071,-0.7071,0,0.0,0,0,11.906,0,0
2001.94,0.101,-1.183,0,0,0,-0.866,0.5,0,0.0,0,1,10.912,0,0
993.86,0.463,-0.391,0,0,0,-0.2588,0.9659,0,0.1,0,3,10.199,0,0
1242.59,0.765,-0.191,0,0,0,-0.5,0.866,0,0.0,0,1,11.207,0,0
52806.47,11.712,9.337,1,1,1,0.5,0.866,0,0.0,0,1,10.352,2,1
836.06,0.954,0.0,0,0,0,0.0,-1.0,0,0.0,0,0,11.71,1,0
1793.5,1.38,1.458,1,0,0,1.0,0.0,0,0.0,0,0,11.946,1,0
1951.9,0.435,-0.531,0,0,0,0.2588,-0.9659,0,0.1,0,0,11.695,0,0
37.34,0.046,-0.498,0,0,0,0.0,-1.0,0,0.1,22,24,3.568,1,1
918.73,2.293,7.338,0,0,0,-0.5,-0.866,0,0.0,0,0,12.891,0,0
1961.14,0.828,-0.15,0,0,0,0.9659,-0.2588,0,0.0,0,1,10.658,0,0
54.07,0.068,-0.502,0,0,0,-0.9659,0.2588,0,0.4,20,21,1.267,1,1
48.0,0.075,-1.321,0,0,0,-0.866,0.5,1,0.3,10,10,2.845,0,1
515.59,1.412,1.354,0,0,0,-0.5,-0.866,0,0.333,0,1,9.858,0,0
2845.63,0.716,-0.265,0,0,0,-0.7071,0.7071,0,0.0,0,1,10.525,1,0
1065.05,0.389,-0.603,0,0,0,0.0,-1.0,0,0.0,0,1,9.778,1,0
1768.71,0.388,-0.605,0,0,0,-0.9659,0.2588,0,0.0,0,1,10.885,0,0
640.8,0.327,-0.558,0,0,0,0.7071,-0.7071,0,0.0,0,0,11.556,0,0
1382.98,0.305,-0.556,0,0,0,-0.2588,0.9659,0,0.0,0,0,11.743,0,0
340.82,0.327,-0.632,0,0,0,-0.5,0.866,0,0.1,0,2,10.802,1,0
9988.46,4.219,7.631,0,0,0,-0.5,0.866,0,0.0,0,1,10.769,0,0
14229.1,19.61,15.0,1,1,0,0.5,-0.866,0,0.0,0,0,13.11,4,1
2798.46,0.417,-0.572,0,0,0,0.7071,-0.7071,1,0.1,0,0,11.473,1,0
1080.1,0.96,-0.126,0,0,0,-0.9659,0.2588,0,0.0,0,1,10.939,1,0
6.03,0.001,-0.863,0,1,1,0.5,0.866,1,0.4,6,6,1.579,0,1
52.27,0.033,-0.465,0,0,0,0.9659,-0.2588,1,0.3,22,22,2.253,1,1
1304.81,0.556,-0.344,0,0,0,-0.9659,0.2588,0,0.1,0,4,10.745,0,1
11913.42,6.825,15.0,1,0,0,0.0,-1.0,0,0.25,0,1,11.241,0,0
9072.47,1.72,1.02,0,0,0,-0.2588,0.9659,1,0.333,2,2,7.373,2,1
1384.68,1.397,3.472,0,0,0,-0.5,0.866,0,0.0,0,0,11.729,0,1
2281.06,0.529,-0.404,0,0,0,-0.7071,0.7071,1,0.1,0,1,10.836,1,0
1022.75,0.39,-0.53,1,0,0,-0.9659,0.2588,0,0.0,0,1,10.473,2,0
146.66,0.152,-0.667,0,0,0,0.5,-0.866,0,0.1,0,1,9.895,1,0
1263.62,0.855,-4.415,0,0,0,-0.866,-0.5,0,0.0,0,0,13.237,1,0
650.68,0.699,-0.314,0,0,0,0.9659,-0.2588,0,0.1,0,0,12.335,1,0
198.16,0.326,-0.623,0,0,0,0.9659,-0.2588,0,0.1,0,3,9.087,0,0
21.45,0.106,-0.451,0,0,0,-0.866,0.5,0,0.7,25,25,3.414,1,1
662.82,0.417,-0.317,0,0,0,-0.9659,-0.2588,0,0.0,0,0,11.656,0,0
10541.13,2.785,0.0,0,1,0,-0.9659,0.2588,0,0.0,0,0,12.243,2,0
271.05,0.45,-0.495,0,0,0,0.9659,-0.2588,0,0.2,0,2,10.343,0,0
3986.42,1.163,0.69,0,0,0,-0.7071,0.7071,0,0.0,0,2,10.812,0,0
829.54,0.374,-0.639,0,0,0,-0.2588,-0.9659,0,0.3,0,3,9.372,0,0
222.87,0.444,-0.51,0,0,0,-0.2588,-0.9659,0,0.0,0,5,10.361,1,0
2087.65,0.764,-0.178,0,0,0,0.0,-1.0,0,0.0,0,1,11.295,0,0
4993.43,1.549,0.568,0,0,0,-0.2588,-0.9659,0,0.0,0,1,11.333,3,0
1603.17,0.605,-0.27,0,0,0,0.7071,-0.7071,0,0.0,0,0,12.587,1,0
1773.06,0.484,-0.701,0,0,0,0.0,-1.0,0,0.0,0,0,11.84,3,0
8876.35,3.87,0.0,1,0,0,-0.2588,-0.9659,0,0.0,0,0,13.334,4,1
2240.53,1.23,1.018,0,0,1,0.9659,0.2588,0,0.4,0,0,11.864,1,0
484.65,1.391,1.037,0,0,0,-0.5,-0.866,0,0.143,0,0,12.112,0,0
2323.62,1.07,0.047,0,0,0,-0.2588,0.9659,0,0.4,0,1,10.602,0,0
2337.12,0.68,-0.582,0,0,1,0.866,0.5,0,0.0,0,1,11.23,1,0
917.15,0.708,-0.307,0,0,0,-0.7071,-0.7071,0,0.1,0,1,11.252,1,0
1412.29,1.396,0.515,0,0,0,-0.9659,0.2588,0,0.0,0,0,11.883,1,0
1174.14,0.399,-0.521,0,0,0,-0.5,-0.866,0,0.0,0,0,11.388,0,0
1969.77,3.144,4.817,0,0,0,0.9659,-0.2588,0,0.0,0,0,11.625,0,0
927.72,0.903,-0.225,0,0,0,0.5,-0.866,0,0.0,0,0,11.753,1,0
1189.4,0.502,-0.683,0,0,0,-1.0,-0.0,0,0.0,0,1,11.098,1,0
224.15,0.614,-0.962,0,0,0,0.0,-1.0,0,0.1,0,3,8.786,1,0
4185.14,4.063,6.167,0,0,0,-0.866,-0.5,1,0.333,1,1,6.88,3,1
744.04,0.661,-0.274,0,0,0,-1.0,-0.0,0,0.0,0,0,12.674,2,0
3733.9,1.076,0.066,0,0,0,-0.2588,-0.9659,2,0.3,0,1,11.213,0,0
1418.02,2.388,1.493,0,0,0,0.2588,-0.9659,0,0.0,0,2,9.538,0,0
737.32,0.419,-0.522,0,0,0,-1.0,-0.0,0,0.0,0,1,11.0,1,0
2430.36,0.515,-0.364,0,0,0,-0.866,0.5,0,0.0,0,3,9.423,0,0
474.31,0.527,-0.362,0,0,0,0.866,-0.5,0,0.0,0,1,10.85,1,0
1362.98,1.314,0.794,0,0,0,0.2588,-0.9659,0,0.0,0,1,10.5,1,0
3028.44,2.536,2.303,0,0,0,-0.866,-0.5,0,0.0,0,5,10.731,0,0
8470.86,5.774,4.871,0,0,0,0.7071,-0.7071,0,0.0,0,0,11.517,0,0
1117.44,0.971,-0.049,0,0,0,-0.2588,0.9659,0,0.1,0,1,11.15,0,0
5723.57,6.827,4.054,0,0,0,-0.2588,-0.9659,0,0.2,0,1,9.059,0,0
22.45,0.004,-0.507,0,0,0,-0.2588,0.9659,1,0.4,18,18,1.845,0,1
2045.17,0.595,-0.297,0,0,0,-0.7071,0.7071,0,0.0,0,1,11.09,0,0
16.26,0.153,-0.448,0,0,0,-0.9659,0.2588,1,0.3,22,22,2.227,0,1
3812.23,0.551,-0.443,0,0,0,-0.9659,-0.2588,0,0.0,0,0,11.733,1,0
2477.44,1.084,0.08,0,0,0,0.2588,-0.9659,0,0.0,0,3,10.622,0,0
508.69,1.622,0.979,1,0,0,0.0,-1.0,0,0.1,0,1,10.649,2,0
552.87,0.947,-0.047,0,0,0,-0.5,-0.866,0,0.0,0,2,10.99,1,0
45306.88,9.184,5.809,0,0,0,0.7071,-0.7071,0,0.0,0,6,9.414,0,1
1895.41,0.613,-0.344,0,0,0,-0.866,0.5,0,0.0,0,0,11.906,2,0
324.35,0.452,-0.464,0,0,0,0.2588,-0.9659,0,0.0,0,1,11.096,0,0
3481.1,0.963,-0.186,0,0,0,-0.9659,0.2588,0,0.0,0,0,11.692,0,1
7258.21,5.602,3.167,0,0,0,-0.866,0.5,1,0.2,0,1,8.342,1,0
952.69,0.759,-0.334,0,0,0,-0.5,-0.866,0,0.1,0,1,11.298,0,0
731.41,0.339,-0.59,0,0,0,0.866,-0.5,0,0.2,0,0,12.139,0,0
318.25,0.641,-0.799,0,0,0,-0.5,0.866,0,0.25,0,0,12.367,2,0
782.99,0.788,-0.171,0,0,0,0.866,-0.5,0,0.1,0,0,11.972,1,0
22.72,0.006,-0.593,0,1,0,-0.9659,-0.2588,0,0.111,2,2,1.735,1,1
524.76,0.466,-1.196,0,0,0,0.866,-0.5,0,0.1,0,0,12.666,0,0
394.31,0.468,-0.52,0,0,0,0.5,-0.866,1,0.1,0,2,9.103,0,0
654.12,0.17,-0.626,0,0,0,0.9659,-0.2588,0,0.1,0,1,11.265,0,0
1388.28,0.923,-0.415,0,0,0,-0.9659,-0.2588,0,0.0,0,2,8.69,0,0
1976.34,4.925,2.727,0,0,0,0.7071,-0.7071,0,0.0,0,1,11.039,0,0
1955.5,0.637,-0.325,0,0,0,-0.2588,-0.9659,0,0.0,0,1,10.969,0,0
774.57,0.192,-2.387,0,0,0,-0.2588,0.9659,0,0.0,0,2,10.083,1,0
1588.08,0.947,-0.047,0,0,0,0.2588,-0.9659,0,0.0,0,0,11.829,1,0
433.8,0.035,-0.531,0,0,0,-0.9659,-0.2588,0,0.1,0,11,9.302,2,0
8.34,0.005,-0.97,0,0,0,-0.2588,-0.9659,0,0.3,19,20,1.197,0,1
904.06,0.563,-0.372,0,0,0,-0.9659,-0.2588,0,0.0,0,1,10.945,0,0
357.22,0.77,-0.583,0,0,0,0.7071,-0.7071,0,0.0,0,1,11.043,0,1
1151.75,0.364,-0.483,0,0,0,-0.9659,0.2588,0,0.1,0,1,9.67,0,0
2045.54,0.854,-0.114,0,0,0,-0.866,0.5,0,0.0,0,1,10.064,1,0
1888.06,1.24,0.401,0,0,0,-0.2588,-0.9659,0,0.1,0,1,9.867,0,0
1919.97,0.372,-0.482,0,1,0,0.0,-1.0,0,0.0,0,2,8.626,0,0
1565.25,0.694,0.0,1,1,0,-0.9659,0.2588,0,0.0,0,0,13.69,1,0
2589.39,0.405,-0.472,0,0,0,-1.0,-0.0,1,0.2,0,2,8.589,1,0
4506.46,1.421,0.763,0,0,0,0.0,-1.0,0,0.0,0,0,11.907,1,0
1164.84,0.265,-1.111,0,0,0,-0.2588,-0.9659,0,0.0,0,0,11.557,0,0
1734.7,0.764,-0.204,0,0,0,0.7071,-0.7071,0,0.0,0,0,13.07,1,0
180.95,0.267,-0.668,0,0,0,0.866,-0.5,0,0.0,0,2,11.319,0,0
546.6,0.41,-0.675,0,0,0,0.0,-1.0,0,0.0,0,0,12.348,0,0
544.08,0.571,-0.455,0,0,0,0.2588,-0.9659,0,0.1,0,1,11.315,1,0
13560.94,8.69,15.0,1,0,0,-1.0,-0.0,0,0.0,0,1,9.585,2,0
1514.22,1.42,0.284,0,0,0,-0.2588,-0.9659,1,0.1,0,1,10.725,0,0
1224.03,0.585,0.0,1,1,0,-0.9659,0.2588,0,0.0,0,0,12.675,1,0
739.93,0.365,-0.628,0,0,0,-0.5,0.866,0,0.0,0,2,9.619,1,0
21.35,0.017,-1.442,0,0,0,-0.5,0.866,0,0.3,5,6,2.607,0,1
240.9,0.483,-0.401,0,0,0,-0.5,0.866,0,0.0,0,2,11.198,1,0
757.33,0.313,-0.651,0,0,0,-0.9659,-0.2588,0,0.0,0,0,12.359,0,1
6819.58,2.151,1.987,0,0,0,-0.5,0.866,0,0.0,1,1,7.244,3,1
494.18,1.096,0.248,0,0,0,-0.2588,-0.9659,0,0.0,0,0,12.048,0,0
297.23,0.278,-0.672,0,0,0,-1.0,-0.0,0,0.0,0,0,11.632,0,0
788.84,2.486,4.285,0,0,0,0.2588,-0.9659,0,0.0,0,1,10.33,1,0
4684.49,2.468,2.688,0,0,0,-1.0,-0.0,0,0.0,0,0,12.828,0,0
331.86,0.263,-0.643,0,0,0,0.2588,-0.9659,0,0.0,0,0,12.337,0,0
1261.96,0.996,-0.009,0,0,0,-0.7071,0.7071,0,0.1,0,1,11.337,0,0
4938.19,1.56,0.675,0,0,0,-0.5,-0.866,0,0.1,0,1,10.825,0,0
2839.36,2.068,0.876,0,0,0,-0.9659,0.2588,0,0.0,1,2,8.117,0,0
1630.71,0.717,-0.326,0,0,0,-0.9659,0.2588,0,0.0,0,1,10.849,0,0
597.15,0.365,-3.655,1,0,0,0.5,-0.866,0,0.0,0,0,11.58,1,0
3560.8,0.744,-0.223,0,0,0,-0.7071,-0.7071,0,0.0,0,1,11.028,0,0
1615.1,1.045,0.0,1,0,0,0.2588,-0.9659,0,0.0,0,1,11.327,0,0
369.12,0.616,-0.336,0,0,0,-0.2588,0.9659,0,0.0,0,1,11.292,1,0
3021.44,0.808,-0.183,0,0,0,0.5,-0.866,0,0.1,0,1,10.99,0,0
18.21,0.007,-0.853,0,0,0,0.866,-0.5,0,0.4,5,7,2.267,1,1
1.5,0.001,-0.737,0,0,0,1.0,0.0,2,0.6,12,12,2.38,0,1
400.0,0.113,-0.773,0,0,0,-0.7071,0.7071,0,0.0,0,1,10.639,0,0
1236.56,0.501,-0.376,0,0,0,-0.866,0.5,0,0.1,1,2,7.873,0,0
2195.55,0.376,-0.595,1,0,0,-1.0,-0.0,0,0.0,0,0,12.452,0,0
2903.49,0.434,-0.313,0,0,0,0.5,-0.866,0,0.1,0,4,10.651,0,0
2533.13,1.089,0.062,0,0,0,0.5,-0.866,0,0.0,0,2,9.351,1,0
355.38,0.487,-1.335,0,0,0,0.9659,-0.2588,0,0.2,0,1,9.854,0,0
585.31,0.181,-0.787,0,0,0,-0.866,0.5,0,0.0,0,0,12.165,1,0
1660.27,0.45,-0.434,0,0,0,-0.7071,0.7071,0,0.0,0,3,11.125,1,0
330.44,0.663,-0.299,0,0,0,-0.5,-0.866,0,0.1,1,2,8.0,0,0
834.01,0.637,-1.041,0,0,0,-0.9659,0.2588,1,0.1,0,2,9.342,0,0
284.56,0.463,-0.44,0,0,0,0.9659,-0.2588,0,0.1,0,3,9.181,0,0
4632.41,0.621,-0.278,0,0,0,-0.9659,-0.2588,0,0.0,0,1,11.235,0,0
146.79,0.308,-0.55,0,0,0,-0.9659,0.2588,1,0.2,0,1,10.029,1,0
1360.57,0.754,-0.206,1,0,0,-0.2588,-0.9659,0,0.1,0,1,9.302,1,0
6757.65,5.852,5.195,1,0,0,0.2588,-0.9659,0,0.0,0,2,9.271,2,0
32.53,0.01,-0.755,0,0,0,-0.9659,0.2588,0,0.6,12,12,2.39,0,1
759.23,0.494,-1.027,0,0,0,0.5,-0.866,0,0.1,0,0,11.602,1,0
1543.71,0.409,-0.584,0,0,0,-0.2588,0.9659,1,0.2,0,0,11.627,1,0
599.71,0.191,-0.536,0,0,0,0.866,-0.5,0,0.1,0,0,13.367,1,0
2382.13,2.26,0.914,0,0,0,0.7071,-0.7071,0,0.2,0,0,11.587,0,0
7721.09,9.128,15.0,0,0,0,-0.866,0.5,0,0.0,0,0,11.55,1,0
11.19,0.01,-0.797,0,0,0,-0.866,0.5,0,0.2,3,3,2.955,0,1
679.0,0.402,-0.495,0,0,0,-0.9659,0.2588,0,0.0,0,0,12.07,0,0
35.99,0.015,-0.607,0,0,1,0.9659,0.2588,0,0.3,11,13,3.252,0,1
487.48,0.301,-0.645,0,0,0,-0.5,0.866,0,0.0,0,0,11.537,1,0
2822.21,1.177,0.143,0,0,0,-0.9659,-0.2588,0,0.0,0,0,11.599,1,0
640.07,0.181,-0.857,0,0,0,-0.9659,-0.2588,0,0.0,0,1,10.205,1,0
25868.58,4.868,1.97,0,0,0,1.0,0.0,0,0.2,0,8,9.326,0,1
1206.21,0.764,-0.217,0,0,0,0.5,-0.866,0,0.0,0,3,10.737,1,0
1531.29,0.72,-0.207,0,0,0,-0.9659,-0.2588,0,0.0,0,0,11.661,0,0
425.53,0.26,-0.606,0,0,0,-0.7071,0.7071,0,0.0,0,0,12.414,0,0
325.96,0.286,-0.317,1,0,0,-0.5,0.866,0,0.0,0,1,9.3,0,0
904.5,0.56,-1.393,0,0,0,0.2588,-0.9659,1,0.1,0,1,9.346,0,0
2614.56,1.143,0.289,0,0,1,0.9659,0.2588,0,0.0,0,0,12.248,0,0
992.24,0.536,-0.415,0,0,0,-1.0,-0.0,0,0.0,0,0,11.426,1,0
6.89,0.003,-2.532,1,1,1,0.7071,0.7071,0,0.0,1,2,0.0,2,1
45.47,0.02,-0.645,0,0,0,-0.866,-0.5,0,0.2,18,19,1.375,0,1
663.11,1.308,0.131,0,0,0,-0.5,0.866,0,0.0,0,1,8.977,1,0
172.41,0.314,-0.756,0,0,0,-0.9659,-0.2588,0,0.2,0,1,11.357,0,0
164.26,0.449,-0.586,0,0,0,0.7071,-0.7071,0,0.1,0,0,11.547,1,0
4165.38,0.932,-0.059,0,0,0,-0.7071,-0.7071,0,0.1,0,0,11.83,0,0
838.55,1.0,0.0,0,0,0,0.0,-1.0,0,0.0,0,0,14.768,0,0
8514.65,7.611,0.0,0,0,0,-0.2588,0.9659,0,0.0,0,1,10.894,0,0
525.44,0.961,-0.031,0,0,0,-0.9659,0.2588,0,0.0,0,0,11.691,0,0
1355.54,0.487,-0.595,0,0,0,-0.5,0.866,0,0.143,0,0,11.603,1,0
569.39,0.217,-0.685,0,0,0,0.2588,-0.9659,1,0.222,0,0,12.739,1,0
2002.67,1.113,0.111,0,0,0,-0.866,0.5,0,0.0,0,1,10.0,0,0
438.25,0.134,-0.754,0,0,0,-0.2588,0.9659,0,0.0,0,1,10.916,0,0
4017.34,0.711,-0.255,0,0,0,-0.5,0.866,1,0.1,0,0,12.381,0,0
989.89,0.459,-0.511,0,0,0,-0.9659,-0.2588,0,0.0,0,1,10.241,0,0
659.28,0.576,-0.457,0,0,0,-1.0,-0.0,0,0.0,0,0,12.017,1,0
3391.87,0.619,-0.325,0,0,0,-0.7071,-0.7071,0,0.0,0,0,11.804,1,0
3844.09,1.067,0.049,0,0,0,0.9659,-0.2588,0,0.1,0,1,9.532,0,0
1425.73,0.503,-0.419,0,0,0,-0.7071,-0.7071,0,0.0,0,1,10.952,0,0
4784.4,0.86,-0.101,0,0,0,-0.866,-0.5,0,0.0,0,0,11.701,1,0
4619.37,5.162,7.991,1,0,0,-0.7071,0.7071,0,0.0,0,1,11.008,1,0
175.51,0.508,-0.776,0,0,0,0.2588,-0.9659,0,0.1,0,2,10.083,0,0
3952.0,0.835,-0.122,0,0,0,-1.0,-0.0,0,0.1,0,2,11.133,3,0
4865.42,1.529,0.47,0,0,0,-0.2588,0.9659,0,0.0,0,1,11.193,0,0
6084.63,1.871,1.71,0,0,0,0.5,-0.866,0,0.0,0,0,13.284,0,0
39.47,0.284,-0.738,0,0,0,-0.9659,0.2588,0,0.4,18,19,3.363,0,1
1140.91,0.338,-0.515,0,0,0,-0.9659,0.2588,0,0.1,0,0,12.675,0,0
268.4,0.288,-0.332,0,0,0,-0.2588,0.9659,0,0.2,0,0,12.4,0,0
695.76,0.236,-0.67,0,0,0,-0.9659,-0.2588,0,0.1,0,3,10.334,1,0
1405.64,0.323,-0.512,0,0,0,1.0,0.0,0,0.0,0,2,10.008,0,0
1584.24,0.84,-0.158,0,0,0,-0.7071,0.7071,0,0.0,0,1,8.782,0,0
726.34,0.593,-0.405,0,0,0,-0.866,-0.5,0,0.0,0,2,10.506,1,0
463.77,0.62,-1.889,0,0,0,0.2588,-0.9659,0,0.167,0,0,11.807,0,0
4913.82,0.829,-0.173,0,0,0,-0.866,0.5,1,0.1,0,1,10.988,0,0
1920.69,0.83,-0.132,0,0,0,-0.2588,0.9659,0,0.1,0,0,12.792,0,0
1472.61,0.23,-0.454,0,0,0,-0.7071,-0.7071,0,0.0,0,2,9.425,1,0
364.95,0.65,-0.562,0,0,0,0.0,-1.0,0,0.1,0,1,11.362,0,0
170.51,0.044,-0.903,0,0,0,-0.9659,-0.2588,0,0.0,0,2,9.436,1,0
1285.75,1.01,0.013,0,0,0,0.0,-1.0,0,0.1,0,0,11.757,1,0
965.47,0.175,-0.367,0,0,0,-0.7071,0.7071,0,0.1,0,1,11.149,1,0
749.73,1.495,1.199,0,0,0,0.2588,-0.9659,0,0.2,0,0,12.817,1,0
1377.42,0.856,-0.432,0,0,0,0.2588,-0.9659,0,0.0,0,0,11.677,1,0
3200.29,9.944,3.57,1,0,0,-0.9659,-0.2588,0,0.3,0,0,12.984,0,0
20.06,0.013,-1.006,0,0,1,0.7071,0.7071,2,0.3,19,20,2.025,2,1
2258.74,0.549,-0.327,0,0,0,-1.0,-0.0,0,0.0,0,1,9.444,0,0
252.58,0.857,-0.738,0,0,0,0.0,-1.0,0,0.0,0,0,11.589,0,0
1137.71,0.762,-0.415,0,0,0,-0.2588,-0.9659,0,0.2,0,1,11.018,0,0
2077.32,1.31,0.762,0,0,0,0.5,-0.866,0,0.286,0,0,11.888,1,0
1565.81,0.744,-0.157,0,0,0,-0.5,0.866,1,0.3,0,0,12.466,0,0
12602.08,4.185,2.954,0,0,0,-0.866,0.5,0,0.2,0,0,11.574,0,0
7118.56,1.46,0.343,0,0,0,0.866,-0.5,0,0.0,0,2,11.094,1,0
5957.52,1.038,0.024,0,0,0,0.2588,-0.9659,0,0.0,0,2,10.282,0,0
1.42,0.001,-0.77,0,0,0,-0.7071,0.7071,0,0.1,7,8,2.234,0,1
3762.13,0.703,-0.2,0,0,0,-0.5,-0.866,0,0.0,0,1,11.124,0,0
4701.17,2.913,5.098,0,0,0,0.2588,-0.9659,0,0.0,0,0,12.617,0,0
368.29,0.367,-0.596,0,0,0,0.5,-0.866,0,0.1,0,4,10.326,0,0
8098.62,8.426,13.86,0,0,0,0.866,-0.5,0,0.0,1,1,7.978,0,0
792.65,1.567,1.376,0,0,0,-0.7071,-0.7071,0,0.0,0,0,12.565,1,0
979.1,0.255,-0.642,0,0,0,-0.9659,-0.2588,0,0.0,0,1,10.963,0,0
1651.5,0.66,-0.293,0,0,0,-0.5,-0.866,0,0.0,0,1,11.329,1,0
33.77,0.011,-0.774,0,1,0,-0.2588,-0.9659,5,0.5,5,6,3.742,0,1
638.22,0.417,-0.312,0,0,0,-1.0,-0.0,0,0.0,0,0,11.987,0,0
4434.15,3.146,2.468,0,0,1,0.9659,0.2588,0,0.0,0,1,10.362,2,0
2040.74,1.002,0.001,0,0,0,-0.7071,0.7071,0,0.2,0,0,11.927,0,0
53.57,0.096,-0.411,0,0,0,-0.7071,-0.7071,0,0.3,29,30,4.511,0,1
293.4,0.454,-0.499,0,0,0,-0.5,-0.866,0,0.0,0,0,13.002,1,0
1849.71,0.534,-0.457,0,0,0,-1.0,-0.0,0,0.1,0,3,9.771,0,0
1206.15,0.567,-0.372,0,0,0,0.5,-0.866,0,0.0,0,0,12.414,0,1
1701.17,0.722,-0.267,0,0,0,-0.2588,0.9659,0,0.1,0,2,9.285,0,0
2622.07,1.936,0.896,0,0,0,0.9659,-0.2588,1,0.2,0,1,10.604,1,0
493.86,0.468,-0.422,0,0,0,0.0,-1.0,0,0.0,0,2,10.344,2,0
1127.67,1.0,0.0,0,0,0,0.7071,-0.7071,0,0.0,0,0,14.768,1,0
3752.5,1.506,1.066,0,0,0,-1.0,-0.0,0,0.0,0,2,10.968,1,0
44.39,0.009,-0.875,1,1,0,-0.9659,0.2588,0,0.2,2,2,0.0,0,1
408.65,0.446,-0.517,0,0,0,0.5,-0.866,1,0.1,0,2,9.623,0,0
787.62,1.087,0.222,0,0,0,0.866,-0.5,0,0.1,0,0,12.365,0,0
16353.13,3.537,2.465,0,0,0,0.2588,-0.9659,1,0.1,0,1,11.148,0,0
4926.78,2.333,0.846,0,0,0,-0.7071,0.7071,1,0.2,0,1,11.277,1,0
1225.54,0.544,-0.244,0,0,0,-0.866,-0.5,0,0.1,0,1,9.138,1,0
1694.65,0.775,0.0,1,1,0,0.5,-0.866,0,0.0,0,0,14.042,2,0
9958.4,3.029,1.87,0,0,0,-0.9659,0.2588,0,0.0,0,2,10.143,0,0
1068.17,0.574,-0.379,0,0,0,-0.2588,0.9659,0,0.0,0,0,12.17,1,0
185.0,1.111,0.084,0,0,0,0.0,-1.0,0,0.2,0,2,10.245,0,0
1251.34,0.415,-0.465,0,0,0,-0.866,0.5,0,0.0,0,2,10.079,0,0
3110.96,1.0,0.0,0,0,0,0.5,-0.866,0,0.0,0,0,14.768,0,0
1308.27,0.209,-0.633,0,0,0,-0.866,-0.5,0,0.2,0,1,11.002,0,0
4754.11,0.787,-0.223,0,0,0,-0.7071,0.7071,0,0.0,0,1,10.896,0,0
1926.06,0.193,-0.834,0,0,0,0.0,-1.0,2,0.286,0,1,11.325,0,0
902.47,0.139,-1.941,0,0,0,-0.5,0.866,0,0.0,0,1,10.2,2,0
637.11,0.357,-0.587,0,0,0,-0.2588,-0.9659,0,0.0,0,1,10.417,0,0
419.23,0.216,-0.746,0,0,0,-0.866,-0.5,0,0.0,0,1,11.156,0,0
1870.52,1.63,0.422,1,0,0,0.5,-0.866,0,0.0,0,2,10.773,0,0
485.72,0.283,-0.534,0,0,0,-1.0,-0.0,0,0.0,0,0,11.76,1,0
3367.03,1.269,0.704,0,0,0,0.9659,-0.2588,0,0.2,0,0,11.62,1,0
1207.09,1.187,0.162,0,0,0,-0.7071,0.7071,0,0.0,0,0,12.679,0,0
1101.43,0.903,-0.296,0,0,0,-1.0,-0.0,0,0.5,0,0,11.52,0,1
456.04,0.684,-0.323,0,0,0,0.5,-0.866,0,0.0,0,1,9.5,2,0
2344.89,1.768,2.645,0,0,0,-0.5,-0.866,0,0.0,0,2,10.489,0,0
21480.69,6.543,7.02,0,0,0,0.0,-1.0,0,0.1,0,3,9.057,0,1
53.56,0.065,-0.588,0,0,0,-0.7071,0.7071,0,0.4,21,22,2.482,0,1
983.91,1.06,0.156,0,0,0,0.866,-0.5,0,0.0,0,0,12.002,1,0
3976.04,0.653,-0.313,0,0,0,-0.9659,-0.2588,0,0.0,0,1,10.779,1,0
54.9,0.11,-0.815,0,0,0,0.0,-1.0,0,0.3,8,9,3.007,0,1
6155.82,2.402,1.28,0,0,0,-0.9659,0.2588,0,0.0,0,1,11.278,1,0
4138.43,0.657,-0.286,0,0,0,-1.0,-0.0,0,0.1,0,3,10.044,0,0
1402.07,0.548,-0.387,0,0,0,0.5,-0.866,0,0.0,0,0,12.398,1,0
1981.19,0.859,-0.127,0,0,0,0.0,-1.0,0,0.1,0,0,11.982,1,0
535.54,0.12,-0.841,0,0,0,-0.2588,-0.9659,0,0.1,0,2,10.752,0,0
683.57,0.643,-0.306,0,0,1,0.9659,0.2588,0,0.1,0,2,10.046,0,0
23916.57,3.355,1.338,0,0,1,0.866,0.5,0,0.1,0,7,9.32,0,1
3617.19,0.976,-0.102,0,0,0,-1.0,-0.0,0,0.0,0,0,11.905,0,0
455.11,0.229,-1.869,0,0,0,0.2588,-0.9659,0,0.0,0,2,10.045,0,0
256.0,0.339,-1.191,0,0,0,0.866,-0.5,0,0.0,0,1,10.49,0,0
4157.95,1.503,1.309,0,0,0,0.7071,-0.7071,0,0.0,2,2,7.434,3,1
49.64,0.12,-0.607,0,0,1,0.9659,0.2588,1,0.4,16,18,2.771,0,1
3462.16,27.572,15.0,0,0,0,-0.5,0.866,0,0.4,0,0,12.626,0,0
3039.66,0.456,-0.642,0,0,0,0.5,-0.866,0,0.0,0,2,10.673,0,0
4992.68,2.082,2.778,0,0,0,0.5,-0.866,0,0.0,0,1,10.32,0,0
267.38,0.706,-0.978,0,0,0,-0.9659,0.2588,0,0.0,0,1,11.002,0,0
8723.89,2.252,1.331,0,0,0,0.0,-1.0,0,0.25,2,2,6.167,2,1
272.24,0.658,-1.518,0,0,0,-0.9659,0.2588,1,0.333,0,1,10.553,0,0
32.08,0.015,-0.401,0,0,0,-0.9659,-0.2588,2,0.6,18,18,3.091,1,1
143.04,0.292,-0.748,0,0,0,0.7071,-0.7071,0,0.1,0,0,11.541,1,0
357.44,0.537,-0.455,0,0,0,-0.7071,0.7071,0,0.0,0,0,11.822,1,0
1915.05,0.902,-0.076,0,0,0,-1.0,-0.0,1,0.1,0,2,10.885,0,0
10023.48,3.882,6.397,0,0,0,0.2588,-0.9659,0,0.0,0,0,12.186,0,0
840.7,0.694,-0.99,0,0,0,-0.7071,0.7071,0,0.0,0,1,10.052,1,0
8984.76,1.676,0.933,0,0,0,-0.5,-0.866,0,0.2,3,3,6.707,2,1
6452.76,3.786,15.0,0,0,0,-0.866,-0.5,1,0.333,1,1,6.656,2,1
864.77,1.0,0.0,0,0,0,-0.7071,-0.7071,0,0.0,0,0,14.768,1,0
750.78,0.868,-0.175,0,0,0,-0.9659,0.2588,0,0.0,0,1,8.509,0,0
474.2,0.264,-0.628,0,0,0,-0.866,0.5,0,0.1,0,2,9.76,1,0
2309.54,1.134,0.164,0,0,0,-0.866,-0.5,0,0.0,0,1,9.244,0,0
1156.71,0.492,-0.483,0,0,0,0.2588,-0.9659,0,0.0,0,1,8.822,0,0
5508.85,1.231,0.166,0,0,0,-0.9659,0.2588,0,0.2,0,0,12.28,1,0
983.57,0.547,-0.393,0,0,0,-0.866,-0.5,0,0.0,0,0,11.661,0,0
7457.12,1.122,0.097,0,0,0,-0.866,-0.5,0,0.0,0,0,12.812,0,0
385.34,1.0,0.0,0,0,0,-0.7071,-0.7071,0,0.0,0,0,14.768,3,0
1331.62,1.19,0.148,0,0,0,0.9659,-0.2588,0,0.0,0,2,10.818,1,0
1512.86,0.385,-0.543,0,0,0,-0.2588,0.9659,0,0.6,0,15,8.707,2,0
3602.32,5.106,11.11,1,0,0,-0.2588,0.9659,0,0.0,0,2,8.84,1,0
1695.01,0.37,-0.426,0,0,0,-0.5,0.866,0,0.111,0,1,11.034,1,0
961.8,0.361,-2.753,0,0,0,-0.7071,0.7071,0,0.0,0,2,11.067,2,0
9650.59,3.335,2.125,0,0,0,-0.5,0.866,0,0.1,0,0,12.129,1,0
322.05,1.228,0.578,0,0,0,0.9659,-0.2588,0,0.0,0,1,10.129,0,0
600.57,0.437,-0.428,0,0,0,-0.5,0.866,0,0.2,0,0,11.913,1,0
2652.19,0.707,-0.309,0,0,0,-0.5,0.866,0,0.0,0,0,12.729,0,0
2468.8,4.417,3.726,0,0,0,0.866,-0.5,0,0.2,0,0,12.598,0,0
1939.36,0.399,-0.257,0,0,0,-0.866,0.5,0,0.2,0,1,9.435,1,0
690.6,1.406,0.355,0,0,0,-1.0,-0.0,1,0.1,0,1,9.756,0,0
14989.03,4.529,3.261,0,0,0,-0.2588,0.9659,0,0.1,0,0,12.865,0,0
1541.04,0.461,-0.456,0,1,0,1.0,0.0,0,0.0,0,3,9.113,0,0
173.46,0.24,-0.598,0,0,0,-1.0,-0.0,0,0.0,0,0,11.749,0,0
1324.49,0.562,-0.401,0,0,0,-0.7071,-0.7071,0,0.0,0,1,9.004,1,0
1099.3,0.821,-0.254,0,0,0,-0.866,0.5,0,0.0,0,1,9.859,1,0
46908.52,28.975,15.0,1,0,0,-0.2588,0.9659,0,0.5,0,27,10.996,1,1
7254.62,4.781,0.0,1,0,0,0.866,-0.5,0,0.0,0,0,11.41,0,0
1115.44,1.0,0.0,0,0,0,-0.2588,-0.9659,0,0.0,0,0,14.768,0,0
324.21,0.439,-0.603,0,0,0,-0.866,-0.5,0,0.0,0,1,10.887,1,0
503.3,1.0,0.0,0,0,0,0.0,-1.0,0,0.0,0,0,14.768,0,0
19.65,0.046,-0.667,0,0,1,0.9659,0.2588,1,0.3,14,16,1.039,0,1
4780.3,0.802,-0.147,0,0,0,-0.5,-0.866,0,0.1,0,1,11.214,0,0
5001.53,3.887,1.783,0,0,0,-0.7071,0.7071,0,0.0,0,2,10.049,1,0
20.66,0.008,-0.813,0,0,0,0.866,-0.5,0,0.4,8,10,3.057,1,1
26856.42,5.584,3.545,0,0,0,-0.2588,-0.9659,0,0.1,1,2,7.473,1,0
1745.35,0.572,-0.397,0,0,0,-0.866,-0.5,0,0.0,0,0,11.705,0,0
2882.44,1.256,0.201,0,0,0,-0.866,-0.5,0,0.1,0,2,10.246,0,0
848.32,1.385,0.239,0,0,0,0.7071,-0.7071,0,0.3,0,1,11.151,0,0
1167.94,1.066,0.042,0,0,0,-0.2588,0.9659,0,0.1,0,1,10.736,0,0
1081.42,0.483,-0.605,0,0,0,-0.866,0.5,0,0.0,0,2,8.65,0,0
954.57,0.422,-0.526,0,0,0,-0.9659,-0.2588,0,0.0,0,1,11.007,1,0
1840.01,0.693,-0.256,0,1,0,0.0,-1.0,0,0.0,0,1,9.014,1,0
1973.81,0.229,-0.708,0,0,0,-1.0,-0.0,0,0.1,0,0,12.415,0,0
963.28,0.395,-0.544,0,0,0,0.2588,-0.9659,0,0.0,0,2,9.824,0,0
12.37,0.005,-0.639,0,0,0,-0.9659,0.2588,0,0.3,26,26,3.983,0,1
2806.89,0.794,-0.187,0,0,0,-0.5,0.866,0,0.1,0,3,10.703,2,0
1677.04,0.864,-0.142,0,0,0,0.0,-1.0,0,0.1,0,2,10.384,1,0
560.46,1.274,0.732,0,0,0,0.5,-0.866,0,0.0,0,0,11.986,0,0
783.29,0.887,-0.093,0,0,0,-0.2588,-0.9659,0,0.2,0,1,11.349,0,0
358.22,1.0,0.0,0,0,0,0.5,-0.866,0,0.0,0,0,14.768,0,0
828.43,1.0,0.0,0,0,0,-0.5,-0.866,0,0.0,0,0,14.768,0,0
998.23,0.594,-0.522,0,0,0,0.5,-0.866,0,0.0,0,0,12.232,1,0
167.32,0.239,-1.016,1,0,0,0.7071,-0.7071,0,0.0,0,0,12.91,1,0
781.78,0.591,-0.594,0,0,0,-1.0,-0.0,0,0.0,0,2,9.691,1,0
1026.86,0.393,-0.466,0,0,0,-0.5,0.866,0,0.1,0,1,9.594,0,0
175.58,0.35,-1.049,0,0,0,1.0,0.0,0,0.0,1,1,7.931,0,1
6964.84,3.17,1.834,0,0,0,0.7071,-0.7071,0,0.3,0,1,11.28,1,0
1456.22,0.389,-0.496,0,0,0,-0.9659,-0.2588,0,0.0,0,1,11.026,0,0
3868.52,0.615,-0.318,1,0,0,-0.866,0.5,0,0.0,0,1,11.353,0,0
1410.37,0.361,-0.607,0,0,0,-0.7071,-0.7071,0,0.0,0,0,11.387,3,0
1996.47,0.991,-0.009,0,0,0,-0.866,0.5,0,0.1,0,3,9.908,0,0
34.79,0.01,-0.756,0,0,1,0.9659,0.2588,1,0.6,14,15,2.642,0,1
1462.34,1.464,1.414,0,0,0,-0.866,-0.5,0,0.143,0,3,9.164,1,0
59.2,0.017,-0.767,0,0,0,-0.9659,0.2588,0,0.6,10,10,3.535,0,1
1636.11,0.679,-0.534,0,0,0,-0.866,0.5,0,0.1,0,0,11.367,0,0
470.38,0.351,-0.736,0,0,0,-0.9659,0.2588,0,0.0,0,0,12.796,0,0
2870.96,0.95,-0.08,0,0,0,-0.5,-0.866,0,0.0,0,1,10.299,0,0
3569.6,1.185,0.44,0,0,0,-0.2588,-0.9659,0,0.167,0,3,9.391,0,0
690.91,0.389,-0.587,0,0,0,-1.0,-0.0,0,0.0,0,0,12.226,0,0
348.61,0.494,-0.443,0,0,0,-0.2588,-0.9659,0,0.1,0,2,10.547,0,0
1163.38,0.477,-0.48,0,0,0,-0.866,0.5,0,0.0,0,1,10.604,0,0
2327.42,0.922,-0.05,0,0,0,-0.866,-0.5,0,0.0,0,3,9.989,0,0
218.78,0.193,-0.629,0,0,0,0.7071,-0.7071,1,0.4,0,2,9.35,0,0
2626.03,1.123,0.204,0,0,0,-0.866,-0.5,0,0.1,0,0,12.415,0,0
272.54,0.26,-0.652,0,0,0,0.5,-0.866,0,0.1,0,0,11.673,0,0
1201.8,0.242,0.0,0,0,0,-0.9659,-0.2588,1,0.5,1,1,6.297,1,0
31.67,0.049,-0.74,0,0,0,0.2588,-0.9659,3,0.6,17,21,2.993,1,1
332.88,0.946,-0.053,0,0,0,0.2588,-0.9659,0,0.0,0,1,11.14,1,1
221.55,0.231,-0.585,0,0,0,0.0,-1.0,0,0.2,0,1,10.593,1,0
22193.33,3.544,2.127,0,0,0,-0.5,0.866,0,0.1,0,3,10.548,0,0
723.43,0.477,-0.445,0,0,0,-0.5,-0.866,1,0.1,0,0,11.636,0,0
6762.57,1.141,0.144,0,0,0,-0.9659,-0.2588,0,0.0,0,3,10.277,0,0
2140.34,1.308,0.552,1,0,0,0.0,-1.0,0,0.0,0,3,11.241,0,0
8375.32,6.998,6.325,0,0,0,0.0,-1.0,0,0.25,0,2,8.835,2,0
3122.18,5.179,9.429,0,0,0,1.0,0.0,0,0.0,0,0,12.574,0,0
498.94,0.396,-0.534,0,0,0,0.866,-0.5,0,0.0,0,0,11.992,0,0
1255.03,1.624,2.343,0,0,0,0.2588,-0.9659,0,0.0,0,2,9.881,0,0
6.62,0.04,-1.187,0,0,0,-0.9659,0.2588,0,0.4,13,14,2.481,0,0
509.4,0.486,-0.414,0,0,0,0.7071,-0.7071,0,0.1,0,1,11.36,0,0
791.87,1.018,0.017,0,0,0,1.0,0.0,0,0.0,0,1,11.308,0,0
4557.75,5.258,2.239,0,0,0,-0.866,0.5,0,0.0,0,0,11.369,1,0
845.92,1.975,0.0,0,0,0,-0.2588,0.9659,1,0.5,0,0,12.15,1,0
2936.11,0.361,-0.572,0,0,0,0.0,-1.0,0,0.0,0,1,10.814,1,0
423.41,0.747,-0.234,0,0,0,0.7071,-0.7071,0,0.1,0,3,10.444,0,0
671.86,0.351,-0.52,0,0,0,-1.0,-0.0,0,0.0,0,1,10.775,1,1
3784.94,0.757,-0.181,0,0,0,0.7071,-0.7071,0,0.0,1,4,7.749,0,0
41.86,0.043,-0.872,0,0,0,-0.2588,-0.9659,0,0.143,2,2,1.995,0,1
1504.2,0.433,-0.475,0,0,0,0.2588,-0.9659,0,0.0,0,0,11.446,1,0
13463.17,12.237,15.0,0,0,0,-0.866,-0.5,1,0.25,1,1,6.583,4,1
1249.31,0.775,-0.232,0,0,0,-0.9659,-0.2588,0,0.0,0,2,10.83,0,0
961.02,0.538,-0.415,0,0,0,0.2588,-0.9659,0,0.0,0,1,10.997,1,0
319.8,1.0,0.0,0,0,0,-0.7071,-0.7071,0,0.0,0,0,14.768,0,0
2067.95,1.07,0.071,0,0,0,0.2588,-0.9659,0,0.0,0,3,10.255,0,0
586.85,1.481,1.492,0,0,0,1.0,0.0,1,0.1,0,2,10.005,0,0
3535.4,1.313,0.528,0,0,0,-0.5,0.866,0,0.0,0,0,11.695,0,0
1617.83,0.445,-0.508,0,0,0,-0.2588,0.9659,0,0.2,0,0,12.268,1,0
1011.76,0.775,-0.47,0,0,0,0.0,-1.0,0,0.0,0,0,11.47,1,0
2092.6,1.0,0.0,0,0,0,0.2588,-0.9659,0,0.0,0,0,14.768,0,0
1742.53,1.038,0.03,0,0,0,-0.9659,-0.2588,0,0.0,0,3,8.652,1,0
9.13,0.008,-0.63,0,0,0,0.0,-1.0,0,0.4,13,15,2.625,1,0
563.94,0.147,-0.737,0,0,0,-0.7071,-0.7071,0,0.1,0,0,12.106,0,0
9017.9,4.887,15.0,1,1,0,-0.9659,-0.2588,0,0.0,0,0,12.297,3,1
406.45,1.232,0.11,0,0,0,0.866,-0.5,1,0.4,0,0,11.607,0,0
9237.4,1.556,0.832,0,0,0,0.0,-1.0,0,0.167,4,4,7.251,2,1
3520.38,0.9,-0.074,0,0,0,0.2588,-0.9659,1,0.1,0,1,10.373,0,0
235.19,0.244,-0.717,0,0,1,0.866,0.5,0,0.0,0,0,11.746,0,0
4082.0,9.377,0.0,1,1,0,-0.866,-0.5,0,0.0,0,0,13.788,3,1
1913.36,0.976,-0.041,0,0,0,-1.0,-0.0,0,0.0,0,1,10.925,1,0
24.96,0.019,-0.684,0,0,0,1.0,0.0,1,0.6,16,16,3.837,0,0
4879.86,1.171,0.122,0,0,0,0.9659,-0.2588,1,0.2,0,2,10.589,0,0
285.79,0.912,-0.09,0,0,0,0.5,-0.866,0,0.0,0,0,12.085,1,1
2859.09,0.791,-0.195,0,0,0,-0.5,0.866,0,0.0,0,1,9.189,0,0
2107.48,0.629,-0.376,0,0,0,-0.7071,-0.7071,0,0.1,0,0,11.625,0,0
307.11,0.455,-0.474,0,0,0,-0.866,-0.5,0,0.0,0,1,10.541,0,0
717.54,0.312,-0.362,0,0,0,-0.7071,0.7071,0,0.0,0,0,11.995,0,0
691.56,0.471,-0.496,0,0,0,0.7071,-0.7071,0,0.1,0,2,11.26,1,0
4938.07,2.263,0.837,0,0,0,-0.7071,0.7071,0,0.2,0,2,11.065,1,0
4126.84,6.682,6.447,0,0,0,0.9659,-0.2588,0,0.0,0,2,10.32,2,0
1929.7,0.448,-0.491,0,0,0,-0.2588,0.9659,0,0.2,0,0,12.658,0,0
1318.42,0.854,-0.131,0,0,0,-0.2588,-0.9659,0,0.0,0,1,10.592,1,1
16.22,0.02,-0.723,0,0,1,0.9659,0.2588,0,0.4,19,20,3.35,0,1
27886.92,6.012,13.525,0,0,0,-0.5,0.866,0,0.0,0,4,9.904,0,0
247.58,0.61,-0.608,0,0,0,0.866,-0.5,0,0.0,0,0,12.046,0,0
1790.9,0.647,-0.997,0,0,0,-0.866,0.5,0,0.0,0,0,12.149,1,0
762.58,0.199,-5.0,0,0,0,-0.7071,-0.7071,0,0.0,0,0,11.842,0,0
4283.71,1.34,1.075,0,0,0,-0.2588,-0.9659,0,0.1,0,0,11.482,0,0
13339.88,5.87,5.652,0,0,0,-0.866,-0.5,0,0.1,0,1,10.958,2,0
264.19,0.228,-0.588,0,0,0,1.0,0.0,0,0.0,0,1,10.652,1,0
2724.77,0.688,-0.137,0,0,0,-0.866,0.5,0,0.0,0,3,10.034,1,0
1951.3,0.332,-0.539,0,0,0,-0.5,0.866,0,0.1,0,0,11.536,1,0
718.35,1.398,0.375,1,0,0,0.0,-1.0,0,0.0,0,2,9.48,0,0
1624.63,1.337,0.412,0,0,0,1.0,0.0,0,0.0,0,0,11.495,2,0
10660.48,6.883,10.509,0,0,0,0.0,-1.0,0,0.1,0,2,9.351,0,0
1255.49,0.37,-0.755,0,0,0,-0.7071,0.7071,0,0.0,0,1,11.082,0,0
967.67,0.409,-0.583,0,0,0,-0.7071,0.7071,0,0.0,0,0,12.743,0,0
991.08,0.376,-0.563,0,0,0,0.2588,-0.9659,0,0.0,0,0,12.906,1,0
57.11,0.035,-0.818,0,0,0,1.0,0.0,1,0.4,8,8,2.994,0,1
702.31,0.113,-0.696,0,0,0,-0.2588,0.9659,0,0.0,0,2,8.514,0,0
1595.82,1.316,0.443,0,0,0,0.866,-0.5,0,0.0,0,0,11.735,2,0
3362.8,0.59,-0.417,0,0,0,-0.2588,0.9659,0,0.2,0,0,12.54,0,0
4623.34,0.863,-0.095,0,0,0,-0.866,-0.5,0,0.0,1,3,7.181,0,0
4270.12,1.022,0.014,0,0,1,0.9659,0.2588,0,0.2,0,1,9.413,0,0
41.91,0.038,-0.608,0,0,0,1.0,0.0,0,0.5,18,18,2.02,0,1
1707.72,0.654,-0.618,0,0,0,0.2588,-0.9659,0,0.0,0,0,12.247,0,0
3656.2,1.933,2.015,0,0,0,-0.5,-0.866,0,0.1,0,0,11.954,2,0
1289.38,0.565,-0.465,0,0,0,-0.9659,0.2588,0,0.0,0,0,11.445,2,0
14241.02,12.944,15.0,1,0,0,-0.866,-0.5,0,0.0,0,0,13.663,4,1
135.21,0.417,-0.651,0,0,0,-0.2588,0.9659,0,0.0,0,2,9.697,0,0
3730.97,2.68,1.574,0,0,0,-0.9659,0.2588,0,0.0,1,2,5.198,1,0
718.32,0.355,-0.373,0,0,0,-1.0,-0.0,0,0.4,0,0,12.242,1,0
586.23,1.303,0.846,0,0,0,-0.5,-0.866,0,0.0,0,0,11.506,0,1
1225.98,0.838,-0.661,0,0,0,-0.7071,-0.7071,0,0.0,0,4,10.715,1,0
22520.83,1.76,0.794,0,0,0,0.0,-1.0,0,0.0,0,0,12.548,1,0
2404.69,0.693,-0.268,0,0,0,-0.5,0.866,1,0.2,0,0,11.667,0,0
2445.57,1.0,0.0,0,0,1,0.866,0.5,0,0.0,0,0,14.768,0,0
1048.28,0.427,-0.611,0,0,0,-0.9659,0.2588,1,0.1,0,2,10.675,1,0
473.53,0.482,-0.231,0,0,0,-0.2588,0.9659,0,0.0,0,1,10.832,0,0
37153.72,5.676,4.113,0,0,0,0.7071,-0.7071,0,0.0,0,4,9.199,1,1
1871.56,0.914,-0.089,0,0,0,-0.5,-0.866,0,0.0,0,1,10.605,0,0
508.74,1.117,0.321,0,0,0,0.7071,-0.7071,0,0.0,0,0,11.717,0,0
23550.87,1.0,0.0,0,0,0,-0.866,0.5,0,0.0,0,0,14.768,0,0
1781.96,0.574,-0.476,0,0,0,-0.5,0.866,0,0.0,0,2,10.496,0,0
3268.37,0.753,-0.189,0,1,0,0.2588,-0.9659,0,0.1,0,2,9.359,0,0
1607.21,1.008,0.011,0,0,0,-0.9659,-0.2588,0,0.0,0,0,11.373,1,0
1649.45,0.392,-0.514,0,0,0,-0.2588,0.9659,0,0.0,0,2,9.842,0,0
34.39,0.007,-0.493,0,0,0,-0.2588,0.9659,0,0.4,21,21,3.536,0,1
629.84,0.81,-0.141,0,0,0,-0.866,0.5,0,0.2,0,0,12.909,0,0
14516.14,5.42,4.014,0,0,0,0.2588,-0.9659,0,0.0,0,1,11.255,0,0
2813.57,0.351,-0.55,0,0,0,-0.866,-0.5,0,0.0,0,1,10.527,0,0
16.95,0.019,-0.813,0,0,0,-0.9659,-0.2588,0,0.4,18,18,2.415,0,1
3631.67,0.595,-0.3,0,0,0,-1.0,-0.0,0,0.0,0,4,9.871,0,0
1233.1,0.684,-0.52,0,0,0,-0.2588,-0.9659,0,0.143,0,0,12.931,0,0
1318.03,0.275,-1.034,0,0,0,0.7071,-0.7071,0,0.1,0,2,8.727,0,0
911.26,0.445,-0.484,0,0,0,0.0,-1.0,1,0.2,0,4,10.339,1,0
438.53,0.777,-0.22,0,0,0,-0.7071,0.7071,0,0.2,0,0,11.432,0,0
1181.1,0.357,-0.569,0,0,0,-1.0,-0.0,0,0.0,0,1,9.507,0,0
244.11,0.225,-0.347,0,0,0,-0.5,0.866,0,0.0,1,2,7.932,2,0
1133.88,2.078,4.494,1,0,0,-0.866,0.5,0,0.0,0,0,13.811,1,0
2450.92,0.885,-0.225,0,0,0,-0.866,0.5,0,0.0,0,0,11.997,0,0
829.77,0.258,-0.644,0,0,0,0.2588,-0.9659,0,0.0,0,2,9.418,0,0
725.93,1.155,0.575,0,0,1,0.9659,0.2588,0,0.0,0,2,8.708,3,0
1224.42,0.456,-1.071,0,0,0,0.0,-1.0,0,0.1,0,0,11.907,0,0
10515.64,8.144,15.0,0,0,0,0.5,-0.866,0,0.0,0,0,13.885,0,0
811.68,0.171,-0.586,0,0,0,0.7071,-0.7071,0,0.1,0,1,10.712,1,0
907.52,0.89,-0.139,0,0,0,-0.7071,0.7071,0,0.0,1,2,5.683,1,0
9323.61,6.274,4.469,1,0,0,-0.9659,0.2588,0,0.2,1,23,7.641,0,0
1716.84,0.959,-0.227,0,0,0,-0.866,-0.5,0,0.0,0,0,11.595,0,0
724.55,0.611,-0.338,0,0,0,0.9659,-0.2588,0,0.0,0,0,11.737,0,0
49819.09,9.014,5.146,0,0,1,0.866,0.5,0,0.4,0,21,9.277,1,1
47.91,0.022,-0.67,0,0,1,0.866,0.5,0,0.4,8,8,2.304,1,1
1710.35,0.61,-0.331,0,0,0,0.5,-0.866,1,0.1,0,0,12.109,0,0
197.32,0.206,-0.84,0,0,0,0.7071,-0.7071,0,0.1,1,2,6.614,0,0
215.3,0.451,-5.0,0,0,0,-0.2588,-0.9659,0,0.0,0,0,11.521,0,0
467.05,1.066,0.183,0,0,0,-0.9659,-0.2588,0,0.0,0,3,9.908,0,0
34.48,0.086,-0.615,0,0,1,0.9659,0.2588,1,0.5,20,22,3.729,0,1
4801.59,1.145,0.12,0,0,0,-0.9659,0.2588,0,0.0,0,1,10.957,0,0
1486.71,0.576,-0.297,0,0,0,0.2588,-0.9659,0,0.0,0,2,10.428,1,0
9593.96,3.234,2.923,0,0,0,-0.7071,0.7071,0,0.0,0,1,9.495,0,0
59.59,0.063,-0.645,0,0,0,-0.7071,0.7071,2,0.7,17,18,2.757,0,1
1540.38,1.211,0.254,0,0,0,0.9659,-0.2588,0,0.0,0,0,12.985,1,0
360.53,0.368,-0.491,0,0,0,0.9659,-0.2588,0,0.1,0,0,11.779,0,0
11542.99,6.657,6.568,0,0,0,-0.866,-0.5,0,0.0,0,1,9.21,1,0
4051.5,1.183,0.901,0,0,0,-1.0,-0.0,0,0.0,2,2,7.53,2,1
328.54,0.622,-0.381,0,0,0,0.7071,-0.7071,0,0.0,0,1,11.245,0,0
1600.43,1.463,2.535,0,0,0,0.2588,-0.9659,0,0.0,0,0,11.816,0,0
1008.68,0.24,-0.795,0,0,0,1.0,0.0,0,0.1,0,4,8.751,1,0
29882.63,6.382,2.089,0,0,1,0.866,0.5,0,0.1,1,15,6.924,2,1
1048.86,0.961,-0.037,0,0,0,0.9659,-0.2588,0,0.0,0,0,11.906,0,0
631.47,1.894,0.0,0,0,0,-0.2588,-0.9659,0,0.0,0,1,10.358,1,0
3912.2,0.939,-0.068,0,0,0,0.0,-1.0,0,0.0,0,1,8.903,0,0
400.38,0.833,-0.381,0,0,0,1.0,0.0,0,0.0,1,3,7.953,1,0
606.8,0.427,-1.048,0,0,0,-0.866,-0.5,0,0.167,0,1,11.049,0,0
1807.8,1.217,0.679,0,0,0,0.5,-0.866,0,0.1,0,2,10.392,0,0
341.19,0.883,-0.251,0,0,0,0.7071,-0.7071,0,0.0,0,0,12.789,1,0
9323.8,1.395,0.74,0,0,0,0.0,-1.0,1,0.143,3,5,6.831,2,1
877.03,0.847,-0.136,0,0,0,0.2588,-0.9659,0,0.0,0,4,9.753,0,0
309.39,0.205,-0.602,0,0,0,-0.5,-0.866,0,0.1,0,1,10.988,0,0
40.5,0.031,-1.588,0,0,0,-0.5,0.866,2,0.3,4,5,2.371,0,1
33.17,0.024,-0.755,0,0,1,0.7071,0.7071,0,0.5,9,9,3.087,0,1
2398.43,1.148,0.102,0,0,0,-0.2588,-0.9659,0,0.1,1,1,8.012,2,0
1361.91,1.537,1.007,0,0,0,-0.866,-0.5,0,0.0,0,0,12.821,1,0
167.8,0.349,0.0,0,0,0,-0.9659,0.2588,1,0.5,0,0,11.642,1,0
331.42,0.511,-0.484,0,0,0,-0.2588,0.9659,0,0.1,0,1,10.787,0,0
964.91,0.436,-0.492,0,1,0,0.866,-0.5,0,0.0,1,3,6.938,0,0
456.69,0.382,-0.486,0,0,0,0.7071,-0.7071,0,0.1,0,1,11.174,0,0
721.22,0.691,-0.25,1,0,0,-0.2588,-0.9659,0,0.2,0,1,9.707,0,0
682.58,1.193,0.162,0,0,0,0.2588,-0.9659,0,0.0,0,0,11.746,0,0
380.03,0.192,-0.464,0,0,0,-0.2588,0.9659,0,0.4,0,1,11.078,1,1
1299.07,1.0,0.0,0,0,0,0.866,-0.5,0,0.0,0,0,14.768,0,0
586.86,0.473,-0.659,0,0,0,-0.2588,-0.9659,0,0.1,0,1,10.72,1,0
944.35,0.512,-1.461,0,0,0,0.2588,-0.9659,0,0.25,0,2,10.927,2,0
543.49,0.546,-0.48,0,0,0,-0.866,-0.5,0,0.143,0,0,13.062,0,0
33.36,0.056,-0.768,0,0,0,-0.2588,0.9659,0,0.4,19,22,3.949,1,1
1128.21,0.639,-0.324,0,0,0,0.5,-0.866,0,0.0,0,1,11.059,1,0
2593.7,0.672,-0.288,0,0,0,-0.5,0.866,0,0.0,1,3,7.18,0,0
5074.29,4.764,11.656,0,0,0,-0.866,-0.5,1,0.222,0,1,11.019,1,0
3541.08,1.202,0.2,0,1,0,0.0,-1.0,0,0.0,0,1,10.357,1,0
7834.91,1.646,0.544,0,0,0,-0.866,0.5,0,0.0,0,2,10.683,0,0
1292.73,0.398,-0.546,1,0,0,-0.2588,-0.9659,0,0.0,0,2,11.268,1,0
3048.06,0.625,-0.282,1,0,0,0.0,-1.0,0,0.0,0,2,10.439,2,0
590.78,0.231,-0.594,0,0,0,-0.5,-0.866,0,0.2,0,0,11.75,0,0
1491.11,1.64,0.507,0,0,0,0.7071,-0.7071,1,0.1,0,1,10.956,0,0
454.76,1.197,0.169,1,0,0,0.0,-1.0,1,0.1,0,1,11.339,0,0
1388.27,0.641,-0.317,0,1,0,0.5,-0.866,0,0.1,0,1,10.3,0,0
299.69,1.305,0.0,0,0,0,-0.2588,0.9659,0,0.0,0,0,13.141,0,0
821.33,0.441,-0.512,0,0,0,-0.2588,0.9659,0,0.0,0,2,9.961,0,0
209.27,0.669,-1.437,0,0,0,-0.2588,0.9659,0,0.0,0,0,11.792,0,0
16.67,0.016,-0.768,0,1,0,-1.0,-0.0,1,0.2,3,3,3.444,0,1
2405.68,0.836,-0.116,0,0,0,0.2588,-0.9659,0,0.2,0,0,12.298,0,0
639.98,0.461,-0.456,0,0,0,-0.5,-0.866,0,0.0,0,0,12.087,0,0
22193.1,9.113,15.0,0,0,0,-0.9659,0.2588,0,0.0,1,2,6.744,0,0
506.15,0.098,-0.716,0,0,0,0.5,-0.866,0,0.3,0,1,10.47,0,0
626.68,0.22,-0.85,0,0,0,-0.2588,0.9659,0,0.0,0,1,10.994,0,1
1420.55,0.225,-0.599,0,0,0,-0.9659,0.2588,0,0.0,0,1,11.149,0,0
1529.58,1.01,0.042,1,0,0,0.0,-1.0,0,0.0,0,1,10.552,0,0
19449.37,5.717,4.453,0,0,0,-0.2588,-0.9659,0,0.3,0,8,9.557,0,1
4409.56,0.726,-0.215,0,0,0,-0.9659,-0.2588,0,0.3,0,0,11.738,1,0
721.8,0.946,-0.088,0,0,0,0.0,-1.0,0,0.0,0,0,11.495,0,0
1025.17,0.831,-0.364,0,0,0,-0.866,-0.5,0,0.0,0,0,12.61,2,0
500.7,0.914,-0.125,0,0,0,0.7071,-0.7071,0,0.2,0,3,10.514,0,0
2765.17,0.43,-0.442,0,0,0,-1.0,-0.0,0,0.1,0,2,9.937,0,0
13050.22,3.626,1.831,0,0,0,-1.0,-0.0,0,0.0,0,0,12.333,1,0
343.85,1.067,0.103,0,0,0,1.0,0.0,0,0.1,0,0,13.105,0,0
2945.47,0.857,-0.14,0,0,0,-0.2588,-0.9659,0,0.2,0,1,10.767,0,0
927.72,0.173,-5.0,0,0,0,-1.0,-0.0,1,0.4,0,3,8.73,0,0
682.77,1.222,0.225,0,0,0,-0.2588,0.9659,2,0.2,0,0,12.632,0,0
371.9,0.863,0.0,0,0,0,-0.5,0.866,0,0.0,0,1,10.966,1,0
12771.24,6.092,8.868,0,0,0,0.5,-0.866,0,0.0,0,0,11.426,0,0
4003.73,0.765,-0.195,0,0,0,-0.9659,0.2588,0,0.111,0,1,10.44,0,0
335.07,0.67,-0.487,0,0,0,0.866,-0.5,0,0.0,0,0,11.575,0,0
6024.87,0.716,-0.21,0,0,0,-0.5,-0.866,0,0.1,0,0,13.213,0,0
1772.49,0.781,-0.194,0,0,0,0.2588,-0.9659,0,0.1,0,1,11.02,0,0
58.32,0.021,-0.64,0,0,0,0.7071,-0.7071,0,0.1,8,8,1.229,0,1
640.9,0.709,-0.558,0,0,0,-0.866,0.5,0,0.0,0,1,10.435,1,0
1169.13,1.0,0.0,0,0,0,-0.5,-0.866,0,0.0,0,0,14.768,0,0
4887.8,1.418,0.662,0,0,0,-0.9659,0.2588,0,0.0,0,1,10.281,0,0
404.53,0.391,-0.419,0,0,0,-1.0,-0.0,0,0.1,0,0,13.19,0,0
10674.48,4.083,3.083,0,0,0,-0.866,-0.5,0,0.2,0,0,11.701,1,0
54.62,0.022,-0.431,0,0,0,-0.9659,-0.2588,1,0.5,13,13,3.212,1,1
321.55,0.51,-4.157,0,0,0,0.866,-0.5,0,0.0,0,1,10.234,1,0
784.25,0.221,-0.839,1,0,0,-0.9659,0.2588,0,0.0,0,0,11.895,1,1
1258.42,0.907,-0.193,0,1,0,0.0,-1.0,0,0.1,0,0,11.657,1,0
846.49,0.339,-0.589,0,0,0,0.0,-1.0,0,0.0,1,1,8.118,0,0
9322.03,2.131,1.322,0,0,0,0.0,-1.0,0,0.0,2,2,6.534,3,1
1445.4,0.187,-0.711,0,0,0,0.2588,-0.9659,0,0.0,0,1,11.003,1,0
861.7,0.923,-0.063,0,0,0,-0.2588,-0.9659,0,0.0,0,0,11.415,0,0
18268.58,7.926,5.51,0,0,0,-0.9659,0.2588,0,0.1,0,3,9.125,0,0
687.32,0.788,-0.272,0,0,0,-0.5,0.866,0,0.2,1,1,5.198,0,0
2146.61,0.378,-0.48,0,0,0,-0.2588,0.9659,0,0.0,0,0,12.101,0,0
964.16,0.501,-0.283,0,0,0,-0.2588,0.9659,0,0.4,0,1,10.18,1,0
1930.36,0.931,-0.065,0,0,0,-0.9659,-0.2588,0,0.0,0,1,11.264,1,0
3271.46,9.822,15.0,0,0,0,-0.2588,-0.9659,0,0.1,0,1,10.064,1,0
1485.69,1.193,0.337,0,0,0,0.9659,-0.2588,0,0.0,0,1,10.147,1,0
1763.87,0.742,-0.213,0,0,0,-0.2588,0.9659,0,0.0,0,5,10.198,1,0
3107.64,3.165,1.786,0,0,0,-0.7071,0.7071,0,0.0,0,1,8.498,2,0
15989.94,2.485,1.182,1,0,1,0.5,0.866,0,0.0,0,2,9.233,0,0
4.23,0.003,-0.987,0,0,0,-0.5,-0.866,0,0.0,11,11,3.544,2,1
1588.89,0.537,-0.365,0,0,0,-0.2588,0.9659,0,0.0,0,4,10.121,0,0
959.46,0.352,-0.422,0,0,0,-0.5,-0.866,0,0.2,0,2,8.599,0,0
1909.21,1.13,0.249,1,0,0,-0.9659,-0.2588,0,0.25,0,2,10.163,1,0
2861.1,1.0,0.0,0,0,0,0.9659,-0.2588,0,0.0,0,0,14.768,1,0
6553.71,2.825,1.911,0,0,0,-0.5,-0.866,0,0.0,0,2,10.789,0,0
653.39,1.049,0.027,0,0,0,-0.2588,0.9659,0,0.1,0,1,9.664,1,0
756.74,0.952,-0.062,0,0,0,0.9659,-0.2588,0,0.1,0,1,10.971,1,0
1069.29,1.0,0.0,0,0,0,0.866,-0.5,0,0.0,0,0,14.768,0,0
703.7,0.366,-0.542,0,0,0,-0.866,-0.5,0,0.0,0,2,9.026,1,0
1471.94,0.561,-0.395,0,0,0,-0.866,-0.5,0,0.0,0,0,12.295,1,0
41.86,0.016,-0.859,0,0,0,0.866,-0.5,1,0.3,2,4,2.277,1,1
575.2,0.246,0.0,0,0,0,0.9659,-0.2588,0,0.0,0,1,10.93,1,0
1378.14,1.28,0.478,0,0,0,0.5,-0.866,0,0.1,0,0,11.804,0,0
16.01,0.011,-1.879,1,1,0,-0.5,0.866,0,0.1,1,2,0.0,0,1
927.15,0.266,-1.168,0,0,0,-0.2588,0.9659,0,0.0,0,1,10.96,0,0
3952.06,0.462,-0.3,1,0,0,-0.7071,-0.7071,0,0.0,1,6,8.147,1,0
399.37,1.02,0.026,0,0,0,0.866,-0.5,0,0.0,0,0,11.497,0,0
2671.83,2.47,1.229,0,0,1,0.866,0.5,1,0.1,0,2,9.215,0,0
27.7,0.035,-0.617,0,0,0,-1.0,-0.0,0,0.3,7,7,1.191,0,1
561.13,0.781,-0.493,0,0,0,-0.2588,0.9659,0,0.1,0,1,10.101,0,0
456.33,0.204,-0.729,0,0,0,-0.5,-0.866,0,0.0,0,0,11.666,0,0
2019.9,0.824,-0.157,0,0,0,-0.5,0.866,0,0.0,0,1,9.455,0,0
2292.2,0.292,-0.535,0,0,0,-1.0,-0.0,0,0.0,0,1,10.547,0,0
41.26,0.043,-0.799,0,0,1,0.9659,0.2588,0,0.6,9,10,1.599,0,1
483.62,0.534,-0.834,0,0,0,-1.0,-0.0,0,0.1,0,1,10.016,1,0
540.08,0.181,-0.625,0,0,0,-0.866,-0.5,0,0.0,0,2,10.463,2,0
730.08,0.852,-0.139,0,0,0,0.866,-0.5,0,0.0,0,1,9.242,0,0
2397.7,1.015,0.011,0,0,0,0.5,-0.866,0,0.1,0,2,10.677,0,0
772.18,0.403,-1.67,0,0,0,-0.9659,-0.2588,0,0.0,0,3,9.406,0,0
3281.33,0.417,-0.545,0,0,0,0.2588,-0.9659,0,0.1,0,1,9.973,1,0
7800.84,2.111,0.843,0,0,0,-0.9659,0.2588,0,0.3,1,2,7.075,0,0
1166.25,0.441,-0.675,1,0,0,0.7071,-0.7071,0,0.0,0,1,10.961,0,0
12143.31,12.493,0.0,0,0,0,0.0,-1.0,0,0.0,0,0,12.03,0,0
1164.87,0.299,-0.628,0,0,0,-0.2588,0.9659,0,0.2,0,0,12.233,0,1
969.83,0.435,-0.631,0,0,0,1.0,0.0,0,0.0,0,2,10.258,0,0
10484.95,3.102,1.657,0,0,0,-0.866,0.5,0,0.1,0,0,11.536,0,0
854.13,0.246,-0.642,0,0,0,-0.5,0.866,0,0.1,0,1,11.354,0,0
5.05,0.005,-0.768,0,1,0,-0.7071,0.7071,2,0.3,9,10,3.067,0,1
2892.07,1.402,0.985,0,0,0,-0.5,0.866,0,0.0,0,0,11.696,0,0
503.16,0.399,-0.887,0,0,0,0.5,-0.866,0,0.0,0,1,11.04,0,0
2551.23,1.103,0.2,0,0,0,0.0,-1.0,0,0.0,1,2,6.645,0,0
547.57,0.487,-0.935,0,0,0,-0.5,-0.866,0,0.0,0,4,10.256,1,0
1888.12,0.822,-0.187,0,1,0,-0.9659,0.2588,0,0.1,0,2,9.025,1,1
3109.98,0.807,-0.818,0,0,0,-0.866,0.5,0,0.0,0,0,11.765,0,0
862.6,1.16,0.162,0,0,0,0.5,-0.866,0,0.0,0,2,9.377,0,0
749.79,0.852,0.0,1,1,0,-0.9659,-0.2588,0,0.0,0,0,12.992,1,0
4157.42,1.62,1.638,0,0,0,-0.7071,-0.7071,0,0.0,1,1,7.516,3,1
1843.4,0.434,-0.551,0,0,0,0.2588,-0.9659,0,0.0,0,0,11.889,1,1
4.11,0.005,-0.988,0,0,0,-0.5,0.866,0,0.3,13,14,0.721,0,1
1607.16,0.495,-0.385,0,0,0,-0.7071,-0.7071,0,0.1,0,0,12.255,0,0
627.28,1.195,0.149,0,0,0,-0.866,0.5,0,0.1,0,1,8.832,0,0
325.81,0.758,-0.374,0,0,0,-0.2588,-0.9659,0,0.2,0,5,10.508,1,0
2136.64,0.791,-0.481,0,0,0,-0.9659,0.2588,0,0.0,0,3,9.563,1,0
1766.45,0.43,-0.487,0,0,0,-1.0,-0.0,0,0.1,0,1,11.329,0,0
3802.09,1.268,0.731,0,0,0,0.7071,-0.7071,0,0.0,3,3,5.79,3,1
209.05,0.767,-0.488,0,0,0,-0.2588,0.9659,0,0.0,0,1,10.553,0,0
731.46,0.36,-0.582,0,0,0,-0.866,0.5,0,0.1,0,2,10.285,0,0
436.11,0.186,-0.949,0,0,0,-0.5,0.866,0,0.0,0,3,8.563,0,0
6621.49,0.797,-0.216,0,0,0,-0.866,0.5,0,0.1,0,0,11.854,2,0
1287.18,0.95,-0.054,0,0,0,0.5,-0.866,0,0.0,0,2,10.308,0,0
806.96,0.374,-0.286,0,0,0,0.5,-0.866,0,0.3,1,3,7.745,1,0
1952.69,0.305,-0.524,0,0,0,-0.2588,-0.9659,0,0.1,0,0,11.851,1,0
504.48,0.35,-0.474,0,0,1,0.9659,0.2588,0,0.0,0,1,10.424,0,0
1406.75,0.36,-0.475,0,0,0,0.7071,-0.7071,0,0.0,0,0,11.658,0,0
3956.59,1.009,0.009,0,0,0,-0.2588,0.9659,0,0.1,0,0,12.195,0,0
657.36,0.55,-0.484,0,0,0,1.0,0.0,0,0.1,0,0,11.517,0,0
11269.93,1.954,0.949,0,0,0,-0.7071,0.7071,0,0.0,0,1,10.896,0,0
4764.01,0.884,-0.079,0,0,0,-0.9659,-0.2588,0,0.0,0,2,10.284,0,0
1285.78,0.874,-0.128,0,0,0,-0.9659,0.2588,0,0.0,1,2,7.606,1,0
759.03,0.447,-0.439,0,0,0,-0.2588,0.9659,0,0.1,0,1,10.624,0,0
1445.36,0.593,0.0,1,0,0,-0.7071,0.7071,0,0.0,0,0,13.583,1,0
30.78,0.008,-0.734,0,0,1,0.2588,0.9659,2,0.5,9,9,1.394,0,1
326.26,0.236,-1.273,0,0,0,0.0,-1.0,0,0.25,0,2,10.79,0,0
17.64,0.063,-0.82,0,1,0,-0.7071,-0.7071,0,0.1,6,6,1.696,1,1
2196.93,1.0,0.0,0,0,0,-0.9659,-0.2588,0,0.0,0,0,14.768,1,0
473.68,0.192,-0.709,0,0,0,0.866,-0.5,0,0.0,0,1,11.179,1,0
2012.68,2.595,1.003,1,0,1,0.7071,0.7071,0,0.3,0,26,8.444,0,0
3261.16,0.474,-0.374,0,0,0,0.7071,-0.7071,0,0.1,0,0,12.722,0,0
497.46,0.688,-0.743,0,0,0,-0.866,0.5,0,0.0,0,0,12.489,0,0
1062.8,1.011,0.023,0,1,0,0.0,-1.0,0,0.1,0,3,8.713,0,0
1060.54,0.877,-0.189,0,0,0,0.866,-0.5,0,0.2,0,2,10.001,0,0
23208.26,21.356,15.0,0,0,0,-0.5,-0.866,1,0.2,1,2,7.719,1,1
2399.64,0.428,-0.488,0,0,0,0.2588,-0.9659,0,0.0,0,1,10.255,1,0
8.49,0.002,-0.842,1,0,0,-0.9659,0.2588,0,0.0,1,1,0.0,0,1
650.55,0.359,-1.36,0,0,0,-0.866,0.5,0,0.0,0,0,11.809,1,0
362.69,0.597,-0.368,0,0,0,0.866,-0.5,0,0.0,0,2,10.938,0,0
392.67,0.826,-0.344,0,0,0,-0.9659,-0.2588,0,0.0,0,1,10.943,0,0
4136.19,0.471,-0.392,0,0,0,-0.7071,0.7071,0,0.1,0,0,11.585,0,0
172.64,0.35,-1.143,0,0,0,-0.866,-0.5,0,0.0,1,4,8.114,1,0
1233.6,0.94,-0.056,0,0,0,-1.0,-0.0,0,0.0,0,0,12.049,1,0
6967.81,1.287,0.185,0,0,0,0.2588,-0.9659,0,0.0,0,0,11.673,0,0
375.67,0.08,-0.891,0,0,0,-0.7071,-0.7071,1,0.1,0,3,10.48,0,0
39.6,0.028,-0.938,0,0,0,-0.7071,0.7071,0,0.1,2,3,1.913,0,1
1290.01,0.534,-0.643,0,0,0,0.866,-0.5,0,0.0,0,0,11.555,0,0
3736.9,5.367,3.223,0,0,0,-1.0,-0.0,0,0.0,0,1,9.683,0,0
666.82,0.35,-0.598,0,0,0,0.2588,-0.9659,0,0.0,0,1,9.789,1,0
14.52,0.004,-0.901,0,0,0,0.866,-0.5,0,0.0,6,7,2.49,0,1
1458.77,1.402,0.33,0,0,0,0.0,-1.0,0,0.0,0,0,11.895,0,0
1098.16,0.656,0.0,1,1,0,0.7071,-0.7071,0,0.0,0,0,12.06,0,0
1943.42,0.633,-0.285,0,0,0,-0.2588,0.9659,0,0.1,0,1,10.397,0,0
1134.59,0.397,-0.52,0,0,0,-0.866,0.5,0,0.1,0,5,8.965,1,0
638.92,0.604,-0.32,0,0,0,-0.5,-0.866,0,0.2,0,1,11.315,0,0
551.46,0.477,-0.338,0,0,0,-0.866,0.5,0,0.2,0,0,12.469,0,0
512.78,0.995,-0.016,0,0,0,-0.2588,-0.9659,0,0.0,0,1,11.292,2,0
33.07,0.19,-1.046,0,0,0,-0.9659,0.2588,0,0.3,11,12,3.142,0,1
990.55,2.233,2.285,0,0,0,-0.2588,0.9659,0,0.143,0,1,11.029,1,0
5618.25,2.151,0.0,0,0,0,-0.7071,0.7071,0,0.0,0,1,10.606,0,0
574.66,0.744,-0.32,1,0,1,0.9659,0.2588,0,0.0,0,1,10.242,0,0
524.86,1.13,0.306,0,0,0,0.5,-0.866,0,0.0,0,0,12.152,1,0
4473.76,1.077,0.059,0,0,0,1.0,0.0,0,0.1,0,0,12.426,0,0
1368.31,1.06,0.082,0,0,0,-0.2588,-0.9659,1,0.2,0,0,11.879,1,0
21527.76,12.347,10.616,1,1,0,-0.9659,0.2588,0,0.0,0,3,9.077,2,1
387.31,0.869,-0.222,0,0,0,0.0,-1.0,0,0.0,0,0,12.217,0,0
256.86,0.726,-0.325,0,0,0,-0.2588,0.9659,0,0.1,0,0,12.122,0,0
395.68,0.356,-0.625,0,0,0,-0.2588,0.9659,0,0.0,0,0,11.543,0,0
3847.73,0.74,-0.237,0,0,0,0.0,-1.0,0,0.0,1,4,8.142,1,0
362.19,0.156,-0.865,0,0,0,-0.5,-0.866,0,0.1,0,1,10.949,0,0
272.5,0.565,-0.768,0,0,0,0.0,-1.0,0,0.0,0,0,11.78,0,0
2391.92,3.649,4.397,0,0,0,0.866,-0.5,0,0.0,0,0,11.625,0,0
330.49,0.121,-0.966,0,0,0,0.866,-0.5,0,0.0,0,1,11.302,0,0
617.24,0.867,-0.106,0,0,0,-0.866,0.5,0,0.0,0,1,11.286,0,0
8108.68,2.532,1.784,0,0,0,-0.7071,0.7071,0,0.0,0,1,10.011,0,0
681.16,0.567,-0.453,0,0,0,-0.7071,0.7071,0,0.0,0,2,9.444,1,1
1683.17,0.438,-0.25,0,0,0,-0.866,0.5,0,0.1,0,2,8.916,1,0
274.15,0.344,-0.593,0,0,0,-0.9659,-0.2588,0,0.0,0,2,9.336,1,0
18204.3,4.457,2.933,0,0,0,-0.7071,0.7071,0,0.1,0,2,11.054,0,0
1409.7,1.078,0.0,0,0,0,-0.866,0.5,0,0.0,0,0,11.771,1,0
7.07,0.075,-0.465,0,0,0,-0.9659,0.2588,0,0.4,27,27,2.484,0,1
2704.6,0.902,-0.225,0,0,0,0.5,-0.866,0,0.1,0,2,9.907,0,0
1743.83,2.452,3.8,0,0,0,-0.2588,-0.9659,0,0.2,0,2,8.485,1,0
688.51,0.931,-0.048,0,0,0,-0.2588,-0.9659,0,0.0,0,1,10.214,0,0
181.5,0.431,-0.887,0,0,0,0.866,-0.5,0,0.2,0,4,9.918,1,0
1318.2,0.619,-0.364,0,0,0,0.7071,-0.7071,0,0.1,0,0,11.7,1,0
1378.39,0.627,-0.634,0,0,0,-0.2588,-0.9659,0,0.0,0,1,10.447,0,0
730.06,0.999,-0.001,0,0,0,0.866,-0.5,0,0.1,0,0,12.224,0,0
2437.52,0.826,-0.354,0,0,0,-0.9659,-0.2588,0,0.1,0,0,12.822,0,0
163.9,0.509,-0.794,0,0,0,0.2588,-0.9659,0,0.1,0,2,11.012,0,0
13.34,0.025,-0.654,0,0,0,-0.2588,-0.9659,1,0.4,16,16,2.424,1,1
593.93,0.24,-0.737,0,0,0,-0.866,-0.5,0,0.2,0,1,10.63,0,0
2079.5,1.132,0.683,0,0,1,0.9659,0.2588,0,0.4,0,0,12.006,0,0
825.71,0.954,-0.088,0,0,0,0.5,-0.866,0,0.0,0,2,9.79,1,0
1225.76,0.717,-0.27,0,0,0,-0.866,-0.5,0,0.0,0,1,10.479,0,0
2730.77,0.728,-0.238,0,0,0,-0.9659,0.2588,0,0.0,0,2,10.823,0,0
1775.24,1.099,0.073,0,0,0,-0.5,-0.866,0,0.0,0,2,9.474,1,0
905.6,1.051,0.602,0,0,0,-0.9659,0.2588,0,0.0,0,3,10.352,1,0
3614.9,0.614,-0.361,1,0,0,0.7071,-0.7071,0,0.1,0,2,10.869,0,0
2718.76,0.432,-0.454,0,0,0,-0.9659,0.2588,0,0.0,0,0,11.828,0,0
129580.3,11.599,5.987,0,0,0,0.866,-0.5,0,0.2,1,23,7.814,1,1
2967.95,0.499,-0.397,0,0,0,-0.5,-0.866,0,0.1,0,2,10.229,1,0
290.79,0.237,-0.724,0,0,0,-0.5,0.866,1,0.1,0,0,11.956,1,0
819.24,0.995,-0.006,0,0,0,-0.9659,0.2588,0,0.0,0,3,9.511,0,0
12.3,0.008,-2.195,0,1,1,0.9659,0.2588,0,0.0,2,2,2.627,1,0
1470.01,0.536,-0.327,0,0,0,-1.0,-0.0,0,0.0,0,0,11.585,1,0
785.62,0.478,-0.458,0,0,0,-0.9659,-0.2588,0,0.0,0,2,9.617,1,0
737.07,0.657,-0.776,0,0,0,-0.7071,0.7071,0,0.143,0,0,12.054,1,0
1398.72,1.468,0.411,0,0,0,-0.9659,0.2588,0,0.0,0,2,10.653,0,0
1758.16,1.403,1.124,0,0,0,1.0,0.0,0,0.0,0,1,9.584,1,0
16585.34,8.076,9.912,0,0,0,-0.5,0.866,0,0.0,0,1,9.3,0,0
1881.32,0.884,0.0,0,0,0,0.0,-1.0,0,0.0,0,1,10.173,0,0
605.38,0.732,-0.217,0,0,0,-0.9659,0.2588,0,0.0,0,4,10.175,0,0
1464.64,1.073,0.0,0,0,0,0.2588,-0.9659,0,0.0,0,1,11.324,1,0
2844.73,1.153,0.255,0,0,0,0.2588,-0.9659,0,0.0,0,0,12.799,0,0
873.36,0.586,-0.391,0,0,0,0.5,-0.866,0,0.1,1,3,5.198,0,0
711.5,1.0,0.0,0,0,0,-0.2588,-0.9659,0,0.0,0,0,14.768,1,0
9050.09,2.029,0.437,0,0,0,-0.9659,0.2588,0,0.2,0,1,11.085,1,0
2993.34,3.158,2.408,1,0,0,-0.5,0.866,0,0.3,0,2,9.532,2,1
639.85,1.046,0.028,0,0,0,0.7071,-0.7071,0,0.3,0,1,10.736,0,0
579.24,1.275,0.312,0,0,0,0.0,-1.0,0,0.1,0,2,10.261,1,0
43.85,0.067,-0.57,0,0,0,-0.9659,0.2588,1,0.3,5,5,3.218,0,1
297.03,0.345,-0.763,0,0,0,-0.2588,0.9659,0,0.1,0,0,11.575,1,0
5550.05,3.59,2.275,0,0,0,-0.9659,0.2588,0,0.1,0,2,10.464,1,0
6687.6,4.492,0.0,1,1,0,0.0,-1.0,0,0.0,0,0,13.404,4,1
339.94,0.327,-0.59,0,0,0,-0.9659,0.2588,0,0.0,0,0,12.824,0,0
413.46,0.399,-0.495,0,0,0,0.2588,-0.9659,0,0.0,0,0,12.0,0,0
375.52,0.875,0.0,0,0,0,1.0,0.0,0,0.0,0,1,9.499,0,0
375.93,0.471,-0.401,0,0,0,-0.9659,0.2588,0,0.0,0,1,11.338,0,0
930.34,0.31,0.0,0,0,0,0.2588,-0.9659,1,0.5,0,0,11.466,0,0
1503.25,1.236,15.0,0,0,0,-1.0,-0.0,0,0.0,0,1,10.435,0,0
1057.55,0.679,-0.608,0,0,0,-0.7071,-0.7071,0,0.1,0,0,11.952,1,0
2101.22,0.591,-0.567,0,0,0,-1.0,-0.0,0,0.0,0,0,13.012,0,0
36.53,0.048,-0.504,0,0,0,-0.9659,0.2588,0,0.4,21,22,1.762,1,1
953.14,0.356,-0.417,0,0,0,-0.5,-0.866,0,0.1,0,0,12.906,0,0
2.18,0.003,-0.812,0,0,1,0.0,1.0,0,0.1,5,5,2.02,0,1
516.9,1.216,0.228,0,0,0,-0.866,-0.5,0,0.2,0,0,12.026,0,0
48.88,0.071,-1.491,0,0,0,-0.866,0.5,0,0.2,7,7,2.773,0,1
4354.86,0.451,-0.599,0,0,0,-0.2588,0.9659,0,0.1,0,0,12.174,2,0
2371.29,0.212,-0.857,0,0,0,-0.2588,0.9659,0,0.0,0,2,10.548,0,0
241.33,0.736,-2.215,0,0,0,-0.866,0.5,0,0.0,0,0,12.541,1,0
1935.26,0.496,-0.478,0,0,0,-0.2588,0.9659,0,0.1,0,4,10.353,0,0
919.33,1.089,0.095,0,0,0,0.2588,-0.9659,0,0.1,0,0,12.857,0,0
992.28,0.344,-0.567,1,0,0,-0.5,0.866,0,0.1,0,0,12.227,0,0
3364.86,0.874,-0.089,0,0,0,0.5,-0.866,0,0.0,0,6,10.138,1,0
1725.28,0.936,-0.059,0,0,0,-0.7071,0.7071,0,0.0,0,2,10.995,0,0
58.42,0.009,-0.99,1,1,0,0.2588,-0.9659,0,0.0,1,1,0.0,1,1
344.06,0.949,-0.103,0,0,0,-0.2588,-0.9659,0,0.0,0,1,11.348,0,0
427.19,1.109,0.086,0,0,0,-0.2588,-0.9659,0,0.0,0,0,12.45,0,0
794.96,0.381,0.0,1,0,0,-0.866,0.5,0,0.0,0,1,10.619,1,0
4870.08,0.921,-0.067,0,0,0,-0.5,0.866,1,0.2,0,0,11.813,0,1
2013.82,1.481,1.527,0,0,0,-0.5,-0.866,0,0.0,0,0,12.894,0,0
3216.28,2.067,2.308,0,0,0,0.866,-0.5,0,0.1,0,2,8.968,1,0
888.19,0.778,-0.378,0,0,0,-0.7071,-0.7071,0,0.0,0,0,12.465,1,0
1550.06,0.366,-0.529,0,0,0,0.7071,-0.7071,1,0.1,0,1,10.17,1,0
320.88,0.207,-4.604,0,0,0,-0.9659,0.2588,0,0.0,0,0,12.898,1,0
621.71,1.289,0.276,0,0,0,-0.2588,0.9659,0,0.1,0,2,8.587,1,0
561.52,0.614,-0.299,0,0,0,0.5,-0.866,0,0.0,0,0,12.881,0,0
677.79,0.318,-0.833,0,0,0,-0.5,0.866,0,0.1,0,2,10.789,0,1
4338.06,0.956,-0.033,0,0,0,-0.7071,0.7071,1,0.1,0,0,11.581,3,0
158.94,0.315,-0.562,0,0,0,-0.866,-0.5,0,0.0,0,0,11.545,1,0
1963.25,0.389,-0.56,0,0,0,-0.7071,-0.7071,0,0.1,0,0,11.918,0,0
1534.36,1.208,0.241,0,0,0,0.5,-0.866,0,0.0,0,2,10.454,2,1
1980.24,0.932,-0.061,0,0,0,-0.5,-0.866,0,0.0,0,2,11.149,0,0
2446.68,1.2,0.368,0,0,0,-0.7071,0.7071,0,0.167,0,0,12.007,0,0
1146.56,1.583,0.446,0,0,0,-0.2588,0.9659,0,0.0,0,0,11.856,0,0
1736.25,0.306,-0.803,0,0,0,0.2588,-0.9659,0,0.0,0,0,11.382,0,0
1309.94,1.147,0.143,0,0,0,0.866,-0.5,0,0.0,0,1,9.138,0,0
2018.22,1.255,0.0,1,1,0,0.7071,-0.7071,0,0.0,0,0,11.818,1,0
1899.61,0.698,-0.297,0,0,0,0.2588,-0.9659,0,0.0,0,1,11.099,0,0
2332.49,0.449,-0.484,0,0,0,0.866,-0.5,0,0.0,0,2,9.327,1,0
304.65,0.259,-0.615,0,0,0,0.5,-0.866,0,0.0,0,0,11.65,0,0
885.43,0.319,-2.174,1,0,0,-0.2588,0.9659,0,0.1,0,0,11.685,0,0
3476.43,3.031,1.419,0,0,0,-0.7071,-0.7071,0,0.1,0,2,8.919,0,0
2.04,0.013,-1.148,0,0,0,-0.9659,0.2588,0,0.4,14,15,0.808,0,1
9045.14,1.489,0.817,0,0,1,0.5,0.866,1,0.222,3,6,7.085,2,1
597.27,1.508,1.574,1,0,0,-0.2588,-0.9659,0,0.0,0,1,10.559,0,0
262.25,0.336,-0.542,0,0,0,0.866,-0.5,1,0.125,0,0,12.065,0,0
13656.03,4.054,2.768,0,0,0,-0.5,0.866,0,0.0,0,0,11.378,2,0
121.33,0.718,-0.23,0,0,0,-0.5,-0.866,0,0.1,0,1,9.181,0,0
2015.25,1.235,0.243,0,0,0,-0.5,-0.866,0,0.0,0,2,10.821,1,0
263.51,0.423,-2.418,0,0,0,-0.2588,-0.9659,0,0.0,0,0,12.863,0,0
2132.96,0.782,-0.45,0,0,0,-0.5,0.866,0,0.0,0,0,11.796,0,0
310.07,0.311,-0.633,0,0,0,-0.9659,0.2588,0,0.1,0,0,12.07,1,0
1041.22,0.249,-0.677,0,0,0,-0.7071,0.7071,0,0.0,0,0,12.21,0,0
1249.69,0.702,-0.674,0,0,0,0.7071,-0.7071,0,0.0,0,2,11.112,1,0
214.56,0.316,-0.265,0,0,0,-0.9659,-0.2588,0,0.3,0,0,12.704,1,0
479.21,0.532,-0.526,0,0,0,-0.2588,0.9659,0,0.1,0,1,11.043,0,0
263.91,0.423,-0.706,0,0,0,-0.5,-0.866,0,0.0,0,1,10.319,1,0
729.92,0.347,-0.602,0,0,0,-0.866,-0.5,0,0.2,0,0,11.553,0,0
970.52,0.43,-0.565,0,0,0,-0.866,-0.5,0,0.222,0,0,11.989,0,0
5679.27,3.452,1.905,0,0,0,-0.2588,0.9659,0,0.1,0,0,11.76,1,0
883.16,1.061,0.093,0,0,0,-0.7071,0.7071,0,0.0,0,1,9.795,0,0
1728.79,0.496,-0.394,0,0,0,-0.2588,0.9659,0,0.1,0,1,11.299,0,0
1293.53,1.281,0.234,0,0,0,0.9659,-0.2588,0,0.0,0,0,12.141,1,0
1621.33,0.414,-0.456,0,0,0,0.866,-0.5,0,0.1,0,2,11.151,0,0
3000.43,0.459,-0.413,0,0,0,-0.866,-0.5,0,0.0,0,2,8.591,0,0
3284.76,3.121,2.144,0,0,0,-0.7071,0.7071,1,0.6,0,0,13.468,0,0
1249.46,1.107,0.107,0,0,0,-0.866,-0.5,0,0.0,0,0,11.849,1,0
799.52,0.846,-0.17,1,0,0,-0.7071,-0.7071,0,0.2,0,0,11.762,0,0
3331.39,0.553,-0.455,0,0,0,-1.0,-0.0,0,0.0,1,4,5.198,0,0
19064.75,4.004,2.292,0,0,0,-0.2588,-0.9659,0,0.0,0,1,11.056,0,0
7449.52,3.441,6.582,0,0,0,0.2588,-0.9659,0,0.0,0,1,9.743,1,0
2032.19,0.863,-0.202,0,0,0,-0.866,-0.5,0,0.2,0,0,12.488,0,0
1839.88,0.212,-0.443,0,0,0,-0.9659,0.2588,0,0.0,0,5,9.433,0,0
1521.91,0.932,-0.062,0,0,0,-0.2588,0.9659,0,0.0,0,0,12.247,0,0
47066.52,10.385,4.911,0,0,1,0.5,0.866,0,0.0,1,2,7.463,1,1
2976.13,0.452,-0.409,0,0,0,-0.9659,0.2588,0,0.0,0,0,12.301,0,0
669.18,0.766,-0.182,0,0,0,0.2588,-0.9659,0,0.0,0,0,12.001,2,0
1797.94,1.328,0.538,0,0,0,-0.7071,-0.7071,0,0.0,0,0,12.34,0,0
686.55,0.306,-0.734,0,0,0,-0.9659,-0.2588,0,0.0,0,0,11.496,0,0
2303.95,0.716,-0.26,1,0,0,-0.5,0.866,0,0.0,0,1,9.104,0,0
32.95,0.025,-0.871,0,0,1,0.7071,0.7071,0,0.4,24,25,1.426,2,1
54.32,0.051,-0.895,0,0,0,-0.9659,-0.2588,0,0.5,13,13,1.778,0,1
1582.58,0.676,-0.189,0,0,0,0.7071,-0.7071,0,0.1,0,1,11.035,1,0
1647.89,0.839,-0.306,0,0,0,-0.2588,-0.9659,0,0.333,0,0,12.336,0,0
685.97,0.15,-0.632,0,0,0,-0.9659,-0.2588,0,0.1,0,0,11.47,3,0
322.52,0.361,-1.927,0,0,0,-1.0,-0.0,0,0.0,0,3,10.554,0,0
1272.15,0.421,-0.436,0,0,0,-0.7071,0.7071,0,0.0,0,1,10.424,0,0
